Name,SMILES,target
N-[3-[4-(cyclopropylamino)quinazolin-2-yl]phenyl]methanesulfonamide,CS(=O)(=O)NC1=CC=CC(=C1)C2=NC3=CC=CC=C3C(=N2)NC4CC4,0
"(4-methoxyphenyl)-[(5S)-2-pyridin-2-yl-2,7-diazaspiro[4.5]decan-7-yl]methanone",COC1=CC=C(C=C1)C(=O)N2CCC[C@]3(C2)CCN(C3)C4=CC=CC=N4,0
6-(3-methoxyphenyl)-N-[(5-methylpyrazin-2-yl)methyl]quinazolin-4-amine,CC1=CN=C(C=N1)CNC2=NC=NC3=C2C=C(C=C3)C4=CC(=CC=C4)OC,0
N-[(2-methoxyphenyl)methyl]-6-pyridin-3-ylpyrimidin-4-amine,COC1=CC=CC=C1CNC2=NC=NC(=C2)C3=CN=CC=C3,0
"6-(3,5-Difluorophenyl)-2-(4-methoxyphenoxy)-8-methylpteridin-7-one",CN1C2=NC(=NC=C2N=C(C1=O)C3=CC(=CC(=C3)F)F)OC4=CC=C(C=C4)OC,0
5-(2-chlorophenyl)-N-[2-(5-methoxy-1H-indol-3-yl)ethyl]pyrimidin-4-amine,COC1=CC2=C(C=C1)NC=C2CCNC3=NC=NC=C3C4=CC=CC=C4Cl,0
N-[3-[4-(pyridin-4-ylamino)quinazolin-2-yl]phenyl]methanesulfonamide,CS(=O)(=O)NC1=CC=CC(=C1)C2=NC3=CC=CC=C3C(=N2)NC4=CC=NC=C4,0
N-benzyl-2-(2-methoxyphenyl)pyrimidin-4-amine,COC1=CC=CC=C1C2=NC=CC(=N2)NCC3=CC=CC=C3,0
"methyl (5S)-2-pyridin-4-yl-2,7-diazaspiro[4.5]decane-7-carboxylate",COC(=O)N1CCC[C@]2(C1)CCN(C2)C3=CC=NC=C3,0
"6-(1,3-benzodioxol-5-yl)-N-(pyridin-3-ylmethyl)pyrimidin-4-amine",C1OC2=C(O1)C=C(C=C2)C3=CC(=NC=N3)NCC4=CN=CC=C4,0
N-benzyl-2-[4-(dimethylamino)phenyl]pyrimidin-4-amine,CN(C)C1=CC=C(C=C1)C2=NC=CC(=N2)NCC3=CC=CC=C3,0
4-Imidazol-1-yl-2-(2-methylphenyl)quinazoline,CC1=CC=CC=C1C2=NC3=CC=CC=C3C(=N2)N4C=CN=C4,0
"furan-2-yl-[(5S)-2-(3-phenylphenyl)-2,7-diazaspiro[4.5]decan-7-yl]methanone",C1C[C@@]2(CCN(C2)C3=CC=CC(=C3)C4=CC=CC=C4)CN(C1)C(=O)C5=CC=CO5,0
3-[4-[2-(5-methoxy-1H-indol-3-yl)ethylamino]quinazolin-2-yl]benzonitrile,COC1=CC2=C(C=C1)NC=C2CCNC3=NC(=NC4=CC=CC=C43)C5=CC=CC(=C5)C#N,0
"4-[6-[2-(5-methoxy-1H-indol-3-yl)ethylamino]pyrimidin-4-yl]-N,N-dimethylbenzamide",CN(C)C(=O)C1=CC=C(C=C1)C2=CC(=NC=N2)NCCC3=CNC4=C3C=C(C=C4)OC,0
"(5S)-7-methylsulfonyl-2-pyridin-4-yl-2,7-diazaspiro[4.5]decane",CS(=O)(=O)N1CCC[C@]2(C1)CCN(C2)C3=CC=NC=C3,0
5-(2-chlorophenyl)-N-(furan-2-ylmethyl)-N-methylpyrimidin-4-amine,CN(CC1=CC=CO1)C2=NC=NC=C2C3=CC=CC=C3Cl,0
4-[6-(2-Methoxyphenyl)quinazolin-4-yl]morpholine,COC1=CC=CC=C1C2=CC3=C(C=C2)N=CN=C3N4CCOCC4,0
"2-(3-methoxyphenyl)-N,N-dimethylquinazolin-4-amine",CN(C)C1=NC(=NC2=CC=CC=C21)C3=CC(=CC=C3)OC,0
"[(5S)-2-(3-phenylphenyl)-2,7-diazaspiro[4.5]decan-7-yl]-pyridin-4-ylmethanone",C1C[C@@]2(CCN(C2)C3=CC=CC(=C3)C4=CC=CC=C4)CN(C1)C(=O)C5=CC=NC=C5,0
6-(4-Fluorophenyl)-2-methoxy-8-(thiophen-2-ylmethyl)pteridin-7-one,COC1=NC=C2C(=N1)N(C(=O)C(=N2)C3=CC=C(C=C3)F)CC4=CC=CS4,0
"2-(3-Chlorophenoxy)-6-(3,5-difluorophenyl)-8-(2-methoxyethyl)pteridin-7-one",COCCN1C2=NC(=NC=C2N=C(C1=O)C3=CC(=CC(=C3)F)F)OC4=CC(=CC=C4)Cl,0
2-morpholin-4-yl-8-[[(2R)-oxolan-2-yl]methyl]-6-(2-phenylethyl)pteridin-7-one,C1C[C@@H](OC1)CN2C3=NC(=NC=C3N=C(C2=O)CCC4=CC=CC=C4)N5CCOCC5,0
2-Methoxy-6-(1-methylindol-3-yl)-8-(2-phenylethyl)pteridin-7-one,CN1C=C(C2=CC=CC=C21)C3=NC4=CN=C(N=C4N(C3=O)CCC5=CC=CC=C5)OC,0
5-(3-methoxyphenyl)-N-[(3-methylphenyl)methyl]pyrimidin-4-amine,CC1=CC(=CC=C1)CNC2=NC=NC=C2C3=CC(=CC=C3)OC,0
2-Methoxy-8-[(3-methoxyphenyl)methyl]-6-phenylpteridin-7-one,COC1=CC=CC(=C1)CN2C3=NC(=NC=C3N=C(C2=O)C4=CC=CC=C4)OC,0
8-Cyclopropyl-2-(4-methoxyphenoxy)-6-methylpteridin-7-one,CC1=NC2=CN=C(N=C2N(C1=O)C3CC3)OC4=CC=C(C=C4)OC,0
5-(furan-3-yl)-N-[2-(5-methoxy-1H-indol-3-yl)ethyl]pyrimidin-4-amine,COC1=CC2=C(C=C1)NC=C2CCNC3=NC=NC=C3C4=COC=C4,0
2-(4-Methoxyphenoxy)-8-(thiophen-2-ylmethyl)pteridin-7-one,COC1=CC=C(C=C1)OC2=NC=C3C(=N2)N(C(=O)C=N3)CC4=CC=CS4,0
"2-(3,5-dimethyl-1,2-oxazol-4-yl)-N-[(2-methoxyphenyl)methyl]pyrimidin-4-amine",CC1=C(C(=NO1)C)C2=NC=CC(=N2)NCC3=CC=CC=C3OC,0
"4-(4-imidazol-1-ylquinazolin-2-yl)-N,N-dimethylaniline",CN(C)C1=CC=C(C=C1)C2=NC3=CC=CC=C3C(=N2)N4C=CN=C4,0
4-Imidazol-1-yl-2-pyridin-3-ylquinazoline,C1=CC=C2C(=C1)C(=NC(=N2)C3=CN=CC=C3)N4C=CN=C4,0
8-(2-Methoxyethyl)-6-(1-methylindol-3-yl)pteridin-7-one,CN1C=C(C2=CC=CC=C21)C3=NC4=CN=CN=C4N(C3=O)CCOC,0
N-[2-(1H-imidazol-5-yl)ethyl]-5-[2-(trifluoromethyl)phenyl]pyrimidin-4-amine,C1=CC=C(C(=C1)C2=CN=CN=C2NCCC3=CN=CN3)C(F)(F)F,0
"2-(1,3-benzodioxol-5-yl)-N-[(5-methylpyrazin-2-yl)methyl]quinazolin-4-amine",CC1=CN=C(C=N1)CNC2=NC(=NC3=CC=CC=C32)C4=CC5=C(C=C4)OCO5,0
6-(furan-3-yl)-N-[(5-methylpyrazin-2-yl)methyl]quinazolin-4-amine,CC1=CN=C(C=N1)CNC2=NC=NC3=C2C=C(C=C3)C4=COC=C4,0
N-[3-[4-(cyclopropylamino)quinazolin-6-yl]phenyl]methanesulfonamide,CS(=O)(=O)NC1=CC=CC(=C1)C2=CC3=C(C=C2)N=CN=C3NC4CC4,0
N-benzyl-6-(3-methoxyphenyl)quinazolin-4-amine,COC1=CC=CC(=C1)C2=CC3=C(C=C2)N=CN=C3NCC4=CC=CC=C4,0
"4-[2-(3,5-Dimethyl-1,2-oxazol-4-yl)quinazolin-4-yl]morpholine",CC1=C(C(=NO1)C)C2=NC3=CC=CC=C3C(=N2)N4CCOCC4,0
5-(2-chlorophenyl)-N-(2-morpholin-4-ylethyl)pyrimidin-4-amine,C1COCCN1CCNC2=NC=NC=C2C3=CC=CC=C3Cl,0
8-(4-Methoxyphenyl)-2-piperazin-1-yl-6-thiophen-2-ylpteridin-7-one,COC1=CC=C(C=C1)N2C3=NC(=NC=C3N=C(C2=O)C4=CC=CS4)N5CCNCC5,0
"N-[(2,4-dimethoxyphenyl)methyl]-6-pyridin-3-ylpyrimidin-4-amine",COC1=CC(=C(C=C1)CNC2=NC=NC(=C2)C3=CN=CC=C3)OC,0
8-[(3-Methoxyphenyl)methyl]-2-morpholin-4-ylpteridin-7-one,COC1=CC=CC(=C1)CN2C(=O)C=NC3=CN=C(N=C32)N4CCOCC4,0
2-(3-methoxyanilino)-6-methyl-8-[[(2R)-oxolan-2-yl]methyl]pteridin-7-one,CC1=NC2=CN=C(N=C2N(C1=O)C[C@H]3CCCO3)NC4=CC(=CC=C4)OC,0
"4-(4-imidazol-1-ylpyrimidin-5-yl)-N,N-dimethylaniline",CN(C)C1=CC=C(C=C1)C2=CN=CN=C2N3C=CN=C3,0
N-[2-[[6-(3-methoxyphenyl)quinazolin-4-yl]amino]ethyl]acetamide,CC(=O)NCCNC1=NC=NC2=C1C=C(C=C2)C3=CC(=CC=C3)OC,0
N-benzyl-6-[4-(dimethylamino)phenyl]quinazolin-4-amine,CN(C)C1=CC=C(C=C1)C2=CC3=C(C=C2)N=CN=C3NCC4=CC=CC=C4,0
N-cyclopropyl-5-[2-[(dimethylamino)methyl]phenyl]pyrimidin-4-amine,CN(C)CC1=CC=CC=C1C2=CN=CN=C2NC3CC3,0
6-(4-Chlorophenyl)-8-(2-methoxyethyl)-2-(4-methoxyphenoxy)pteridin-7-one,COCCN1C2=NC(=NC=C2N=C(C1=O)C3=CC=C(C=C3)Cl)OC4=CC=C(C=C4)OC,0
8-[2-(2-Methoxyphenyl)ethyl]-6-phenylpteridin-7-one,COC1=CC=CC=C1CCN2C3=NC=NC=C3N=C(C2=O)C4=CC=CC=C4,0
2-(2-methoxyphenyl)-N-[(2-methoxyphenyl)methyl]quinazolin-4-amine,COC1=CC=CC=C1CNC2=NC(=NC3=CC=CC=C32)C4=CC=CC=C4OC,0
"6-(1,3-benzodioxol-5-yl)-N-[(5-methylpyrazin-2-yl)methyl]quinazolin-4-amine",CC1=CN=C(C=N1)CNC2=NC=NC3=C2C=C(C=C3)C4=CC5=C(C=C4)OCO5,0
2-(2-methylphenyl)-N-(thiophen-2-ylmethyl)pyrimidin-4-amine,CC1=CC=CC=C1C2=NC=CC(=N2)NCC3=CC=CS3,0
"4-(4-Imidazol-1-ylpyrimidin-5-yl)-3,5-dimethyl-1,2-oxazole",CC1=C(C(=NO1)C)C2=CN=CN=C2N3C=CN=C3,0
N-[3-[4-(benzylamino)quinazolin-2-yl]phenyl]methanesulfonamide,CS(=O)(=O)NC1=CC=CC(=C1)C2=NC3=CC=CC=C3C(=N2)NCC4=CC=CC=C4,0
N-cyclopropyl-2-[2-[(dimethylamino)methyl]phenyl]quinazolin-4-amine,CN(C)CC1=CC=CC=C1C2=NC3=CC=CC=C3C(=N2)NC4CC4,0
2-(Ethylamino)-8-[(3-methoxyphenyl)methyl]-6-methylpteridin-7-one,CCNC1=NC=C2C(=N1)N(C(=O)C(=N2)C)CC3=CC(=CC=C3)OC,0
"4-[[(5S)-7-(3-fluorobenzoyl)-2,7-diazaspiro[4.5]decan-2-yl]methyl]benzonitrile",C1C[C@@]2(CCN(C2)CC3=CC=C(C=C3)C#N)CN(C1)C(=O)C4=CC(=CC=C4)F,0
"[3,5-Bis(trifluoromethyl)phenyl]-[2-[(2-methoxyphenyl)methyl]-2,9-diazaspiro[5.5]undecan-9-yl]methanone",COC1=CC=CC=C1CN2CCCC3(C2)CCN(CC3)C(=O)C4=CC(=CC(=C4)C(F)(F)F)C(F)(F)F,0
2-Piperazin-1-yl-6-thiophen-2-yl-8-(thiophen-2-ylmethyl)pteridin-7-one,C1CN(CCN1)C2=NC=C3C(=N2)N(C(=O)C(=N3)C4=CC=CS4)CC5=CC=CS5,0
"[2-(2-Methylpropyl)-2,9-diazaspiro[5.5]undecan-9-yl]-pyridin-4-ylmethanone",CC(C)CN1CCCC2(C1)CCN(CC2)C(=O)C3=CC=NC=C3,0
N-benzyl-2-pyridin-3-ylpyrimidin-4-amine,C1=CC=C(C=C1)CNC2=NC(=NC=C2)C3=CN=CC=C3,0
8-[(4-Fluorophenyl)methyl]-6-thiophen-2-ylpteridin-7-one,C1=CSC(=C1)C2=NC3=CN=CN=C3N(C2=O)CC4=CC=C(C=C4)F,0
N-[3-[4-(dimethylamino)quinazolin-2-yl]phenyl]methanesulfonamide,CN(C)C1=NC(=NC2=CC=CC=C21)C3=CC(=CC=C3)NS(=O)(=O)C,0
N-(furan-2-ylmethyl)-N-methyl-5-pyridin-3-ylpyrimidin-4-amine,CN(CC1=CC=CO1)C2=NC=NC=C2C3=CN=CC=C3,0
"phenyl (5S)-2-(1,3-thiazol-2-ylmethyl)-2,7-diazaspiro[4.5]decane-7-carboxylate",C1C[C@@]2(CCN(C2)CC3=NC=CS3)CN(C1)C(=O)OC4=CC=CC=C4,0
"6-(3,5-dimethyl-1,2-oxazol-4-yl)-N-(furan-2-ylmethyl)-N-methylquinazolin-4-amine",CC1=C(C(=NO1)C)C2=CC3=C(C=C2)N=CN=C3N(C)CC4=CC=CO4,0
"4-(6-imidazol-1-ylpyrimidin-4-yl)-N,N-dimethylaniline",CN(C)C1=CC=C(C=C1)C2=CC(=NC=N2)N3C=CN=C3,0
2-pyridin-3-yl-N-(thiophen-2-ylmethyl)pyrimidin-4-amine,C1=CC(=CN=C1)C2=NC=CC(=N2)NCC3=CC=CS3,0
2-(Dimethylamino)-8-[(3-methoxyphenyl)methyl]-6-phenylpteridin-7-one,CN(C)C1=NC=C2C(=N1)N(C(=O)C(=N2)C3=CC=CC=C3)CC4=CC(=CC=C4)OC,0
8-(2-Methoxyethyl)-2-(4-methoxyphenoxy)-6-(4-methoxyphenyl)pteridin-7-one,COCCN1C2=NC(=NC=C2N=C(C1=O)C3=CC=C(C=C3)OC)OC4=CC=C(C=C4)OC,0
"2-(1,3-benzodioxol-5-yl)-N-benzylquinazolin-4-amine",C1OC2=C(O1)C=C(C=C2)C3=NC4=CC=CC=C4C(=N3)NCC5=CC=CC=C5,0
"[(5S)-2-phenyl-2,7-diazaspiro[4.5]decan-7-yl]-(thiadiazol-4-yl)methanone",C1C[C@@]2(CCN(C2)C3=CC=CC=C3)CN(C1)C(=O)C4=CSN=N4,0
"2-[2-[(dimethylamino)methyl]phenyl]-N,N-dimethylpyrimidin-4-amine",CN(C)CC1=CC=CC=C1C2=NC=CC(=N2)N(C)C,0
"furan-2-yl-[(5S)-2-[(2-methoxyphenyl)methyl]-2,7-diazaspiro[4.5]decan-7-yl]methanone",COC1=CC=CC=C1CN2CC[C@]3(C2)CCCN(C3)C(=O)C4=CC=CO4,0
N-[(3-methylphenyl)methyl]-2-pyridin-3-ylquinazolin-4-amine,CC1=CC(=CC=C1)CNC2=NC(=NC3=CC=CC=C32)C4=CN=CC=C4,0
"4-[[(5S)-7-methylsulfonyl-2,7-diazaspiro[4.5]decan-2-yl]methyl]benzonitrile",CS(=O)(=O)N1CCC[C@]2(C1)CCN(C2)CC3=CC=C(C=C3)C#N,0
2-(3-Methoxyanilino)-6-methyl-8-phenylpteridin-7-one,CC1=NC2=CN=C(N=C2N(C1=O)C3=CC=CC=C3)NC4=CC(=CC=C4)OC,0
2-(Ethylamino)-8-[(4-fluorophenyl)methyl]-6-(1-methylindol-3-yl)pteridin-7-one,CCNC1=NC=C2C(=N1)N(C(=O)C(=N2)C3=CN(C4=CC=CC=C43)C)CC5=CC=C(C=C5)F,0
6-(4-Fluorophenyl)-2-methoxy-8-[(3-methoxyphenyl)methyl]pteridin-7-one,COC1=CC=CC(=C1)CN2C3=NC(=NC=C3N=C(C2=O)C4=CC=C(C=C4)F)OC,0
"9-(furan-2-carbonyl)-N-(4-methoxyphenyl)-2,9-diazaspiro[5.5]undecane-2-carboxamide",COC1=CC=C(C=C1)NC(=O)N2CCCC3(C2)CCN(CC3)C(=O)C4=CC=CO4,0
"(3,5-dimethyl-1,2-oxazol-4-yl)-[(5S)-2-(1,3-thiazol-2-ylmethyl)-2,7-diazaspiro[4.5]decan-7-yl]methanone",CC1=C(C(=NO1)C)C(=O)N2CCC[C@]3(C2)CCN(C3)CC4=NC=CS4,0
3-[2-(4-Methoxyphenoxy)-8-methyl-7-oxopteridin-6-yl]benzonitrile,CN1C2=NC(=NC=C2N=C(C1=O)C3=CC=CC(=C3)C#N)OC4=CC=C(C=C4)OC,0
"(5R)-9-(4-methoxybenzoyl)-N-(4-methoxyphenyl)-2,9-diazaspiro[4.5]decane-2-carboxamide",COC1=CC=C(C=C1)C(=O)N2CCC[C@]3(C2)CCN(C3)C(=O)NC4=CC=C(C=C4)OC,0
N-[3-[6-(thiophen-2-ylmethylamino)pyrimidin-4-yl]phenyl]methanesulfonamide,CS(=O)(=O)NC1=CC=CC(=C1)C2=CC(=NC=N2)NCC3=CC=CS3,0
"2-(3,5-dimethyl-1,2-oxazol-4-yl)-N-[(5-methylpyrazin-2-yl)methyl]quinazolin-4-amine",CC1=CN=C(C=N1)CNC2=NC(=NC3=CC=CC=C32)C4=C(ON=C4C)C,0
6-(2-methoxyphenyl)-N-(pyridin-3-ylmethyl)pyrimidin-4-amine,COC1=CC=CC=C1C2=CC(=NC=N2)NCC3=CN=CC=C3,0
"6-(1,3-benzodioxol-5-yl)-N-phenylquinazolin-4-amine",C1OC2=C(O1)C=C(C=C2)C3=CC4=C(C=C3)N=CN=C4NC5=CC=CC=C5,0
3-[8-(2-Cyanoethyl)-2-(4-methoxyphenoxy)-7-oxopteridin-6-yl]benzonitrile,COC1=CC=C(C=C1)OC2=NC=C3C(=N2)N(C(=O)C(=N3)C4=CC=CC(=C4)C#N)CCC#N,0
N-cyclopropyl-5-(furan-3-yl)pyrimidin-4-amine,C1CC1NC2=NC=NC=C2C3=COC=C3,0
5-(2-methylphenyl)-N-(pyridin-3-ylmethyl)pyrimidin-4-amine,CC1=CC=CC=C1C2=CN=CN=C2NCC3=CN=CC=C3,0
6-(4-chlorophenyl)-2-methoxy-8-[[(2R)-oxolan-2-yl]methyl]pteridin-7-one,COC1=NC=C2C(=N1)N(C(=O)C(=N2)C3=CC=C(C=C3)Cl)C[C@H]4CCCO4,0
"4-[[9-(Benzenesulfonyl)-2,9-diazaspiro[5.5]undecan-2-yl]methyl]benzonitrile",C1CC2(CCN(CC2)S(=O)(=O)C3=CC=CC=C3)CN(C1)CC4=CC=C(C=C4)C#N,0
N-[3-[6-[furan-2-ylmethyl(methyl)amino]pyrimidin-4-yl]phenyl]methanesulfonamide,CN(CC1=CC=CO1)C2=NC=NC(=C2)C3=CC(=CC=C3)NS(=O)(=O)C,0
N-[3-[4-(pyridin-3-ylmethylamino)quinazolin-2-yl]phenyl]methanesulfonamide,CS(=O)(=O)NC1=CC=CC(=C1)C2=NC3=CC=CC=C3C(=N2)NCC4=CN=CC=C4,0
3-[4-[2-(1H-imidazol-5-yl)ethylamino]pyrimidin-5-yl]benzonitrile,C1=CC(=CC(=C1)C2=CN=CN=C2NCCC3=CN=CN3)C#N,0
"furan-2-yl-[(5S)-2-pyridin-4-yl-2,7-diazaspiro[4.5]decan-7-yl]methanone",C1C[C@@]2(CCN(C2)C3=CC=NC=C3)CN(C1)C(=O)C4=CC=CO4,0
N-[2-(5-methoxy-1H-indol-3-yl)ethyl]-2-(2-methoxyphenyl)quinazolin-4-amine,COC1=CC2=C(C=C1)NC=C2CCNC3=NC(=NC4=CC=CC=C43)C5=CC=CC=C5OC,0
"2-(2-chlorophenyl)-N-[(2,4-dimethoxyphenyl)methyl]pyrimidin-4-amine",COC1=CC(=C(C=C1)CNC2=NC(=NC=C2)C3=CC=CC=C3Cl)OC,0
3-[4-[2-(5-methoxy-1H-indol-3-yl)ethylamino]quinazolin-6-yl]benzonitrile,COC1=CC2=C(C=C1)NC=C2CCNC3=NC=NC4=C3C=C(C=C4)C5=CC=CC(=C5)C#N,0
8-[(3-Methoxyphenyl)methyl]-2-(4-methylpiperazin-1-yl)-6-(2-phenylethyl)pteridin-7-one,CN1CCN(CC1)C2=NC=C3C(=N2)N(C(=O)C(=N3)CCC4=CC=CC=C4)CC5=CC(=CC=C5)OC,0
2-[4-(dimethylamino)phenyl]-N-(pyridin-3-ylmethyl)quinazolin-4-amine,CN(C)C1=CC=C(C=C1)C2=NC3=CC=CC=C3C(=N2)NCC4=CN=CC=C4,0
N-[3-[4-[furan-2-ylmethyl(methyl)amino]pyrimidin-5-yl]phenyl]methanesulfonamide,CN(CC1=CC=CO1)C2=NC=NC=C2C3=CC(=CC=C3)NS(=O)(=O)C,0
2-(Ethylamino)-8-(4-methoxyphenyl)-6-thiophen-2-ylpteridin-7-one,CCNC1=NC=C2C(=N1)N(C(=O)C(=N2)C3=CC=CS3)C4=CC=C(C=C4)OC,0
"[(5S)-2-benzhydryl-2,7-diazaspiro[4.5]decan-7-yl]-(1-methylpyrrol-2-yl)methanone",CN1C=CC=C1C(=O)N2CCC[C@]3(C2)CCN(C3)C(C4=CC=CC=C4)C5=CC=CC=C5,0
"9-(benzenesulfonyl)-N-(3-cyanophenyl)-2,9-diazaspiro[5.5]undecane-2-carboxamide",C1CC2(CCN(CC2)S(=O)(=O)C3=CC=CC=C3)CN(C1)C(=O)NC4=CC=CC(=C4)C#N,0
"2-(1,3-benzodioxol-5-yl)-N-[(3-methylphenyl)methyl]quinazolin-4-amine",CC1=CC(=CC=C1)CNC2=NC(=NC3=CC=CC=C32)C4=CC5=C(C=C4)OCO5,0
"(3-fluorophenyl)-[(5S)-2-phenyl-2,7-diazaspiro[4.5]decan-7-yl]methanone",C1C[C@@]2(CCN(C2)C3=CC=CC=C3)CN(C1)C(=O)C4=CC(=CC=C4)F,0
5-[4-(dimethylamino)phenyl]-N-(pyridin-3-ylmethyl)pyrimidin-4-amine,CN(C)C1=CC=C(C=C1)C2=CN=CN=C2NCC3=CN=CC=C3,0
"N-[(2,4-dimethoxyphenyl)methyl]-5-(2-methylphenyl)pyrimidin-4-amine",CC1=CC=CC=C1C2=CN=CN=C2NCC3=C(C=C(C=C3)OC)OC,0
"4-[4-[furan-2-ylmethyl(methyl)amino]pyrimidin-5-yl]-N,N-dimethylbenzamide",CN(C)C(=O)C1=CC=C(C=C1)C2=CN=CN=C2N(C)CC3=CC=CO3,0
5-(2-Chlorophenyl)-4-(4-methylpiperazin-1-yl)pyrimidine,CN1CCN(CC1)C2=NC=NC=C2C3=CC=CC=C3Cl,0
N-[3-[4-(4-methylpiperazin-1-yl)pyrimidin-2-yl]phenyl]methanesulfonamide,CN1CCN(CC1)C2=NC(=NC=C2)C3=CC(=CC=C3)NS(=O)(=O)C,0
N-[3-[4-(4-fluoroanilino)quinazolin-2-yl]phenyl]methanesulfonamide,CS(=O)(=O)NC1=CC=CC(=C1)C2=NC3=CC=CC=C3C(=N2)NC4=CC=C(C=C4)F,0
6-pyridin-3-yl-N-(thiophen-2-ylmethyl)pyrimidin-4-amine,C1=CC(=CN=C1)C2=CC(=NC=N2)NCC3=CC=CS3,0
"N-[(2,4-dimethoxyphenyl)methyl]-2-[4-(dimethylamino)phenyl]pyrimidin-4-amine",CN(C)C1=CC=C(C=C1)C2=NC=CC(=N2)NCC3=C(C=C(C=C3)OC)OC,0
"9-Methylsulfonyl-2-(pyridin-4-ylmethyl)-2,9-diazaspiro[5.5]undecane",CS(=O)(=O)N1CCC2(CCCN(C2)CC3=CC=NC=C3)CC1,0
"4-[4-(cyclopropylamino)quinazolin-6-yl]-N,N-dimethylbenzamide",CN(C)C(=O)C1=CC=C(C=C1)C2=CC3=C(C=C2)N=CN=C3NC4CC4,0
"9-(Benzenesulfonyl)-2-pyridin-4-yl-2,9-diazaspiro[5.5]undecane",C1CC2(CCN(CC2)S(=O)(=O)C3=CC=CC=C3)CN(C1)C4=CC=NC=C4,0
"5-(3,5-dimethyl-1,2-oxazol-4-yl)-N-(2-morpholin-4-ylethyl)pyrimidin-4-amine",CC1=C(C(=NO1)C)C2=CN=CN=C2NCCN3CCOCC3,0
2-(2-methoxyphenyl)-N-[(5-methylpyrazin-2-yl)methyl]quinazolin-4-amine,CC1=CN=C(C=N1)CNC2=NC(=NC3=CC=CC=C32)C4=CC=CC=C4OC,0
3-[2-(3-Methoxyanilino)-7-oxo-6-thiophen-2-ylpteridin-8-yl]propanenitrile,COC1=CC=CC(=C1)NC2=NC=C3C(=N2)N(C(=O)C(=N3)C4=CC=CS4)CCC#N,0
2-(3-Methoxyanilino)-8-(2-methoxyethyl)pteridin-7-one,COCCN1C(=O)C=NC2=CN=C(N=C21)NC3=CC(=CC=C3)OC,0
8-[(3-Methoxyphenyl)methyl]-6-methyl-2-phenylmethoxypteridin-7-one,CC1=NC2=CN=C(N=C2N(C1=O)CC3=CC(=CC=C3)OC)OCC4=CC=CC=C4,0
N-cyclopropyl-6-[2-[(dimethylamino)methyl]phenyl]pyrimidin-4-amine,CN(C)CC1=CC=CC=C1C2=CC(=NC=N2)NC3CC3,0
2-(2-Methoxyphenyl)-4-(4-methylpiperazin-1-yl)pyrimidine,CN1CCN(CC1)C2=NC(=NC=C2)C3=CC=CC=C3OC,0
"phenyl (5S)-2-benzhydryl-2,7-diazaspiro[4.5]decane-7-carboxylate",C1C[C@@]2(CCN(C2)C(C3=CC=CC=C3)C4=CC=CC=C4)CN(C1)C(=O)OC5=CC=CC=C5,0
"3-[4-[(2,4-Dimethoxyphenyl)methylamino]quinazolin-6-yl]benzonitrile",COC1=CC(=C(C=C1)CNC2=NC=NC3=C2C=C(C=C3)C4=CC=CC(=C4)C#N)OC,0
N-(furan-2-ylmethyl)-5-(3-methoxyphenyl)-N-methylpyrimidin-4-amine,CN(CC1=CC=CO1)C2=NC=NC=C2C3=CC(=CC=C3)OC,0
5-[2-[(dimethylamino)methyl]phenyl]-N-methylpyrimidin-4-amine,CNC1=NC=NC=C1C2=CC=CC=C2CN(C)C,0
3-[4-(Thiophen-2-ylmethylamino)pyrimidin-5-yl]benzonitrile,C1=CC(=CC(=C1)C2=CN=CN=C2NCC3=CC=CS3)C#N,0
"6-(1,3-benzodioxol-5-yl)-N-[(3-methylphenyl)methyl]-4-quinazolinamine",CC1=CC(=CC=C1)CNC2=NC=NC3=C2C=C(C=C3)C4=CC5=C(C=C4)OCO5,0
2-[4-(dimethylamino)phenyl]-N-(furan-2-ylmethyl)-N-methylquinazolin-4-amine,CN(C)C1=CC=C(C=C1)C2=NC3=CC=CC=C3C(=N2)N(C)CC4=CC=CO4,0
6-(2-chlorophenyl)-N-[(5-methylpyrazin-2-yl)methyl]quinazolin-4-amine,CC1=CN=C(C=N1)CNC2=NC=NC3=C2C=C(C=C3)C4=CC=CC=C4Cl,0
"N-[(2,4-dimethoxyphenyl)methyl]-2-[2-[(dimethylamino)methyl]phenyl]pyrimidin-4-amine",CN(C)CC1=CC=CC=C1C2=NC=CC(=N2)NCC3=C(C=C(C=C3)OC)OC,0
N-[3-[4-[(3-methylphenyl)methylamino]quinazolin-2-yl]phenyl]methanesulfonamide,CC1=CC(=CC=C1)CNC2=NC(=NC3=CC=CC=C32)C4=CC(=CC=C4)NS(=O)(=O)C,0
8-[(3-Methoxyphenyl)methyl]-6-(2-phenylethyl)-2-piperazin-1-ylpteridin-7-one,COC1=CC=CC(=C1)CN2C3=NC(=NC=C3N=C(C2=O)CCC4=CC=CC=C4)N5CCNCC5,0
6-(2-methylphenyl)-N-(pyridin-3-ylmethyl)quinazolin-4-amine,CC1=CC=CC=C1C2=CC3=C(C=C2)N=CN=C3NCC4=CN=CC=C4,0
"[(5S)-2-[[3,5-bis(trifluoromethyl)phenyl]methyl]-2,7-diazaspiro[4.5]decan-7-yl]-pyrazin-2-ylmethanone",C1C[C@@]2(CCN(C2)CC3=CC(=CC(=C3)C(F)(F)F)C(F)(F)F)CN(C1)C(=O)C4=NC=CN=C4,0
"pyridin-4-yl-[(5S)-2-pyridin-2-yl-2,7-diazaspiro[4.5]decan-7-yl]methanone",C1C[C@@]2(CCN(C2)C3=CC=CC=N3)CN(C1)C(=O)C4=CC=NC=C4,0
2-Anilino-8-cyclopropyl-6-methylpteridin-7-one,CC1=NC2=CN=C(N=C2N(C1=O)C3CC3)NC4=CC=CC=C4,0
2-(furan-3-yl)-N-[(2-methoxyphenyl)methyl]quinazolin-4-amine,COC1=CC=CC=C1CNC2=NC(=NC3=CC=CC=C32)C4=COC=C4,0
"methyl (5S)-2-phenyl-2,7-diazaspiro[4.5]decane-7-carboxylate",COC(=O)N1CCC[C@]2(C1)CCN(C2)C3=CC=CC=C3,0
8-(2-Methoxyethyl)-6-(4-methoxyphenyl)-2-phenoxypteridin-7-one,COCCN1C2=NC(=NC=C2N=C(C1=O)C3=CC=C(C=C3)OC)OC4=CC=CC=C4,0
2-(3-methoxyanilino)-6-(1-methylindol-3-yl)-8-[[(2R)-oxolan-2-yl]methyl]pteridin-7-one,CN1C=C(C2=CC=CC=C21)C3=NC4=CN=C(N=C4N(C3=O)C[C@H]5CCCO5)NC6=CC(=CC=C6)OC,0
"2-methoxy-1-[(5S)-2-pyridin-4-yl-2,7-diazaspiro[4.5]decan-7-yl]ethanone",COCC(=O)N1CCC[C@]2(C1)CCN(C2)C3=CC=NC=C3,0
"3-[4-[(2,4-Dimethoxyphenyl)methylamino]quinazolin-2-yl]benzonitrile",COC1=CC(=C(C=C1)CNC2=NC(=NC3=CC=CC=C32)C4=CC=CC(=C4)C#N)OC,0
N-(4-fluorophenyl)-2-(furan-3-yl)quinazolin-4-amine,C1=CC=C2C(=C1)C(=NC(=N2)C3=COC=C3)NC4=CC=C(C=C4)F,0
2-Methoxy-6-(2-phenylethyl)-8-(thiophen-2-ylmethyl)pteridin-7-one,COC1=NC=C2C(=N1)N(C(=O)C(=N2)CCC3=CC=CC=C3)CC4=CC=CS4,0
6-(4-fluorophenyl)-2-methoxy-8-[[(2R)-oxolan-2-yl]methyl]pteridin-7-one,COC1=NC=C2C(=N1)N(C(=O)C(=N2)C3=CC=C(C=C3)F)C[C@H]4CCCO4,0
2-(4-Methoxyphenoxy)-8-(2-phenylethyl)pteridin-7-one,COC1=CC=C(C=C1)OC2=NC=C3C(=N2)N(C(=O)C=N3)CCC4=CC=CC=C4,0
"(5R)-N-(3-fluorophenyl)-9-(4-methoxybenzoyl)-2,9-diazaspiro[4.5]decane-2-carboxamide",COC1=CC=C(C=C1)C(=O)N2CCC[C@]3(C2)CCN(C3)C(=O)NC4=CC(=CC=C4)F,0
N-[(5-methylpyrazin-2-yl)methyl]-2-pyridin-3-ylquinazolin-4-amine,CC1=CN=C(C=N1)CNC2=NC(=NC3=CC=CC=C32)C4=CN=CC=C4,0
"2-(1,3-Benzodioxol-5-yl)-4-imidazol-1-ylpyrimidine",C1OC2=C(O1)C=C(C=C2)C3=NC=CC(=N3)N4C=CN=C4,0
8-(2-Methoxyethyl)-2-phenoxy-6-(2-phenylethyl)pteridin-7-one,COCCN1C2=NC(=NC=C2N=C(C1=O)CCC3=CC=CC=C3)OC4=CC=CC=C4,0
2-(2-chlorophenyl)-N-(2-morpholin-4-ylethyl)pyrimidin-4-amine,C1COCCN1CCNC2=NC(=NC=C2)C3=CC=CC=C3Cl,0
"[(5S)-2-(3-phenylphenyl)-2,7-diazaspiro[4.5]decan-7-yl]-(thiadiazol-4-yl)methanone",C1C[C@@]2(CCN(C2)C3=CC=CC(=C3)C4=CC=CC=C4)CN(C1)C(=O)C5=CSN=N5,0
8-[(4-Fluorophenyl)methyl]-6-methyl-2-piperazin-1-ylpteridin-7-one,CC1=NC2=CN=C(N=C2N(C1=O)CC3=CC=C(C=C3)F)N4CCNCC4,0
2-(4-Methoxyphenoxy)-6-methyl-8-(thiophen-2-ylmethyl)pteridin-7-one,CC1=NC2=CN=C(N=C2N(C1=O)CC3=CC=CS3)OC4=CC=C(C=C4)OC,0
8-(4-Methoxyphenyl)-6-methylpteridin-7-one,CC1=NC2=CN=CN=C2N(C1=O)C3=CC=C(C=C3)OC,0
6-[4-(dimethylamino)phenyl]-N-[(2-methoxyphenyl)methyl]quinazolin-4-amine,CN(C)C1=CC=C(C=C1)C2=CC3=C(C=C2)N=CN=C3NCC4=CC=CC=C4OC,0
2-[2-[(dimethylamino)methyl]phenyl]-N-[(2-methoxyphenyl)methyl]quinazolin-4-amine,CN(C)CC1=CC=CC=C1C2=NC3=CC=CC=C3C(=N2)NCC4=CC=CC=C4OC,0
"N-(3-fluorophenyl)-9-(furan-2-carbonyl)-2,9-diazaspiro[5.5]undecane-2-carboxamide",C1CC2(CCN(CC2)C(=O)C3=CC=CO3)CN(C1)C(=O)NC4=CC(=CC=C4)F,0
N-[2-[[6-(2-methylphenyl)quinazolin-4-yl]amino]ethyl]acetamide,CC1=CC=CC=C1C2=CC3=C(C=C2)N=CN=C3NCCNC(=O)C,0
"4-(1,3-Benzodioxol-5-yl)-6-imidazol-1-ylpyrimidine",C1OC2=C(O1)C=C(C=C2)C3=CC(=NC=N3)N4C=CN=C4,0
N-benzyl-2-(3-methoxyphenyl)pyrimidin-4-amine,COC1=CC=CC(=C1)C2=NC=CC(=N2)NCC3=CC=CC=C3,0
2-[4-(dimethylamino)phenyl]-N-(thiophen-2-ylmethyl)pyrimidin-4-amine,CN(C)C1=CC=C(C=C1)C2=NC=CC(=N2)NCC3=CC=CS3,0
6-(furan-3-yl)-N-(furan-2-ylmethyl)-N-methylquinazolin-4-amine,CN(CC1=CC=CO1)C2=NC=NC3=C2C=C(C=C3)C4=COC=C4,0
"phenyl (5S)-2-phenyl-2,7-diazaspiro[4.5]decane-7-carboxylate",C1C[C@@]2(CCN(C2)C3=CC=CC=C3)CN(C1)C(=O)OC4=CC=CC=C4,0
N-(2-morpholin-4-ylethyl)-2-[2-(trifluoromethyl)phenyl]quinazolin-4-amine,C1COCCN1CCNC2=NC(=NC3=CC=CC=C32)C4=CC=CC=C4C(F)(F)F,0
"(5S)-7-(benzenesulfonyl)-2-phenyl-2,7-diazaspiro[4.5]decane",C1C[C@@]2(CCN(C2)C3=CC=CC=C3)CN(C1)S(=O)(=O)C4=CC=CC=C4,0
"N,N-dimethyl-6-pyridin-3-ylquinazolin-4-amine",CN(C)C1=NC=NC2=C1C=C(C=C2)C3=CN=CC=C3,0
"9-(benzenesulfonyl)-N-propan-2-yl-2,9-diazaspiro[5.5]undecane-2-carboxamide",CC(C)NC(=O)N1CCCC2(C1)CCN(CC2)S(=O)(=O)C3=CC=CC=C3,0
"phenyl (5S)-2-[(4-cyanophenyl)methyl]-2,7-diazaspiro[4.5]decane-7-carboxylate",C1C[C@@]2(CCN(C2)CC3=CC=C(C=C3)C#N)CN(C1)C(=O)OC4=CC=CC=C4,0
N-[2-(5-methoxy-1H-indol-3-yl)ethyl]-2-[2-(trifluoromethyl)phenyl]pyrimidin-4-amine,COC1=CC2=C(C=C1)NC=C2CCNC3=NC(=NC=C3)C4=CC=CC=C4C(F)(F)F,0
N-[3-[4-(methylamino)quinazolin-6-yl]phenyl]methanesulfonamide,CNC1=NC=NC2=C1C=C(C=C2)C3=CC(=CC=C3)NS(=O)(=O)C,0
N-[2-(5-methoxy-1H-indol-3-yl)ethyl]-5-(3-methoxyphenyl)pyrimidin-4-amine,COC1=CC2=C(C=C1)NC=C2CCNC3=NC=NC=C3C4=CC(=CC=C4)OC,0
"4-[[(5S)-7-(furan-2-carbonyl)-2,7-diazaspiro[4.5]decan-2-yl]methyl]benzonitrile",C1C[C@@]2(CCN(C2)CC3=CC=C(C=C3)C#N)CN(C1)C(=O)C4=CC=CO4,0
2-(3-Methoxyanilino)-8-(2-methoxyethyl)-6-methylpteridin-7-one,CC1=NC2=CN=C(N=C2N(C1=O)CCOC)NC3=CC(=CC=C3)OC,0
3-[4-[(2-Methoxyphenyl)methylamino]pyrimidin-2-yl]benzonitrile,COC1=CC=CC=C1CNC2=NC(=NC=C2)C3=CC=CC(=C3)C#N,0
2-(Ethylamino)-6-(1-methylindol-3-yl)-8-(thiophen-2-ylmethyl)pteridin-7-one,CCNC1=NC=C2C(=N1)N(C(=O)C(=N2)C3=CN(C4=CC=CC=C43)C)CC5=CC=CS5,0
2-Methoxy-6-methyl-8-(thiophen-2-ylmethyl)pteridin-7-one,CC1=NC2=CN=C(N=C2N(C1=O)CC3=CC=CS3)OC,0
N-[2-(5-methoxy-1H-indol-3-yl)ethyl]-2-pyridin-3-ylpyrimidin-4-amine,COC1=CC2=C(C=C1)NC=C2CCNC3=NC(=NC=C3)C4=CN=CC=C4,0
N-[2-(5-methoxy-1H-indol-3-yl)ethyl]-2-(3-methoxyphenyl)pyrimidin-4-amine,COC1=CC2=C(C=C1)NC=C2CCNC3=NC(=NC=C3)C4=CC(=CC=C4)OC,0
2-(3-methoxyphenyl)-N-(pyridin-3-ylmethyl)quinazolin-4-amine,COC1=CC=CC(=C1)C2=NC3=CC=CC=C3C(=N2)NCC4=CN=CC=C4,0
3-[4-(Thiophen-2-ylmethylamino)quinazolin-6-yl]benzonitrile,C1=CC(=CC(=C1)C2=CC3=C(C=C2)N=CN=C3NCC4=CC=CS4)C#N,0
"2-(3,5-dimethyl-1,2-oxazol-4-yl)-N-[(2-methoxyphenyl)methyl]quinazolin-4-amine",CC1=C(C(=NO1)C)C2=NC3=CC=CC=C3C(=N2)NCC4=CC=CC=C4OC,0
8-(4-Methoxyphenyl)-6-(2-phenylethyl)-2-piperazin-1-ylpteridin-7-one,COC1=CC=C(C=C1)N2C3=NC(=NC=C3N=C(C2=O)CCC4=CC=CC=C4)N5CCNCC5,0
4-Imidazol-1-yl-2-(2-methoxyphenyl)pyrimidine,COC1=CC=CC=C1C2=NC=CC(=N2)N3C=CN=C3,0
"(4-Methoxyphenyl)-[2-(3-phenylphenyl)-2,9-diazaspiro[5.5]undecan-9-yl]methanone",COC1=CC=C(C=C1)C(=O)N2CCC3(CCCN(C3)C4=CC=CC(=C4)C5=CC=CC=C5)CC2,0
"(1-methylpyrrol-2-yl)-[(5S)-2-(1,3-thiazol-2-ylmethyl)-2,7-diazaspiro[4.5]decan-7-yl]methanone",CN1C=CC=C1C(=O)N2CCC[C@]3(C2)CCN(C3)CC4=NC=CS4,0
2-(4-Methoxyphenoxy)-6-methyl-8-(2-phenylethyl)pteridin-7-one,CC1=NC2=CN=C(N=C2N(C1=O)CCC3=CC=CC=C3)OC4=CC=C(C=C4)OC,0
N-[3-(4-anilinoquinazolin-6-yl)phenyl]methanesulfonamide,CS(=O)(=O)NC1=CC=CC(=C1)C2=CC3=C(C=C2)N=CN=C3NC4=CC=CC=C4,0
"[9-(4-Phenylphenyl)-3,9-diazaspiro[5.5]undecan-3-yl]-pyridin-4-ylmethanone",C1CN(CCC12CCN(CC2)C(=O)C3=CC=NC=C3)C4=CC=C(C=C4)C5=CC=CC=C5,0
4-Imidazol-1-yl-6-pyridin-3-ylpyrimidine,C1=CC(=CN=C1)C2=CC(=NC=N2)N3C=CN=C3,0
5-[4-(dimethylamino)phenyl]-N-[(2-methoxyphenyl)methyl]pyrimidin-4-amine,CN(C)C1=CC=C(C=C1)C2=CN=CN=C2NCC3=CC=CC=C3OC,0
2-Methoxy-8-(4-methoxyphenyl)-6-(1-methylindol-3-yl)pteridin-7-one,CN1C=C(C2=CC=CC=C21)C3=NC4=CN=C(N=C4N(C3=O)C5=CC=C(C=C5)OC)OC,0
N-[3-[4-(thiophen-2-ylmethylamino)quinazolin-6-yl]phenyl]methanesulfonamide,CS(=O)(=O)NC1=CC=CC(=C1)C2=CC3=C(C=C2)N=CN=C3NCC4=CC=CS4,0
8-Cyclopropyl-2-piperazin-1-yl-6-thiophen-2-ylpteridin-7-one,C1CC1N2C3=NC(=NC=C3N=C(C2=O)C4=CC=CS4)N5CCNCC5,0
"(4-methoxyphenyl)-[(5S)-2-pyridin-4-yl-2,7-diazaspiro[4.5]decan-7-yl]methanone",COC1=CC=C(C=C1)C(=O)N2CCC[C@]3(C2)CCN(C3)C4=CC=NC=C4,0
"N-[(2,4-dimethoxyphenyl)methyl]-2-pyridin-3-ylpyrimidin-4-amine",COC1=CC(=C(C=C1)CNC2=NC(=NC=C2)C3=CN=CC=C3)OC,0
8-(4-Methoxyphenyl)-6-(2-phenylethyl)pteridin-7-one,COC1=CC=C(C=C1)N2C3=NC=NC=C3N=C(C2=O)CCC4=CC=CC=C4,0
"2-(1,3-benzodioxol-5-yl)-N-(4-fluorophenyl)pyrimidin-4-amine",C1OC2=C(O1)C=C(C=C2)C3=NC=CC(=N3)NC4=CC=C(C=C4)F,0
"2-(1,3-benzodioxol-5-yl)-N-(thiophen-2-ylmethyl)quinazolin-4-amine",C1OC2=C(O1)C=C(C=C2)C3=NC4=CC=CC=C4C(=N3)NCC5=CC=CS5,0
N-[3-[4-(methylamino)quinazolin-2-yl]phenyl]methanesulfonamide,CNC1=NC(=NC2=CC=CC=C21)C3=CC(=CC=C3)NS(=O)(=O)C,0
5-(2-methylphenyl)-N-[(3-methylphenyl)methyl]pyrimidin-4-amine,CC1=CC(=CC=C1)CNC2=NC=NC=C2C3=CC=CC=C3C,0
2-Anilino-8-(2-methoxyethyl)-6-(2-phenylethyl)pteridin-7-one,COCCN1C2=NC(=NC=C2N=C(C1=O)CCC3=CC=CC=C3)NC4=CC=CC=C4,0
N-[3-[4-[furan-2-ylmethyl(methyl)amino]pyrimidin-2-yl]phenyl]methanesulfonamide,CN(CC1=CC=CO1)C2=NC(=NC=C2)C3=CC(=CC=C3)NS(=O)(=O)C,0
"Phenyl 2-pyridin-2-yl-2,9-diazaspiro[5.5]undecane-9-carboxylate",C1CC2(CCN(CC2)C(=O)OC3=CC=CC=C3)CN(C1)C4=CC=CC=N4,0
"9-(Benzenesulfonyl)-2-benzhydryl-2,9-diazaspiro[5.5]undecane",C1CC2(CCN(CC2)S(=O)(=O)C3=CC=CC=C3)CN(C1)C(C4=CC=CC=C4)C5=CC=CC=C5,0
"2-(1,3-benzodioxol-5-yl)-N-[(2,4-dimethoxyphenyl)methyl]quinazolin-4-amine",COC1=CC(=C(C=C1)CNC2=NC(=NC3=CC=CC=C32)C4=CC5=C(C=C4)OCO5)OC,0
4-(4-Methylpiperazin-1-yl)-6-[2-(trifluoromethyl)phenyl]quinazoline,CN1CCN(CC1)C2=NC=NC3=C2C=C(C=C3)C4=CC=CC=C4C(F)(F)F,0
"(5S)-7-(benzenesulfonyl)-2-benzhydryl-2,7-diazaspiro[4.5]decane",C1C[C@@]2(CCN(C2)C(C3=CC=CC=C3)C4=CC=CC=C4)CN(C1)S(=O)(=O)C5=CC=CC=C5,0
"N-benzyl-2-(3,5-dimethyl-1,2-oxazol-4-yl)quinazolin-4-amine",CC1=C(C(=NO1)C)C2=NC3=CC=CC=C3C(=N2)NCC4=CC=CC=C4,0
5-pyridin-3-yl-N-(thiophen-2-ylmethyl)pyrimidin-4-amine,C1=CC(=CN=C1)C2=CN=CN=C2NCC3=CC=CS3,0
8-[(4-Fluorophenyl)methyl]-6-(1-methylindol-3-yl)-2-piperazin-1-ylpteridin-7-one,CN1C=C(C2=CC=CC=C21)C3=NC4=CN=C(N=C4N(C3=O)CC5=CC=C(C=C5)F)N6CCNCC6,0
2-(3-methoxyphenyl)-N-[(2-methoxyphenyl)methyl]quinazolin-4-amine,COC1=CC=CC(=C1)C2=NC3=CC=CC=C3C(=N2)NCC4=CC=CC=C4OC,0
"3,5-Dimethyl-4-[4-(4-methylpiperazin-1-yl)quinazolin-6-yl]-1,2-oxazole",CC1=C(C(=NO1)C)C2=CC3=C(C=C2)N=CN=C3N4CCN(CC4)C,0
2-(4-Methylpiperazin-1-yl)-8-(2-phenylethyl)-6-thiophen-2-ylpteridin-7-one,CN1CCN(CC1)C2=NC=C3C(=N2)N(C(=O)C(=N3)C4=CC=CS4)CCC5=CC=CC=C5,0
"N-[(2,4-dimethoxyphenyl)methyl]-5-(2-methoxyphenyl)pyrimidin-4-amine",COC1=CC(=C(C=C1)CNC2=NC=NC=C2C3=CC=CC=C3OC)OC,0
6-(4-fluorophenyl)-2-(4-methoxyphenoxy)-8-[[(2R)-oxolan-2-yl]methyl]pteridin-7-one,COC1=CC=C(C=C1)OC2=NC=C3C(=N2)N(C(=O)C(=N3)C4=CC=C(C=C4)F)C[C@H]5CCCO5,0
N-(2-methoxyethyl)-5-(2-methoxyphenyl)pyrimidin-4-amine,COCCNC1=NC=NC=C1C2=CC=CC=C2OC,0
"6-(3,5-Difluorophenyl)-2-(4-methylpiperazin-1-yl)-8-phenylpteridin-7-one",CN1CCN(CC1)C2=NC=C3C(=N2)N(C(=O)C(=N3)C4=CC(=CC(=C4)F)F)C5=CC=CC=C5,0
"pyrazin-2-yl-[(5S)-2-(pyridin-4-ylmethyl)-2,7-diazaspiro[4.5]decan-7-yl]methanone",C1C[C@@]2(CCN(C2)CC3=CC=NC=C3)CN(C1)C(=O)C4=NC=CN=C4,0
N-(2-furanylmethyl)-6-(3-methoxyphenyl)-N-methyl-4-quinazolinamine,CN(CC1=CC=CO1)C2=NC=NC3=C2C=C(C=C3)C4=CC(=CC=C4)OC,0
2-(Dimethylamino)-8-(2-methoxyethyl)-6-(2-phenylethyl)pteridin-7-one,CN(C)C1=NC=C2C(=N1)N(C(=O)C(=N2)CCC3=CC=CC=C3)CCOC,0
"N-[(2,4-dimethoxyphenyl)methyl]-2-(3-methoxyphenyl)pyrimidin-4-amine",COC1=CC(=C(C=C1)CNC2=NC(=NC=C2)C3=CC(=CC=C3)OC)OC,0
"Methyl 2-(3-phenylphenyl)-2,9-diazaspiro[5.5]undecane-9-carboxylate",COC(=O)N1CCC2(CCCN(C2)C3=CC=CC(=C3)C4=CC=CC=C4)CC1,0
N-(pyridin-3-ylmethyl)-6-[2-(trifluoromethyl)phenyl]quinazolin-4-amine,C1=CC=C(C(=C1)C2=CC3=C(C=C2)N=CN=C3NCC4=CN=CC=C4)C(F)(F)F,0
N-[3-[4-(4-fluoroanilino)quinazolin-6-yl]phenyl]methanesulfonamide,CS(=O)(=O)NC1=CC=CC(=C1)C2=CC3=C(C=C2)N=CN=C3NC4=CC=C(C=C4)F,0
8-(2-Methoxyethyl)-2-(4-methoxyphenoxy)-6-methylpteridin-7-one,CC1=NC2=CN=C(N=C2N(C1=O)CCOC)OC3=CC=C(C=C3)OC,0
N-[3-[4-(benzylamino)pyrimidin-5-yl]phenyl]methanesulfonamide,CS(=O)(=O)NC1=CC=CC(=C1)C2=CN=CN=C2NCC3=CC=CC=C3,0
"6-(1,3-benzodioxol-5-yl)-N-[2-(5-methoxy-1H-indol-3-yl)ethyl]quinazolin-4-amine",COC1=CC2=C(C=C1)NC=C2CCNC3=NC=NC4=C3C=C(C=C4)C5=CC6=C(C=C5)OCO6,0
"5-(1,3-benzodioxol-5-yl)-N-[2-(5-methoxy-1H-indol-3-yl)ethyl]pyrimidin-4-amine",COC1=CC2=C(C=C1)NC=C2CCNC3=NC=NC=C3C4=CC5=C(C=C4)OCO5,0
3-[4-(2-Morpholin-4-ylethylamino)quinazolin-2-yl]benzonitrile,C1COCCN1CCNC2=NC(=NC3=CC=CC=C32)C4=CC=CC(=C4)C#N,0
"5-(1,3-benzodioxol-5-yl)-N-[(2-methoxyphenyl)methyl]pyrimidin-4-amine",COC1=CC=CC=C1CNC2=NC=NC=C2C3=CC4=C(C=C3)OCO4,0
"phenyl (5S)-2-methyl-2,7-diazaspiro[4.5]decane-7-carboxylate",CN1CC[C@]2(C1)CCCN(C2)C(=O)OC3=CC=CC=C3,0
"N-[2-[[6-(1,3-benzodioxol-5-yl)quinazolin-4-yl]amino]ethyl]acetamide",CC(=O)NCCNC1=NC=NC2=C1C=C(C=C2)C3=CC4=C(C=C3)OCO4,0
"[(5S)-2-[(2-methoxyphenyl)methyl]-2,7-diazaspiro[4.5]decan-7-yl]-(1-methylpyrrol-2-yl)methanone",CN1C=CC=C1C(=O)N2CCC[C@]3(C2)CCN(C3)CC4=CC=CC=C4OC,0
N-benzyl-2-[2-[(dimethylamino)methyl]phenyl]quinazolin-4-amine,CN(C)CC1=CC=CC=C1C2=NC3=CC=CC=C3C(=N2)NCC4=CC=CC=C4,0
"[(5S)-2-[[3,5-bis(trifluoromethyl)phenyl]methyl]-2,7-diazaspiro[4.5]decan-7-yl]-pyridin-4-ylmethanone",C1C[C@@]2(CCN(C2)CC3=CC(=CC(=C3)C(F)(F)F)C(F)(F)F)CN(C1)C(=O)C4=CC=NC=C4,0
N-[3-[4-[2-(5-methoxy-1H-indol-3-yl)ethylamino]pyrimidin-5-yl]phenyl]methanesulfonamide,COC1=CC2=C(C=C1)NC=C2CCNC3=NC=NC=C3C4=CC(=CC=C4)NS(=O)(=O)C,0
"(3,5-dimethyl-1,2-oxazol-4-yl)-[(5S)-2-(3-phenylphenyl)-2,7-diazaspiro[4.5]decan-7-yl]methanone",CC1=C(C(=NO1)C)C(=O)N2CCC[C@]3(C2)CCN(C3)C4=CC=CC(=C4)C5=CC=CC=C5,0
5-(2-chlorophenyl)-N-(thiophen-2-ylmethyl)pyrimidin-4-amine,C1=CC=C(C(=C1)C2=CN=CN=C2NCC3=CC=CS3)Cl,0
"[9-[(2-Methoxyphenyl)methyl]-3,9-diazaspiro[5.5]undecan-3-yl]-pyridin-4-ylmethanone",COC1=CC=CC=C1CN2CCC3(CC2)CCN(CC3)C(=O)C4=CC=NC=C4,0
6-(4-Fluorophenyl)-2-(4-methoxyphenoxy)-8-(thiophen-2-ylmethyl)pteridin-7-one,COC1=CC=C(C=C1)OC2=NC=C3C(=N2)N(C(=O)C(=N3)C4=CC=C(C=C4)F)CC5=CC=CS5,0
2-[4-(dimethylamino)phenyl]-N-(2-methoxyethyl)quinazolin-4-amine,CN(C)C1=CC=C(C=C1)C2=NC3=CC=CC=C3C(=N2)NCCOC,0
"(2-Benzhydryl-2,9-diazaspiro[5.5]undecan-9-yl)-(4-methoxyphenyl)methanone",COC1=CC=C(C=C1)C(=O)N2CCC3(CCCN(C3)C(C4=CC=CC=C4)C5=CC=CC=C5)CC2,0
4-Imidazol-1-yl-2-pyridin-3-ylpyrimidine,C1=CC(=CN=C1)C2=NC=CC(=N2)N3C=CN=C3,0
"N-(3-fluorophenyl)-9-(pyridine-4-carbonyl)-2,9-diazaspiro[5.5]undecane-2-carboxamide",C1CC2(CCN(CC2)C(=O)C3=CC=NC=C3)CN(C1)C(=O)NC4=CC(=CC=C4)F,0
N-[3-[4-[furan-2-ylmethyl(methyl)amino]quinazolin-6-yl]phenyl]methanesulfonamide,CN(CC1=CC=CO1)C2=NC=NC3=C2C=C(C=C3)C4=CC(=CC=C4)NS(=O)(=O)C,0
8-Cyclopropyl-2-(4-methoxyphenoxy)-6-phenylpteridin-7-one,COC1=CC=C(C=C1)OC2=NC=C3C(=N2)N(C(=O)C(=N3)C4=CC=CC=C4)C5CC5,0
3-[2-(4-Methoxyphenoxy)-8-[(3-methoxyphenyl)methyl]-7-oxopteridin-6-yl]benzonitrile,COC1=CC=C(C=C1)OC2=NC=C3C(=N2)N(C(=O)C(=N3)C4=CC=CC(=C4)C#N)CC5=CC(=CC=C5)OC,0
"(5R)-N-(3-fluorophenyl)-9-(pyridine-4-carbonyl)-2,9-diazaspiro[4.5]decane-2-carboxamide",C1C[C@@]2(CCN(C2)C(=O)NC3=CC(=CC=C3)F)CN(C1)C(=O)C4=CC=NC=C4,0
5-[2-[(dimethylamino)methyl]phenyl]-N-[(5-methylpyrazin-2-yl)methyl]pyrimidin-4-amine,CC1=CN=C(C=N1)CNC2=NC=NC=C2C3=CC=CC=C3CN(C)C,0
N-[3-[4-(pyridin-3-ylmethylamino)quinazolin-6-yl]phenyl]methanesulfonamide,CS(=O)(=O)NC1=CC=CC(=C1)C2=CC3=C(C=C2)N=CN=C3NCC4=CN=CC=C4,0
N-[2-[[5-(2-methylphenyl)pyrimidin-4-yl]amino]ethyl]acetamide,CC1=CC=CC=C1C2=CN=CN=C2NCCNC(=O)C,0
8-(2-Methoxyethyl)-6-methylpteridin-7-one,CC1=NC2=CN=CN=C2N(C1=O)CCOC,0
2-[4-(dimethylamino)phenyl]-N-[2-(5-methoxy-1H-indol-3-yl)ethyl]quinazolin-4-amine,CN(C)C1=CC=C(C=C1)C2=NC3=CC=CC=C3C(=N2)NCCC4=CNC5=C4C=C(C=C5)OC,0
2-(2-chlorophenyl)-N-(thiophen-2-ylmethyl)quinazolin-4-amine,C1=CC=C2C(=C1)C(=NC(=N2)C3=CC=CC=C3Cl)NCC4=CC=CS4,0
"(4-methoxyphenyl)-[(5S)-2-(3-phenylphenyl)-2,7-diazaspiro[4.5]decan-7-yl]methanone",COC1=CC=C(C=C1)C(=O)N2CCC[C@]3(C2)CCN(C3)C4=CC=CC(=C4)C5=CC=CC=C5,0
2-Methoxy-8-[(3-methoxyphenyl)methyl]pteridin-7-one,COC1=CC=CC(=C1)CN2C(=O)C=NC3=CN=C(N=C32)OC,0
"9-[3,5-bis(trifluoromethyl)benzoyl]-N-(3-fluorophenyl)-2,9-diazaspiro[5.5]undecane-2-carboxamide",C1CC2(CCN(CC2)C(=O)C3=CC(=CC(=C3)C(F)(F)F)C(F)(F)F)CN(C1)C(=O)NC4=CC(=CC=C4)F,0
6-(4-Chlorophenyl)-2-methoxy-8-(thiophen-2-ylmethyl)pteridin-7-one,COC1=NC=C2C(=N1)N(C(=O)C(=N2)C3=CC=C(C=C3)Cl)CC4=CC=CS4,0
"N-[3-[4-[(2,4-dimethoxyphenyl)methylamino]quinazolin-2-yl]phenyl]methanesulfonamide",COC1=CC(=C(C=C1)CNC2=NC(=NC3=CC=CC=C32)C4=CC(=CC=C4)NS(=O)(=O)C)OC,0
"N,N-dimethyl-4-[4-[(5-methylpyrazin-2-yl)methylamino]pyrimidin-5-yl]benzamide",CC1=CN=C(C=N1)CNC2=NC=NC=C2C3=CC=C(C=C3)C(=O)N(C)C,0
"6-(3,5-dimethyl-1,2-oxazol-4-yl)-N-(pyridin-3-ylmethyl)pyrimidin-4-amine",CC1=C(C(=NO1)C)C2=CC(=NC=N2)NCC3=CN=CC=C3,0
5-(2-methylphenyl)-N-(2-morpholin-4-ylethyl)pyrimidin-4-amine,CC1=CC=CC=C1C2=CN=CN=C2NCCN3CCOCC3,0
2-methoxy-6-(4-methoxyphenyl)-8-[[(2R)-oxolan-2-yl]methyl]pteridin-7-one,COC1=CC=C(C=C1)C2=NC3=CN=C(N=C3N(C2=O)C[C@H]4CCCO4)OC,0
3-[4-(4-Methylpiperazin-1-yl)quinazolin-2-yl]benzonitrile,CN1CCN(CC1)C2=NC(=NC3=CC=CC=C32)C4=CC=CC(=C4)C#N,0
N-[3-[4-(2-morpholin-4-ylethylamino)quinazolin-2-yl]phenyl]methanesulfonamide,CS(=O)(=O)NC1=CC=CC(=C1)C2=NC3=CC=CC=C3C(=N2)NCCN4CCOCC4,0
8-(2-Methoxyethyl)-2-piperazin-1-yl-6-thiophen-2-ylpteridin-7-one,COCCN1C2=NC(=NC=C2N=C(C1=O)C3=CC=CS3)N4CCNCC4,0
5-(2-chlorophenyl)-N-[2-(1H-imidazol-5-yl)ethyl]pyrimidin-4-amine,C1=CC=C(C(=C1)C2=CN=CN=C2NCCC3=CN=CN3)Cl,0
8-[(2-Chlorophenyl)methyl]-6-methylpteridin-7-one,CC1=NC2=CN=CN=C2N(C1=O)CC3=CC=CC=C3Cl,0
"N-[(2,4-dimethoxyphenyl)methyl]-6-(furan-3-yl)pyrimidin-4-amine",COC1=CC(=C(C=C1)CNC2=NC=NC(=C2)C3=COC=C3)OC,0
"2-(3,5-dimethyl-1,2-oxazol-4-yl)-N-[2-(5-methoxy-1H-indol-3-yl)ethyl]quinazolin-4-amine",CC1=C(C(=NO1)C)C2=NC3=CC=CC=C3C(=N2)NCCC4=CNC5=C4C=C(C=C5)OC,0
"6-[4-(dimethylamino)phenyl]-N,N-dimethylquinazolin-4-amine",CN(C)C1=CC=C(C=C1)C2=CC3=C(C=C2)N=CN=C3N(C)C,0
8-[2-(2-Methoxyphenyl)ethyl]-6-methylpteridin-7-one,CC1=NC2=CN=CN=C2N(C1=O)CCC3=CC=CC=C3OC,0
"[(5S)-2-[[3,5-bis(trifluoromethyl)phenyl]methyl]-2,7-diazaspiro[4.5]decan-7-yl]-(1-methylpyrrol-2-yl)methanone",CN1C=CC=C1C(=O)N2CCC[C@]3(C2)CCN(C3)CC4=CC(=CC(=C4)C(F)(F)F)C(F)(F)F,0
2-(2-methoxyphenyl)-N-[(3-methylphenyl)methyl]pyrimidin-4-amine,CC1=CC(=CC=C1)CNC2=NC(=NC=C2)C3=CC=CC=C3OC,0
6-[2-[(dimethylamino)methyl]phenyl]-N-methylquinazolin-4-amine,CNC1=NC=NC2=C1C=C(C=C2)C3=CC=CC=C3CN(C)C,0
"N-[(2,4-dimethoxyphenyl)methyl]-5-[2-[(dimethylamino)methyl]phenyl]pyrimidin-4-amine",CN(C)CC1=CC=CC=C1C2=CN=CN=C2NCC3=C(C=C(C=C3)OC)OC,0
N-(4-fluorophenyl)-5-(2-methoxyphenyl)pyrimidin-4-amine,COC1=CC=CC=C1C2=CN=CN=C2NC3=CC=C(C=C3)F,0
6-Phenyl-2-piperazin-1-yl-8-(thiophen-2-ylmethyl)pteridin-7-one,C1CN(CCN1)C2=NC=C3C(=N2)N(C(=O)C(=N3)C4=CC=CC=C4)CC5=CC=CS5,0
6-(4-Fluorophenyl)-2-methoxy-8-methylpteridin-7-one,CN1C2=NC(=NC=C2N=C(C1=O)C3=CC=C(C=C3)F)OC,0
3-[6-(4-Fluorophenyl)-2-(4-methoxyphenoxy)-7-oxopteridin-8-yl]propanenitrile,COC1=CC=C(C=C1)OC2=NC=C3C(=N2)N(C(=O)C(=N3)C4=CC=C(C=C4)F)CCC#N,0
"Pyridin-4-yl-(9-pyridin-4-yl-3,9-diazaspiro[5.5]undecan-3-yl)methanone",C1CN(CCC12CCN(CC2)C(=O)C3=CC=NC=C3)C4=CC=NC=C4,0
3-[4-[(2-Methoxyphenyl)methylamino]quinazolin-2-yl]benzonitrile,COC1=CC=CC=C1CNC2=NC(=NC3=CC=CC=C32)C4=CC=CC(=C4)C#N,0
"2-(1,3-benzodioxol-5-yl)-N,N-dimethylquinazolin-4-amine",CN(C)C1=NC(=NC2=CC=CC=C21)C3=CC4=C(C=C3)OCO4,0
3-[2-(3-Methoxyanilino)-7-oxopteridin-8-yl]propanenitrile,COC1=CC=CC(=C1)NC2=NC=C3C(=N2)N(C(=O)C=N3)CCC#N,0
"N-(3-cyanophenyl)-9-(3-fluorobenzoyl)-2,9-diazaspiro[5.5]undecane-2-carboxamide",C1CC2(CCN(CC2)C(=O)C3=CC(=CC=C3)F)CN(C1)C(=O)NC4=CC=CC(=C4)C#N,0
3-[4-[2-(5-methoxy-1H-indol-3-yl)ethylamino]pyrimidin-2-yl]benzonitrile,COC1=CC2=C(C=C1)NC=C2CCNC3=NC(=NC=C3)C4=CC=CC(=C4)C#N,0
"[2-(4-Phenylphenyl)-2,9-diazaspiro[5.5]undecan-9-yl]-pyridin-4-ylmethanone",C1CC2(CCN(CC2)C(=O)C3=CC=NC=C3)CN(C1)C4=CC=C(C=C4)C5=CC=CC=C5,0
5-(3-methoxyphenyl)-N-(thiophen-2-ylmethyl)pyrimidin-4-amine,COC1=CC=CC(=C1)C2=CN=CN=C2NCC3=CC=CS3,0
N-benzyl-2-(furan-3-yl)pyrimidin-4-amine,C1=CC=C(C=C1)CNC2=NC(=NC=C2)C3=COC=C3,0
"[(5S)-2-benzhydryl-2,7-diazaspiro[4.5]decan-7-yl]-(3-fluorophenyl)methanone",C1C[C@@]2(CCN(C2)C(C3=CC=CC=C3)C4=CC=CC=C4)CN(C1)C(=O)C5=CC(=CC=C5)F,0
6-(4-Fluorophenyl)-2-(3-methoxyanilino)-8-(2-methoxyethyl)pteridin-7-one,COCCN1C2=NC(=NC=C2N=C(C1=O)C3=CC=C(C=C3)F)NC4=CC(=CC=C4)OC,0
"6-(3,5-dimethyl-1,2-oxazol-4-yl)-N-(2-morpholin-4-ylethyl)quinazolin-4-amine",CC1=C(C(=NO1)C)C2=CC3=C(C=C2)N=CN=C3NCCN4CCOCC4,0
"5-(1,3-benzodioxol-5-yl)-N-phenylpyrimidin-4-amine",C1OC2=C(O1)C=C(C=C2)C3=CN=CN=C3NC4=CC=CC=C4,0
3-[4-(Benzylamino)pyrimidin-2-yl]benzonitrile,C1=CC=C(C=C1)CNC2=NC(=NC=C2)C3=CC=CC(=C3)C#N,0
"[(5S)-2-phenyl-2,7-diazaspiro[4.5]decan-7-yl]-pyridin-4-ylmethanone",C1C[C@@]2(CCN(C2)C3=CC=CC=C3)CN(C1)C(=O)C4=CC=NC=C4,0
2-(Dimethylamino)-8-[(4-fluorophenyl)methyl]-6-methylpteridin-7-one,CC1=NC2=CN=C(N=C2N(C1=O)CC3=CC=C(C=C3)F)N(C)C,0
"(9-Benzyl-3,9-diazaspiro[5.5]undecan-3-yl)-pyridin-4-ylmethanone",C1CN(CCC12CCN(CC2)C(=O)C3=CC=NC=C3)CC4=CC=CC=C4,0
"(3-fluorophenyl)-[(5S)-2-pyridin-2-yl-2,7-diazaspiro[4.5]decan-7-yl]methanone",C1C[C@@]2(CCN(C2)C3=CC=CC=N3)CN(C1)C(=O)C4=CC(=CC=C4)F,0
"6-(1,3-Benzodioxol-5-yl)-4-(4-methylpiperazin-1-yl)quinazoline",CN1CCN(CC1)C2=NC=NC3=C2C=C(C=C3)C4=CC5=C(C=C4)OCO5,0
"pyridin-4-yl-[(5S)-2-(pyridin-4-ylmethyl)-2,7-diazaspiro[4.5]decan-7-yl]methanone",C1C[C@@]2(CCN(C2)CC3=CC=NC=C3)CN(C1)C(=O)C4=CC=NC=C4,0
"1-[2-(4-Phenylphenyl)-2,9-diazaspiro[5.5]undecan-9-yl]ethanone",CC(=O)N1CCC2(CCCN(C2)C3=CC=C(C=C3)C4=CC=CC=C4)CC1,0
"(5R)-9-(4-methoxybenzoyl)-N-phenyl-2,9-diazaspiro[4.5]decane-2-carboxamide",COC1=CC=C(C=C1)C(=O)N2CCC[C@]3(C2)CCN(C3)C(=O)NC4=CC=CC=C4,0
2-(4-Methoxyphenoxy)-6-phenyl-8-(thiophen-2-ylmethyl)pteridin-7-one,COC1=CC=C(C=C1)OC2=NC=C3C(=N2)N(C(=O)C(=N3)C4=CC=CC=C4)CC5=CC=CS5,0
6-Methyl-2-morpholin-4-yl-8-(2-phenylethyl)pteridin-7-one,CC1=NC2=CN=C(N=C2N(C1=O)CCC3=CC=CC=C3)N4CCOCC4,0
2-Anilino-8-[(4-fluorophenyl)methyl]pteridin-7-one,C1=CC=C(C=C1)NC2=NC=C3C(=N2)N(C(=O)C=N3)CC4=CC=C(C=C4)F,0
N-[(3-methylphenyl)methyl]-5-pyridin-3-ylpyrimidin-4-amine,CC1=CC(=CC=C1)CNC2=NC=NC=C2C3=CN=CC=C3,0
"6-(3,5-Difluorophenyl)-2-(4-methylpiperazin-1-yl)-8-(2-phenylethyl)pteridin-7-one",CN1CCN(CC1)C2=NC=C3C(=N2)N(C(=O)C(=N3)C4=CC(=CC(=C4)F)F)CCC5=CC=CC=C5,0
"5-(1,3-benzodioxol-5-yl)-N-[2-(1H-imidazol-5-yl)ethyl]pyrimidin-4-amine",C1OC2=C(O1)C=C(C=C2)C3=CN=CN=C3NCCC4=CN=CN4,0
N-[3-[4-[(5-methylpyrazin-2-yl)methylamino]quinazolin-2-yl]phenyl]methanesulfonamide,CC1=CN=C(C=N1)CNC2=NC(=NC3=CC=CC=C32)C4=CC(=CC=C4)NS(=O)(=O)C,0
6-(2-methylphenyl)-N-(pyridin-3-ylmethyl)pyrimidin-4-amine,CC1=CC=CC=C1C2=CC(=NC=N2)NCC3=CN=CC=C3,0
2-[4-(dimethylamino)phenyl]-N-[(3-methylphenyl)methyl]pyrimidin-4-amine,CC1=CC(=CC=C1)CNC2=NC(=NC=C2)C3=CC=C(C=C3)N(C)C,0
2-(4-methoxyphenoxy)-8-[[(2R)-oxolan-2-yl]methyl]pteridin-7-one,COC1=CC=C(C=C1)OC2=NC=C3C(=N2)N(C(=O)C=N3)C[C@H]4CCCO4,0
N-[2-[[6-[2-(trifluoromethyl)phenyl]quinazolin-4-yl]amino]ethyl]acetamide,CC(=O)NCCNC1=NC=NC2=C1C=C(C=C2)C3=CC=CC=C3C(F)(F)F,0
"6-(3,4-Difluorophenyl)-8-[(3-methoxyphenyl)methyl]pteridin-7-one",COC1=CC=CC(=C1)CN2C3=NC=NC=C3N=C(C2=O)C4=CC(=C(C=C4)F)F,0
N-methyl-2-pyridin-3-ylquinazolin-4-amine,CNC1=NC(=NC2=CC=CC=C21)C3=CN=CC=C3,0
8-[(4-Fluorophenyl)methyl]-2-(3-methoxyanilino)pteridin-7-one,COC1=CC=CC(=C1)NC2=NC=C3C(=N2)N(C(=O)C=N3)CC4=CC=C(C=C4)F,0
"6-(3,5-Difluorophenyl)-2-(ethylamino)-8-(4-methoxyphenyl)pteridin-7-one",CCNC1=NC=C2C(=N1)N(C(=O)C(=N2)C3=CC(=CC(=C3)F)F)C4=CC=C(C=C4)OC,0
6-Methyl-2-piperazin-1-yl-8-(thiophen-2-ylmethyl)pteridin-7-one,CC1=NC2=CN=C(N=C2N(C1=O)CC3=CC=CS3)N4CCNCC4,0
3-[4-[Furan-2-ylmethyl(methyl)amino]pyrimidin-5-yl]benzonitrile,CN(CC1=CC=CO1)C2=NC=NC=C2C3=CC=CC(=C3)C#N,0
"4-(6-imidazol-1-ylpyrimidin-4-yl)-N,N-dimethylbenzamide",CN(C)C(=O)C1=CC=C(C=C1)C2=CC(=NC=N2)N3C=CN=C3,0
"N,N-dimethyl-4-[4-(pyridin-3-ylmethylamino)pyrimidin-2-yl]benzamide",CN(C)C(=O)C1=CC=C(C=C1)C2=NC=CC(=N2)NCC3=CN=CC=C3,0
"(1-Methylpyrrol-2-yl)-[2-(1,3-thiazol-2-ylmethyl)-2,9-diazaspiro[5.5]undecan-9-yl]methanone",CN1C=CC=C1C(=O)N2CCC3(CCCN(C3)CC4=NC=CS4)CC2,0
N-pyridin-4-yl-2-[2-(trifluoromethyl)phenyl]quinazolin-4-amine,C1=CC=C(C(=C1)C2=NC3=CC=CC=C3C(=N2)NC4=CC=NC=C4)C(F)(F)F,0
"N,N-dimethyl-4-[4-(methylamino)pyrimidin-5-yl]benzamide",CNC1=NC=NC=C1C2=CC=C(C=C2)C(=O)N(C)C,0
"(2-Benzyl-2,7-diazaspiro[3.5]nonan-7-yl)-pyridin-4-ylmethanone",C1CN(CCC12CN(C2)CC3=CC=CC=C3)C(=O)C4=CC=NC=C4,0
4-[6-(Furan-3-yl)quinazolin-4-yl]morpholine,C1COCCN1C2=NC=NC3=C2C=C(C=C3)C4=COC=C4,0
6-[4-(dimethylamino)phenyl]-N-(2-methoxyethyl)quinazolin-4-amine,CN(C)C1=CC=C(C=C1)C2=CC3=C(C=C2)N=CN=C3NCCOC,0
"N,N-dimethyl-4-[4-(pyridin-3-ylmethylamino)quinazolin-2-yl]benzamide",CN(C)C(=O)C1=CC=C(C=C1)C2=NC3=CC=CC=C3C(=N2)NCC4=CN=CC=C4,0
"8-Cyclopropyl-6-(3,5-difluorophenyl)-2-(4-methoxyphenoxy)pteridin-7-one",COC1=CC=C(C=C1)OC2=NC=C3C(=N2)N(C(=O)C(=N3)C4=CC(=CC(=C4)F)F)C5CC5,0
"N-(3-cyanophenyl)-9-(4-methoxybenzoyl)-2,9-diazaspiro[5.5]undecane-2-carboxamide",COC1=CC=C(C=C1)C(=O)N2CCC3(CCCN(C3)C(=O)NC4=CC=CC(=C4)C#N)CC2,0
6-(1-Methylindol-3-yl)-2-(4-methylpiperazin-1-yl)-8-phenylpteridin-7-one,CN1CCN(CC1)C2=NC=C3C(=N2)N(C(=O)C(=N3)C4=CN(C5=CC=CC=C54)C)C6=CC=CC=C6,0
"5-(1,3-benzodioxol-5-yl)-N-[(2,4-dimethoxyphenyl)methyl]pyrimidin-4-amine",COC1=CC(=C(C=C1)CNC2=NC=NC=C2C3=CC4=C(C=C3)OCO4)OC,0
2-(3-Methoxyanilino)-8-(2-phenylethyl)pteridin-7-one,COC1=CC=CC(=C1)NC2=NC=C3C(=N2)N(C(=O)C=N3)CCC4=CC=CC=C4,0
"2-[[(5S)-7-(benzenesulfonyl)-2,7-diazaspiro[4.5]decan-2-yl]methyl]-1,3-thiazole",C1C[C@@]2(CCN(C2)CC3=NC=CS3)CN(C1)S(=O)(=O)C4=CC=CC=C4,0
"(1-Methylpyrrol-2-yl)-[2-(4-phenylphenyl)-2,9-diazaspiro[5.5]undecan-9-yl]methanone",CN1C=CC=C1C(=O)N2CCC3(CCCN(C3)C4=CC=C(C=C4)C5=CC=CC=C5)CC2,0
"N-(3-cyanophenyl)-9-(1-methylpyrrole-2-carbonyl)-2,9-diazaspiro[5.5]undecane-2-carboxamide",CN1C=CC=C1C(=O)N2CCC3(CCCN(C3)C(=O)NC4=CC=CC(=C4)C#N)CC2,0
3-(6-Imidazol-1-ylpyrimidin-4-yl)benzonitrile,C1=CC(=CC(=C1)C2=CC(=NC=N2)N3C=CN=C3)C#N,0
"6-(3,5-dimethyl-1,2-oxazol-4-yl)-N-[(2-methoxyphenyl)methyl]quinazolin-4-amine",CC1=C(C(=NO1)C)C2=CC3=C(C=C2)N=CN=C3NCC4=CC=CC=C4OC,0
4-Piperazin-1-yl-6-pyridin-3-ylquinazoline,C1CN(CCN1)C2=NC=NC3=C2C=C(C=C3)C4=CN=CC=C4,0
"(5S)-7-methylsulfonyl-2-phenyl-2,7-diazaspiro[4.5]decane",CS(=O)(=O)N1CCC[C@]2(C1)CCN(C2)C3=CC=CC=C3,0
N-cyclopropyl-6-(2-methoxyphenyl)quinazolin-4-amine,COC1=CC=CC=C1C2=CC3=C(C=C2)N=CN=C3NC4CC4,0
"[(5S)-2-benzyl-2,7-diazaspiro[4.5]decan-7-yl]-(thiadiazol-4-yl)methanone",C1C[C@@]2(CCN(C2)CC3=CC=CC=C3)CN(C1)C(=O)C4=CSN=N4,0
"N-(4-methoxyphenyl)-9-methylsulfonyl-2,9-diazaspiro[5.5]undecane-2-carboxamide",COC1=CC=C(C=C1)NC(=O)N2CCCC3(C2)CCN(CC3)S(=O)(=O)C,0
"N-(4-methoxyphenyl)-9-(1-methylpyrrole-2-carbonyl)-2,9-diazaspiro[5.5]undecane-2-carboxamide",CN1C=CC=C1C(=O)N2CCC3(CCCN(C3)C(=O)NC4=CC=C(C=C4)OC)CC2,0
N-(4-fluorophenyl)-5-(furan-3-yl)pyrimidin-4-amine,C1=CC(=CC=C1NC2=NC=NC=C2C3=COC=C3)F,0
"(5S)-7-(benzenesulfonyl)-2-[(2-methoxyphenyl)methyl]-2,7-diazaspiro[4.5]decane",COC1=CC=CC=C1CN2CC[C@]3(C2)CCCN(C3)S(=O)(=O)C4=CC=CC=C4,0
3-[6-(4-Chlorophenyl)-2-methoxy-7-oxopteridin-8-yl]propanenitrile,COC1=NC=C2C(=N1)N(C(=O)C(=N2)C3=CC=C(C=C3)Cl)CCC#N,0
8-(2-Methoxyethyl)-6-(2-phenylethyl)-2-piperazin-1-ylpteridin-7-one,COCCN1C2=NC(=NC=C2N=C(C1=O)CCC3=CC=CC=C3)N4CCNCC4,0
2-(3-methoxyphenyl)-N-(2-morpholin-4-ylethyl)quinazolin-4-amine,COC1=CC=CC(=C1)C2=NC3=CC=CC=C3C(=N2)NCCN4CCOCC4,0
"[(5S)-2-(3-phenylphenyl)-2,7-diazaspiro[4.5]decan-7-yl]-pyrazin-2-ylmethanone",C1C[C@@]2(CCN(C2)C3=CC=CC(=C3)C4=CC=CC=C4)CN(C1)C(=O)C5=NC=CN=C5,0
"(4-Methoxyphenyl)-[9-(pyridin-4-ylmethyl)-3,9-diazaspiro[5.5]undecan-3-yl]methanone",COC1=CC=C(C=C1)C(=O)N2CCC3(CCN(CC3)CC4=CC=NC=C4)CC2,0
8-[(4-Fluorophenyl)methyl]-6-(2-phenylethyl)pteridin-7-one,C1=CC=C(C=C1)CCC2=NC3=CN=CN=C3N(C2=O)CC4=CC=C(C=C4)F,0
5-(2-methylphenyl)-N-piperidin-4-ylpyrimidin-4-amine,CC1=CC=CC=C1C2=CN=CN=C2NC3CCNCC3,0
4-[2-(2-Methylphenyl)quinazolin-4-yl]morpholine,CC1=CC=CC=C1C2=NC3=CC=CC=C3C(=N2)N4CCOCC4,0
"6-(3,5-Difluorophenyl)-8-(2-methoxyethyl)-2-phenylmethoxypteridin-7-one",COCCN1C2=NC(=NC=C2N=C(C1=O)C3=CC(=CC(=C3)F)F)OCC4=CC=CC=C4,0
2-(3-Methoxyanilino)-8-[(3-methoxyphenyl)methyl]-6-methylpteridin-7-one,CC1=NC2=CN=C(N=C2N(C1=O)CC3=CC(=CC=C3)OC)NC4=CC(=CC=C4)OC,0
N-[(5-methylpyrazin-2-yl)methyl]-2-[2-(trifluoromethyl)phenyl]quinazolin-4-amine,CC1=CN=C(C=N1)CNC2=NC(=NC3=CC=CC=C32)C4=CC=CC=C4C(F)(F)F,0
N-[(5-methylpyrazin-2-yl)methyl]-5-pyridin-3-ylpyrimidin-4-amine,CC1=CN=C(C=N1)CNC2=NC=NC=C2C3=CN=CC=C3,0
"6-(3,5-Difluorophenyl)-2-methoxy-8-(2-methoxyethyl)pteridin-7-one",COCCN1C2=NC(=NC=C2N=C(C1=O)C3=CC(=CC(=C3)F)F)OC,0
3-[4-(Methylamino)quinazolin-2-yl]benzonitrile,CNC1=NC(=NC2=CC=CC=C21)C3=CC=CC(=C3)C#N,0
2-(Ethylamino)-8-(4-methoxyphenyl)-6-(2-phenylethyl)pteridin-7-one,CCNC1=NC=C2C(=N1)N(C(=O)C(=N2)CCC3=CC=CC=C3)C4=CC=C(C=C4)OC,0
"2-(3,5-dimethyl-1,2-oxazol-4-yl)-N-(thiophen-2-ylmethyl)quinazolin-4-amine",CC1=C(C(=NO1)C)C2=NC3=CC=CC=C3C(=N2)NCC4=CC=CS4,0
"[9-[[3,5-Bis(trifluoromethyl)phenyl]methyl]-3,9-diazaspiro[5.5]undecan-3-yl]-pyridin-4-ylmethanone",C1CN(CCC12CCN(CC2)C(=O)C3=CC=NC=C3)CC4=CC(=CC(=C4)C(F)(F)F)C(F)(F)F,0
"4-[[9-(4-Methoxybenzoyl)-2,9-diazaspiro[5.5]undecan-2-yl]methyl]benzonitrile",COC1=CC=C(C=C1)C(=O)N2CCC3(CCCN(C3)CC4=CC=C(C=C4)C#N)CC2,0
"[2-(3-Phenylphenyl)-2,9-diazaspiro[5.5]undecan-9-yl]-pyridin-4-ylmethanone",C1CC2(CCN(CC2)C(=O)C3=CC=NC=C3)CN(C1)C4=CC=CC(=C4)C5=CC=CC=C5,0
"4-[6-(3,5-Dimethyl-1,2-oxazol-4-yl)quinazolin-4-yl]morpholine",CC1=C(C(=NO1)C)C2=CC3=C(C=C2)N=CN=C3N4CCOCC4,0
N-(pyridin-3-ylmethyl)-5-[2-(trifluoromethyl)phenyl]pyrimidin-4-amine,C1=CC=C(C(=C1)C2=CN=CN=C2NCC3=CN=CC=C3)C(F)(F)F,0
N-[3-[4-(benzylamino)pyrimidin-2-yl]phenyl]methanesulfonamide,CS(=O)(=O)NC1=CC=CC(=C1)C2=NC=CC(=N2)NCC3=CC=CC=C3,0
6-[2-[(dimethylamino)methyl]phenyl]-N-[2-(5-methoxy-1H-indol-3-yl)ethyl]quinazolin-4-amine,CN(C)CC1=CC=CC=C1C2=CC3=C(C=C2)N=CN=C3NCCC4=CNC5=C4C=C(C=C5)OC,0
"N-[(2,4-dimethoxyphenyl)methyl]-2-(furan-3-yl)quinazolin-4-amine",COC1=CC(=C(C=C1)CNC2=NC(=NC3=CC=CC=C32)C4=COC=C4)OC,0
"N-[(2,4-dimethoxyphenyl)methyl]-5-pyridin-3-ylpyrimidin-4-amine",COC1=CC(=C(C=C1)CNC2=NC=NC=C2C3=CN=CC=C3)OC,0
2-(3-methoxyanilino)-8-[[(2R)-oxolan-2-yl]methyl]-6-phenylpteridin-7-one,COC1=CC=CC(=C1)NC2=NC=C3C(=N2)N(C(=O)C(=N3)C4=CC=CC=C4)C[C@H]5CCCO5,0
"N-[(2,4-dimethoxyphenyl)methyl]-2-(3-methoxyphenyl)quinazolin-4-amine",COC1=CC(=C(C=C1)CNC2=NC(=NC3=CC=CC=C32)C4=CC(=CC=C4)OC)OC,0
"(5S)-7-(benzenesulfonyl)-2-(3-phenylphenyl)-2,7-diazaspiro[4.5]decane",C1C[C@@]2(CCN(C2)C3=CC=CC(=C3)C4=CC=CC=C4)CN(C1)S(=O)(=O)C5=CC=CC=C5,0
"N,N-dimethyl-2-(3-pyridyl)quinazolin-4-amine",CN(C)C1=NC(=NC2=CC=CC=C21)C3=CN=CC=C3,0
"(5S)-7-(benzenesulfonyl)-2-methyl-2,7-diazaspiro[4.5]decane",CN1CC[C@]2(C1)CCCN(C2)S(=O)(=O)C3=CC=CC=C3,0
"N-[2-[[2-(3,5-dimethyl-1,2-oxazol-4-yl)quinazolin-4-yl]amino]ethyl]acetamide",CC1=C(C(=NO1)C)C2=NC3=CC=CC=C3C(=N2)NCCNC(=O)C,0
"2-[4-(dimethylamino)phenyl]-N,N-dimethylquinazolin-4-amine",CN(C)C1=CC=C(C=C1)C2=NC3=CC=CC=C3C(=N2)N(C)C,0
"[(5S)-2-benzhydryl-2,7-diazaspiro[4.5]decan-7-yl]-(3,5-dimethyl-1,2-oxazol-4-yl)methanone",CC1=C(C(=NO1)C)C(=O)N2CCC[C@]3(C2)CCN(C3)C(C4=CC=CC=C4)C5=CC=CC=C5,0
2-(furan-3-yl)-N-(thiophen-2-ylmethyl)quinazolin-4-amine,C1=CC=C2C(=C1)C(=NC(=N2)C3=COC=C3)NCC4=CC=CS4,0
6-(4-Fluorophenyl)-2-piperazin-1-yl-8-(thiophen-2-ylmethyl)pteridin-7-one,C1CN(CCN1)C2=NC=C3C(=N2)N(C(=O)C(=N3)C4=CC=C(C=C4)F)CC5=CC=CS5,0
2-Methoxy-8-methyl-6-(1-methylindol-3-yl)pteridin-7-one,CN1C=C(C2=CC=CC=C21)C3=NC4=CN=C(N=C4N(C3=O)C)OC,0
N-cyclopropyl-2-[2-[(dimethylamino)methyl]phenyl]pyrimidin-4-amine,CN(C)CC1=CC=CC=C1C2=NC=CC(=N2)NC3CC3,0
6-(4-Fluorophenyl)-2-(4-methoxyphenoxy)-8-methylpteridin-7-one,CN1C2=NC(=NC=C2N=C(C1=O)C3=CC=C(C=C3)F)OC4=CC=C(C=C4)OC,0
"pyridin-4-yl-[(5S)-2-(1,3-thiazol-2-ylmethyl)-2,7-diazaspiro[4.5]decan-7-yl]methanone",C1C[C@@]2(CCN(C2)CC3=NC=CS3)CN(C1)C(=O)C4=CC=NC=C4,0
2-Anilino-8-[(3-methoxyphenyl)methyl]-6-methylpteridin-7-one,CC1=NC2=CN=C(N=C2N(C1=O)CC3=CC(=CC=C3)OC)NC4=CC=CC=C4,0
N-cyclopropyl-2-(2-methylphenyl)quinazolin-4-amine,CC1=CC=CC=C1C2=NC3=CC=CC=C3C(=N2)NC4CC4,0
N-[2-(5-methoxy-1H-indol-3-yl)ethyl]-6-pyridin-3-ylquinazolin-4-amine,COC1=CC2=C(C=C1)NC=C2CCNC3=NC=NC4=C3C=C(C=C4)C5=CN=CC=C5,0
"(5R)-N-(4-methoxyphenyl)-9-(pyridine-4-carbonyl)-2,9-diazaspiro[4.5]decane-2-carboxamide",COC1=CC=C(C=C1)NC(=O)N2CC[C@]3(C2)CCCN(C3)C(=O)C4=CC=NC=C4,0
"2-Methoxy-1-[2-(4-phenylphenyl)-2,9-diazaspiro[5.5]undecan-9-yl]ethanone",COCC(=O)N1CCC2(CCCN(C2)C3=CC=C(C=C3)C4=CC=CC=C4)CC1,0
6-[2-[(dimethylamino)methyl]phenyl]-N-[(3-methylphenyl)methyl]pyrimidin-4-amine,CC1=CC(=CC=C1)CNC2=NC=NC(=C2)C3=CC=CC=C3CN(C)C,0
N-[3-[4-(thiophen-2-ylmethylamino)quinazolin-2-yl]phenyl]methanesulfonamide,CS(=O)(=O)NC1=CC=CC(=C1)C2=NC3=CC=CC=C3C(=N2)NCC4=CC=CS4,0
"[2-[[3,5-Bis(trifluoromethyl)phenyl]methyl]-2,7-diazaspiro[3.5]nonan-7-yl]-pyridin-4-ylmethanone",C1CN(CCC12CN(C2)CC3=CC(=CC(=C3)C(F)(F)F)C(F)(F)F)C(=O)C4=CC=NC=C4,0
N-(thiophen-2-ylmethyl)-5-[2-(trifluoromethyl)phenyl]pyrimidin-4-amine,C1=CC=C(C(=C1)C2=CN=CN=C2NCC3=CC=CS3)C(F)(F)F,0
8-[(4-Fluorophenyl)methyl]-2-methoxypteridin-7-one,COC1=NC=C2C(=N1)N(C(=O)C=N2)CC3=CC=C(C=C3)F,0
6-(4-chlorophenyl)-2-(4-methoxyphenoxy)-8-[[(2R)-oxolan-2-yl]methyl]pteridin-7-one,COC1=CC=C(C=C1)OC2=NC=C3C(=N2)N(C(=O)C(=N3)C4=CC=C(C=C4)Cl)C[C@H]5CCCO5,0
6-[4-(dimethylamino)phenyl]-N-(furan-2-ylmethyl)-N-methylpyrimidin-4-amine,CN(C)C1=CC=C(C=C1)C2=CC(=NC=N2)N(C)CC3=CC=CO3,0
N-benzyl-5-(3-methoxyphenyl)pyrimidin-4-amine,COC1=CC=CC(=C1)C2=CN=CN=C2NCC3=CC=CC=C3,0
6-(4-Chlorophenyl)-2-methoxy-8-methylpteridin-7-one,CN1C2=NC(=NC=C2N=C(C1=O)C3=CC=C(C=C3)Cl)OC,0
3-[4-[(2-Methoxyphenyl)methylamino]quinazolin-6-yl]benzonitrile,COC1=CC=CC=C1CNC2=NC=NC3=C2C=C(C=C3)C4=CC=CC(=C4)C#N,0
"[2-(4-Phenylphenyl)-2,9-diazaspiro[5.5]undecan-9-yl]-(thiadiazol-4-yl)methanone",C1CC2(CCN(CC2)C(=O)C3=CSN=N3)CN(C1)C4=CC=C(C=C4)C5=CC=CC=C5,0
5-(2-methoxyphenyl)-N-[(5-methylpyrazin-2-yl)methyl]pyrimidin-4-amine,CC1=CN=C(C=N1)CNC2=NC=NC=C2C3=CC=CC=C3OC,0
2-Methoxy-8-(2-phenylethyl)-6-thiophen-2-ylpteridin-7-one,COC1=NC=C2C(=N1)N(C(=O)C(=N2)C3=CC=CS3)CCC4=CC=CC=C4,0
8-Methyl-6-thiophen-2-ylpteridin-7-one,CN1C2=NC=NC=C2N=C(C1=O)C3=CC=CS3,0
"(2-Benzyl-2,9-diazaspiro[5.5]undecan-9-yl)-pyridin-4-ylmethanone",C1CC2(CCN(CC2)C(=O)C3=CC=NC=C3)CN(C1)CC4=CC=CC=C4,0
"4-[4-[(2,4-dimethoxyphenyl)methylamino]pyrimidin-5-yl]-N,N-dimethylbenzamide",CN(C)C(=O)C1=CC=C(C=C1)C2=CN=CN=C2NCC3=C(C=C(C=C3)OC)OC,0
6-(2-Chlorophenyl)-4-(4-methylpiperazin-1-yl)quinazoline,CN1CCN(CC1)C2=NC=NC3=C2C=C(C=C3)C4=CC=CC=C4Cl,0
2-(3-chlorophenoxy)-8-[[(2R)-oxolan-2-yl]methyl]-6-(2-phenylethyl)pteridin-7-one,C1C[C@@H](OC1)CN2C3=NC(=NC=C3N=C(C2=O)CCC4=CC=CC=C4)OC5=CC(=CC=C5)Cl,0
2-[4-[(5-Methylpyrazin-2-yl)methylamino]quinazolin-6-yl]benzonitrile,CC1=CN=C(C=N1)CNC2=NC=NC3=C2C=C(C=C3)C4=CC=CC=C4C#N,0
5-(furan-3-yl)-N-phenylpyrimidin-4-amine,C1=CC=C(C=C1)NC2=NC=NC=C2C3=COC=C3,0
"9-[3,5-bis(trifluoromethyl)benzoyl]-N-phenyl-2,9-diazaspiro[5.5]undecane-2-carboxamide",C1CC2(CCN(CC2)C(=O)C3=CC(=CC(=C3)C(F)(F)F)C(F)(F)F)CN(C1)C(=O)NC4=CC=CC=C4,0
6-(2-methoxyphenyl)-N-[(3-methylphenyl)methyl]pyrimidin-4-amine,CC1=CC(=CC=C1)CNC2=NC=NC(=C2)C3=CC=CC=C3OC,0
"4-[[(5S)-7-(benzenesulfonyl)-2,7-diazaspiro[4.5]decan-2-yl]methyl]benzonitrile",C1C[C@@]2(CCN(C2)CC3=CC=C(C=C3)C#N)CN(C1)S(=O)(=O)C4=CC=CC=C4,0
N-[(3-methylphenyl)methyl]-2-pyridin-3-ylpyrimidin-4-amine,CC1=CC(=CC=C1)CNC2=NC(=NC=C2)C3=CN=CC=C3,0
N-cyclopropyl-2-(3-methoxyphenyl)quinazolin-4-amine,COC1=CC=CC(=C1)C2=NC3=CC=CC=C3C(=N2)NC4CC4,0
5-(furan-3-yl)-N-(pyridin-3-ylmethyl)pyrimidin-4-amine,C1=CC(=CN=C1)CNC2=NC=NC=C2C3=COC=C3,0
N-[3-(4-anilinopyrimidin-5-yl)phenyl]methanesulfonamide,CS(=O)(=O)NC1=CC=CC(=C1)C2=CN=CN=C2NC3=CC=CC=C3,0
8-[2-(2-Methoxyphenyl)ethyl]-6-thiophen-2-ylpteridin-7-one,COC1=CC=CC=C1CCN2C3=NC=NC=C3N=C(C2=O)C4=CC=CS4,0
N-benzyl-6-[4-(dimethylamino)phenyl]pyrimidin-4-amine,CN(C)C1=CC=C(C=C1)C2=CC(=NC=N2)NCC3=CC=CC=C3,0
"2-(1,3-benzodioxol-5-yl)-N-benzylpyrimidin-4-amine",C1OC2=C(O1)C=C(C=C2)C3=NC=CC(=N3)NCC4=CC=CC=C4,0
8-(4-Methoxyphenyl)-2-phenoxypteridin-7-one,COC1=CC=C(C=C1)N2C(=O)C=NC3=CN=C(N=C32)OC4=CC=CC=C4,0
"N,N-dimethyl-4-[4-(thiophen-2-ylmethylamino)pyrimidin-5-yl]benzamide",CN(C)C(=O)C1=CC=C(C=C1)C2=CN=CN=C2NCC3=CC=CS3,0
6-(2-Phenylethyl)-2-piperazin-1-yl-8-(thiophen-2-ylmethyl)pteridin-7-one,C1CN(CCN1)C2=NC=C3C(=N2)N(C(=O)C(=N3)CCC4=CC=CC=C4)CC5=CC=CS5,0
"5-(3,5-dimethyl-1,2-oxazol-4-yl)-N-(pyridin-3-ylmethyl)pyrimidin-4-amine",CC1=C(C(=NO1)C)C2=CN=CN=C2NCC3=CN=CC=C3,0
2-Anilino-8-[(3-methoxyphenyl)methyl]pteridin-7-one,COC1=CC=CC(=C1)CN2C(=O)C=NC3=CN=C(N=C32)NC4=CC=CC=C4,0
2-Methoxy-6-phenyl-8-(thiophen-2-ylmethyl)pteridin-7-one,COC1=NC=C2C(=N1)N(C(=O)C(=N2)C3=CC=CC=C3)CC4=CC=CS4,0
6-(4-Chlorophenyl)-8-cyclopropyl-2-(4-methoxyphenoxy)pteridin-7-one,COC1=CC=C(C=C1)OC2=NC=C3C(=N2)N(C(=O)C(=N3)C4=CC=C(C=C4)Cl)C5CC5,0
N-(2-methoxyethyl)-6-(2-methylphenyl)quinazolin-4-amine,CC1=CC=CC=C1C2=CC3=C(C=C2)N=CN=C3NCCOC,0
"(3-fluorophenyl)-[(5S)-2-[(2-methoxyphenyl)methyl]-2,7-diazaspiro[4.5]decan-7-yl]methanone",COC1=CC=CC=C1CN2CC[C@]3(C2)CCCN(C3)C(=O)C4=CC(=CC=C4)F,0
"N-[(2,4-dimethoxyphenyl)methyl]-2-[2-(trifluoromethyl)phenyl]pyrimidin-4-amine",COC1=CC(=C(C=C1)CNC2=NC(=NC=C2)C3=CC=CC=C3C(F)(F)F)OC,0
N-(furan-2-ylmethyl)-N-methyl-5-[2-(trifluoromethyl)phenyl]pyrimidin-4-amine,CN(CC1=CC=CO1)C2=NC=NC=C2C3=CC=CC=C3C(F)(F)F,0
N-[3-[4-(pyridin-3-ylmethylamino)pyrimidin-5-yl]phenyl]methanesulfonamide,CS(=O)(=O)NC1=CC=CC(=C1)C2=CN=CN=C2NCC3=CN=CC=C3,0
2-(3-methoxyphenyl)-N-[(5-methylpyrazin-2-yl)methyl]quinazolin-4-amine,CC1=CN=C(C=N1)CNC2=NC(=NC3=CC=CC=C32)C4=CC(=CC=C4)OC,0
"2-(4-Methylpiperazin-1-yl)-6,8-bis(2-phenylethyl)pteridin-7-one",CN1CCN(CC1)C2=NC=C3C(=N2)N(C(=O)C(=N3)CCC4=CC=CC=C4)CCC5=CC=CC=C5,0
N-(furan-2-ylmethyl)-6-(2-methoxyphenyl)-N-methylquinazolin-4-amine,CN(CC1=CC=CO1)C2=NC=NC3=C2C=C(C=C3)C4=CC=CC=C4OC,0
2-(furan-3-yl)-N-[(2-methoxyphenyl)methyl]pyrimidin-4-amine,COC1=CC=CC=C1CNC2=NC(=NC=C2)C3=COC=C3,0
"6-(3,4-Difluorophenyl)-8-[2-(2-methoxyphenyl)ethyl]pteridin-7-one",COC1=CC=CC=C1CCN2C3=NC=NC=C3N=C(C2=O)C4=CC(=C(C=C4)F)F,0
"1-[(5S)-2-[[3,5-bis(trifluoromethyl)phenyl]methyl]-2,7-diazaspiro[4.5]decan-7-yl]ethanone",CC(=O)N1CCC[C@]2(C1)CCN(C2)CC3=CC(=CC(=C3)C(F)(F)F)C(F)(F)F,0
3-[4-(Benzylamino)pyrimidin-5-yl]benzonitrile,C1=CC=C(C=C1)CNC2=NC=NC=C2C3=CC=CC(=C3)C#N,0
5-[2-[(dimethylamino)methyl]phenyl]-N-[2-(5-methoxy-1H-indol-3-yl)ethyl]pyrimidin-4-amine,CN(C)CC1=CC=CC=C1C2=CN=CN=C2NCCC3=CNC4=C3C=C(C=C4)OC,0
"phenyl (5S)-2-[[3,5-bis(trifluoromethyl)phenyl]methyl]-2,7-diazaspiro[4.5]decane-7-carboxylate",C1C[C@@]2(CCN(C2)CC3=CC(=CC(=C3)C(F)(F)F)C(F)(F)F)CN(C1)C(=O)OC4=CC=CC=C4,0
5-(2-chlorophenyl)-N-[(3-methylphenyl)methyl]pyrimidin-4-amine,CC1=CC(=CC=C1)CNC2=NC=NC=C2C3=CC=CC=C3Cl,0
"Phenyl 2-(1,3-thiazol-2-ylmethyl)-2,9-diazaspiro[5.5]undecane-9-carboxylate",C1CC2(CCN(CC2)C(=O)OC3=CC=CC=C3)CN(C1)CC4=NC=CS4,0
N-(4-fluorophenyl)-2-[2-(trifluoromethyl)phenyl]pyrimidin-4-amine,C1=CC=C(C(=C1)C2=NC=CC(=N2)NC3=CC=C(C=C3)F)C(F)(F)F,0
"2-(4-Phenylphenyl)-2,9-diazaspiro[5.5]undecane",C1CC2(CCNCC2)CN(C1)C3=CC=C(C=C3)C4=CC=CC=C4,0
"N-cyclopropyl-5-(3,5-dimethyl-1,2-oxazol-4-yl)pyrimidin-4-amine",CC1=C(C(=NO1)C)C2=CN=CN=C2NC3CC3,0
"1-(2-Benzhydryl-2,9-diazaspiro[5.5]undecan-9-yl)-2-methoxyethanone",COCC(=O)N1CCC2(CCCN(C2)C(C3=CC=CC=C3)C4=CC=CC=C4)CC1,0
8-Cyclopropyl-2-(4-methoxyphenoxy)-6-(1-methylindol-3-yl)pteridin-7-one,CN1C=C(C2=CC=CC=C21)C3=NC4=CN=C(N=C4N(C3=O)C5CC5)OC6=CC=C(C=C6)OC,0
2-(3-methoxyphenyl)-N-[(3-methylphenyl)methyl]pyrimidin-4-amine,CC1=CC(=CC=C1)CNC2=NC(=NC=C2)C3=CC(=CC=C3)OC,0
8-(2-Methoxyethyl)-2-(4-methoxyphenoxy)-6-(1-methylindol-3-yl)pteridin-7-one,CN1C=C(C2=CC=CC=C21)C3=NC4=CN=C(N=C4N(C3=O)CCOC)OC5=CC=C(C=C5)OC,0
6-(4-Chlorophenyl)-2-methoxy-8-[(3-methoxyphenyl)methyl]pteridin-7-one,COC1=CC=CC(=C1)CN2C3=NC(=NC=C3N=C(C2=O)C4=CC=C(C=C4)Cl)OC,0
"N,N-dimethyl-6-(2-methylphenyl)quinazolin-4-amine",CC1=CC=CC=C1C2=CC3=C(C=C2)N=CN=C3N(C)C,0
2-(3-methoxyanilino)-8-[[(2R)-oxolan-2-yl]methyl]pteridin-7-one,COC1=CC=CC(=C1)NC2=NC=C3C(=N2)N(C(=O)C=N3)C[C@H]4CCCO4,0
"2-(3,5-dimethyl-1,2-oxazol-4-yl)-N-(pyridin-3-ylmethyl)quinazolin-4-amine",CC1=C(C(=NO1)C)C2=NC3=CC=CC=C3C(=N2)NCC4=CN=CC=C4,0
3-[2-Methoxy-8-(2-methoxyethyl)-7-oxopteridin-6-yl]benzonitrile,COCCN1C2=NC(=NC=C2N=C(C1=O)C3=CC=CC(=C3)C#N)OC,0
"(5R)-N-(3-fluorophenyl)-9-(thiadiazole-4-carbonyl)-2,9-diazaspiro[4.5]decane-2-carboxamide",C1C[C@@]2(CCN(C2)C(=O)NC3=CC(=CC=C3)F)CN(C1)C(=O)C4=CSN=N4,0
6-[4-(dimethylamino)phenyl]-N-(4-fluorophenyl)pyrimidin-4-amine,CN(C)C1=CC=C(C=C1)C2=CC(=NC=N2)NC3=CC=C(C=C3)F,0
3-[6-(Pyridin-3-ylmethylamino)pyrimidin-4-yl]benzonitrile,C1=CC(=CC(=C1)C2=CC(=NC=N2)NCC3=CN=CC=C3)C#N,0
8-Benzyl-6-thiophen-2-ylpteridin-7-one,C1=CC=C(C=C1)CN2C3=NC=NC=C3N=C(C2=O)C4=CC=CS4,0
2-(furan-3-yl)-N-(thiophen-2-ylmethyl)pyrimidin-4-amine,C1=CSC(=C1)CNC2=NC(=NC=C2)C3=COC=C3,0
N-(furan-2-ylmethyl)-N-methyl-6-pyridin-3-ylpyrimidin-4-amine,CN(CC1=CC=CO1)C2=NC=NC(=C2)C3=CN=CC=C3,0
"N-[(2,4-dimethoxyphenyl)methyl]-5-(3,5-dimethyl-1,2-oxazol-4-yl)pyrimidin-4-amine",CC1=C(C(=NO1)C)C2=CN=CN=C2NCC3=C(C=C(C=C3)OC)OC,0
6-(3-furanyl)-N-(thiophen-2-ylmethyl)-4-quinazolinamine,C1=CSC(=C1)CNC2=NC=NC3=C2C=C(C=C3)C4=COC=C4,0
"4-[6-[(2-methoxyphenyl)methylamino]pyrimidin-4-yl]-N,N-dimethylbenzamide",CN(C)C(=O)C1=CC=C(C=C1)C2=CC(=NC=N2)NCC3=CC=CC=C3OC,0
2-(furan-3-yl)-N-methylquinazolin-4-amine,CNC1=NC(=NC2=CC=CC=C21)C3=COC=C3,0
2-(4-Methoxyphenoxy)-8-phenyl-6-thiophen-2-ylpteridin-7-one,COC1=CC=C(C=C1)OC2=NC=C3C(=N2)N(C(=O)C(=N3)C4=CC=CS4)C5=CC=CC=C5,0
3-[2-(3-Chlorophenoxy)-7-oxo-6-(2-phenylethyl)pteridin-8-yl]propanenitrile,C1=CC=C(C=C1)CCC2=NC3=CN=C(N=C3N(C2=O)CCC#N)OC4=CC(=CC=C4)Cl,0
8-[2-(2-Methoxyphenyl)ethyl]-6-(1-methylindol-3-yl)pteridin-7-one,CN1C=C(C2=CC=CC=C21)C3=NC4=CN=CN=C4N(C3=O)CCC5=CC=CC=C5OC,0
"(3-fluorophenyl)-[(5S)-2-pyridin-4-yl-2,7-diazaspiro[4.5]decan-7-yl]methanone",C1C[C@@]2(CCN(C2)C3=CC=NC=C3)CN(C1)C(=O)C4=CC(=CC=C4)F,0
N-[3-[4-[(3-methylphenyl)methylamino]pyrimidin-5-yl]phenyl]methanesulfonamide,CC1=CC(=CC=C1)CNC2=NC=NC=C2C3=CC(=CC=C3)NS(=O)(=O)C,0
N-[3-[4-(2-methoxyethylamino)quinazolin-6-yl]phenyl]methanesulfonamide,COCCNC1=NC=NC2=C1C=C(C=C2)C3=CC(=CC=C3)NS(=O)(=O)C,0
"[(5S)-2-[[3,5-bis(trifluoromethyl)phenyl]methyl]-2,7-diazaspiro[4.5]decan-7-yl]-(4-methoxyphenyl)methanone",COC1=CC=C(C=C1)C(=O)N2CCC[C@]3(C2)CCN(C3)CC4=CC(=CC(=C4)C(F)(F)F)C(F)(F)F,0
"6-(3-methoxyphenyl)-N,N-dimethylquinazolin-4-amine",CN(C)C1=NC=NC2=C1C=C(C=C2)C3=CC(=CC=C3)OC,0
N-(furan-2-ylmethyl)-N-methyl-6-(2-methylphenyl)quinazolin-4-amine,CC1=CC=CC=C1C2=CC3=C(C=C2)N=CN=C3N(C)CC4=CC=CO4,0
6-(4-Fluorophenyl)-8-(2-methoxyethyl)-2-(4-methoxyphenoxy)pteridin-7-one,COCCN1C2=NC(=NC=C2N=C(C1=O)C3=CC=C(C=C3)F)OC4=CC=C(C=C4)OC,0
"6-(1,3-benzodioxol-5-yl)-N-piperidin-4-ylquinazolin-4-amine",C1CNCCC1NC2=NC=NC3=C2C=C(C=C3)C4=CC5=C(C=C4)OCO5,0
"N-[3-[4-[(2,4-dimethoxyphenyl)methylamino]pyrimidin-2-yl]phenyl]methanesulfonamide",COC1=CC(=C(C=C1)CNC2=NC(=NC=C2)C3=CC(=CC=C3)NS(=O)(=O)C)OC,0
3-[4-[(3-Methylphenyl)methylamino]pyrimidin-5-yl]benzonitrile,CC1=CC(=CC=C1)CNC2=NC=NC=C2C3=CC=CC(=C3)C#N,0
4-Imidazol-1-yl-5-[2-(trifluoromethyl)phenyl]pyrimidine,C1=CC=C(C(=C1)C2=CN=CN=C2N3C=CN=C3)C(F)(F)F,0
"[(5S)-2-benzhydryl-2,7-diazaspiro[4.5]decan-7-yl]-(furan-2-yl)methanone",C1C[C@@]2(CCN(C2)C(C3=CC=CC=C3)C4=CC=CC=C4)CN(C1)C(=O)C5=CC=CO5,0
N-[2-(5-methoxy-1H-indol-3-yl)ethyl]-2-(2-methylphenyl)pyrimidin-4-amine,CC1=CC=CC=C1C2=NC=CC(=N2)NCCC3=CNC4=C3C=C(C=C4)OC,0
6-[4-(dimethylamino)phenyl]-N-(pyridin-3-ylmethyl)pyrimidin-4-amine,CN(C)C1=CC=C(C=C1)C2=CC(=NC=N2)NCC3=CN=CC=C3,0
4-Imidazol-1-yl-6-(2-methylphenyl)pyrimidine,CC1=CC=CC=C1C2=CC(=NC=N2)N3C=CN=C3,0
2-(3-Methoxyanilino)-8-(2-methoxyethyl)-6-(2-phenylethyl)pteridin-7-one,COCCN1C2=NC(=NC=C2N=C(C1=O)CCC3=CC=CC=C3)NC4=CC(=CC=C4)OC,0
"(5R)-N-(3-cyanophenyl)-9-(pyrazine-2-carbonyl)-2,9-diazaspiro[4.5]decane-2-carboxamide",C1C[C@@]2(CCN(C2)C(=O)NC3=CC=CC(=C3)C#N)CN(C1)C(=O)C4=NC=CN=C4,0
"(3-fluorophenyl)-[(5S)-2-(3-phenylphenyl)-2,7-diazaspiro[4.5]decan-7-yl]methanone",C1C[C@@]2(CCN(C2)C3=CC=CC(=C3)C4=CC=CC=C4)CN(C1)C(=O)C5=CC(=CC=C5)F,0
8-[(3-Methoxyphenyl)methyl]-6-(2-phenylethyl)pteridin-7-one,COC1=CC=CC(=C1)CN2C3=NC=NC=C3N=C(C2=O)CCC4=CC=CC=C4,0
5-(2-methylphenyl)-N-(thiophen-2-ylmethyl)pyrimidin-4-amine,CC1=CC=CC=C1C2=CN=CN=C2NCC3=CC=CS3,0
2-(4-Methoxyphenoxy)-8-[(3-methoxyphenyl)methyl]-6-thiophen-2-ylpteridin-7-one,COC1=CC=C(C=C1)OC2=NC=C3C(=N2)N(C(=O)C(=N3)C4=CC=CS4)CC5=CC(=CC=C5)OC,0
2-(furan-3-yl)-N-[(3-methylphenyl)methyl]quinazolin-4-amine,CC1=CC(=CC=C1)CNC2=NC(=NC3=CC=CC=C32)C4=COC=C4,0
6-(4-Chlorophenyl)-8-(2-methoxyethyl)-2-piperazin-1-ylpteridin-7-one,COCCN1C2=NC(=NC=C2N=C(C1=O)C3=CC=C(C=C3)Cl)N4CCNCC4,0
"(5R)-N-(3-fluorophenyl)-9-(1-methylpyrrole-2-carbonyl)-2,9-diazaspiro[4.5]decane-2-carboxamide",CN1C=CC=C1C(=O)N2CCC[C@]3(C2)CCN(C3)C(=O)NC4=CC(=CC=C4)F,0
"Phenyl 9-(pyridin-4-ylmethyl)-3,9-diazaspiro[5.5]undecane-3-carboxylate",C1CN(CCC12CCN(CC2)C(=O)OC3=CC=CC=C3)CC4=CC=NC=C4,0
N-[2-(5-methoxy-1H-indol-3-yl)ethyl]-2-pyridin-3-ylquinazolin-4-amine,COC1=CC2=C(C=C1)NC=C2CCNC3=NC(=NC4=CC=CC=C43)C5=CN=CC=C5,0
2-(3-Methoxyanilino)-8-(thiophen-2-ylmethyl)pteridin-7-one,COC1=CC=CC(=C1)NC2=NC=C3C(=N2)N(C(=O)C=N3)CC4=CC=CS4,0
5-(2-Methylphenyl)-4-piperazin-1-ylpyrimidine,CC1=CC=CC=C1C2=CN=CN=C2N3CCNCC3,0
"5-(2-chlorophenyl)-N-[(2,4-dimethoxyphenyl)methyl]pyrimidin-4-amine",COC1=CC(=C(C=C1)CNC2=NC=NC=C2C3=CC=CC=C3Cl)OC,0
N-[2-(5-methoxy-1H-indol-3-yl)ethyl]-6-pyridin-3-ylpyrimidin-4-amine,COC1=CC2=C(C=C1)NC=C2CCNC3=NC=NC(=C3)C4=CN=CC=C4,0
2-(Dimethylamino)-8-(2-methoxyethyl)-6-thiophen-2-ylpteridin-7-one,CN(C)C1=NC=C2C(=N1)N(C(=O)C(=N2)C3=CC=CS3)CCOC,0
3-(2-Methoxy-7-oxo-6-phenylpteridin-8-yl)propanenitrile,COC1=NC=C2C(=N1)N(C(=O)C(=N2)C3=CC=CC=C3)CCC#N,0
"phenyl (5S)-2-pyridin-2-yl-2,7-diazaspiro[4.5]decane-7-carboxylate",C1C[C@@]2(CCN(C2)C3=CC=CC=N3)CN(C1)C(=O)OC4=CC=CC=C4,0
"6-(2-chlorophenyl)-N-[(2,4-dimethoxyphenyl)methyl]pyrimidin-4-amine",COC1=CC(=C(C=C1)CNC2=NC=NC(=C2)C3=CC=CC=C3Cl)OC,0
2-(ethylamino)-6-(4-methoxyphenyl)-8-[[(2R)-oxolan-2-yl]methyl]pteridin-7-one,CCNC1=NC=C2C(=N1)N(C(=O)C(=N2)C3=CC=C(C=C3)OC)C[C@H]4CCCO4,0
"9-(Benzenesulfonyl)-2-[(2-methoxyphenyl)methyl]-2,9-diazaspiro[5.5]undecane",COC1=CC=CC=C1CN2CCCC3(C2)CCN(CC3)S(=O)(=O)C4=CC=CC=C4,0
"4-[4-(benzylamino)pyrimidin-5-yl]-N,N-dimethylbenzamide",CN(C)C(=O)C1=CC=C(C=C1)C2=CN=CN=C2NCC3=CC=CC=C3,0
3-[6-(4-Fluorophenyl)-2-methoxy-7-oxopteridin-8-yl]propanenitrile,COC1=NC=C2C(=N1)N(C(=O)C(=N2)C3=CC=C(C=C3)F)CCC#N,0
N-[3-(4-morpholin-4-ylquinazolin-2-yl)phenyl]methanesulfonamide,CS(=O)(=O)NC1=CC=CC(=C1)C2=NC3=CC=CC=C3C(=N2)N4CCOCC4,0
"(5R)-2-benzhydryl-2,9-diazaspiro[4.5]decane",C1C[C@@]2(CCN(C2)C(C3=CC=CC=C3)C4=CC=CC=C4)CNC1,0
"N-propan-2-yl-9-(pyridine-4-carbonyl)-2,9-diazaspiro[5.5]undecane-2-carboxamide",CC(C)NC(=O)N1CCCC2(C1)CCN(CC2)C(=O)C3=CC=NC=C3,0
2-(2-methoxyphenyl)-N-(pyridin-3-ylmethyl)pyrimidin-4-amine,COC1=CC=CC=C1C2=NC=CC(=N2)NCC3=CN=CC=C3,0
6-(4-Chlorophenyl)-2-piperazin-1-yl-8-(thiophen-2-ylmethyl)pteridin-7-one,C1CN(CCN1)C2=NC=C3C(=N2)N(C(=O)C(=N3)C4=CC=C(C=C4)Cl)CC5=CC=CS5,0
"N-(4-methoxyphenyl)-2,9-diazaspiro[5.5]undecane-2-carboxamide",COC1=CC=C(C=C1)NC(=O)N2CCCC3(C2)CCNCC3,0
"[3,5-bis(trifluoromethyl)phenyl]-[(5S)-2-pyridin-4-yl-2,7-diazaspiro[4.5]decan-7-yl]methanone",C1C[C@@]2(CCN(C2)C3=CC=NC=C3)CN(C1)C(=O)C4=CC(=CC(=C4)C(F)(F)F)C(F)(F)F,0
6-(3-methoxyphenyl)-N-phenylquinazolin-4-amine,COC1=CC=CC(=C1)C2=CC3=C(C=C2)N=CN=C3NC4=CC=CC=C4,0
"4-[[(5S)-7-(4-methoxybenzoyl)-2,7-diazaspiro[4.5]decan-2-yl]methyl]benzonitrile",COC1=CC=C(C=C1)C(=O)N2CCC[C@]3(C2)CCN(C3)CC4=CC=C(C=C4)C#N,0
N-(4-fluorophenyl)-5-(3-methoxyphenyl)pyrimidin-4-amine,COC1=CC=CC(=C1)C2=CN=CN=C2NC3=CC=C(C=C3)F,0
"(2-Benzhydryl-2,9-diazaspiro[5.5]undecan-9-yl)-pyridin-4-ylmethanone",C1CC2(CCN(CC2)C(=O)C3=CC=NC=C3)CN(C1)C(C4=CC=CC=C4)C5=CC=CC=C5,0
"2-[[9-(Benzenesulfonyl)-2,9-diazaspiro[5.5]undecan-2-yl]methyl]-1,3-thiazole",C1CC2(CCN(CC2)S(=O)(=O)C3=CC=CC=C3)CN(C1)CC4=NC=CS4,0
5-(3-methoxyphenyl)-N-(pyridin-3-ylmethyl)pyrimidin-4-amine,COC1=CC=CC(=C1)C2=CN=CN=C2NCC3=CN=CC=C3,0
"6-(1,3-benzodioxol-5-yl)-N,N-dimethylquinazolin-4-amine",CN(C)C1=NC=NC2=C1C=C(C=C2)C3=CC4=C(C=C3)OCO4,0
6-(furan-3-yl)-N-[(2-methoxyphenyl)methyl]quinazolin-4-amine,COC1=CC=CC=C1CNC2=NC=NC3=C2C=C(C=C3)C4=COC=C4,0
2-(Ethylamino)-8-[(4-fluorophenyl)methyl]-6-(2-phenylethyl)pteridin-7-one,CCNC1=NC=C2C(=N1)N(C(=O)C(=N2)CCC3=CC=CC=C3)CC4=CC=C(C=C4)F,0
"2-(3,5-dimethyl-1,2-oxazol-4-yl)-N-phenylquinazolin-4-amine",CC1=C(C(=NO1)C)C2=NC3=CC=CC=C3C(=N2)NC4=CC=CC=C4,0
2-(2-methylphenyl)-N-(2-morpholin-4-ylethyl)pyrimidin-4-amine,CC1=CC=CC=C1C2=NC=CC(=N2)NCCN3CCOCC3,0
2-Methoxy-6-(4-methoxyphenyl)-8-[(3-methoxyphenyl)methyl]pteridin-7-one,COC1=CC=C(C=C1)C2=NC3=CN=C(N=C3N(C2=O)CC4=CC(=CC=C4)OC)OC,0
"(3,5-dimethyl-1,2-oxazol-4-yl)-[(5S)-2-phenyl-2,7-diazaspiro[4.5]decan-7-yl]methanone",CC1=C(C(=NO1)C)C(=O)N2CCC[C@]3(C2)CCN(C3)C4=CC=CC=C4,0
2-(3-methoxyanilino)-8-[[(2R)-oxolan-2-yl]methyl]-6-(2-phenylethyl)pteridin-7-one,COC1=CC=CC(=C1)NC2=NC=C3C(=N2)N(C(=O)C(=N3)CCC4=CC=CC=C4)C[C@H]5CCCO5,0
"N,N-dimethyl-4-[4-(thiophen-2-ylmethylamino)quinazolin-2-yl]benzamide",CN(C)C(=O)C1=CC=C(C=C1)C2=NC3=CC=CC=C3C(=N2)NCC4=CC=CS4,0
8-(2-Methoxyethyl)-6-phenyl-2-phenylmethoxypteridin-7-one,COCCN1C2=NC(=NC=C2N=C(C1=O)C3=CC=CC=C3)OCC4=CC=CC=C4,0
2-Anilino-6-methyl-8-(thiophen-2-ylmethyl)pteridin-7-one,CC1=NC2=CN=C(N=C2N(C1=O)CC3=CC=CS3)NC4=CC=CC=C4,0
"6-(1,3-benzodioxol-5-yl)-N-[(5-methylpyrazin-2-yl)methyl]pyrimidin-4-amine",CC1=CN=C(C=N1)CNC2=NC=NC(=C2)C3=CC4=C(C=C3)OCO4,0
"6-(3,5-dimethyl-1,2-oxazol-4-yl)-N-phenylquinazolin-4-amine",CC1=C(C(=NO1)C)C2=CC3=C(C=C2)N=CN=C3NC4=CC=CC=C4,0
"N,N-dimethyl-4-[4-[(3-methylphenyl)methylamino]pyrimidin-5-yl]benzamide",CC1=CC(=CC=C1)CNC2=NC=NC=C2C3=CC=C(C=C3)C(=O)N(C)C,0
8-(2-Methoxyethyl)-6-(1-methylindol-3-yl)-2-piperazin-1-ylpteridin-7-one,CN1C=C(C2=CC=CC=C21)C3=NC4=CN=C(N=C4N(C3=O)CCOC)N5CCNCC5,0
4-[6-(3-Methoxyphenyl)quinazolin-4-yl]morpholine,COC1=CC=CC(=C1)C2=CC3=C(C=C2)N=CN=C3N4CCOCC4,0
"N-benzyl-2-(3,5-dimethyl-1,2-oxazol-4-yl)pyrimidin-4-amine",CC1=C(C(=NO1)C)C2=NC=CC(=N2)NCC3=CC=CC=C3,0
2-[4-(4-Methylpiperazin-1-yl)quinazolin-6-yl]benzonitrile,CN1CCN(CC1)C2=NC=NC3=C2C=C(C=C3)C4=CC=CC=C4C#N,0
"5-(1,3-benzodioxol-5-yl)-N-(pyridin-3-ylmethyl)pyrimidin-4-amine",C1OC2=C(O1)C=C(C=C2)C3=CN=CN=C3NCC4=CN=CC=C4,0
2-(furan-3-yl)-N-[2-(5-methoxy-1H-indol-3-yl)ethyl]quinazolin-4-amine,COC1=CC2=C(C=C1)NC=C2CCNC3=NC(=NC4=CC=CC=C43)C5=COC=C5,0
4-Imidazol-1-yl-2-[2-(trifluoromethyl)phenyl]pyrimidine,C1=CC=C(C(=C1)C2=NC=CC(=N2)N3C=CN=C3)C(F)(F)F,0
"(3-Fluorophenyl)-[2-(1,3-thiazol-2-ylmethyl)-2,9-diazaspiro[5.5]undecan-9-yl]methanone",C1CC2(CCN(CC2)C(=O)C3=CC(=CC=C3)F)CN(C1)CC4=NC=CS4,0
"2-(1,3-benzodioxol-5-yl)-N-(pyridin-3-ylmethyl)quinazolin-4-amine",C1OC2=C(O1)C=C(C=C2)C3=NC4=CC=CC=C4C(=N3)NCC5=CN=CC=C5,0
2-[4-(dimethylamino)phenyl]-N-[(2-methoxyphenyl)methyl]pyrimidin-4-amine,CN(C)C1=CC=C(C=C1)C2=NC=CC(=N2)NCC3=CC=CC=C3OC,0
"[9-[[3,5-Bis(trifluoromethyl)phenyl]methyl]-3,9-diazaspiro[5.5]undecan-3-yl]-pyrazin-2-ylmethanone",C1CN(CCC12CCN(CC2)C(=O)C3=NC=CN=C3)CC4=CC(=CC(=C4)C(F)(F)F)C(F)(F)F,0
"(4-Methoxyphenyl)-[2-(pyridin-4-ylmethyl)-2,9-diazaspiro[5.5]undecan-9-yl]methanone",COC1=CC=C(C=C1)C(=O)N2CCC3(CCCN(C3)CC4=CC=NC=C4)CC2,0
3-[4-[(5-Methylpyrazin-2-yl)methylamino]pyrimidin-2-yl]benzonitrile,CC1=CN=C(C=N1)CNC2=NC(=NC=C2)C3=CC=CC(=C3)C#N,0
"[2-(3-Phenylphenyl)-2,9-diazaspiro[5.5]undecan-9-yl]-(thiadiazol-4-yl)methanone",C1CC2(CCN(CC2)C(=O)C3=CSN=N3)CN(C1)C4=CC=CC(=C4)C5=CC=CC=C5,0
5-(2-Methylphenyl)-4-(4-methylpiperazin-1-yl)pyrimidine,CC1=CC=CC=C1C2=CN=CN=C2N3CCN(CC3)C,0
N-(2-morpholin-4-ylethyl)-5-[2-(trifluoromethyl)phenyl]pyrimidin-4-amine,C1COCCN1CCNC2=NC=NC=C2C3=CC=CC=C3C(F)(F)F,0
5-[4-(dimethylamino)phenyl]-N-phenylpyrimidin-4-amine,CN(C)C1=CC=C(C=C1)C2=CN=CN=C2NC3=CC=CC=C3,0
3-[2-Methoxy-6-(1-methylindol-3-yl)-7-oxopteridin-8-yl]propanenitrile,CN1C=C(C2=CC=CC=C21)C3=NC4=CN=C(N=C4N(C3=O)CCC#N)OC,0
N-(4-fluorophenyl)-5-(2-methylphenyl)pyrimidin-4-amine,CC1=CC=CC=C1C2=CN=CN=C2NC3=CC=C(C=C3)F,0
3-[6-(4-Fluorophenyl)-7-oxo-2-phenylmethoxypteridin-8-yl]propanenitrile,C1=CC=C(C=C1)COC2=NC=C3C(=N2)N(C(=O)C(=N3)C4=CC=C(C=C4)F)CCC#N,0
N-benzyl-5-pyridin-3-ylpyrimidin-4-amine,C1=CC=C(C=C1)CNC2=NC=NC=C2C3=CN=CC=C3,0
"2-[[3,5-Bis(trifluoromethyl)phenyl]methyl]-2,9-diazaspiro[5.5]undecane",C1CC2(CCNCC2)CN(C1)CC3=CC(=CC(=C3)C(F)(F)F)C(F)(F)F,0
"N-[(2,4-dimethoxyphenyl)methyl]-2-pyridin-3-ylquinazolin-4-amine",COC1=CC(=C(C=C1)CNC2=NC(=NC3=CC=CC=C32)C4=CN=CC=C4)OC,0
2-[2-[(dimethylamino)methyl]phenyl]-N-[(2-methoxyphenyl)methyl]pyrimidin-4-amine,CN(C)CC1=CC=CC=C1C2=NC=CC(=N2)NCC3=CC=CC=C3OC,0
2-(3-methoxyphenyl)-N-(thiophen-2-ylmethyl)pyrimidin-4-amine,COC1=CC=CC(=C1)C2=NC=CC(=N2)NCC3=CC=CS3,0
N-[(2-methoxyphenyl)methyl]-2-[2-(trifluoromethyl)phenyl]pyrimidin-4-amine,COC1=CC=CC=C1CNC2=NC(=NC=C2)C3=CC=CC=C3C(F)(F)F,0
"9-(Benzenesulfonyl)-2-[[3,5-bis(trifluoromethyl)phenyl]methyl]-2,9-diazaspiro[5.5]undecane",C1CC2(CCN(CC2)S(=O)(=O)C3=CC=CC=C3)CN(C1)CC4=CC(=CC(=C4)C(F)(F)F)C(F)(F)F,0
N-[3-(6-anilinopyrimidin-4-yl)phenyl]methanesulfonamide,CS(=O)(=O)NC1=CC=CC(=C1)C2=CC(=NC=N2)NC3=CC=CC=C3,0
"2-(1,3-benzodioxol-5-yl)-N-(thiophen-2-ylmethyl)pyrimidin-4-amine",C1OC2=C(O1)C=C(C=C2)C3=NC=CC(=N3)NCC4=CC=CS4,0
3-[2-Methoxy-6-(4-methoxyphenyl)-7-oxopteridin-8-yl]propanenitrile,COC1=CC=C(C=C1)C2=NC3=CN=C(N=C3N(C2=O)CCC#N)OC,0
8-[(4-Fluorophenyl)methyl]-2-(4-methylpiperazin-1-yl)-6-thiophen-2-ylpteridin-7-one,CN1CCN(CC1)C2=NC=C3C(=N2)N(C(=O)C(=N3)C4=CC=CS4)CC5=CC=C(C=C5)F,0
8-[(4-Fluorophenyl)methyl]-6-(2-phenylethyl)-2-piperazin-1-ylpteridin-7-one,C1CN(CCN1)C2=NC=C3C(=N2)N(C(=O)C(=N3)CCC4=CC=CC=C4)CC5=CC=C(C=C5)F,0
3-[2-(4-Methoxyphenoxy)-6-(4-methoxyphenyl)-7-oxopteridin-8-yl]propanenitrile,COC1=CC=C(C=C1)C2=NC3=CN=C(N=C3N(C2=O)CCC#N)OC4=CC=C(C=C4)OC,0
"(4-methoxyphenyl)-[(5S)-2-(pyridin-4-ylmethyl)-2,7-diazaspiro[4.5]decan-7-yl]methanone",COC1=CC=C(C=C1)C(=O)N2CCC[C@]3(C2)CCN(C3)CC4=CC=NC=C4,0
3-[2-Methoxy-7-oxo-6-(2-phenylethyl)pteridin-8-yl]propanenitrile,COC1=NC=C2C(=N1)N(C(=O)C(=N2)CCC3=CC=CC=C3)CCC#N,0
6-(4-Methoxyphenyl)-8-[(3-methoxyphenyl)methyl]-2-piperazin-1-ylpteridin-7-one,COC1=CC=C(C=C1)C2=NC3=CN=C(N=C3N(C2=O)CC4=CC(=CC=C4)OC)N5CCNCC5,0
"(4-methoxyphenyl)-[(5S)-2-(1,3-thiazol-2-ylmethyl)-2,7-diazaspiro[4.5]decan-7-yl]methanone",COC1=CC=C(C=C1)C(=O)N2CCC[C@]3(C2)CCN(C3)CC4=NC=CS4,0
2-(2-methylphenyl)-N-(pyridin-3-ylmethyl)pyrimidin-4-amine,CC1=CC=CC=C1C2=NC=CC(=N2)NCC3=CN=CC=C3,0
8-(2-Methoxyethyl)-2-(4-methoxyphenoxy)-6-(2-phenylethyl)pteridin-7-one,COCCN1C2=NC(=NC=C2N=C(C1=O)CCC3=CC=CC=C3)OC4=CC=C(C=C4)OC,0
"N,N-dimethyl-4-[4-(thiophen-2-ylmethylamino)pyrimidin-2-yl]benzamide",CN(C)C(=O)C1=CC=C(C=C1)C2=NC=CC(=N2)NCC3=CC=CS3,0
2-Anilino-8-(2-methoxyethyl)-6-phenylpteridin-7-one,COCCN1C2=NC(=NC=C2N=C(C1=O)C3=CC=CC=C3)NC4=CC=CC=C4,0
N-(2-methoxyethyl)-2-(3-methoxyphenyl)quinazolin-4-amine,COCCNC1=NC(=NC2=CC=CC=C21)C3=CC(=CC=C3)OC,0
N-[2-(5-methoxy-1H-indol-3-yl)ethyl]-5-(2-methoxyphenyl)pyrimidin-4-amine,COC1=CC2=C(C=C1)NC=C2CCNC3=NC=NC=C3C4=CC=CC=C4OC,0
"Furan-2-yl-[2-(pyridin-4-ylmethyl)-2,9-diazaspiro[5.5]undecan-9-yl]methanone",C1CC2(CCN(CC2)C(=O)C3=CC=CO3)CN(C1)CC4=CC=NC=C4,0
6-(3-methoxyphenyl)-N-(3-pyridinylmethyl)-4-quinazolinamine,COC1=CC=CC(=C1)C2=CC3=C(C=C2)N=CN=C3NCC4=CN=CC=C4,0
4-Imidazol-1-yl-5-(3-methoxyphenyl)pyrimidine,COC1=CC=CC(=C1)C2=CN=CN=C2N3C=CN=C3,0
N-[2-(5-methoxy-1H-indol-3-yl)ethyl]-5-[2-(trifluoromethyl)phenyl]pyrimidin-4-amine,COC1=CC2=C(C=C1)NC=C2CCNC3=NC=NC=C3C4=CC=CC=C4C(F)(F)F,0
8-(2-Methoxyethyl)-6-(2-phenylethyl)pteridin-7-one,COCCN1C2=NC=NC=C2N=C(C1=O)CCC3=CC=CC=C3,0
2-(2-methylphenyl)-N-(pyridin-3-ylmethyl)quinazolin-4-amine,CC1=CC=CC=C1C2=NC3=CC=CC=C3C(=N2)NCC4=CN=CC=C4,0
N-methyl-5-(2-methylphenyl)pyrimidin-4-amine,CC1=CC=CC=C1C2=CN=CN=C2NC,0
N-[3-[4-[(5-methylpyrazin-2-yl)methylamino]pyrimidin-2-yl]phenyl]methanesulfonamide,CC1=CN=C(C=N1)CNC2=NC(=NC=C2)C3=CC(=CC=C3)NS(=O)(=O)C,0
2-Anilino-8-(thiophen-2-ylmethyl)pteridin-7-one,C1=CC=C(C=C1)NC2=NC=C3C(=N2)N(C(=O)C=N3)CC4=CC=CS4,0
"[2-[(2-Methoxyphenyl)methyl]-2,9-diazaspiro[5.5]undecan-9-yl]-pyrazin-2-ylmethanone",COC1=CC=CC=C1CN2CCCC3(C2)CCN(CC3)C(=O)C4=NC=CN=C4,0
8-Phenyl-2-piperazin-1-yl-6-thiophen-2-ylpteridin-7-one,C1CN(CCN1)C2=NC=C3C(=N2)N(C(=O)C(=N3)C4=CC=CS4)C5=CC=CC=C5,0
N-cyclopropyl-6-[2-[(dimethylamino)methyl]phenyl]quinazolin-4-amine,CN(C)CC1=CC=CC=C1C2=CC3=C(C=C2)N=CN=C3NC4CC4,0
8-[(4-Fluorophenyl)methyl]-2-methoxy-6-(4-methoxyphenyl)pteridin-7-one,COC1=CC=C(C=C1)C2=NC3=CN=C(N=C3N(C2=O)CC4=CC=C(C=C4)F)OC,0
N-[(5-methylpyrazin-2-yl)methyl]-2-pyridin-3-ylpyrimidin-4-amine,CC1=CN=C(C=N1)CNC2=NC(=NC=C2)C3=CN=CC=C3,0
"4-[4-(benzylamino)quinazolin-2-yl]-N,N-dimethylbenzamide",CN(C)C(=O)C1=CC=C(C=C1)C2=NC3=CC=CC=C3C(=N2)NCC4=CC=CC=C4,0
"[3,5-Bis(trifluoromethyl)phenyl]-[2-(1,3-thiazol-2-ylmethyl)-2,9-diazaspiro[5.5]undecan-9-yl]methanone",C1CC2(CCN(CC2)C(=O)C3=CC(=CC(=C3)C(F)(F)F)C(F)(F)F)CN(C1)CC4=NC=CS4,0
2-(3-Methoxyanilino)-6-methyl-8-(2-phenylethyl)pteridin-7-one,CC1=NC2=CN=C(N=C2N(C1=O)CCC3=CC=CC=C3)NC4=CC(=CC=C4)OC,0
8-Benzyl-6-(2-phenylethyl)pteridin-7-one,C1=CC=C(C=C1)CCC2=NC3=CN=CN=C3N(C2=O)CC4=CC=CC=C4,0
8-[(3-Methoxyphenyl)methyl]-6-phenyl-2-piperazin-1-ylpteridin-7-one,COC1=CC=CC(=C1)CN2C3=NC(=NC=C3N=C(C2=O)C4=CC=CC=C4)N5CCNCC5,0
3-[4-(2-Morpholin-4-ylethylamino)quinazolin-6-yl]benzonitrile,C1COCCN1CCNC2=NC=NC3=C2C=C(C=C3)C4=CC=CC(=C4)C#N,0
3-[8-(2-Methoxyethyl)-2-(4-methoxyphenoxy)-7-oxopteridin-6-yl]benzonitrile,COCCN1C2=NC(=NC=C2N=C(C1=O)C3=CC=CC(=C3)C#N)OC4=CC=C(C=C4)OC,0
N-[3-[6-[(3-methylphenyl)methylamino]pyrimidin-4-yl]phenyl]methanesulfonamide,CC1=CC(=CC=C1)CNC2=NC=NC(=C2)C3=CC(=CC=C3)NS(=O)(=O)C,0
N-[3-(4-imidazol-1-ylpyrimidin-2-yl)phenyl]methanesulfonamide,CS(=O)(=O)NC1=CC=CC(=C1)C2=NC=CC(=N2)N3C=CN=C3,0
"N,N-dimethyl-4-[4-(2-morpholin-4-ylethylamino)pyrimidin-5-yl]benzamide",CN(C)C(=O)C1=CC=C(C=C1)C2=CN=CN=C2NCCN3CCOCC3,0
6-(furan-3-yl)-N-[2-(5-methoxy-1H-indol-3-yl)ethyl]pyrimidin-4-amine,COC1=CC2=C(C=C1)NC=C2CCNC3=NC=NC(=C3)C4=COC=C4,0
"6,8-Bis(2-phenylethyl)-2-piperazin-1-ylpteridin-7-one",C1CN(CCN1)C2=NC=C3C(=N2)N(C(=O)C(=N3)CCC4=CC=CC=C4)CCC5=CC=CC=C5,0
N-[2-(5-methoxy-1H-indol-3-yl)ethyl]-6-(3-methoxyphenyl)quinazolin-4-amine,COC1=CC2=C(C=C1)NC=C2CCNC3=NC=NC4=C3C=C(C=C4)C5=CC(=CC=C5)OC,0
3-[4-[Furan-2-ylmethyl(methyl)amino]quinazolin-2-yl]benzonitrile,CN(CC1=CC=CO1)C2=NC(=NC3=CC=CC=C32)C4=CC=CC(=C4)C#N,0
"[3,5-bis(trifluoromethyl)phenyl]-[(5S)-2-pyrimidin-2-yl-2,7-diazaspiro[4.5]decan-7-yl]methanone",C1C[C@@]2(CCN(C2)C3=NC=CC=N3)CN(C1)C(=O)C4=CC(=CC(=C4)C(F)(F)F)C(F)(F)F,0
"2-(1,3-benzodioxol-5-yl)-N-[(2-methoxyphenyl)methyl]quinazolin-4-amine",COC1=CC=CC=C1CNC2=NC(=NC3=CC=CC=C32)C4=CC5=C(C=C4)OCO5,0
"Phenyl 2-pyridin-4-yl-2,9-diazaspiro[5.5]undecane-9-carboxylate",C1CC2(CCN(CC2)C(=O)OC3=CC=CC=C3)CN(C1)C4=CC=NC=C4,0
N-(4-fluorophenyl)-6-(furan-3-yl)quinazolin-4-amine,C1=CC(=CC=C1NC2=NC=NC3=C2C=C(C=C3)C4=COC=C4)F,0
3-(4-Imidazol-1-ylpyrimidin-5-yl)benzonitrile,C1=CC(=CC(=C1)C2=CN=CN=C2N3C=CN=C3)C#N,0
"2-(3,5-dimethyl-1,2-oxazol-4-yl)-N-(thiophen-2-ylmethyl)pyrimidin-4-amine",CC1=C(C(=NO1)C)C2=NC=CC(=N2)NCC3=CC=CS3,0
"(5S)-7-(benzenesulfonyl)-2-pyrimidin-2-yl-2,7-diazaspiro[4.5]decane",C1C[C@@]2(CCN(C2)C3=NC=CC=N3)CN(C1)S(=O)(=O)C4=CC=CC=C4,0
3-[4-(Thiophen-2-ylmethylamino)pyrimidin-2-yl]benzonitrile,C1=CC(=CC(=C1)C2=NC=CC(=N2)NCC3=CC=CS3)C#N,0
6-(4-Chlorophenyl)-8-(2-methoxyethyl)-2-phenylmethoxypteridin-7-one,COCCN1C2=NC(=NC=C2N=C(C1=O)C3=CC=C(C=C3)Cl)OCC4=CC=CC=C4,0
"Furan-2-yl-[2-(pyridin-4-ylmethyl)-2,7-diazaspiro[3.5]nonan-7-yl]methanone",C1CN(CCC12CN(C2)CC3=CC=NC=C3)C(=O)C4=CC=CO4,0
5-[4-(dimethylamino)phenyl]-N-(2-morpholin-4-ylethyl)pyrimidin-4-amine,CN(C)C1=CC=C(C=C1)C2=CN=CN=C2NCCN3CCOCC3,0
6-(2-methoxyphenyl)-N-(1H-pyrazol-5-yl)pyrimidin-4-amine,COC1=CC=CC=C1C2=CC(=NC=N2)NC3=CC=NN3,0
"[(5S)-2-pyrimidin-2-yl-2,7-diazaspiro[4.5]decan-7-yl]-(thiadiazol-4-yl)methanone",C1C[C@@]2(CCN(C2)C3=NC=CC=N3)CN(C1)C(=O)C4=CSN=N4,0
"2-(1,3-benzodioxol-5-yl)-N-(3-pyridinylmethyl)-4-pyrimidinamine",C1OC2=C(O1)C=C(C=C2)C3=NC=CC(=N3)NCC4=CN=CC=C4,0
2-[4-(dimethylamino)phenyl]-N-[(2-methoxyphenyl)methyl]quinazolin-4-amine,CN(C)C1=CC=C(C=C1)C2=NC3=CC=CC=C3C(=N2)NCC4=CC=CC=C4OC,0
"(5R)-9-[3,5-bis(trifluoromethyl)benzoyl]-N-propan-2-yl-2,9-diazaspiro[4.5]decane-2-carboxamide",CC(C)NC(=O)N1CC[C@]2(C1)CCCN(C2)C(=O)C3=CC(=CC(=C3)C(F)(F)F)C(F)(F)F,0
5-(2-methoxyphenyl)-N-[(3-methylphenyl)methyl]pyrimidin-4-amine,CC1=CC(=CC=C1)CNC2=NC=NC=C2C3=CC=CC=C3OC,0
2-[4-[(3-Methylphenyl)methylamino]quinazolin-6-yl]benzonitrile,CC1=CC(=CC=C1)CNC2=NC=NC3=C2C=C(C=C3)C4=CC=CC=C4C#N,0
"Phenyl 2-(4-phenylphenyl)-2,9-diazaspiro[5.5]undecane-9-carboxylate",C1CC2(CCN(CC2)C(=O)OC3=CC=CC=C3)CN(C1)C4=CC=C(C=C4)C5=CC=CC=C5,0
4-Imidazol-1-yl-2-(2-methylphenyl)pyrimidine,CC1=CC=CC=C1C2=NC=CC(=N2)N3C=CN=C3,0
"N,N-dimethyl-4-[4-(4-methylpiperazin-1-yl)quinazolin-2-yl]aniline",CN1CCN(CC1)C2=NC(=NC3=CC=CC=C32)C4=CC=C(C=C4)N(C)C,0
N-(2-morpholin-4-ylethyl)-6-pyridin-3-ylquinazolin-4-amine,C1COCCN1CCNC2=NC=NC3=C2C=C(C=C3)C4=CN=CC=C4,0
3-[6-(4-Fluorophenyl)-2-(3-methoxyanilino)-7-oxopteridin-8-yl]propanenitrile,COC1=CC=CC(=C1)NC2=NC=C3C(=N2)N(C(=O)C(=N3)C4=CC=C(C=C4)F)CCC#N,0
2-(2-chlorophenyl)-N-(2-morpholin-4-ylethyl)quinazolin-4-amine,C1COCCN1CCNC2=NC(=NC3=CC=CC=C32)C4=CC=CC=C4Cl,0
6-(4-Fluorophenyl)-8-[(4-fluorophenyl)methyl]pteridin-7-one,C1=CC(=CC=C1CN2C3=NC=NC=C3N=C(C2=O)C4=CC=C(C=C4)F)F,0
8-[(3-Methoxyphenyl)methyl]-2-(4-methylpiperazin-1-yl)pteridin-7-one,CN1CCN(CC1)C2=NC=C3C(=N2)N(C(=O)C=N3)CC4=CC(=CC=C4)OC,0
8-Cyclopropyl-6-methylpteridin-7-one,CC1=NC2=CN=CN=C2N(C1=O)C3CC3,0
"2-Benzhydryl-9-methylsulfonyl-2,9-diazaspiro[5.5]undecane",CS(=O)(=O)N1CCC2(CCCN(C2)C(C3=CC=CC=C3)C4=CC=CC=C4)CC1,0
8-[(4-Fluorophenyl)methyl]-2-(4-methoxyphenoxy)pteridin-7-one,COC1=CC=C(C=C1)OC2=NC=C3C(=N2)N(C(=O)C=N3)CC4=CC=C(C=C4)F,0
8-[(4-Fluorophenyl)methyl]-2-methoxy-6-methylpteridin-7-one,CC1=NC2=CN=C(N=C2N(C1=O)CC3=CC=C(C=C3)F)OC,0
6-[4-(dimethylamino)phenyl]-N-[(3-methylphenyl)methyl]pyrimidin-4-amine,CC1=CC(=CC=C1)CNC2=NC=NC(=C2)C3=CC=C(C=C3)N(C)C,0
2-(2-chlorophenyl)-N-(2-methoxyethyl)quinazolin-4-amine,COCCNC1=NC(=NC2=CC=CC=C21)C3=CC=CC=C3Cl,0
N-[3-(4-piperazin-1-ylquinazolin-6-yl)phenyl]methanesulfonamide,CS(=O)(=O)NC1=CC=CC(=C1)C2=CC3=C(C=C2)N=CN=C3N4CCNCC4,0
8-Cyclopropyl-2-(4-methoxyphenoxy)-6-(4-methoxyphenyl)pteridin-7-one,COC1=CC=C(C=C1)C2=NC3=CN=C(N=C3N(C2=O)C4CC4)OC5=CC=C(C=C5)OC,0
2-(dimethylamino)-8-[[(2R)-oxolan-2-yl]methyl]-6-thiophen-2-ylpteridin-7-one,CN(C)C1=NC=C2C(=N1)N(C(=O)C(=N2)C3=CC=CS3)C[C@H]4CCCO4,0
"2-(1,3-Benzodioxol-5-yl)-4-piperazin-1-ylquinazoline",C1CN(CCN1)C2=NC(=NC3=CC=CC=C32)C4=CC5=C(C=C4)OCO5,0
N-[2-(5-methoxy-1H-indol-3-yl)ethyl]-6-(2-methylphenyl)pyrimidin-4-amine,CC1=CC=CC=C1C2=CC(=NC=N2)NCCC3=CNC4=C3C=C(C=C4)OC,0
2-(3-Chlorophenoxy)-8-(2-methoxyethyl)-6-(2-phenylethyl)pteridin-7-one,COCCN1C2=NC(=NC=C2N=C(C1=O)CCC3=CC=CC=C3)OC4=CC(=CC=C4)Cl,0
6-(3-furanyl)-N-[(3-methylphenyl)methyl]-4-quinazolinamine,CC1=CC(=CC=C1)CNC2=NC=NC3=C2C=C(C=C3)C4=COC=C4,0
"6-(1,3-benzodioxol-5-yl)-N-(2-morpholin-4-ylethyl)quinazolin-4-amine",C1COCCN1CCNC2=NC=NC3=C2C=C(C=C3)C4=CC5=C(C=C4)OCO5,0
"N-[(2,4-dimethoxyphenyl)methyl]-6-(3-methoxyphenyl)pyrimidin-4-amine",COC1=CC(=C(C=C1)CNC2=NC=NC(=C2)C3=CC(=CC=C3)OC)OC,0
2-(Ethylamino)-6-methyl-8-(thiophen-2-ylmethyl)pteridin-7-one,CCNC1=NC=C2C(=N1)N(C(=O)C(=N2)C)CC3=CC=CS3,0
N-benzyl-2-(2-chlorophenyl)pyrimidin-4-amine,C1=CC=C(C=C1)CNC2=NC(=NC=C2)C3=CC=CC=C3Cl,0
"2-(1,3-benzodioxol-5-yl)-N-methylquinazolin-4-amine",CNC1=NC(=NC2=CC=CC=C21)C3=CC4=C(C=C3)OCO4,0
"(3,5-dimethyl-1,2-oxazol-4-yl)-[(5S)-2-pyridin-2-yl-2,7-diazaspiro[4.5]decan-7-yl]methanone",CC1=C(C(=NO1)C)C(=O)N2CCC[C@]3(C2)CCN(C3)C4=CC=CC=N4,0
"(5R)-N-(3-fluorophenyl)-9-(pyrazine-2-carbonyl)-2,9-diazaspiro[4.5]decane-2-carboxamide",C1C[C@@]2(CCN(C2)C(=O)NC3=CC(=CC=C3)F)CN(C1)C(=O)C4=NC=CN=C4,0
8-[(3-Methoxyphenyl)methyl]-2-phenoxypteridin-7-one,COC1=CC=CC(=C1)CN2C(=O)C=NC3=CN=C(N=C32)OC4=CC=CC=C4,0
"Phenyl 2-[(3-fluorophenyl)carbamoyl]-2,9-diazaspiro[5.5]undecane-9-carboxylate",C1CC2(CCN(CC2)C(=O)OC3=CC=CC=C3)CN(C1)C(=O)NC4=CC(=CC=C4)F,0
6-(3-Methoxyphenyl)-4-(4-methylpiperazin-1-yl)quinazoline,CN1CCN(CC1)C2=NC=NC3=C2C=C(C=C3)C4=CC(=CC=C4)OC,0
"2-(3,5-dimethyl-1,2-oxazol-4-yl)-N-(2-morpholin-4-ylethyl)quinazolin-4-amine",CC1=C(C(=NO1)C)C2=NC3=CC=CC=C3C(=N2)NCCN4CCOCC4,0
8-[(3-Methoxyphenyl)methyl]-6-thiophen-2-ylpteridin-7-one,COC1=CC=CC(=C1)CN2C3=NC=NC=C3N=C(C2=O)C4=CC=CS4,0
8-(2-Methoxyethyl)-6-(2-phenylethyl)-2-phenylmethoxypteridin-7-one,COCCN1C2=NC(=NC=C2N=C(C1=O)CCC3=CC=CC=C3)OCC4=CC=CC=C4,0
6-(furan-3-yl)-N-[(2-methoxyphenyl)methyl]pyrimidin-4-amine,COC1=CC=CC=C1CNC2=NC=NC(=C2)C3=COC=C3,0
"(4-Methoxyphenyl)-[2-(3-phenylphenyl)-2,7-diazaspiro[3.5]nonan-7-yl]methanone",COC1=CC=C(C=C1)C(=O)N2CCC3(CC2)CN(C3)C4=CC=CC(=C4)C5=CC=CC=C5,0
"2-(1,3-Benzodioxol-5-yl)-4-(4-methylpiperazin-1-yl)quinazoline",CN1CCN(CC1)C2=NC(=NC3=CC=CC=C32)C4=CC5=C(C=C4)OCO5,0
"4-(4-Imidazol-1-ylpyrimidin-2-yl)-3,5-dimethyl-1,2-oxazole",CC1=C(C(=NO1)C)C2=NC=CC(=N2)N3C=CN=C3,0
"N,N-dimethyl-4-[4-(pyridin-4-ylamino)quinazolin-2-yl]benzamide",CN(C)C(=O)C1=CC=C(C=C1)C2=NC3=CC=CC=C3C(=N2)NC4=CC=NC=C4,0
"[3,5-bis(trifluoromethyl)phenyl]-[(5S)-2-(1,3-thiazol-2-ylmethyl)-2,7-diazaspiro[4.5]decan-7-yl]methanone",C1C[C@@]2(CCN(C2)CC3=NC=CS3)CN(C1)C(=O)C4=CC(=CC(=C4)C(F)(F)F)C(F)(F)F,0
"N,N-dimethyl-4-(4-piperazin-1-ylquinazolin-6-yl)aniline",CN(C)C1=CC=C(C=C1)C2=CC3=C(C=C2)N=CN=C3N4CCNCC4,0
2-Methoxy-8-(2-methoxyethyl)-6-(4-methoxyphenyl)pteridin-7-one,COCCN1C2=NC(=NC=C2N=C(C1=O)C3=CC=C(C=C3)OC)OC,0
"N-[(2,4-dimethoxyphenyl)methyl]-2-(2-methoxyphenyl)quinazolin-4-amine",COC1=CC(=C(C=C1)CNC2=NC(=NC3=CC=CC=C32)C4=CC=CC=C4OC)OC,0
N-[2-(5-methoxy-1H-indol-3-yl)ethyl]-6-(3-methoxyphenyl)pyrimidin-4-amine,COC1=CC2=C(C=C1)NC=C2CCNC3=NC=NC(=C3)C4=CC(=CC=C4)OC,0
2-Methoxy-8-[(3-methoxyphenyl)methyl]-6-(1-methylindol-3-yl)pteridin-7-one,CN1C=C(C2=CC=CC=C21)C3=NC4=CN=C(N=C4N(C3=O)CC5=CC(=CC=C5)OC)OC,0
N-(4-fluorophenyl)-2-(furan-3-yl)pyrimidin-4-amine,C1=CC(=CC=C1NC2=NC(=NC=C2)C3=COC=C3)F,0
"N-(4-methoxyphenyl)-9-(thiadiazole-4-carbonyl)-2,9-diazaspiro[5.5]undecane-2-carboxamide",COC1=CC=C(C=C1)NC(=O)N2CCCC3(C2)CCN(CC3)C(=O)C4=CSN=N4,0
"N-[(2,4-dimethoxyphenyl)methyl]-2-(3,5-dimethyl-1,2-oxazol-4-yl)quinazolin-4-amine",CC1=C(C(=NO1)C)C2=NC3=CC=CC=C3C(=N2)NCC4=C(C=C(C=C4)OC)OC,0
8-(2-Phenylethyl)-2-piperazin-1-yl-6-thiophen-2-ylpteridin-7-one,C1CN(CCN1)C2=NC=C3C(=N2)N(C(=O)C(=N3)C4=CC=CS4)CCC5=CC=CC=C5,0
"4-[[(5S)-7-(1-methylpyrrole-2-carbonyl)-2,7-diazaspiro[4.5]decan-2-yl]methyl]benzonitrile",CN1C=CC=C1C(=O)N2CCC[C@]3(C2)CCN(C3)CC4=CC=C(C=C4)C#N,0
"6-(3,5-difluorophenyl)-2-(4-methoxyphenoxy)-8-[[(2R)-oxolan-2-yl]methyl]pteridin-7-one",COC1=CC=C(C=C1)OC2=NC=C3C(=N2)N(C(=O)C(=N3)C4=CC(=CC(=C4)F)F)C[C@H]5CCCO5,0
N-[2-[[5-[2-(trifluoromethyl)phenyl]pyrimidin-4-yl]amino]ethyl]acetamide,CC(=O)NCCNC1=NC=NC=C1C2=CC=CC=C2C(F)(F)F,0
"2-(3,5-dimethyl-1,2-oxazol-4-yl)-N-(4-fluorophenyl)pyrimidin-4-amine",CC1=C(C(=NO1)C)C2=NC=CC(=N2)NC3=CC=C(C=C3)F,0
8-(2-Methoxyethyl)-2-(4-methoxyphenoxy)-6-thiophen-2-ylpteridin-7-one,COCCN1C2=NC(=NC=C2N=C(C1=O)C3=CC=CS3)OC4=CC=C(C=C4)OC,0
3-[2-(3-Methoxyanilino)-6-methyl-7-oxopteridin-8-yl]propanenitrile,CC1=NC2=CN=C(N=C2N(C1=O)CCC#N)NC3=CC(=CC=C3)OC,0
6-(4-Chlorophenyl)-2-methoxy-8-(2-methoxyethyl)pteridin-7-one,COCCN1C2=NC(=NC=C2N=C(C1=O)C3=CC=C(C=C3)Cl)OC,0
6-(furan-3-yl)-N-[(3-methylphenyl)methyl]pyrimidin-4-amine,CC1=CC(=CC=C1)CNC2=NC=NC(=C2)C3=COC=C3,0
3-[2-(3-Methoxyanilino)-6-(4-methoxyphenyl)-7-oxopteridin-8-yl]propanenitrile,COC1=CC=C(C=C1)C2=NC3=CN=C(N=C3N(C2=O)CCC#N)NC4=CC(=CC=C4)OC,0
2-[4-[(2-Methoxyphenyl)methylamino]quinazolin-6-yl]benzonitrile,COC1=CC=CC=C1CNC2=NC=NC3=C2C=C(C=C3)C4=CC=CC=C4C#N,0
"1-[(5S)-2-[[3,5-bis(trifluoromethyl)phenyl]methyl]-2,7-diazaspiro[4.5]decan-7-yl]-2-methoxyethanone",COCC(=O)N1CCC[C@]2(C1)CCN(C2)CC3=CC(=CC(=C3)C(F)(F)F)C(F)(F)F,0
2-[4-(dimethylamino)phenyl]-N-(4-fluorophenyl)pyrimidin-4-amine,CN(C)C1=CC=C(C=C1)C2=NC=CC(=N2)NC3=CC=C(C=C3)F,0
"[2-(3-Phenylphenyl)-2,9-diazaspiro[5.5]undecan-9-yl]-pyrazin-2-ylmethanone",C1CC2(CCN(CC2)C(=O)C3=NC=CN=C3)CN(C1)C4=CC=CC(=C4)C5=CC=CC=C5,0
N-[(3-methylphenyl)methyl]-6-pyridin-3-ylpyrimidin-4-amine,CC1=CC(=CC=C1)CNC2=NC=NC(=C2)C3=CN=CC=C3,0
"(5R)-N-(3-cyanophenyl)-9-(3-fluorobenzoyl)-2,9-diazaspiro[4.5]decane-2-carboxamide",C1C[C@@]2(CCN(C2)C(=O)NC3=CC=CC(=C3)C#N)CN(C1)C(=O)C4=CC(=CC=C4)F,0
2-(4-Methoxyphenoxy)-8-[(3-methoxyphenyl)methyl]-6-methylpteridin-7-one,CC1=NC2=CN=C(N=C2N(C1=O)CC3=CC(=CC=C3)OC)OC4=CC=C(C=C4)OC,0
N-[3-[4-[(2-methoxyphenyl)methylamino]pyrimidin-2-yl]phenyl]methanesulfonamide,COC1=CC=CC=C1CNC2=NC(=NC=C2)C3=CC(=CC=C3)NS(=O)(=O)C,0
5-[2-[(dimethylamino)methyl]phenyl]-N-(4-fluorophenyl)pyrimidin-4-amine,CN(C)CC1=CC=CC=C1C2=CN=CN=C2NC3=CC=C(C=C3)F,0
"(5S)-7-(benzenesulfonyl)-N-(3-fluorophenyl)-2,7-diazaspiro[4.5]decane-2-carboxamide",C1C[C@@]2(CCN(C2)C(=O)NC3=CC(=CC=C3)F)CN(C1)S(=O)(=O)C4=CC=CC=C4,0
6-(3-methoxyphenyl)-N-(thiophen-2-ylmethyl)pyrimidin-4-amine,COC1=CC=CC(=C1)C2=CC(=NC=N2)NCC3=CC=CS3,0
N-cyclopropyl-2-(2-methoxyphenyl)quinazolin-4-amine,COC1=CC=CC=C1C2=NC3=CC=CC=C3C(=N2)NC4CC4,0
6-(2-methylphenyl)-N-[(3-methylphenyl)methyl]pyrimidin-4-amine,CC1=CC(=CC=C1)CNC2=NC=NC(=C2)C3=CC=CC=C3C,0
3-[2-Anilino-8-(2-methoxyethyl)-7-oxopteridin-6-yl]benzonitrile,COCCN1C2=NC(=NC=C2N=C(C1=O)C3=CC=CC(=C3)C#N)NC4=CC=CC=C4,0
3-[2-Methoxy-8-[(3-methoxyphenyl)methyl]-7-oxopteridin-6-yl]benzonitrile,COC1=CC=CC(=C1)CN2C3=NC(=NC=C3N=C(C2=O)C4=CC=CC(=C4)C#N)OC,0
8-[(4-Fluorophenyl)methyl]-2-piperazin-1-ylpteridin-7-one,C1CN(CCN1)C2=NC=C3C(=N2)N(C(=O)C=N3)CC4=CC=C(C=C4)F,0
"6-(3,4-Difluorophenyl)-8-[(4-fluorophenyl)methyl]pteridin-7-one",C1=CC(=CC=C1CN2C3=NC=NC=C3N=C(C2=O)C4=CC(=C(C=C4)F)F)F,0
6-(3-methoxyphenyl)-N-[(2-methoxyphenyl)methyl]quinazolin-4-amine,COC1=CC=CC(=C1)C2=CC3=C(C=C2)N=CN=C3NCC4=CC=CC=C4OC,0
3-[2-(Ethylamino)-7-oxo-6-thiophen-2-ylpteridin-8-yl]propanenitrile,CCNC1=NC=C2C(=N1)N(C(=O)C(=N2)C3=CC=CS3)CCC#N,0
2-(3-methoxyphenyl)-N-[(5-methylpyrazin-2-yl)methyl]pyrimidin-4-amine,CC1=CN=C(C=N1)CNC2=NC(=NC=C2)C3=CC(=CC=C3)OC,0
PI5P4Ks-IN-1,CC1=CC=CC=C1C2=NC3=CC=CC=C3C(=N2)NCC4=CC=CS4,0
"2-methoxy-1-[(5S)-2-phenyl-2,7-diazaspiro[4.5]decan-7-yl]ethanone",COCC(=O)N1CCC[C@]2(C1)CCN(C2)C3=CC=CC=C3,0
"(4-Methoxyphenyl)-[2-(4-phenylphenyl)-2,9-diazaspiro[5.5]undecan-9-yl]methanone",COC1=CC=C(C=C1)C(=O)N2CCC3(CCCN(C3)C4=CC=C(C=C4)C5=CC=CC=C5)CC2,0
"6-(1,3-benzodioxol-5-yl)-N-benzylquinazolin-4-amine",C1OC2=C(O1)C=C(C=C2)C3=CC4=C(C=C3)N=CN=C4NCC5=CC=CC=C5,0
2-(Ethylamino)-6-thiophen-2-yl-8-(thiophen-2-ylmethyl)pteridin-7-one,CCNC1=NC=C2C(=N1)N(C(=O)C(=N2)C3=CC=CS3)CC4=CC=CS4,0
3-(4-Piperazin-1-ylquinazolin-6-yl)benzonitrile,C1CN(CCN1)C2=NC=NC3=C2C=C(C=C3)C4=CC=CC(=C4)C#N,0
2-anilino-8-[[(2R)-oxolan-2-yl]methyl]-6-(2-phenylethyl)pteridin-7-one,C1C[C@@H](OC1)CN2C3=NC(=NC=C3N=C(C2=O)CCC4=CC=CC=C4)NC5=CC=CC=C5,0
"[3,5-Bis(trifluoromethyl)phenyl]-(2-phenyl-2,9-diazaspiro[5.5]undecan-9-yl)methanone",C1CC2(CCN(CC2)C(=O)C3=CC(=CC(=C3)C(F)(F)F)C(F)(F)F)CN(C1)C4=CC=CC=C4,0
6-(2-chlorophenyl)-N-(3-pyridinylmethyl)-4-quinazolinamine,C1=CC=C(C(=C1)C2=CC3=C(C=C2)N=CN=C3NCC4=CN=CC=C4)Cl,0
"(1-methylpyrrol-2-yl)-[(5S)-2-(3-phenylphenyl)-2,7-diazaspiro[4.5]decan-7-yl]methanone",CN1C=CC=C1C(=O)N2CCC[C@]3(C2)CCN(C3)C4=CC=CC(=C4)C5=CC=CC=C5,0
5-(2-Methoxyphenyl)-4-(4-methylpiperazin-1-yl)pyrimidine,CN1CCN(CC1)C2=NC=NC=C2C3=CC=CC=C3OC,0
"[2-[[3,5-Bis(trifluoromethyl)phenyl]methyl]-2,9-diazaspiro[5.5]undecan-9-yl]-(4-methoxyphenyl)methanone",COC1=CC=C(C=C1)C(=O)N2CCC3(CCCN(C3)CC4=CC(=CC(=C4)C(F)(F)F)C(F)(F)F)CC2,0
"(3,5-dimethyl-1,2-oxazol-4-yl)-[(5S)-2-[(2-methoxyphenyl)methyl]-2,7-diazaspiro[4.5]decan-7-yl]methanone",CC1=C(C(=NO1)C)C(=O)N2CCC[C@]3(C2)CCN(C3)CC4=CC=CC=C4OC,0
N-cyclopropyl-2-(furan-3-yl)pyrimidin-4-amine,C1CC1NC2=NC(=NC=C2)C3=COC=C3,0
6-(1-methylindol-3-yl)-2-(4-methylpiperazin-1-yl)-8-[[(2R)-oxolan-2-yl]methyl]pteridin-7-one,CN1CCN(CC1)C2=NC=C3C(=N2)N(C(=O)C(=N3)C4=CN(C5=CC=CC=C54)C)C[C@H]6CCCO6,0
8-Cyclopropyl-2-(dimethylamino)-6-thiophen-2-ylpteridin-7-one,CN(C)C1=NC=C2C(=N1)N(C(=O)C(=N2)C3=CC=CS3)C4CC4,0
2-(ethylamino)-8-[[(2R)-oxolan-2-yl]methyl]-6-phenylpteridin-7-one,CCNC1=NC=C2C(=N1)N(C(=O)C(=N2)C3=CC=CC=C3)C[C@H]4CCCO4,0
"N-[(2,4-dimethoxyphenyl)methyl]-2-(furan-3-yl)pyrimidin-4-amine",COC1=CC(=C(C=C1)CNC2=NC(=NC=C2)C3=COC=C3)OC,0
"2-(1,3-benzodioxol-5-yl)-N-[2-(5-methoxy-1H-indol-3-yl)ethyl]pyrimidin-4-amine",COC1=CC2=C(C=C1)NC=C2CCNC3=NC(=NC=C3)C4=CC5=C(C=C4)OCO5,0
5-[4-(dimethylamino)phenyl]-N-[(5-methylpyrazin-2-yl)methyl]pyrimidin-4-amine,CC1=CN=C(C=N1)CNC2=NC=NC=C2C3=CC=C(C=C3)N(C)C,0
N-(pyridin-3-ylmethyl)-2-[2-(trifluoromethyl)phenyl]quinazolin-4-amine,C1=CC=C(C(=C1)C2=NC3=CC=CC=C3C(=N2)NCC4=CN=CC=C4)C(F)(F)F,0
"6-(1,3-Benzodioxol-5-yl)-4-piperazin-1-ylquinazoline",C1CN(CCN1)C2=NC=NC3=C2C=C(C=C3)C4=CC5=C(C=C4)OCO5,0
N-[2-(1H-imidazol-5-yl)ethyl]-2-(2-methoxyphenyl)quinazolin-4-amine,COC1=CC=CC=C1C2=NC3=CC=CC=C3C(=N2)NCCC4=CN=CN4,0
2-(Dimethylamino)-6-(4-fluorophenyl)-8-[(3-methoxyphenyl)methyl]pteridin-7-one,CN(C)C1=NC=C2C(=N1)N(C(=O)C(=N2)C3=CC=C(C=C3)F)CC4=CC(=CC=C4)OC,0
"[(5S)-2-[[3,5-bis(trifluoromethyl)phenyl]methyl]-2,7-diazaspiro[4.5]decan-7-yl]-(thiadiazol-4-yl)methanone",C1C[C@@]2(CCN(C2)CC3=CC(=CC(=C3)C(F)(F)F)C(F)(F)F)CN(C1)C(=O)C4=CSN=N4,0
N-[2-[[2-(2-methylphenyl)quinazolin-4-yl]amino]ethyl]acetamide,CC1=CC=CC=C1C2=NC3=CC=CC=C3C(=N2)NCCNC(=O)C,0
N-[2-[[5-(2-methoxyphenyl)pyrimidin-4-yl]amino]ethyl]acetamide,CC(=O)NCCNC1=NC=NC=C1C2=CC=CC=C2OC,0
N-(2-morpholin-4-ylethyl)-6-[2-(trifluoromethyl)phenyl]quinazolin-4-amine,C1COCCN1CCNC2=NC=NC3=C2C=C(C=C3)C4=CC=CC=C4C(F)(F)F,0
5-(2-methylphenyl)-N-phenylpyrimidin-4-amine,CC1=CC=CC=C1C2=CN=CN=C2NC3=CC=CC=C3,0
"N-(3-cyanophenyl)-9-(4-methoxybenzoyl)-3,9-diazaspiro[5.5]undecane-3-carboxamide",COC1=CC=C(C=C1)C(=O)N2CCC3(CC2)CCN(CC3)C(=O)NC4=CC=CC(=C4)C#N,0
"(5R)-9-(3,5-dimethyl-1,2-oxazole-4-carbonyl)-N-phenyl-2,9-diazaspiro[4.5]decane-2-carboxamide",CC1=C(C(=NO1)C)C(=O)N2CCC[C@]3(C2)CCN(C3)C(=O)NC4=CC=CC=C4,0
"(5S)-2-benzhydryl-7-methylsulfonyl-2,7-diazaspiro[4.5]decane",CS(=O)(=O)N1CCC[C@]2(C1)CCN(C2)C(C3=CC=CC=C3)C4=CC=CC=C4,0
"(2-Phenyl-2,9-diazaspiro[5.5]undecan-9-yl)-pyridin-4-ylmethanone",C1CC2(CCN(CC2)C(=O)C3=CC=NC=C3)CN(C1)C4=CC=CC=C4,0
4-[2-(Furan-3-yl)quinazolin-4-yl]morpholine,C1COCCN1C2=NC(=NC3=CC=CC=C32)C4=COC=C4,0
"(4-methoxyphenyl)-[(5S)-2-methyl-2,7-diazaspiro[4.5]decan-7-yl]methanone",CN1CC[C@]2(C1)CCCN(C2)C(=O)C3=CC=C(C=C3)OC,0
5-[4-(dimethylamino)phenyl]-N-(4-fluorophenyl)pyrimidin-4-amine,CN(C)C1=CC=C(C=C1)C2=CN=CN=C2NC3=CC=C(C=C3)F,0
N-(furan-2-ylmethyl)-2-(3-methoxyphenyl)-N-methylpyrimidin-4-amine,CN(CC1=CC=CO1)C2=NC(=NC=C2)C3=CC(=CC=C3)OC,0
3-(2-Methoxy-7-oxo-6-thiophen-2-ylpteridin-8-yl)propanenitrile,COC1=NC=C2C(=N1)N(C(=O)C(=N2)C3=CC=CS3)CCC#N,0
2-(furan-3-yl)-N-[(3-methylphenyl)methyl]pyrimidin-4-amine,CC1=CC(=CC=C1)CNC2=NC(=NC=C2)C3=COC=C3,0
"Pyrazin-2-yl-[2-(pyridin-4-ylmethyl)-2,9-diazaspiro[5.5]undecan-9-yl]methanone",C1CC2(CCN(CC2)C(=O)C3=NC=CN=C3)CN(C1)CC4=CC=NC=C4,0
6-(4-Chlorophenyl)-8-[(3-methoxyphenyl)methyl]pteridin-7-one,COC1=CC=CC(=C1)CN2C3=NC=NC=C3N=C(C2=O)C4=CC=C(C=C4)Cl,0
8-(2-Methoxyethyl)-6-methyl-2-phenylmethoxypteridin-7-one,CC1=NC2=CN=C(N=C2N(C1=O)CCOC)OCC3=CC=CC=C3,0
N-[3-[4-[2-(5-methoxy-1H-indol-3-yl)ethylamino]quinazolin-2-yl]phenyl]methanesulfonamide,COC1=CC2=C(C=C1)NC=C2CCNC3=NC(=NC4=CC=CC=C43)C5=CC(=CC=C5)NS(=O)(=O)C,0
6-[2-[(dimethylamino)methyl]phenyl]-N-[(3-methylphenyl)methyl]quinazolin-4-amine,CC1=CC(=CC=C1)CNC2=NC=NC3=C2C=C(C=C3)C4=CC=CC=C4CN(C)C,0
2-(2-Methylphenyl)-4-piperazin-1-ylquinazoline,CC1=CC=CC=C1C2=NC3=CC=CC=C3C(=N2)N4CCNCC4,0
8-(4-Methoxyphenyl)-6-(1-methylindol-3-yl)pteridin-7-one,CN1C=C(C2=CC=CC=C21)C3=NC4=CN=CN=C4N(C3=O)C5=CC=C(C=C5)OC,0
5-[2-[(dimethylamino)methyl]phenyl]-N-pyridin-4-ylpyrimidin-4-amine,CN(C)CC1=CC=CC=C1C2=CN=CN=C2NC3=CC=NC=C3,0
"N-cyclopropyl-6-(3,5-dimethyl-1,2-oxazol-4-yl)quinazolin-4-amine",CC1=C(C(=NO1)C)C2=CC3=C(C=C2)N=CN=C3NC4CC4,0
2-Methoxy-8-(4-methoxyphenyl)-6-thiophen-2-ylpteridin-7-one,COC1=CC=C(C=C1)N2C3=NC(=NC=C3N=C(C2=O)C4=CC=CS4)OC,0
"3-[4-[(2,4-Dimethoxyphenyl)methylamino]pyrimidin-5-yl]benzonitrile",COC1=CC(=C(C=C1)CNC2=NC=NC=C2C3=CC=CC(=C3)C#N)OC,0
"N-(4-methoxyphenyl)-9-(pyridine-4-carbonyl)-2,9-diazaspiro[5.5]undecane-2-carboxamide",COC1=CC=C(C=C1)NC(=O)N2CCCC3(C2)CCN(CC3)C(=O)C4=CC=NC=C4,0
"N-[(2,4-dimethoxyphenyl)methyl]-6-(3,5-dimethyl-1,2-oxazol-4-yl)quinazolin-4-amine",CC1=C(C(=NO1)C)C2=CC3=C(C=C2)N=CN=C3NCC4=C(C=C(C=C4)OC)OC,0
3-[8-(2-Methoxyethyl)-7-oxo-2-phenoxypteridin-6-yl]benzonitrile,COCCN1C2=NC(=NC=C2N=C(C1=O)C3=CC=CC(=C3)C#N)OC4=CC=CC=C4,0
"2-(1,3-benzodioxol-5-yl)-N-pyridin-4-ylquinazolin-4-amine",C1OC2=C(O1)C=C(C=C2)C3=NC4=CC=CC=C4C(=N3)NC5=CC=NC=C5,0
"6-(3,5-Difluorophenyl)-2-methoxy-8-(2-phenylethyl)pteridin-7-one",COC1=NC=C2C(=N1)N(C(=O)C(=N2)C3=CC(=CC(=C3)F)F)CCC4=CC=CC=C4,0
"(3-fluorophenyl)-[(5S)-2-(2-methylpropyl)-2,7-diazaspiro[4.5]decan-7-yl]methanone",CC(C)CN1CC[C@]2(C1)CCCN(C2)C(=O)C3=CC(=CC=C3)F,0
"(5R)-9-[3,5-bis(trifluoromethyl)benzoyl]-N-(3-fluorophenyl)-2,9-diazaspiro[4.5]decane-2-carboxamide",C1C[C@@]2(CCN(C2)C(=O)NC3=CC(=CC=C3)F)CN(C1)C(=O)C4=CC(=CC(=C4)C(F)(F)F)C(F)(F)F,0
4-(4-Methylpiperazin-1-yl)-6-pyridin-3-ylquinazoline,CN1CCN(CC1)C2=NC=NC3=C2C=C(C=C3)C4=CN=CC=C4,0
2-[4-(dimethylamino)phenyl]-N-pyridin-4-ylquinazolin-4-amine,CN(C)C1=CC=C(C=C1)C2=NC3=CC=CC=C3C(=N2)NC4=CC=NC=C4,0
"9-[3,5-bis(trifluoromethyl)benzoyl]-N-(3-cyanophenyl)-2,9-diazaspiro[5.5]undecane-2-carboxamide",C1CC2(CCN(CC2)C(=O)C3=CC(=CC(=C3)C(F)(F)F)C(F)(F)F)CN(C1)C(=O)NC4=CC=CC(=C4)C#N,0
2-(Ethylamino)-6-phenyl-8-(thiophen-2-ylmethyl)pteridin-7-one,CCNC1=NC=C2C(=N1)N(C(=O)C(=N2)C3=CC=CC=C3)CC4=CC=CS4,0
2-pyridin-3-yl-N-(pyridin-3-ylmethyl)pyrimidin-4-amine,C1=CC(=CN=C1)CNC2=NC(=NC=C2)C3=CN=CC=C3,0
2-(Dimethylamino)-6-(2-phenylethyl)-8-(thiophen-2-ylmethyl)pteridin-7-one,CN(C)C1=NC=C2C(=N1)N(C(=O)C(=N2)CCC3=CC=CC=C3)CC4=CC=CS4,0
6-(4-Fluorophenyl)-8-[(4-fluorophenyl)methyl]-2-methoxypteridin-7-one,COC1=NC=C2C(=N1)N(C(=O)C(=N2)C3=CC=C(C=C3)F)CC4=CC=C(C=C4)F,0
5-(2-methoxyphenyl)-N-[(2-methoxyphenyl)methyl]pyrimidin-4-amine,COC1=CC=CC=C1CNC2=NC=NC=C2C3=CC=CC=C3OC,0
"2-(1,3-benzodioxol-5-yl)-N-phenylquinazolin-4-amine",C1OC2=C(O1)C=C(C=C2)C3=NC4=CC=CC=C4C(=N3)NC5=CC=CC=C5,0
8-[(3-Methoxyphenyl)methyl]-2-piperazin-1-yl-6-thiophen-2-ylpteridin-7-one,COC1=CC=CC(=C1)CN2C3=NC(=NC=C3N=C(C2=O)C4=CC=CS4)N5CCNCC5,0
"N-cyclopropyl-2-(3,5-dimethyl-1,2-oxazol-4-yl)quinazolin-4-amine",CC1=C(C(=NO1)C)C2=NC3=CC=CC=C3C(=N2)NC4CC4,0
"4-(4-imidazol-1-ylquinazolin-6-yl)-N,N-dimethylaniline",CN(C)C1=CC=C(C=C1)C2=CC3=C(C=C2)N=CN=C3N4C=CN=C4,0
"3-[4-[(2,4-Dimethoxyphenyl)methylamino]pyrimidin-2-yl]benzonitrile",COC1=CC(=C(C=C1)CNC2=NC(=NC=C2)C3=CC=CC(=C3)C#N)OC,0
2-(3-methoxyanilino)-8-[[(2R)-oxolan-2-yl]methyl]-6-thiophen-2-ylpteridin-7-one,COC1=CC=CC(=C1)NC2=NC=C3C(=N2)N(C(=O)C(=N3)C4=CC=CS4)C[C@H]5CCCO5,0
"phenyl (5S)-2-(2-methylpropyl)-2,7-diazaspiro[4.5]decane-7-carboxylate",CC(C)CN1CC[C@]2(C1)CCCN(C2)C(=O)OC3=CC=CC=C3,0
"N-(3-cyanophenyl)-9-(furan-2-carbonyl)-2,9-diazaspiro[5.5]undecane-2-carboxamide",C1CC2(CCN(CC2)C(=O)C3=CC=CO3)CN(C1)C(=O)NC4=CC=CC(=C4)C#N,0
6-(3-Chlorophenyl)-8-[2-(2-methoxyphenyl)ethyl]pteridin-7-one,COC1=CC=CC=C1CCN2C3=NC=NC=C3N=C(C2=O)C4=CC(=CC=C4)Cl,0
"N,N-dimethyl-4-[6-(pyridin-3-ylmethylamino)pyrimidin-4-yl]benzamide",CN(C)C(=O)C1=CC=C(C=C1)C2=CC(=NC=N2)NCC3=CN=CC=C3,0
N-benzyl-6-[2-[(dimethylamino)methyl]phenyl]quinazolin-4-amine,CN(C)CC1=CC=CC=C1C2=CC3=C(C=C2)N=CN=C3NCC4=CC=CC=C4,0
"N-[(2,4-dimethoxyphenyl)methyl]-6-(furan-3-yl)quinazolin-4-amine",COC1=CC(=C(C=C1)CNC2=NC=NC3=C2C=C(C=C3)C4=COC=C4)OC,0
"3-(Benzenesulfonyl)-9-(pyridin-4-ylmethyl)-3,9-diazaspiro[5.5]undecane",C1CN(CCC12CCN(CC2)S(=O)(=O)C3=CC=CC=C3)CC4=CC=NC=C4,0
"6-(3,5-dimethylisoxazol-4-yl)-N-(3-methylbenzyl)quinazolin-4-amine",CC1=CC(=CC=C1)CNC2=NC=NC3=C2C=C(C=C3)C4=C(ON=C4C)C,0
6-(2-methoxyphenyl)-N-methylquinazolin-4-amine,CNC1=NC=NC2=C1C=C(C=C2)C3=CC=CC=C3OC,0
"(5R)-N-(3-cyanophenyl)-9-(thiadiazole-4-carbonyl)-2,9-diazaspiro[4.5]decane-2-carboxamide",C1C[C@@]2(CCN(C2)C(=O)NC3=CC=CC(=C3)C#N)CN(C1)C(=O)C4=CSN=N4,0
2-(3-Chlorophenoxy)-8-[(3-methoxyphenyl)methyl]-6-methylpteridin-7-one,CC1=NC2=CN=C(N=C2N(C1=O)CC3=CC(=CC=C3)OC)OC4=CC(=CC=C4)Cl,0
6-Methyl-8-(2-phenylethyl)-2-piperazin-1-ylpteridin-7-one,CC1=NC2=CN=C(N=C2N(C1=O)CCC3=CC=CC=C3)N4CCNCC4,0
2-(2-Chlorophenyl)-4-imidazol-1-ylquinazoline,C1=CC=C2C(=C1)C(=NC(=N2)C3=CC=CC=C3Cl)N4C=CN=C4,0
2-(3-Methoxyphenyl)-4-piperazin-1-ylquinazoline,COC1=CC=CC(=C1)C2=NC3=CC=CC=C3C(=N2)N4CCNCC4,0
"9-(Benzenesulfonyl)-2-(3-phenylphenyl)-2,9-diazaspiro[5.5]undecane",C1CC2(CCN(CC2)S(=O)(=O)C3=CC=CC=C3)CN(C1)C4=CC=CC(=C4)C5=CC=CC=C5,0
6-(2-Methoxyphenyl)-4-(4-methylpiperazin-1-yl)quinazoline,CN1CCN(CC1)C2=NC=NC3=C2C=C(C=C3)C4=CC=CC=C4OC,0
2-(4-methoxyphenoxy)-8-[[(2R)-oxolan-2-yl]methyl]-6-(2-phenylethyl)pteridin-7-one,COC1=CC=C(C=C1)OC2=NC=C3C(=N2)N(C(=O)C(=N3)CCC4=CC=CC=C4)C[C@H]5CCCO5,0
"(3-fluorophenyl)-[(5S)-2-(1,3-thiazol-2-ylmethyl)-2,7-diazaspiro[4.5]decan-7-yl]methanone",C1C[C@@]2(CCN(C2)CC3=NC=CS3)CN(C1)C(=O)C4=CC(=CC=C4)F,0
3-[2-(4-Methoxyphenoxy)-6-methyl-7-oxopteridin-8-yl]propanenitrile,CC1=NC2=CN=C(N=C2N(C1=O)CCC#N)OC3=CC=C(C=C3)OC,0
2-[4-(Benzylamino)quinazolin-6-yl]benzonitrile,C1=CC=C(C=C1)CNC2=NC=NC3=C2C=C(C=C3)C4=CC=CC=C4C#N,0
"Methyl 2-pyridin-4-yl-2,9-diazaspiro[5.5]undecane-9-carboxylate",COC(=O)N1CCC2(CCCN(C2)C3=CC=NC=C3)CC1,0
8-(4-Methoxyphenyl)-2-morpholin-4-yl-6-(2-phenylethyl)pteridin-7-one,COC1=CC=C(C=C1)N2C3=NC(=NC=C3N=C(C2=O)CCC4=CC=CC=C4)N5CCOCC5,0
2-(3-chlorophenoxy)-8-[[(2R)-oxolan-2-yl]methyl]-6-phenylpteridin-7-one,C1C[C@@H](OC1)CN2C3=NC(=NC=C3N=C(C2=O)C4=CC=CC=C4)OC5=CC(=CC=C5)Cl,0
"8-Cyclopropyl-6-(3,5-difluorophenyl)-2-piperazin-1-ylpteridin-7-one",C1CC1N2C3=NC(=NC=C3N=C(C2=O)C4=CC(=CC(=C4)F)F)N5CCNCC5,0
N-[3-[4-(methylamino)pyrimidin-2-yl]phenyl]methanesulfonamide,CNC1=NC(=NC=C1)C2=CC(=CC=C2)NS(=O)(=O)C,0
"N-(3-fluorophenyl)-7-(pyridine-4-carbonyl)-2,7-diazaspiro[3.5]nonane-2-carboxamide",C1CN(CCC12CN(C2)C(=O)NC3=CC(=CC=C3)F)C(=O)C4=CC=NC=C4,0
2-(4-methoxyphenoxy)-6-methyl-8-[[(2R)-oxolan-2-yl]methyl]pteridin-7-one,CC1=NC2=CN=C(N=C2N(C1=O)C[C@H]3CCCO3)OC4=CC=C(C=C4)OC,0
"furan-2-yl-[(5S)-2-pyridin-2-yl-2,7-diazaspiro[4.5]decan-7-yl]methanone",C1C[C@@]2(CCN(C2)C3=CC=CC=N3)CN(C1)C(=O)C4=CC=CO4,0
6-(4-Methoxyphenyl)-2-piperazin-1-yl-8-(thiophen-2-ylmethyl)pteridin-7-one,COC1=CC=C(C=C1)C2=NC3=CN=C(N=C3N(C2=O)CC4=CC=CS4)N5CCNCC5,0
N-[3-[4-[(2-methoxyphenyl)methylamino]quinazolin-2-yl]phenyl]methanesulfonamide,COC1=CC=CC=C1CNC2=NC(=NC3=CC=CC=C32)C4=CC(=CC=C4)NS(=O)(=O)C,0
N-cyclopropyl-6-(3-methoxyphenyl)quinazolin-4-amine,COC1=CC=CC(=C1)C2=CC3=C(C=C2)N=CN=C3NC4CC4,0
"N-(3-fluorophenyl)-9-(thiadiazole-4-carbonyl)-2,9-diazaspiro[5.5]undecane-2-carboxamide",C1CC2(CCN(CC2)C(=O)C3=CSN=N3)CN(C1)C(=O)NC4=CC(=CC=C4)F,0
6-(2-methylphenyl)-N-(thiophen-2-ylmethyl)quinazolin-4-amine,CC1=CC=CC=C1C2=CC3=C(C=C2)N=CN=C3NCC4=CC=CS4,0
"6-(3,5-dimethylisoxazol-4-yl)-N-(thiophen-2-ylmethyl)quinazolin-4-amine",CC1=C(C(=NO1)C)C2=CC3=C(C=C2)N=CN=C3NCC4=CC=CS4,0
"5-(3,5-dimethyl-1,2-oxazol-4-yl)-N-(2-methoxyethyl)pyrimidin-4-amine",CC1=C(C(=NO1)C)C2=CN=CN=C2NCCOC,0
8-Cyclopropyl-2-(ethylamino)-6-(2-phenylethyl)pteridin-7-one,CCNC1=NC=C2C(=N1)N(C(=O)C(=N2)CCC3=CC=CC=C3)C4CC4,0
6-[4-(dimethylamino)phenyl]-N-[(5-methylpyrazin-2-yl)methyl]quinazolin-4-amine,CC1=CN=C(C=N1)CNC2=NC=NC3=C2C=C(C=C3)C4=CC=C(C=C4)N(C)C,0
N-(furan-2-ylmethyl)-2-(2-methoxyphenyl)-N-methylquinazolin-4-amine,CN(CC1=CC=CO1)C2=NC(=NC3=CC=CC=C32)C4=CC=CC=C4OC,0
"Pyrazin-2-yl-[2-(1,3-thiazol-2-ylmethyl)-2,9-diazaspiro[5.5]undecan-9-yl]methanone",C1CC2(CCN(CC2)C(=O)C3=NC=CN=C3)CN(C1)CC4=NC=CS4,0
N-[3-[4-[(5-methylpyrazin-2-yl)methylamino]quinazolin-6-yl]phenyl]methanesulfonamide,CC1=CN=C(C=N1)CNC2=NC=NC3=C2C=C(C=C3)C4=CC(=CC=C4)NS(=O)(=O)C,0
8-[(4-Fluorophenyl)methyl]-2-methoxy-6-(2-phenylethyl)pteridin-7-one,COC1=NC=C2C(=N1)N(C(=O)C(=N2)CCC3=CC=CC=C3)CC4=CC=C(C=C4)F,0
"2-[4-[(2,4-Dimethoxyphenyl)methylamino]quinazolin-6-yl]benzonitrile",COC1=CC(=C(C=C1)CNC2=NC=NC3=C2C=C(C=C3)C4=CC=CC=C4C#N)OC,0
2-(4-Methoxyphenoxy)-8-methyl-6-thiophen-2-ylpteridin-7-one,CN1C2=NC(=NC=C2N=C(C1=O)C3=CC=CS3)OC4=CC=C(C=C4)OC,0
2-[4-(dimethylamino)phenyl]-N-[(5-methylpyrazin-2-yl)methyl]quinazolin-4-amine,CC1=CN=C(C=N1)CNC2=NC(=NC3=CC=CC=C32)C4=CC=C(C=C4)N(C)C,0
N-(4-fluorophenyl)-2-(2-methoxyphenyl)pyrimidin-4-amine,COC1=CC=CC=C1C2=NC=CC(=N2)NC3=CC=C(C=C3)F,0
N-(furan-2-ylmethyl)-2-(3-methoxyphenyl)-N-methylquinazolin-4-amine,CN(CC1=CC=CO1)C2=NC(=NC3=CC=CC=C32)C4=CC(=CC=C4)OC,0
"2-(3,5-dimethyl-1,2-oxazol-4-yl)-N-[(3-methylphenyl)methyl]quinazolin-4-amine",CC1=CC(=CC=C1)CNC2=NC(=NC3=CC=CC=C32)C4=C(ON=C4C)C,0
2-(4-Methoxyphenoxy)-6-thiophen-2-yl-8-(thiophen-2-ylmethyl)pteridin-7-one,COC1=CC=C(C=C1)OC2=NC=C3C(=N2)N(C(=O)C(=N3)C4=CC=CS4)CC5=CC=CS5,0
N-benzyl-5-[2-[(dimethylamino)methyl]phenyl]pyrimidin-4-amine,CN(C)CC1=CC=CC=C1C2=CN=CN=C2NCC3=CC=CC=C3,0
"Pyridin-4-yl-[2-(1,3-thiazol-2-ylmethyl)-2,9-diazaspiro[5.5]undecan-9-yl]methanone",C1CC2(CCN(CC2)C(=O)C3=CC=NC=C3)CN(C1)CC4=NC=CS4,0
"6-(3,5-Difluorophenyl)-8-[(4-fluorophenyl)methyl]-2-piperazin-1-ylpteridin-7-one",C1CN(CCN1)C2=NC=C3C(=N2)N(C(=O)C(=N3)C4=CC(=CC(=C4)F)F)CC5=CC=C(C=C5)F,0
"2-(1,3-benzodioxol-5-yl)-N-[(2-methoxyphenyl)methyl]pyrimidin-4-amine",COC1=CC=CC=C1CNC2=NC(=NC=C2)C3=CC4=C(C=C3)OCO4,0
N-[3-[6-[(2-methoxyphenyl)methylamino]pyrimidin-4-yl]phenyl]methanesulfonamide,COC1=CC=CC=C1CNC2=NC=NC(=C2)C3=CC(=CC=C3)NS(=O)(=O)C,0
2-(2-methoxyphenyl)-N-(pyridin-3-ylmethyl)quinazolin-4-amine,COC1=CC=CC=C1C2=NC3=CC=CC=C3C(=N2)NCC4=CN=CC=C4,0
2-Methoxy-8-[(3-methoxyphenyl)methyl]-6-thiophen-2-ylpteridin-7-one,COC1=CC=CC(=C1)CN2C3=NC(=NC=C3N=C(C2=O)C4=CC=CS4)OC,0
"4-[[(5S)-7-(pyridine-4-carbonyl)-2,7-diazaspiro[4.5]decan-2-yl]methyl]benzonitrile",C1C[C@@]2(CCN(C2)CC3=CC=C(C=C3)C#N)CN(C1)C(=O)C4=CC=NC=C4,0
"N-[(2,4-dimethoxyphenyl)methyl]-6-(2-methoxyphenyl)pyrimidin-4-amine",COC1=CC(=C(C=C1)CNC2=NC=NC(=C2)C3=CC=CC=C3OC)OC,0
2-(furan-3-yl)-N-(pyridin-3-ylmethyl)quinazolin-4-amine,C1=CC=C2C(=C1)C(=NC(=N2)C3=COC=C3)NCC4=CN=CC=C4,0
"[(5S)-2-benzyl-2,7-diazaspiro[4.5]decan-7-yl]-(3-fluorophenyl)methanone",C1C[C@@]2(CCN(C2)CC3=CC=CC=C3)CN(C1)C(=O)C4=CC(=CC=C4)F,0
"[2-[(2-Methoxyphenyl)methyl]-2,9-diazaspiro[5.5]undecan-9-yl]-pyridin-4-ylmethanone",COC1=CC=CC=C1CN2CCCC3(C2)CCN(CC3)C(=O)C4=CC=NC=C4,0
N-[3-(4-imidazol-1-ylquinazolin-2-yl)phenyl]methanesulfonamide,CS(=O)(=O)NC1=CC=CC(=C1)C2=NC3=CC=CC=C3C(=N2)N4C=CN=C4,0
6-(3-pyridinyl)-N-(3-pyridinylmethyl)-4-quinazolinamine,C1=CC(=CN=C1)CNC2=NC=NC3=C2C=C(C=C3)C4=CN=CC=C4,0
"[9-(3-Phenylphenyl)-3,9-diazaspiro[5.5]undecan-3-yl]-pyridin-4-ylmethanone",C1CN(CCC12CCN(CC2)C(=O)C3=CC=NC=C3)C4=CC=CC(=C4)C5=CC=CC=C5,0
5-[4-(dimethylamino)phenyl]-N-(thiophen-2-ylmethyl)pyrimidin-4-amine,CN(C)C1=CC=C(C=C1)C2=CN=CN=C2NCC3=CC=CS3,0
N-(furan-2-ylmethyl)-5-(2-methoxyphenyl)-N-methylpyrimidin-4-amine,CN(CC1=CC=CO1)C2=NC=NC=C2C3=CC=CC=C3OC,0
"[(5S)-2-(2-methylpropyl)-2,7-diazaspiro[4.5]decan-7-yl]-pyridin-4-ylmethanone",CC(C)CN1CC[C@]2(C1)CCCN(C2)C(=O)C3=CC=NC=C3,0
"pyridin-4-yl-[(5S)-2-pyridin-4-yl-2,7-diazaspiro[4.5]decan-7-yl]methanone",C1C[C@@]2(CCN(C2)C3=CC=NC=C3)CN(C1)C(=O)C4=CC=NC=C4,0
"4-[4-[furan-2-ylmethyl(methyl)amino]quinazolin-6-yl]-N,N-dimethylbenzamide",CN(C)C(=O)C1=CC=C(C=C1)C2=CC3=C(C=C2)N=CN=C3N(C)CC4=CC=CO4,0
"3-[6-(3,5-Difluorophenyl)-2-(3-methoxyanilino)-7-oxopteridin-8-yl]propanenitrile",COC1=CC=CC(=C1)NC2=NC=C3C(=N2)N(C(=O)C(=N3)C4=CC(=CC(=C4)F)F)CCC#N,0
"N-[(2,4-dimethoxyphenyl)methyl]-5-(3-methoxyphenyl)pyrimidin-4-amine",COC1=CC(=C(C=C1)CNC2=NC=NC=C2C3=CC(=CC=C3)OC)OC,0
"N-[2-[[2-(1,3-benzodioxol-5-yl)quinazolin-4-yl]amino]ethyl]acetamide",CC(=O)NCCNC1=NC(=NC2=CC=CC=C21)C3=CC4=C(C=C3)OCO4,0
"4-[4-[(2,4-dimethoxyphenyl)methylamino]quinazolin-6-yl]-N,N-dimethylbenzamide",CN(C)C(=O)C1=CC=C(C=C1)C2=CC3=C(C=C2)N=CN=C3NCC4=C(C=C(C=C4)OC)OC,0
8-(2-Methoxyethyl)-2-phenoxy-6-thiophen-2-ylpteridin-7-one,COCCN1C2=NC(=NC=C2N=C(C1=O)C3=CC=CS3)OC4=CC=CC=C4,0
"2-(Dimethylamino)-6,8-bis(2-phenylethyl)pteridin-7-one",CN(C)C1=NC=C2C(=N1)N(C(=O)C(=N2)CCC3=CC=CC=C3)CCC4=CC=CC=C4,0
2-[4-(Thiophen-2-ylmethylamino)quinazolin-6-yl]benzonitrile,C1=CC=C(C(=C1)C#N)C2=CC3=C(C=C2)N=CN=C3NCC4=CC=CS4,0
6-(3-methoxyphenyl)-N-(pyridin-3-ylmethyl)pyrimidin-4-amine,COC1=CC=CC(=C1)C2=CC(=NC=N2)NCC3=CN=CC=C3,0
"5-(3,5-dimethyl-1,2-oxazol-4-yl)-N-(furan-2-ylmethyl)-N-methylpyrimidin-4-amine",CC1=C(C(=NO1)C)C2=CN=CN=C2N(C)CC3=CC=CO3,0
2-Methoxy-8-(2-methoxyethyl)-6-(2-phenylethyl)pteridin-7-one,COCCN1C2=NC(=NC=C2N=C(C1=O)CCC3=CC=CC=C3)OC,0
8-[(3-Methoxyphenyl)methyl]-6-phenylpteridin-7-one,COC1=CC=CC(=C1)CN2C3=NC=NC=C3N=C(C2=O)C4=CC=CC=C4,0
2-[4-(2-Morpholin-4-ylethylamino)quinazolin-6-yl]benzonitrile,C1COCCN1CCNC2=NC=NC3=C2C=C(C=C3)C4=CC=CC=C4C#N,0
2-[2-[(dimethylamino)methyl]phenyl]-N-[(3-methylphenyl)methyl]quinazolin-4-amine,CC1=CC(=CC=C1)CNC2=NC(=NC3=CC=CC=C32)C4=CC=CC=C4CN(C)C,0
"N-[(2,4-dimethoxyphenyl)methyl]-6-(2-methoxyphenyl)quinazolin-4-amine",COC1=CC(=C(C=C1)CNC2=NC=NC3=C2C=C(C=C3)C4=CC=CC=C4OC)OC,0
2-(Ethylamino)-8-[(3-methoxyphenyl)methyl]pteridin-7-one,CCNC1=NC=C2C(=N1)N(C(=O)C=N2)CC3=CC(=CC=C3)OC,0
Propafenone Hydrochloride,CCCNCC(COC1=CC=CC=C1C(=O)CCC2=CC=CC=C2)O.Cl,0
Rimcazole,C[C@@H]1CN(C[C@@H](N1)C)CCCN2C3=CC=CC=C3C4=CC=CC=C42,0
Flupirtine,CCOC(=O)NC1=C(N=C(C=C1)NCC2=CC=C(C=C2)F)N,0
Lovastatin,CC[C@H](C)C(=O)O[C@H]1C[C@H](C=C2[C@H]1[C@H]([C@H](C=C2)C)CC[C@@H]3C[C@H](CC(=O)O3)O)C,0
"1,2,9,10-Tetramethoxy-6,7-dimethyl-5,6-dihydro-4h-dibenzo[de,g]quinoline",CC1=C2C3=C(C4=CC(=C(C=C14)OC)OC)C(=C(C=C3CCN2C)OC)OC,0
Tiotidine,CN=C(NCCSCC1=CSC(=N1)N=C(N)N)NC#N,0
Pergolide,CCCN1C[C@@H](C[C@H]2[C@H]1CC3=CNC4=CC=CC2=C34)CSC,0
"N-Cyano-N'-(1,1-dimethylpropyl)-N''-3-pyridinylguanidine",CCC(C)(C)N=C(NC#N)NC1=CN=CC=C1,0
Torasemide,CC1=CC(=CC=C1)NC2=C(C=NC=C2)S(=O)(=O)NC(=O)NC(C)C,0
Nitazoxanide,CC(=O)OC1=CC=CC=C1C(=O)NC2=NC=C(S2)[N+](=O)[O-],0
"3,3',5,5'-Tetramethylbenzidine",CC1=CC(=CC(=C1N)C)C2=CC(=C(C(=C2)C)N)C,0
Nicardipine Hydrochloride,CC1=C(C(C(=C(N1)C)C(=O)OCCN(C)CC2=CC=CC=C2)C3=CC(=CC=C3)[N+](=O)[O-])C(=O)OC.Cl,0
2-Amino-4-phenylthiazole hydrobromide monohydrate,C1=CC=C(C=C1)C2=CSC(=N2)N.O.Br,0
Diltiazem,CC(=O)O[C@@H]1[C@@H](SC2=CC=CC=C2N(C1=O)CCN(C)C)C3=CC=C(C=C3)OC,0
Azelastine Hydrochloride,CN1CCCC(CC1)N2C(=O)C3=CC=CC=C3C(=N2)CC4=CC=C(C=C4)Cl.Cl,0
"2-Amino-5,6-dimethylbenzothiazole",CC1=CC2=C(C=C1C)SC(=N2)N,0
Moricizine,CCOC(=O)NC1=CC2=C(C=C1)SC3=CC=CC=C3N2C(=O)CCN4CCOCC4,0
2-n-Octyl-4-isothiazolin-3-one,CCCCCCCCN1C(=O)C=CS1,0
"Tris(3,5-xylenyl)phosphate",CC1=CC(=CC(=C1)OP(=O)(OC2=CC(=CC(=C2)C)C)OC3=CC(=CC(=C3)C)C)C,0
Silibinin,COC1=C(C=CC(=C1)[C@@H]2[C@H](OC3=C(O2)C=C(C=C3)[C@@H]4[C@H](C(=O)C5=C(C=C(C=C5O4)O)O)O)CO)O,0
2-Methyl-1-nitroanthraquinone,CC1=C(C2=C(C=C1)C(=O)C3=CC=CC=C3C2=O)[N+](=O)[O-],0
(-)-Beta-narcotine,CN1CCC2=CC3=C(C(=C2[C@@H]1[C@H]4C5=C(C(=C(C=C5)OC)OC)C(=O)O4)OC)OCO3,0
Thymolphthalein,CC1=CC(=C(C=C1C2(C3=CC=CC=C3C(=O)O2)C4=CC(=C(C=C4C)O)C(C)C)C(C)C)O,0
Clemastine,C[C@@](C1=CC=CC=C1)(C2=CC=C(C=C2)Cl)OCC[C@H]3CCCN3C,0
Phenmedipham,CC1=CC(=CC=C1)NC(=O)OC2=CC=CC(=C2)NC(=O)OC,0
Camptothecin,CC[C@@]1(C2=C(COC1=O)C(=O)N3CC4=CC5=CC=CC=C5N=C4C3=C2)O,0
Acrisorcin,CCCCCCC1=C(C=C(C=C1)O)O.C1=CC=C2C(=C1)C(=C3C=CC=CC3=N2)N,0
Cisatracurium Besylate,C[N@@+]1(CCC2=CC(=C(C=C2[C@H]1CC3=CC(=C(C=C3)OC)OC)OC)OC)CCC(=O)OCCCCCOC(=O)CC[N@+]4(CCC5=CC(=C(C=C5[C@H]4CC6=CC(=C(C=C6)OC)OC)OC)OC)C.C1=CC=C(C=C1)S(=O)(=O)[O-].C1=CC=C(C=C1)S(=O)(=O)[O-],0
Atranorin,CC1=CC(=C(C(=C1C(=O)OC2=C(C(=C(C(=C2)C)C(=O)OC)O)C)O)C=O)O,0
"11H-Indeno[1,2-b]quinoline",C1C2=CC=CC=C2C3=NC4=CC=CC=C4C=C31,0
Xanthoxylin,CC(=O)C1=C(C=C(C=C1OC)OC)O,0
Oxyphencyclimine Hydrochloride,CN1CCCN=C1COC(=O)C(C2CCCCC2)(C3=CC=CC=C3)O.Cl,0
Esreboxetine,CCOC1=CC=CC=C1O[C@H]([C@@H]2CNCCO2)C3=CC=CC=C3,0
Sulconazole Nitrate,C1=CC(=CC=C1CSC(CN2C=CN=C2)C3=C(C=C(C=C3)Cl)Cl)Cl.[N+](=O)(O)[O-],0
Proadifen Hydrochloride,CCCC(C1=CC=CC=C1)(C2=CC=CC=C2)C(=O)OCCN(CC)CC.Cl,0
(-)-Arctigenin,COC1=C(C=C(C=C1)C[C@H]2COC(=O)[C@@H]2CC3=CC(=C(C=C3)O)OC)OC,0
Sibutramine Hydrochloride,CC(C)CC(C1(CCC1)C2=CC=C(C=C2)Cl)N(C)C.Cl,0
Meclozine Dihydrochloride,CC1=CC(=CC=C1)CN2CCN(CC2)C(C3=CC=CC=C3)C4=CC=C(C=C4)Cl.Cl.Cl,0
Nelfinavir Mesylate,CC1=C(C=CC=C1O)C(=O)N[C@@H](CSC2=CC=CC=C2)[C@@H](CN3C[C@H]4CCCC[C@H]4C[C@H]3C(=O)NC(C)(C)C)O.CS(=O)(=O)O,0
Sertraline Hydrochloride,CN[C@H]1CC[C@H](C2=CC=CC=C12)C3=CC(=C(C=C3)Cl)Cl.Cl,0
Verapamil Hydrochloride,CC(C)C(CCCN(C)CCC1=CC(=C(C=C1)OC)OC)(C#N)C2=CC(=C(C=C2)OC)OC.Cl,0
Coralyne chloride,CC1=C2C=C(C(=CC2=CC3=[N+]1C=CC4=CC(=C(C=C43)OC)OC)OC)OC.[Cl-],0
Paroxetine Hydrochloride,C1CNC[C@H]([C@@H]1C2=CC=C(C=C2)F)COC3=CC4=C(C=C3)OCO4.Cl,0
Reconcile,CNCCC(C1=CC=CC=C1)OC2=CC=C(C=C2)C(F)(F)F.Cl,0
Eugenyl benzoate,COC1=C(C=CC(=C1)CC=C)OC(=O)C2=CC=CC=C2,0
Phenelzine Sulfate,C1=CC=C(C=C1)CCNN.OS(=O)(=O)O,0
Relcovaptan,COC1=C(C=C(C=C1)S(=O)(=O)N2[C@H]([C@](C3=C2C=CC(=C3)Cl)(C4=CC=CC=C4Cl)O)C(=O)N5CCC[C@H]5C(=O)N)OC,0
Saquinavir Mesylate,CC(C)(C)NC(=O)[C@@H]1C[C@@H]2CCCC[C@@H]2CN1C[C@H]([C@H](CC3=CC=CC=C3)NC(=O)[C@H](CC(=O)N)NC(=O)C4=NC5=CC=CC=C5C=C4)O.CS(=O)(=O)O,0
Mibefradil,CC(C)[C@H]1C2=C(CC[C@@]1(CCN(C)CCCC3=NC4=CC=CC=C4N3)OC(=O)COC)C=C(C=C2)F,0
Ecadotril,CC(=O)SC[C@@H](CC1=CC=CC=C1)C(=O)NCC(=O)OCC2=CC=CC=C2,0
Pioglitazone Hydrochloride,CCC1=CN=C(C=C1)CCOC2=CC=C(C=C2)CC3C(=O)NC(=O)S3.Cl,0
CY 208-243,CN1CC2=CC=CC=C2[C@H]3[C@H]1CC4=CNC5=CC=CC3=C45,0
Imazodan,C1CC(=O)NN=C1C2=CC=C(C=C2)N3C=CN=C3,0
Raloxifene Hydrochloride,C1CCN(CC1)CCOC2=CC=C(C=C2)C(=O)C3=C(SC4=C3C=CC(=C4)O)C5=CC=C(C=C5)O.Cl,0
Diallyl phthalate,C=CCOC(=O)C1=CC=CC=C1C(=O)OCC=C,0
Dequalinium Chloride,CC1=[N+](C2=CC=CC=C2C(=C1)N)CCCCCCCCCC[N+]3=C(C=C(C4=CC=CC=C43)N)C.[Cl-].[Cl-],0
Podophyllotoxin,COC1=CC(=CC(=C1OC)OC)[C@H]2[C@@H]3[C@H](COC3=O)[C@H](C4=CC5=C(C=C24)OCO5)O,0
Olivetol,CCCCCC1=CC(=CC(=C1)O)O,0
Osthol,CC(=CCC1=C(C=CC2=C1OC(=O)C=C2)OC)C,0
Imperatorin,CC(=CCOC1=C2C(=CC3=C1OC=C3)C=CC(=O)O2)C,0
Chelidonine (+),CN1CC2=C(C=CC3=C2OCO3)C4C1C5=CC6=C(C=C5CC4O)OCO6,0
"N,N'-(Cyclohexane-1,4-diylbis(methylene))bis(1-(2-chlorophenyl)methanamine)",C1CC(CCC1CNCC2=CC=CC=C2Cl)CNCC3=CC=CC=C3Cl,0
Piperonyl acetate,CC(=O)OCC1=CC2=C(C=C1)OCO2,0
Hydralazine Hydrochloride,C1=CC=C2C(=C1)C=NN=C2NN.Cl,0
"2,2,4-Trimethyl-1,2-dihydroquinoline",CC1=CC(NC2=CC=CC=C12)(C)C,0
"4,4'-Thiodianiline",C1=CC(=CC=C1N)SC2=CC=C(C=C2)N,0
Phenyl 4-aminosalicylate,C1=CC=C(C=C1)OC(=O)C2=C(C=C(C=C2)N)O,0
Captan,C1C=CCC2C1C(=O)N(C2=O)SC(Cl)(Cl)Cl,0
Apiole,COC1=C2C(=C(C(=C1)CC=C)OC)OCO2,0
Piperidolate Hydrochloride,CCN1CCCC(C1)OC(=O)C(C2=CC=CC=C2)C3=CC=CC=C3.Cl,0
"anthra(1,9-cd)pyrazol-6(2H)-one",C1=CC=C2C(=C1)C3=NNC4=CC=CC(=C43)C2=O,0
Dianisidine,COC1=C(C=CC(=C1)C2=CC(=C(C=C2)N)OC)N,0
Chloranil,C1(=C(C(=O)C(=C(C1=O)Cl)Cl)Cl)Cl,0
2-Aminoanthraquinone,C1=CC=C2C(=C1)C(=O)C3=C(C2=O)C=C(C=C3)N,0
"N,N'-Di-sec-butyl-p-phenylenediamine",CCC(C)NC1=CC=C(C=C1)NC(C)CC,0
Resorcinol diglycidyl ether,C1C(O1)COC2=CC(=CC=C2)OCC3CO3,0
"4,4-Diaminodiphenylmethane",C1=CC(=CC=C1CC2=CC=C(C=C2)N)N,0
"3,3'-Dichloro-4,4'-Diaminodiphenylmethane",C1=CC(=C(C=C1CC2=CC(=C(C=C2)N)Cl)Cl)N,0
o-Aminoazotoluene,CC1=CC=CC=C1N=NC2=CC(=C(C=C2)N)C,0
4-Aminobiphenyl,C1=CC=C(C=C1)C2=CC=C(C=C2)N,0
"3,3'-Dimethoxybenzidine-4,4'-diisocyanate",COC1=C(C=CC(=C1)C2=CC(=C(C=C2)N=C=O)OC)N=C=O,0
Triallyl isocyanurate,C=CCN1C(=O)N(C(=O)N(C1=O)CC=C)CC=C,0
Bithionolate Sodium,C1=C(C=C(C(=C1SC2=C(C(=CC(=C2)Cl)Cl)[O-])[O-])Cl)Cl.[Na+].[Na+],0
C.I. Sulphur Blue 7,CC1=C(C=CC(=C1)NC2=CC=C(C=C2)O)N,0
2-Chloro-p-phenylenediamine sulfate,C1=CC(=C(C=C1N)Cl)N.OS(=O)(=O)O,0
"2,2'-Dihydroxy-6,6'-dinaphthyldisulfide",C1=CC2=C(C=CC(=C2)SSC3=CC4=C(C=C3)C=C(C=C4)O)C=C1O,0
6-Chloro-2-phenyl-1H-benzimidazole,C1=CC=C(C=C1)C2=NC3=C(N2)C=C(C=C3)Cl,0
Amitriptylinoxide,C[N+](C)(CCC=C1C2=CC=CC=C2CCC3=CC=CC=C31)[O-],0
D-Melphalan,C1=CC(=CC=C1C[C@H](C(=O)O)N)N(CCCl)CCCl,0
Pentaerythritol triacrylate,C=CC(=O)OCC(CO)(COC(=O)C=C)COC(=O)C=C,0
Mebeverine Hydrochloride,CCN(CCCCOC(=O)C1=CC(=C(C=C1)OC)OC)C(C)CC2=CC=C(C=C2)OC.Cl,0
1-Methylpyrene,CC1=C2C=CC3=CC=CC4=C3C2=C(C=C1)C=C4,0
"1,5-Diaminonaphthalene",C1=CC2=C(C=CC=C2N)C(=C1)N,0
Chlorothalonil,C(#N)C1=C(C(=C(C(=C1Cl)Cl)Cl)C#N)Cl,0
Ethidium Bromide,CC[N+]1=C2C=C(C=CC2=C3C=CC(=CC3=C1C4=CC=CC=C4)N)N.[Br-],0
Orsellinic Acid,CC1=CC(=CC(=C1C(=O)O)O)O,0
2-Toluidine hydrochloride,CC1=CC=CC=C1N.Cl,0
Berberine chloride,COC1=C(C2=C[N+]3=C(C=C2C=C1)C4=CC5=C(C=C4CC3)OCO5)OC.[Cl-],0
3-Ethoxyaniline,CCOC1=CC=CC(=C1)N,0
"3,3'-Dichlorobenzidine dihydrochloride",C1=CC(=C(C=C1C2=CC(=C(C=C2)N)Cl)Cl)N.Cl.Cl,0
Alpha-Naphthoflavone,C1=CC=C(C=C1)C2=CC(=O)C3=C(O2)C4=CC=CC=C4C=C3,0
"Toluene 2,4-Diisocyanate",CC1=C(C=C(C=C1)N=C=O)N=C=O,0
Pararosaniline,C1=CC(=N)C=CC1=C(C2=CC=C(C=C2)N)C3=CC=C(C=C3)N,0
Pararosaniline Hydrochloride,C1=CC(=N)C=CC1=C(C2=CC=C(C=C2)N)C3=CC=C(C=C3)N.Cl,0
(+-)-Eriodictyol,C1C(OC2=CC(=CC(=C2C1=O)O)O)C3=CC(=C(C=C3)O)O,0
Paeonol,CC(=O)C1=C(C=C(C=C1)OC)O,0
Crystal Violet,CN(C)C1=CC=C(C=C1)C(=C2C=CC(=[N+](C)C)C=C2)C3=CC=C(C=C3)N(C)C.[Cl-],0
C.I. Basic Orange 2,C1=CC=C(C=C1)N=NC2=C(C=C(C=C2)N)N.Cl,0
N-(1-Methyl-1H-indol-5-yl)-N'-3-pyridinylurea,CN1C=CC2=C1C=CC(=C2)NC(=O)NC3=CN=CC=C3,0
(+/-)-trans-U-50488 methanesulfonate salt,CN([C@@H]1CCCC[C@H]1N2CCCC2)C(=O)CC3=CC(=C(C=C3)Cl)Cl.CS(=O)(=O)O,0
Didesmethylsibutramine hydrochloride,CC(C)CC(C1(CCC1)C2=CC=C(C=C2)Cl)N.Cl,0
BP 554,C1CN(CCN1CCCOC2=CC3=C(C=C2)OCO3)C4=CC=CC=C4,0
"L-732,138",CC(=O)N[C@@H](CC1=CNC2=CC=CC=C21)C(=O)OCC3=CC(=CC(=C3)C(F)(F)F)C(F)(F)F,0
"2-(4-Fluorophenyl)-N,N-dihexyl-1H-indole-3-acetamide",CCCCCCN(CCCCCC)C(=O)CC1=C(NC2=CC=CC=C21)C3=CC=C(C=C3)F,0
2-((5-Chloro-2-methoxyphenyl)azo)-1H-imidazole,COC1=C(C=C(C=C1)Cl)N=NC2=NC=CN2,0
"2-(5-(3-(4-(Methylsulfonylamino)benzyl)-1,2,4-oxadiazol-5-yl)-1H-indole-3-yl)ethylamine",CS(=O)(=O)NC1=CC=C(C=C1)CC2=NOC(=N2)C3=CC4=C(C=C3)NC=C4CCN,0
4-fluoro-N-[2-[4-(7-methoxynaphthalen-1-yl)piperazin-1-yl]ethyl]benzamide,COC1=CC2=C(C=CC=C2N3CCN(CC3)CCNC(=O)C4=CC=C(C=C4)F)C=C1,0
2-(4-Ethoxybenzyl)-1-diethylaminoethyl-5-isothiocyanatobenzimidazole,CCN(CC)CCN1C2=C(C=C(C=C2)N=C=S)N=C1CC3=CC=C(C=C3)OCC,0
Nbbcc,CCCCOC(=O)C1=NC=C2C(=C1)C3=CC=CC=C3N2,0
SR 2640,C1=CC=C2C(=C1)C=CC(=N2)COC3=CC=CC(=C3)NC4=CC=CC=C4C(=O)O,0
"2-(3,4-Dichlorophenyl)-N-methyl-N-(1-(3-isothiocyanatophenyl)-2-(1-pyrrolidinyl)ethyl)acetamide",CN([C@H](CN1CCCC1)C2=CC(=CC=C2)N=C=S)C(=O)CC3=CC(=C(C=C3)Cl)Cl,0
2-(1-(4-Piperonyl)piperazinyl)benzothiazole,C1CN(CCN1CC2=CC3=C(C=C2)OCO3)C4=NC5=CC=CC=C5S4,0
Ahpn,C1C2CC3CC1CC(C2)(C3)C4=C(C=CC(=C4)C5=CC6=C(C=C5)C=C(C=C6)C(=O)O)O,0
2-(4-Morpholinyl)ethyl 1-phenylcyclohexanecarboxylate,C1CCC(CC1)(C2=CC=CC=C2)C(=O)OCCN3CCOCC3,0
Indatraline,CN[C@@H]1C[C@H](C2=CC=CC=C12)C3=CC(=C(C=C3)Cl)Cl,0
W-7 Hydrochloride,C1=CC2=C(C=CC=C2Cl)C(=C1)S(=O)(=O)NCCCCCCN.Cl,0
N-(6-phenylhexyl)-5-chloro-1-naphthalenesulfonamide,C1=CC=C(C=C1)CCCCCCNS(=O)(=O)C2=CC=CC3=C2C=CC=C3Cl,0
Glabranin,CC(=CCC1=C2C(=C(C=C1O)O)C(=O)C[C@H](O2)C3=CC=CC=C3)C,0
Snc 80,CCN(CC)C(=O)C1=CC=C(C=C1)[C@H](C2=CC(=CC=C2)OC)N3C[C@H](N(C[C@@H]3C)CC=C)C,0
"2,2-Dimethyl-N-(2,4,6-trimethoxyphenyl)dodecanamide",CCCCCCCCCCC(C)(C)C(=O)NC1=C(C=C(C=C1OC)OC)OC,0
Luzindole,CC(=O)NCCC1=C(NC2=CC=CC=C21)CC3=CC=CC=C3,0
LY 255283,CCC1=CC(=C(C=C1OCCCCCC(C)(C)C2=NNN=N2)O)C(=O)C,0
LY-165163,C1CN(CCN1CCC2=CC=C(C=C2)N)C3=CC=CC(=C3)C(F)(F)F,0
Capnoidine,CN1CCC2=CC3=C(C=C2[C@@H]1[C@H]4C5=C(C6=C(C=C5)OCO6)C(=O)O4)OCO3,0
Euparin,CC(=C)C1=CC2=CC(=C(C=C2O1)O)C(=O)C,0
Isophorone diisocyanate,CC1(CC(CC(C1)(C)CN=C=O)N=C=O)C,0
"8,8'-(1,4-Butanediyl)bis(1,2,3,9-tetrahydro-1,3-dimethyl-2-thioxo-6H-purin-6-one)",CN1C2=C(C(=O)N(C1=S)C)NC(=N2)CCCCC3=NC4=C(N3)C(=O)N(C(=S)N4C)C,0
"4,4'-(Dithiodimethylene)dipyridine",C1=CN=CC=C1CSSCC2=CC=NC=C2,0
L-(cis)-diltiazem,CC(=O)O[C@H]1[C@H](SC2=CC=CC=C2N(C1=O)CCN(C)C)C3=CC=C(C=C3)OC,0
Benfluorex hydrochloride,CC(CC1=CC(=CC=C1)C(F)(F)F)NCCOC(=O)C2=CC=CC=C2.Cl,0
Lopac-L-8397,CC(C)C[C@@H](CSSC[C@H](CC(C)C)N)N,0
Hexestrol,CC[C@H](C1=CC=C(C=C1)O)[C@@H](CC)C2=CC=C(C=C2)O,0
"Propafenone, (S)-",CCCNC[C@@H](COC1=CC=CC=C1C(=O)CCC2=CC=CC=C2)O,0
"4',6-Dihydroxyflavone",C1=CC(=CC=C1C2=CC(=O)C3=C(O2)C=CC(=C3)O)O,0
3-((Dimethylamino)methyl)-2-methylindole,CC1=C(C2=CC=CC=C2N1)CN(C)C,0
"2-(2-Furanyl)-7-(2-phenylethyl)-7H-pyrazolo(4,3-e)(1,2,4)triazolo(1,5-c)pyrimidin-5-amine",C1=CC=C(C=C1)CCN2C3=C(C=N2)C4=NC(=NN4C(=N3)N)C5=CC=CO5,0
"4-(2-(7-Amino-2-(2-furyl)-(1,2,4)triazolo(2,3-a)-(1,3,5)triazin-5-yl-amino)ethyl)phenol",C1=COC(=C1)C2=NN3C(=NC(=NC3=N2)NCCC4=CC=C(C=C4)O)N,0
SB 216763,CN1C=C(C2=CC=CC=C21)C3=C(C(=O)NC3=O)C4=C(C=C(C=C4)Cl)Cl,0
Sb-203580,CS(=O)C1=CC=C(C=C1)C2=NC(=C(N2)C3=CC=NC=C3)C4=CC=C(C=C4)F,0
"rel-4-((R)-((2S,5R)-2,5-Dimethyl-4-(2-propen-1-yl)-1-piperazinyl)(3-hydroxyphenyl)methyl)-N,N-diethylbenzamide",CCN(CC)C(=O)C1=CC=C(C=C1)[C@H](C2=CC(=CC=C2)O)N3C[C@H](N(C[C@@H]3C)CC=C)C,0
"5,4'-Dihydroxyflavone",C1=CC(=C2C(=C1)OC(=CC2=O)C3=CC=C(C=C3)O)O,0
4'-Hydroxyflavanone,C1C(OC2=CC=CC=C2C1=O)C3=CC=C(C=C3)O,0
Dihydromyristicin,CCCC1=CC2=C(C(=C1)OC)OCO2,0
Fipexide hydrochloride,C1CN(CCN1CC2=CC3=C(C=C2)OCO3)C(=O)COC4=CC=C(C=C4)Cl.Cl,0
Cloperastine Hydrochloride,C1CCN(CC1)CCOC(C2=CC=CC=C2)C3=CC=C(C=C3)Cl.Cl,0
(+)-Isradipine,CC1=C([C@@H](C(=C(N1)C)C(=O)OC(C)C)C2=CC=CC3=NON=C32)C(=O)OC,0
"3,5-Pyridinedicarboxylic acid, 1,4-dihydro-2,6-dimethyl-4-(3-nitrophenyl)-, ethyl methyl ester, (4R)-",CCOC(=O)C1=C(NC(=C([C@H]1C2=CC(=CC=C2)[N+](=O)[O-])C(=O)OC)C)C,0
(S)-Nitrendipine,CCOC(=O)C1=C(NC(=C([C@@H]1C2=CC(=CC=C2)[N+](=O)[O-])C(=O)OC)C)C,0
"3,5-Pyridinedicarboxylic acid, 1,4-dihydro-2,6-dimethyl-4-(3-nitrophenyl)-, 2-methoxyethyl 1-methylethyl ester, (4S)-",CC1=C([C@@H](C(=C(N1)C)C(=O)OC(C)C)C2=CC(=CC=C2)[N+](=O)[O-])C(=O)OCCOC,0
"3,5-Pyridinedicarboxylic acid, 1,4-dihydro-2,6-dimethyl-4-(3-nitrophenyl)-, 2-methoxyethyl 1-methylethyl ester, (4R)-",CC1=C([C@H](C(=C(N1)C)C(=O)OC(C)C)C2=CC(=CC=C2)[N+](=O)[O-])C(=O)OCCOC,0
"(2R,3S)-3-(6-amino-9H-purin-9-yl)nonan-2-ol",CCCCCC[C@@H]([C@@H](C)O)N1C=NC2=C(N=CN=C21)N,0
"3',4'-Dihydroxyflavone",C1=CC=C2C(=C1)C(=O)C=C(O2)C3=CC(=C(C=C3)O)O,0
Mdl-28170,CC(C)[C@@H](C(=O)N[C@@H](CC1=CC=CC=C1)C=O)NC(=O)OCC2=CC=CC=C2,0
Eburnamonine,CC[C@]12CCCN3[C@H]1C4=C(CC3)C5=CC=CC=C5N4C(=O)C2,0
Tebufenozide,CCC1=CC=C(C=C1)C(=O)NN(C(=O)C2=CC(=CC(=C2)C)C)C(C)(C)C,0
N-(3-(3-(1-Piperidinylmethyl)phenoxy)propyl)-2-benzothiazolamine,C1CCN(CC1)CC2=CC(=CC=C2)OCCCNC3=NC4=CC=CC=C4S3,0
Gliquidone,CC1(C2=C(C=C(C=C2)OC)C(=O)N(C1=O)CCC3=CC=C(C=C3)S(=O)(=O)NC(=O)NC4CCCCC4)C,0
Carbetapentane Citrate,CCN(CC)CCOCCOC(=O)C1(CCCC1)C2=CC=CC=C2.C(C(=O)O)C(CC(=O)O)(C(=O)O)O,0
4-(2-(Phenylthio)ethyl)pyridine,C1=CC=C(C=C1)SCCC2=CC=NC=C2,0
"5,3',4'-Trihydroxyflavone",C1=CC(=C2C(=C1)OC(=CC2=O)C3=CC(=C(C=C3)O)O)O,0
Tebuconazole,CC(C)(C)C(CCC1=CC=C(C=C1)Cl)(CN2C=NC=N2)O,0
D&C Red No. 27,C1=C2C(=C(C(=C1Br)O)Br)OC3=C(C(=C(C=C3C24C5=C(C(=C(C(=C5Cl)Cl)Cl)Cl)C(=O)O4)Br)O)Br,0
4'-Methoxyflavone,COC1=CC=C(C=C1)C2=CC(=O)C3=CC=CC=C3O2,0
Ethyl orsellinate,CCOC(=O)C1=C(C=C(C=C1C)O)O,0
"2,5-Di-tert-butyl-4-methoxyphenol",CC(C)(C)C1=CC(=C(C=C1OC)C(C)(C)C)O,0
Stictic Acid,CC1=CC(=C(C2=C1C(=O)OC3=C(O2)C4=C(C(=C3C)O)C(=O)OC4O)C=O)OC,0
(S)-Verapamil,CC(C)[C@](CCCN(C)CCC1=CC(=C(C=C1)OC)OC)(C#N)C2=CC(=C(C=C2)OC)OC,0
Nonaethylene Glycol Nonylphenyl Ether,CCCCCCCCCC1=CC=C(C=C1)OCCOCCOCCOCCOCCOCCOCCOCCOCCO,0
Nobiletin,COC1=C(C=C(C=C1)C2=CC(=O)C3=C(O2)C(=C(C(=C3OC)OC)OC)OC)OC,0
Hesperetin,COC1=C(C=C(C=C1)[C@@H]2CC(=O)C3=C(C=C(C=C3O2)O)O)O,0
Maprotiline Hydrochloride,CNCCCC12CCC(C3=CC=CC=C31)C4=CC=CC=C24.Cl,0
N-1-Naphthylbenzamide,C1=CC=C(C=C1)C(=O)NC2=CC=CC3=CC=CC=C32,0
Rilmenidine,C1CC1C(C2CC2)NC3=NCCO3,0
Econazole Nitrate,C1=CC(=CC=C1COC(CN2C=CN=C2)C3=C(C=C(C=C3)Cl)Cl)Cl.[N+](=O)(O)[O-],0
Miconazole Nitrate,C1=CC(=C(C=C1Cl)Cl)COC(CN2C=CN=C2)C3=C(C=C(C=C3)Cl)Cl.[N+](=O)(O)[O-],0
Isobergapten,COC1=C2C=CC(=O)OC2=C3C=COC3=C1,0
Isopimpinellin,COC1=C2C=COC2=C(C3=C1C=CC(=O)O3)OC,0
Tangeretin,COC1=CC=C(C=C1)C2=CC(=O)C3=C(O2)C(=C(C(=C3OC)OC)OC)OC,0
"2',4',6'-Trihydroxyacetophenone",CC(=O)C1=C(C=C(C=C1O)O)O,0
Karanjin,COC1=C(OC2=C(C1=O)C=CC3=C2C=CO3)C4=CC=CC=C4,0
2-Iodomelatonin,CC(=O)NCCC1=C(NC2=C1C=C(C=C2)OC)I,0
1-(1-(3-Isothiocyanatophenyl)cyclohexyl)piperidine,C1CCC(CC1)(C2=CC(=CC=C2)N=C=S)N3CCCCC3,0
(S)-alpha-Amino-N-2-naphthyl-1H-imidazole-4-propionamide,C1=CC=C2C=C(C=CC2=C1)NC(=O)C(CC3=CN=CN3)N,0
Carboxyamidotriazole,C1=CC(=CC=C1C(=O)C2=C(C=C(C=C2Cl)CN3C(=C(N=N3)C(=O)N)N)Cl)Cl,0
Sch 28080,CC1=C(N2C=CC=C(C2=N1)OCC3=CC=CC=C3)CC#N,0
"5-Methoxy 3-(1,2,3,6-tetrahydro-4-pyridinyl)1H indole",COC1=CC2=C(C=C1)NC=C2C3=CCNCC3,0
Dihydrocapsaicin,CC(C)CCCCCCC(=O)NCC1=CC(=C(C=C1)O)OC,0
Deguelin,CC1(C=CC2=C(O1)C=CC3=C2O[C@@H]4COC5=CC(=C(C=C5[C@@H]4C3=O)OC)OC)C,0
"(3aR,7aR)-Octahydro-2-(1-imino-2-(2-methoxyphenyl)ethyl)-7,7-diphenyl-4H-isoindol-4-one",COC1=CC=CC=C1CC(=N)N2C[C@H]3[C@@H](C2)C(CCC3=O)(C4=CC=CC=C4)C5=CC=CC=C5,0
Ethyl apovincaminate,CC[C@]12CCCN3[C@H]1C4=C(CC3)C5=CC=CC=C5N4C(=C2)C(=O)OCC,0
Methylene Blue Trihydrate,CN(C)C1=CC2=C(C=C1)N=C3C=CC(=[N+](C)C)C=C3S2.O.O.O.[Cl-],0
Pachyrrhizin,COC1=CC2=C(C=C1C3=CC4=C(C=C5C(=C4)C=CO5)OC3=O)OCO2,0
Pseudoephedrine,C[C@@H]([C@H](C1=CC=CC=C1)O)NC,0
4-Methoxydalbergione,COC1=CC(=O)C(=CC1=O)C(C=C)C2=CC=CC=C2,0
Rhetsinine,CNC1=CC=CC=C1C(=O)N2CCC3=C(C2=O)NC4=CC=CC=C34,0
Lecanoric Acid,CC1=CC(=CC(=C1C(=O)OC2=CC(=C(C(=C2)C)C(=O)O)O)O)O,0
Benzpiperylon,CN1CCC(CC1)N2C(=O)C(=C(N2)C3=CC=CC=C3)CC4=CC=CC=C4,0
Oxoglaucine,COC1=C(C2=C3C(=C1)C=CN=C3C(=O)C4=CC(=C(C=C42)OC)OC)OC,0
Pentamethylquercetin,COC1=C(C=C(C=C1)C2=C(C(=O)C3=C(O2)C=C(C=C3OC)OC)OC)OC,0
Hydroxycamptothecin,CC[C@@]1(C2=C(COC1=O)C(=O)N3CC4=C(C3=C2)N=C5C=CC(=CC5=C4)O)O,0
"3',4'-Dimethoxyflavonol",COC1=C(C=C(C=C1)C2=C(C(=O)C3=CC=CC=C3O2)O)OC,0
"Quercetin 5,7,3',4'-tetramethyl ether",COC1=C(C=C(C=C1)C2=C(C(=O)C3=C(O2)C=C(C=C3OC)OC)O)OC,0
"1,2,3,9-Tetrahydro-1,3-dimethyl-8-((2-pyridinylmethyl)thio)-2-thioxo-6H-purin-6-one",CN1C2=C(C(=O)N(C1=S)C)NC(=N2)SCC3=CC=CC=N3,0
"1-Methyl-2,9-dihydro-7H-pyrido(3,4-b)indol-7-one--hydrogen chloride (1/1)",CC1=C2C(=C3C=CC(=O)C=C3N2)C=CN1.Cl,0
Drofenine hydrochloride,CCN(CC)CCOC(=O)C(C1CCCCC1)C2=CC=CC=C2.Cl,0
Dilazep,COC1=CC(=CC(=C1OC)OC)C(=O)OCCCN2CCCN(CC2)CCCOC(=O)C3=CC(=C(C(=C3)OC)OC)OC,0
Fipexide,C1CN(CCN1CC2=CC3=C(C=C2)OCO3)C(=O)COC4=CC=C(C=C4)Cl,0
Fenthion,CC1=C(C=CC(=C1)OP(=S)(OC)OC)SC,0
Carbonyl cyanide p-trifluoromethoxyphenylhydrazone,C1=CC(=CC=C1NN=C(C#N)C#N)OC(F)(F)F,0
Ethoxyquin,CCOC1=CC2=C(C=C1)NC(C=C2C)(C)C,0
Ethaverine,CCOC1=C(C=C(C=C1)CC2=NC=CC3=CC(=C(C=C32)OCC)OCC)OCC,0
Etazolate,CCN1C2=NC=C(C(=C2C=N1)NN=C(C)C)C(=O)OCC,0
Emodin,CC1=CC2=C(C(=C1)O)C(=O)C3=C(C2=O)C=C(C=C3O)O,0
Ellipticine,CC1=C2C=CN=CC2=C(C3=C1NC4=CC=CC=C43)C,0
Ebselen,C1=CC=C(C=C1)N2C(=O)C3=CC=CC=C3[Se]2,0
"2,3-Dimethoxy-1,4-naphthoquinone",COC1=C(C(=O)C2=CC=CC=C2C1=O)OC,0
Disulfiram,CCN(CC)C(=S)SSC(=S)N(CC)CC,0
Dipyridamole,C1CCN(CC1)C2=NC(=NC3=C2N=C(N=C3N4CCCCC4)N(CCO)CCO)N(CCO)CCO,0
Diphenyleneiodonium,C1=CC=C2C(=C1)C3=CC=CC=C3[I+]2,0
Flopropione,CCC(=O)C1=C(C=C(C=C1O)O)O,0
Dicyclomine,CCN(CC)CCOC(=O)C1(CCCCC1)C2CCCCC2,0
"P,P'-dde",C1=CC(=CC=C1C(=C(Cl)Cl)C2=CC=C(C=C2)Cl)Cl,0
Diazinon,CCOP(=S)(OCC)OC1=NC(=NC(=C1)C)C(C)C,0
Nonivamide,CCCCCCCCC(=O)NCC1=CC(=C(C=C1)O)OC,0
Desipramine,CNCCCN1C2=CC=CC=C2CCC3=CC=CC=C31,0
Dequalinium,CC1=[N+](C2=CC=CC=C2C(=C1)N)CCCCCCCCCC[N+]3=C(C=C(C4=CC=CC=C43)N)C,0
Coumaphos,CCOP(=S)(OCC)OC1=CC2=C(C=C1)C(=C(C(=O)O2)Cl)C,0
Clotrimazole,C1=CC=C(C=C1)C(C2=CC=CC=C2)(C3=CC=CC=C3Cl)N4C=CN=C4,0
Clofoctol,CC(C)(C)CC(C)(C)C1=CC(=C(C=C1)O)CC2=C(C=C(C=C2)Cl)Cl,0
Clobenpropit,C1=CC(=CC=C1CN=C(N)SCCCC2=CN=CN2)Cl,0
Clemizole,C1CCN(C1)CC2=NC3=CC=CC=C3N2CC4=CC=C(C=C4)Cl,0
"5,7-Dimethoxycoumarin",COC1=CC2=C(C=CC(=O)O2)C(=C1)OC,0
Hexylresorcinol,CCCCCCC1=C(C=C(C=C1)O)O,0
Lansoprazole,CC1=C(C=CN=C1CS(=O)C2=NC3=CC=CC=C3N2)OCC(F)(F)F,0
Khellin,CC1=CC(=O)C2=C(C3=C(C(=C2O1)OC)OC=C3)OC,0
Kenpaullone,C1C2=C(C3=CC=CC=C3NC1=O)NC4=C2C=C(C=C4)Br,0
"Thr1 inhibitor, 1",C=CC(=O)C1=CC2=CC=CC=C2C=C1,0
Isradipine,CC1=C(C(C(=C(N1)C)C(=O)OC(C)C)C2=CC=CC3=NON=C32)C(=O)OC,0
Isoniazid,C1=CN=CC=C1C(=O)NN,0
3-Isobutyl-1-methylxanthine,CC(C)CN1C2=C(C(=O)N(C1=O)C)NC=N2,0
Irbesartan,CCCCC1=NC2(CCCC2)C(=O)N1CC3=CC=C(C=C3)C4=CC=CC=C4C5=NNN=N5,0
Indirubin-3'-monoxime,C1=CC=C2C(=C1)C(=C(N2)O)C3=C(C4=CC=CC=C4N3)N=O,0
Amrinone,C1=CN=CC=C1C2=CNC(=O)C(=C2)N,0
2-(1H-Imidazol-5-yl)ethyl carbamimidothioate,C1=C(NC=N1)CCSC(=N)N,0
Phenelzine,C1=CC=C(C=C1)CCNN,0
Ibudilast,CC(C)C1=NN2C=CC=CC2=C1C(=O)C(C)C,0
Alpha-quinidine,C=CC1CN2CCC1CC2C(C3=CC=NC4=CC=CC=C34)O,0
Hexachlorophene,C1=C(C(=C(C(=C1Cl)Cl)CC2=C(C(=CC(=C2Cl)Cl)Cl)O)O)Cl,0
"5,7-dihydroxy-2-(3-hydroxy-4-methoxyphenyl)-3,4-dihydro-2H-1-benzopyran-4-one",COC1=C(C=C(C=C1)C2CC(=O)C3=C(C=C(C=C3O2)O)O)O,0
Heptachlor,C1=CC(C2C1C3(C(=C(C2(C3(Cl)Cl)Cl)Cl)Cl)Cl)Cl,0
Fasudil,C1CNCCN(C1)S(=O)(=O)C2=CC=CC3=C2C=CN=C3,0
1-(5-Isoquinolinylsulfonyl)piperazine,C1CN(CCN1)S(=O)(=O)C2=CC=CC3=C2C=CN=C3,0
"4-(8-Methyl-9H-1,3-dioxolo(4,5-H)(2,3)benzodiazepin-5-yl)benzenamine",CC1=NN=C(C2=CC3=C(C=C2C1)OCO3)C4=CC=C(C=C4)N,0
Guanfacine,C1=CC(=C(C(=C1)Cl)CC(=O)N=C(N)N)Cl,0
Gris-peg,CC1CC(=O)C=C(C12C(=O)C3=C(O2)C(=C(C=C3OC)OC)Cl)OC,0
Gossypol,CC1=CC2=C(C(=C(C(=C2C(C)C)O)O)C=O)C(=C1C3=C(C4=C(C=C3C)C(=C(C(=C4C=O)O)O)C(C)C)O)O,0
Glibenclamide,COC1=C(C=C(C=C1)Cl)C(=O)NCCC2=CC=C(C=C2)S(=O)(=O)NC(=O)NC3CCCCC3,0
Glafenine,C1=CC=C(C(=C1)C(=O)OCC(CO)O)NC2=C3C=CC(=CC3=NC=C2)Cl,0
"methyl 2,5-dimethyl-4-(2-(phenylmethyl)benzoyl)-1H-pyrrole-3-carboxylate",CC1=C(C(=C(N1)C)C(=O)OC)C(=O)C2=CC=CC=C2CC3=CC=CC=C3,0
3-(Hydrazinylmethyl)phenol,C1=CC(=CC(=C1)O)CNN,0
Tyrphostin A1,COC1=CC=C(C=C1)C=C(C#N)C#N,0
Tyrphostin 25,C1=C(C=C(C(=C1O)O)O)C=C(C#N)C#N,0
Tyrphostin 23,C1=CC(=C(C=C1C=C(C#N)C#N)O)O,0
Docebenone,CC1=C(C(=O)C(=C(C1=O)C)CCCCC#CCCCC#CCO)C,0
N-(2-Aminoethyl)-5-chloronaphthalene-1-sulfonamide,C1=CC2=C(C=CC=C2Cl)C(=C1)S(=O)(=O)NCCN,0
8-Cyclopentyltheophylline,CN1C2=C(C(=O)N(C1=O)C)NC(=N2)C3CCCC3,0
"6-Nitroso-1,2-benzopyrone",C1=CC2=C(C=CC(=O)O2)C=C1N=O,0
6-Chloromelatonin,CC(=O)NCCC1=CNC2=CC(=C(C=C21)OC)Cl,0
4-Phenyl-3-furoxancarbonitrile,C1=CC=C(C=C1)C2=NO[N+](=C2C#N)[O-],0
4-Hydroxybenzoic acid hydrazide,C1=CC(=CC=C1C(=O)NN)O,0
p-(Chloromercuri)benzoic acid,C1=CC(=CC=C1C(=O)O)[Hg]Cl,0
"4,5-Dianilinophthalimide",C1=CC=C(C=C1)NC2=C(C=C3C(=C2)C(=O)NC3=O)NC4=CC=CC=C4,0
"4,5,6,7-Tetrabromobenzotriazole",C1(=C(C2=NNN=C2C(=C1Br)Br)Br)Br,0
Alaproclate,CC(C(=O)OC(C)(C)CC1=CC=C(C=C1)Cl)N,0
3-Bromo-7-Nitroindazole,C1=CC2=C(NN=C2C(=C1)[N+](=O)[O-])Br,0
2-Aminoethoxydiphenyl borate,B(C1=CC=CC=C1)(C2=CC=CC=C2)OCCN,0
"1H-(1,2,4)oxadiazolo(4,3-a)quinoxalin-1-one",C1=CC=C2C(=C1)N=CC3=NOC(=O)N23,0
"1,3-Benzodioxol-5-yl-1-piperidinylmethanone",C1CCN(CC1)C(=O)C2=CC3=C(C=C2)OCO3,0
1-Aminobenzotriazole,C1=CC=C2C(=C1)N=NN2N,0
Trim,C1=CC=C(C(=C1)C(F)(F)F)N2C=CN=C2,0
"1(3H)-Isobenzofuranone, 6,7-dimethoxy-3-(5,6,7,8-tetrahydro-6-methyl-1,3-dioxolo[4,5-g]isoquinolin-5-yl)-, [S-(R*,S*)]-",CN1CCC2=CC3=C(C=C2C1C4C5=C(C(=C(C=C5)OC)OC)C(=O)O4)OCO3,0
"Tea, ext.",C1C(C(OC2=CC(=CC(=C21)O)O)C3=CC(=C(C(=C3)O)O)O)OC(=O)C4=CC(=C(C(=C4)O)O)O,0
Parathion,CCOP(=S)(OCC)OC1=CC=C(C=C1)[N+](=O)[O-],0
(+-)-Naringenin,C1C(OC2=CC(=CC(=C2C1=O)O)O)C3=CC=C(C=C3)O,0
Melatonin,CC(=O)NCCC1=CNC2=C1C=C(C=C2)OC,0
Chlordecone,C1(=O)C2(C3(C4(C1(C5(C2(C3(C(C45Cl)(Cl)Cl)Cl)Cl)Cl)Cl)Cl)Cl)Cl,0
Indomethacin Morpholinylamide,CC1=C(C2=C(N1C(=O)C3=CC=C(C=C3)Cl)C=CC(=C2)OC)CC(=O)N4CCOCC4,0
Cilostazol,C1CCC(CC1)N2C(=NN=N2)CCCCOC3=CC4=C(C=C3)NC(=O)CC4,0
Chlorpyrifos,CCOP(=S)(OCC)OC1=NC(=C(C=C1Cl)Cl)Cl,0
"1,3,4,7,8,9,10,10-Octachlorotricyclo[5.2.1.02,6]decane",C1C2C(C(C1Cl)Cl)C3(C(C(C2(C3(Cl)Cl)Cl)Cl)Cl)Cl,0
Celecoxib,CC1=CC=C(C=C1)C2=CC(=NN2C3=CC=C(C=C3)S(=O)(=O)N)C(F)(F)F,0
Carbonyl cyanide (m-chlorophenyl)hydrazone,C1=CC(=CC(=C1)Cl)NN=C(C#N)C#N,0
Caulibugulone D,C1=CN=CC2=C1C(=O)C=C(C2=O)NCCO,0
Caulibugulone C,CNC1=C(C(=O)C2=C(C1=O)C=NC=C2)Cl,0
Caulibugulone B,CNC1=C(C(=O)C2=C(C1=O)C=NC=C2)Br,0
Carmofur,CCCCCCNC(=O)N1C=C(C(=O)NC1=O)F,0
Candesartan Cilexetil,CCOC1=NC2=CC=CC(=C2N1CC3=CC=C(C=C3)C4=CC=CC=C4C5=NNN=N5)C(=O)OC(C)OC(=O)OC6CCCCC6,0
benzyl N-{3-methyl-1-[(1-oxohexan-2-yl)carbamoyl]butyl}carbamate,CCCCC(C=O)NC(=O)C(CC(C)C)NC(=O)OCC1=CC=CC=C1,0
Lopac-D-2064,CC1=[N+](C2=CC=CC=C2C(=C1)N)CCCCCCCCCCCCCC[N+]3=C(C=C(C4=CC=CC=C43)N)C,0
Butyl 4-aminobenzoate,CCCCOC(=O)C1=CC=C(C=C1)N,0
Beta-Lapachone,CC1(CCC2=C(O1)C3=CC=CC=C3C(=O)C2=O)C,0
Bithionol,C1=C(C=C(C(=C1SC2=C(C(=CC(=C2)Cl)Cl)O)O)Cl)Cl,0
"3-(1-(3-(Dimethylamino)propyl)-1H-indol-3-yl)-4-(1H-indol-3-yl)-1H-pyrrole-2,5-dione",CN(C)CCCN1C=C(C2=CC=CC=C21)C3=C(C(=O)NC3=O)C4=CNC5=CC=CC=C54,0
Bisacodyl,CC(=O)OC1=CC=C(C=C1)C(C2=CC=C(C=C2)OC(=O)C)C3=CC=CC=N3,0
Bifemelane,CNCCCCOC1=CC=CC=C1CC2=CC=CC=C2,0
"6-(6-Methyl-5,6,7,8-tetrahydro(1,3)dioxolo(4,5-g)isoquinolin-5-yl)furo(3,4-E)(1,3)benzodioxol-8(6H)-one",CN1CCC2=CC3=C(C=C2C1C4C5=C(C6=C(C=C5)OCO6)C(=O)O4)OCO3,0
"10-Hydroxy-5-(3,4,5-trimethoxyphenyl)-5,8,8a,9-tetrahydrofuro[3',4':6,7]naphtho[2,3-d][1,3]dioxol-6(5aH)-one",COC1=CC(=CC(=C1OC)OC)C2C3C(CC4=C(C5=C(C=C24)OCO5)O)COC3=O,0
Bergapten,COC1=C2C=CC(=O)OC2=CC3=C1C=CO3,0
Benzyl Isothiocyanate,C1=CC=C(C=C1)CN=C=S,0
Benzthiazide,C1=CC=C(C=C1)CSCC2=NS(=O)(=O)C3=CC(=C(C=C3N2)Cl)S(=O)(=O)N,0
Azinphos-Methyl,COP(=S)(OC)SCN1C(=O)C2=CC=CC=C2N=N1,0
Althiazide,C=CCSCC1NC2=CC(=C(C=C2S(=O)(=O)N1)S(=O)(=O)N)Cl,0
"1,2,3,4,10,10-Hexachloro-1,4,4a,5,8,8a-hexahydro-1,4,5,8-dimethanonaphthalene",C1C2C=CC1C3C2C4(C(=C(C3(C4(Cl)Cl)Cl)Cl)Cl)Cl,0
T0156,CC1=NC=CC(=C1)CN2C(=C(C3=C(C2=O)C(=NC=C3)OCC4=NC=CC=N4)C5=CC(=C(C(=C5)OC)OC)OC)C(=O)OC,0
Pirinixic Acid,CC1=C(C(=CC=C1)NC2=CC(=NC(=N2)SCC(=O)O)Cl)C,0
Way 100635,COC1=CC=CC=C1N2CCN(CC2)CCN(C3=CC=CC=N3)C(=O)C4CCCCC4,0
N-(6-Aminohexyl)-5-Chloro-1-Naphthalenesulfonamide,C1=CC2=C(C=CC=C2Cl)C(=C1)S(=O)(=O)NCCCCCCN,0
5-Methylurapidil,CC1=C(N(C(=O)N(C1=O)C)C)NCCCN2CCN(CC2)C3=CC=CC=C3OC,0
Tyrphostin 9,CC(C)(C)C1=CC(=CC(=C1O)C(C)(C)C)C=C(C#N)C#N,0
Trimethylpsoralen,CC1=CC(=O)OC2=C1C=C3C=C(OC3=C2C)C,0
Trimethoprim,COC1=CC(=CC(=C1OC)OC)CC2=CN=C(N=C2N)N,0
Trifluoperazine,CN1CCN(CC1)CCCN2C3=CC=CC=C3SC4=C2C=C(C=C4)C(F)(F)F,0
Tracazolate,CCCCNC1=C2C=NN(C2=NC(=C1C(=O)OCC)C)CC,0
"1,4,5,6,7,7-Hexachloro-3-(dichloromethyl)-2,2-dimethylbicyclo[2.2.1]heptane",CC1(C(C2(C(C(C1(C2(Cl)Cl)Cl)Cl)Cl)Cl)C(Cl)Cl)C,0
Thiram,CN(C)C(=S)SSC(=S)N(C)C,0
Telenzepine,CC1=C2C(=CS1)C(=O)NC3=CC=CC=C3N2C(=O)CN4CCN(CC4)C,0
T-1032 free base,COC1=CC(=CC(=C1OC)OC)C2=C(N(C(=O)C3=C2C=CC(=C3)OCC4=CC=CC=N4)C5=CC=C(C=C5)N)C(=O)OC,0
Xanthine amine congener,CCCN1C2=C(C(=O)N(C1=O)CCC)NC(=N2)C3=CC=C(C=C3)OCC(=O)NCCN,0
Sulfinpyrazone,C1=CC=C(C=C1)N2C(=O)C(C(=O)N2C3=CC=CC=C3)CCS(=O)C4=CC=CC=C4,0
Sulfaphenazole,C1=CC=C(C=C1)N2C(=CC=N2)NS(=O)(=O)C3=CC=C(C=C3)N,0
Sobuzoxane,CC(C)COC(=O)OCN1C(=O)CN(CC1=O)CCN2CC(=O)N(C(=O)C2)COC(=O)OCC(C)C,0
Silymarin,COC1=C(C=CC(=C1)C2C(OC3=C(O2)C=C(C=C3)C4C(C(=O)C5=C(C=C(C=C5O4)O)O)O)CO)O,0
N-(n-Heptyl)-5-chloro-1-naphthalenesulfonamide,CCCCCCCNS(=O)(=O)C1=CC=CC2=C1C=CC=C2Cl,0
Sb-202190,C1=CC(=CC=C1C2=NC(=C(N2)C3=CC=NC=C3)C4=CC=C(C=C4)F)O,0
"3,5-Dihydro-5-methyl-N-3-pyridinylbenzo(1,2-b:4,5-b')dipyrrole-1(2H)-carboxamide",CN1C=CC2=CC3=C(CCN3C(=O)NC4=CN=CC=C4)C=C21,0
Sanguinarine,C[N+]1=C2C(=C3C=CC4=C(C3=C1)OCO4)C=CC5=CC6=C(C=C52)OCO6,0
5'beta-Rotenone,CC(=C)C1CC2=C(O1)C=CC3=C2OC4COC5=CC(=C(C=C5C4C3=O)OC)OC,0
Aurin,C1=CC(=O)C=CC1=C(C2=CC=C(C=C2)O)C3=CC=C(C=C3)O,0
Riluzole,C1=CC2=C(C=C1OC(F)(F)F)SC(=N2)N,0
Acetylresorcinol,CC(=O)OC1=CC=CC(=C1)O,0
Medroxyprogesterone Acetate,C[C@H]1C[C@@H]2[C@H](CC[C@]3([C@H]2CC[C@@]3(C(=O)C)OC(=O)C)C)[C@@]4(C1=CC(=O)CC4)C,0
Xanthone,C1=CC=C2C(=C1)C(=O)C3=CC=CC=C3O2,0
Phenyl-1-naphthylamine,C1=CC=C(C=C1)NC2=CC=CC3=CC=CC=C32,0
4-Nitrophthalimide,C1=CC2=C(C=C1[N+](=O)[O-])C(=O)NC2=O,0
Gramine,CN(C)CC1=CNC2=CC=CC=C21,0
Skimmianine,COC1=C(C2=C(C=C1)C(=C3C=COC3=N2)OC)OC,0
Rotenone,CC(=C)[C@H]1CC2=C(O1)C=CC3=C2O[C@@H]4COC5=CC(=C(C=C5[C@@H]4C3=O)OC)OC,0
Quinoline Yellow,C1=CC=C2C(=C1)C=CC(=N2)C3C(=O)C4=CC=CC=C4C3=O,0
Visnagin,CC1=CC(=O)C2=C(O1)C=C3C(=C2OC)C=CO3,0
1-Amino-2-methylanthraquinone,CC1=C(C2=C(C=C1)C(=O)C3=CC=CC=C3C2=O)N,0
"4,4'-Dichlorodiphenyl sulfone",C1=CC(=CC=C1S(=O)(=O)C2=CC=C(C=C2)Cl)Cl,0
Tetrabromobisphenol A,CC(C)(C1=CC(=C(C(=C1)Br)O)Br)C2=CC(=C(C(=C2)Br)O)Br,0
Tri-p-cresyl phosphate,CC1=CC=C(C=C1)OP(=O)(OC2=CC=C(C=C2)C)OC3=CC=C(C=C3)C,0
Alizarin,C1=CC=C2C(=C1)C(=O)C3=C(C2=O)C(=C(C=C3)O)O,0
Resorcinol,C1=CC(=CC(=C1)O)O,0
Quinacrine Dihydrochloride,CCN(CC)CCCC(C)NC1=C2C=C(C=CC2=NC3=C1C=CC(=C3)Cl)OC.Cl.Cl,0
Choline Chloride,C[N+](C)(C)CCO.[Cl-],0
Psoralen,C1=CC(=O)OC2=CC3=C(C=CO3)C=C21,0
Papaverine Hydrochloride,COC1=C(C=C(C=C1)CC2=NC=CC3=CC(=C(C=C32)OC)OC)OC.Cl,0
"Chlordane, technical",C1C2C(C(C1Cl)Cl)C3(C(=C(C2(C3(Cl)Cl)Cl)Cl)Cl)Cl,0
Ethinylestradiol,C[C@]12CC[C@H]3[C@H]([C@@H]1CC[C@]2(C#C)O)CCC4=C3C=CC(=C4)O,0
S-(2-Aminoethyl)isothiuronium bromide hydrobromide,C(CSC(=N)N)N.Br.Br,0
Metol,CNC1=CC=C(C=C1)O.CNC1=CC=C(C=C1)O.OS(=O)(=O)O,0
Pilocarpine,CC[C@H]1[C@H](COC1=O)CC2=CN=CN2C,0
Piperonyl Butoxide,CCCCOCCOCCOCC1=CC2=C(C=C1CCC)OCO2,0
ZM 336372,CC1=C(C=C(C=C1)NC(=O)C2=CC(=CC=C2)N(C)C)NC(=O)C3=CC=C(C=C3)O,0
3-(5'-Hydroxymethyl-2'-furyl)-1-benzylindazole,C1=CC=C(C=C1)CN2C3=CC=CC=C3C(=N2)C4=CC=C(O4)CO,0
Metyrapone,CC(C)(C1=CN=CC=C1)C(=O)C2=CN=CC=C2,0
Nordihydroguaretic acid,CC(CC1=CC(=C(C=C1)O)O)C(C)CC2=CC(=C(C=C2)O)O,0
"3,5-Dinitrobenzamide",C1=C(C=C(C=C1[N+](=O)[O-])[N+](=O)[O-])C(=O)N,0
Nifedipine,CC1=C(C(C(=C(N1)C)C(=O)OC)C2=CC=CC=C2[N+](=O)[O-])C(=O)OC,0
Niclosamide,C1=CC(=C(C=C1[N+](=O)[O-])Cl)NC(=O)C2=C(C=CC(=C2)Cl)O,0
Nialamide,C1=CC=C(C=C1)CNC(=O)CCNNC(=O)C2=CC=NC=C2,0
"2,3-Dichloro-5,8-dihydroxynaphthalene-1,4-dione",C1=CC(=O)C2=C(C1=O)C(=C(C(=C2O)Cl)Cl)O,0
N-(6-Aminohexyl)-1-naphthalenesulfonamide,C1=CC=C2C(=C1)C=CC=C2S(=O)(=O)NCCCCCCN,0
N-(6-Aminohexyl)-5-chloronaphthalene-2-sulfonamide,C1=CC2=C(C=CC(=C2)S(=O)(=O)NCCCCCCN)C(=C1)Cl,0
Myristicin,COC1=CC(=CC2=C1OCO2)CC=C,0
ML-9 free base,C1CNCCN(C1)S(=O)(=O)C2=CC=CC3=C2C=CC=C3Cl,0
5-Iodonaphthalene-1-sulfonyl homopiperazine,C1CNCCN(C1)S(=O)(=O)C2=CC=CC3=C2C=CC=C3I,0
Mitoxantrone,C1=CC(=C2C(=C1NCCNCCO)C(=O)C3=C(C=CC(=C3C2=O)O)O)NCCNCCO,0
Miconazole,C1=CC(=C(C=C1Cl)Cl)COC(CN2C=CN=C2)C3=C(C=C(C=C3)Cl)Cl,0
6-(Phenylmethoxy)-9H-purin-2-amine,C1=CC=C(C=C1)COC2=NC(=NC3=C2NC=N3)N,0
Methyl Parathion,COP(=S)(OC)OC1=CC=C(C=C1)[N+](=O)[O-],0
Methoxyvone,CC1=CC(=CC2=C1C(=O)C=C(O2)C3=CC=CC=C3)OC,0
8-Methoxypsoralen,COC1=C2C(=CC3=C1OC=C3)C=CC(=O)O2,0
5-Aminosalicylic Acid,C1=CC(=C(C=C1N)C(=O)O)O,0
Mci-186,CC1=NN(C(=O)C1)C2=CC=CC=C2,0
Maprotiline,CNCCCC12CCC(C3=CC=CC=C31)C4=CC=CC=C24,0
Malathion,CCOC(=O)CC(C(=O)OCC)SP(=S)(OC)OC,0
Tomelukast,CCCC1=C(C=CC(=C1O)C(=O)C)OCCCCC2=NNN=N2,0
Losartan,CCCCC1=NC(=C(N1CC2=CC=C(C=C2)C3=CC=CC=C3C4=NNN=N4)CO)Cl,0
Linopirdine,C1=CC=C(C=C1)N2C3=CC=CC=C3C(C2=O)(CC4=CC=NC=C4)CC5=CC=NC=C5,0
Letrozole,C1=CC(=CC=C1C#N)C(C2=CC=C(C=C2)C#N)N3C=NC=N3,0
Leflunomide,CC1=C(C=NO1)C(=O)NC2=CC=C(C=C2)C(F)(F)F,0
Picotamide,COC1=C(C=C(C=C1)C(=O)NCC2=CN=CC=C2)C(=O)NCC3=CN=CC=C3,0
1-(2-((1-Ethoxy-1-oxo-4-phenylbutan-2-yl)amino)propanoyl)octahydrocyclopenta(b)pyrrole-2-carboxylic acid,CCOC(=O)C(CCC1=CC=CC=C1)NC(C)C(=O)N2C3CCCC3CC2C(=O)O,0
Raloxifene,C1CCN(CC1)CCOC2=CC=C(C=C2)C(=O)C3=C(SC4=C3C=CC(=C4)O)C5=CC=C(C=C5)O,0
[(5-Ethenyl-1-azabicyclo[2.2.2]octan-2-yl)-(6-methoxyquinolin-4-yl)methyl] ethyl carbonate,CCOC(=O)OC(C1CC2CCN1CC2C=C)C3=C4C=C(C=CC4=NC=C3)OC,0
Quinalizarin,C1=CC(=C(C2=C1C(=O)C3=C(C=CC(=C3C2=O)O)O)O)O,0
Quetiapine,C1CN(CCN1CCOCCO)C2=NC3=CC=CC=C3SC4=CC=CC=C42,0
Propidium,CC[N+](C)(CC)CCC[N+]1=C2C=C(C=CC2=C3C=CC(=CC3=C1C4=CC=CC=C4)N)N,0
Propanil,CCC(=O)NC1=CC(=C(C=C1)Cl)Cl,0
Proadifen,CCCC(C1=CC=CC=C1)(C2=CC=CC=C2)C(=O)OCCN(CC)CC,0
Piribedil,C1CN(CCN1CC2=CC3=C(C=C2)OCO3)C4=NC=CC=N4,0
Pinacidil anhydrous,CC(C(C)(C)C)N=C(NC#N)NC1=CC=NC=C1,0
Pimpinellin,COC1=C(C2=C(C=CO2)C3=C1C=CC(=O)O3)OC,0
"2-(2-Imino-4,5,6,7-tetrahydro-1,3-benzothiazol-3-yl)-1-(4-methylphenyl)ethanone",CC1=CC=C(C=C1)C(=O)CN2C3=C(CCCC3)SC2=N,0
Esoxybutynin,CCN(CC)CC#CCOC(=O)[C@](C1CCCCC1)(C2=CC=CC=C2)O,0
Phosalone,CCOP(=S)(OCC)SCN1C2=C(C=C(C=C2)Cl)OC1=O,0
Phloretin,C1=CC(=CC=C1CCC(=O)C2=C(C=C(C=C2O)O)O)O,0
Phenolphthalein,C1=CC=C2C(=C1)C(=O)OC2(C3=CC=C(C=C3)O)C4=CC=C(C=C4)O,0
Phenazopyridine,C1=CC=C(C=C1)N=NC2=C(N=C(C=C2)N)N,0
2-(2-amino-3-methoxyphenyl)-4H-1-benzopyran-4-one,COC1=CC=CC(=C1N)C2=CC(=O)C3=CC=CC=C3O2,0
PD-169316,C1=CC(=CC=C1C2=NC(=C(N2)C3=CC=NC=C3)C4=CC=C(C=C4)F)[N+](=O)[O-],0
PD-153035,COC1=C(C=C2C(=C1)C(=NC=N2)NC3=CC(=CC=C3)Br)OC,0
Papaverine,COC1=C(C=C(C=C1)CC2=NC=CC3=CC(=C(C=C32)OC)OC)OC,0
Oxazolidin,CCCCC1C(=O)N(N(C1=O)C2=CC=C(C=C2)O)C3=CC=CC=C3,0
Oxymetazoline,CC1=CC(=C(C(=C1CC2=NCCN2)C)O)C(C)(C)C,0
Oxethazaine,CC(C)(CC1=CC=CC=C1)N(C)C(=O)CN(CCO)CC(=O)N(C)C(C)(C)CC2=CC=CC=C2,0
Prilosec,CC1=CN=C(C(=C1OC)C)CS(=O)C2=NC3=C(N2)C=C(C=C3)OC,0
"2-[[3,5-Bis(trifluoromethyl)phenyl]methyl]-9-methylsulfonyl-2,9-diazaspiro[5.5]undecane",CS(=O)(=O)N1CCC2(CCCN(C2)CC3=CC(=CC(=C3)C(F)(F)F)C(F)(F)F)CC1,0
2-Methoxy-8-(2-methoxyethyl)-6-thiophen-2-ylpteridin-7-one,COCCN1C2=NC(=NC=C2N=C(C1=O)C3=CC=CS3)OC,0
5-(2-methoxyphenyl)-N-(thiophen-2-ylmethyl)pyrimidin-4-amine,COC1=CC=CC=C1C2=CN=CN=C2NCC3=CC=CS3,0
"4-[4-[2-(5-methoxy-1H-indol-3-yl)ethylamino]pyrimidin-2-yl]-N,N-dimethylbenzamide",CN(C)C(=O)C1=CC=C(C=C1)C2=NC=CC(=N2)NCCC3=CNC4=C3C=C(C=C4)OC,0
3-[8-(2-Methoxyethyl)-7-oxo-2-phenylmethoxypteridin-6-yl]benzonitrile,COCCN1C2=NC(=NC=C2N=C(C1=O)C3=CC=CC(=C3)C#N)OCC4=CC=CC=C4,0
2-(4-Imidazol-1-ylquinazolin-2-yl)benzamide,C1=CC=C(C(=C1)C2=NC3=CC=CC=C3C(=N2)N4C=CN=C4)C(=O)N,0
"4-[4-(2-methoxyethylamino)quinazolin-6-yl]-N,N-dimethylbenzamide",CN(C)C(=O)C1=CC=C(C=C1)C2=CC3=C(C=C2)N=CN=C3NCCOC,0
3-[2-(Ethylamino)-7-oxo-6-(2-phenylethyl)pteridin-8-yl]propanenitrile,CCNC1=NC=C2C(=N1)N(C(=O)C(=N2)CCC3=CC=CC=C3)CCC#N,0
6-(2-methoxyphenyl)-N-(2-morpholin-4-ylethyl)quinazolin-4-amine,COC1=CC=CC=C1C2=CC3=C(C=C2)N=CN=C3NCCN4CCOCC4,0
5-(furan-3-yl)-N-(thiophen-2-ylmethyl)pyrimidin-4-amine,C1=CSC(=C1)CNC2=NC=NC=C2C3=COC=C3,0
8-(2-Methoxyethyl)-6-(4-methoxyphenyl)-2-piperazin-1-ylpteridin-7-one,COCCN1C2=NC(=NC=C2N=C(C1=O)C3=CC=C(C=C3)OC)N4CCNCC4,0
"furan-2-yl-[(5S)-2-phenyl-2,7-diazaspiro[4.5]decan-7-yl]methanone",C1C[C@@]2(CCN(C2)C3=CC=CC=C3)CN(C1)C(=O)C4=CC=CO4,0
N-[3-[6-(benzylamino)pyrimidin-4-yl]phenyl]methanesulfonamide,CS(=O)(=O)NC1=CC=CC(=C1)C2=CC(=NC=N2)NCC3=CC=CC=C3,0
"[(5S)-2-[(2-methoxyphenyl)methyl]-2,7-diazaspiro[4.5]decan-7-yl]-pyrazin-2-ylmethanone",COC1=CC=CC=C1CN2CC[C@]3(C2)CCCN(C3)C(=O)C4=NC=CN=C4,0
N-benzyl-6-(2-methoxyphenyl)quinazolin-4-amine,COC1=CC=CC=C1C2=CC3=C(C=C2)N=CN=C3NCC4=CC=CC=C4,0
"N,N-dimethyl-4-[4-(thiophen-2-ylmethylamino)quinazolin-6-yl]benzamide",CN(C)C(=O)C1=CC=C(C=C1)C2=CC3=C(C=C2)N=CN=C3NCC4=CC=CS4,0
2-(3-Chlorophenoxy)-8-(4-methoxyphenyl)pteridin-7-one,COC1=CC=C(C=C1)N2C(=O)C=NC3=CN=C(N=C32)OC4=CC(=CC=C4)Cl,0
N-[3-[4-[(2-methoxyphenyl)methylamino]quinazolin-6-yl]phenyl]methanesulfonamide,COC1=CC=CC=C1CNC2=NC=NC3=C2C=C(C=C3)C4=CC(=CC=C4)NS(=O)(=O)C,0
"N,N-dimethyl-4-(4-morpholin-4-ylquinazolin-6-yl)benzamide",CN(C)C(=O)C1=CC=C(C=C1)C2=CC3=C(C=C2)N=CN=C3N4CCOCC4,0
"[2-(4-Phenylphenyl)-2,9-diazaspiro[5.5]undecan-9-yl]-pyrazin-2-ylmethanone",C1CC2(CCN(CC2)C(=O)C3=NC=CN=C3)CN(C1)C4=CC=C(C=C4)C5=CC=CC=C5,0
"4-[4-[(2-methoxyphenyl)methylamino]pyrimidin-5-yl]-N,N-dimethylbenzamide",CN(C)C(=O)C1=CC=C(C=C1)C2=CN=CN=C2NCC3=CC=CC=C3OC,0
"N-[(2,4-dimethoxyphenyl)methyl]-6-pyridin-3-ylquinazolin-4-amine",COC1=CC(=C(C=C1)CNC2=NC=NC3=C2C=C(C=C3)C4=CN=CC=C4)OC,0
4-Imidazol-1-yl-6-(2-methoxyphenyl)pyrimidine,COC1=CC=CC=C1C2=CC(=NC=N2)N3C=CN=C3,0
"[(5S)-2-benzyl-2,7-diazaspiro[4.5]decan-7-yl]-[3,5-bis(trifluoromethyl)phenyl]methanone",C1C[C@@]2(CCN(C2)CC3=CC=CC=C3)CN(C1)C(=O)C4=CC(=CC(=C4)C(F)(F)F)C(F)(F)F,0
"4-[[(5S)-7-[3,5-bis(trifluoromethyl)benzoyl]-2,7-diazaspiro[4.5]decan-2-yl]methyl]benzonitrile",C1C[C@@]2(CCN(C2)CC3=CC=C(C=C3)C#N)CN(C1)C(=O)C4=CC(=CC(=C4)C(F)(F)F)C(F)(F)F,0
"(3-Fluorophenyl)-(2-pyridin-4-yl-2,9-diazaspiro[5.5]undecan-9-yl)methanone",C1CC2(CCN(CC2)C(=O)C3=CC(=CC=C3)F)CN(C1)C4=CC=NC=C4,0
N-[2-[[5-[4-(dimethylamino)phenyl]pyrimidin-4-yl]amino]ethyl]acetamide,CC(=O)NCCNC1=NC=NC=C1C2=CC=C(C=C2)N(C)C,0
2-[4-(2-Morpholin-4-ylethylamino)quinazolin-2-yl]benzonitrile,C1COCCN1CCNC2=NC(=NC3=CC=CC=C32)C4=CC=CC=C4C#N,0
N-[2-[[2-(3-methoxyphenyl)quinazolin-4-yl]amino]ethyl]acetamide,CC(=O)NCCNC1=NC(=NC2=CC=CC=C21)C3=CC(=CC=C3)OC,0
"2-(1,3-benzodioxol-5-yl)-N-(furan-2-ylmethyl)-N-methylquinazolin-4-amine",CN(CC1=CC=CO1)C2=NC(=NC3=CC=CC=C32)C4=CC5=C(C=C4)OCO5,0
N-cyclopropyl-6-[4-(dimethylamino)phenyl]quinazolin-4-amine,CN(C)C1=CC=C(C=C1)C2=CC3=C(C=C2)N=CN=C3NC4CC4,0
2-(ethylamino)-8-[[(2R)-oxolan-2-yl]methyl]-6-(2-phenylethyl)pteridin-7-one,CCNC1=NC=C2C(=N1)N(C(=O)C(=N2)CCC3=CC=CC=C3)C[C@H]4CCCO4,0
"N-(3-fluorophenyl)-2,9-diazaspiro[5.5]undecane-2-carboxamide",C1CC2(CCNCC2)CN(C1)C(=O)NC3=CC(=CC=C3)F,0
N-[2-(1H-imidazol-5-yl)ethyl]-5-(2-methylphenyl)pyrimidin-4-amine,CC1=CC=CC=C1C2=CN=CN=C2NCCC3=CN=CN3,0
"9-(4-methoxybenzoyl)-N-(4-methoxyphenyl)-2,9-diazaspiro[5.5]undecane-2-carboxamide",COC1=CC=C(C=C1)C(=O)N2CCC3(CCCN(C3)C(=O)NC4=CC=C(C=C4)OC)CC2,0
"Phenyl 2-(phenylcarbamoyl)-2,9-diazaspiro[5.5]undecane-9-carboxylate",C1CC2(CCN(CC2)C(=O)OC3=CC=CC=C3)CN(C1)C(=O)NC4=CC=CC=C4,0
"N-[(2,4-dimethoxyphenyl)methyl]-2-(3,5-dimethyl-1,2-oxazol-4-yl)pyrimidin-4-amine",CC1=C(C(=NO1)C)C2=NC=CC(=N2)NCC3=C(C=C(C=C3)OC)OC,0
N-benzyl-6-pyridin-3-ylquinazolin-4-amine,C1=CC=C(C=C1)CNC2=NC=NC3=C2C=C(C=C3)C4=CN=CC=C4,0
6-Methyl-2-phenoxy-8-(thiophen-2-ylmethyl)pteridin-7-one,CC1=NC2=CN=C(N=C2N(C1=O)CC3=CC=CS3)OC4=CC=CC=C4,0
"N-[(2,4-dimethoxyphenyl)methyl]-6-[2-[(dimethylamino)methyl]phenyl]quinazolin-4-amine",CN(C)CC1=CC=CC=C1C2=CC3=C(C=C2)N=CN=C3NCC4=C(C=C(C=C4)OC)OC,0
"(2-Phenyl-2,9-diazaspiro[5.5]undecan-9-yl)-(thiadiazol-4-yl)methanone",C1CC2(CCN(CC2)C(=O)C3=CSN=N3)CN(C1)C4=CC=CC=C4,0
"9-(Benzenesulfonyl)-2-pyrimidin-2-yl-2,9-diazaspiro[5.5]undecane",C1CC2(CCN(CC2)S(=O)(=O)C3=CC=CC=C3)CN(C1)C4=NC=CC=N4,0
2-(3-Methoxyanilino)-8-[(3-methoxyphenyl)methyl]pteridin-7-one,COC1=CC=CC(=C1)CN2C(=O)C=NC3=CN=C(N=C32)NC4=CC(=CC=C4)OC,0
"6-(3,5-Difluorophenyl)-8-[(3-methoxyphenyl)methyl]pteridin-7-one",COC1=CC=CC(=C1)CN2C3=NC=NC=C3N=C(C2=O)C4=CC(=CC(=C4)F)F,0
5-[4-(dimethylamino)phenyl]-N-[2-(5-methoxy-1H-indol-3-yl)ethyl]pyrimidin-4-amine,CN(C)C1=CC=C(C=C1)C2=CN=CN=C2NCCC3=CNC4=C3C=C(C=C4)OC,0
6-(Furan-3-yl)-4-imidazol-1-ylquinazoline,C1=CC2=C(C=C1C3=COC=C3)C(=NC=N2)N4C=CN=C4,0
"2-(3,5-dimethyl-1,2-oxazol-4-yl)-N-(furan-2-ylmethyl)-N-methylquinazolin-4-amine",CC1=C(C(=NO1)C)C2=NC3=CC=CC=C3C(=N2)N(C)CC4=CC=CO4,0
"[(5S)-2-(pyridin-4-ylmethyl)-2,7-diazaspiro[4.5]decan-7-yl]-(thiadiazol-4-yl)methanone",C1C[C@@]2(CCN(C2)CC3=CC=NC=C3)CN(C1)C(=O)C4=CSN=N4,0
"2-(3,5-dimethyl-1,2-oxazol-4-yl)-N-(pyridin-3-ylmethyl)pyrimidin-4-amine",CC1=C(C(=NO1)C)C2=NC=CC(=N2)NCC3=CN=CC=C3,0
"3-[6-[(2,4-Dimethoxyphenyl)methylamino]pyrimidin-4-yl]benzonitrile",COC1=CC(=C(C=C1)CNC2=NC=NC(=C2)C3=CC=CC(=C3)C#N)OC,0
2-Methoxy-6-(4-methoxyphenyl)-8-methylpteridin-7-one,CN1C2=NC(=NC=C2N=C(C1=O)C3=CC=C(C=C3)OC)OC,0
8-[(3-Methoxyphenyl)methyl]-6-methyl-2-morpholin-4-ylpteridin-7-one,CC1=NC2=CN=C(N=C2N(C1=O)CC3=CC(=CC=C3)OC)N4CCOCC4,0
N-(2-methoxyethyl)-6-pyridin-3-ylquinazolin-4-amine,COCCNC1=NC=NC2=C1C=C(C=C2)C3=CN=CC=C3,0
2-(4-Methylpiperazin-1-yl)-8-phenyl-6-thiophen-2-ylpteridin-7-one,CN1CCN(CC1)C2=NC=C3C(=N2)N(C(=O)C(=N3)C4=CC=CS4)C5=CC=CC=C5,0
3-[4-(Pyridin-3-ylmethylamino)quinazolin-2-yl]benzonitrile,C1=CC=C2C(=C1)C(=NC(=N2)C3=CC=CC(=C3)C#N)NCC4=CN=CC=C4,0
3-[4-(Thiophen-2-ylmethylamino)quinazolin-2-yl]benzonitrile,C1=CC=C2C(=C1)C(=NC(=N2)C3=CC=CC(=C3)C#N)NCC4=CC=CS4,0
N-[2-(5-methoxy-1H-indol-3-yl)ethyl]-5-pyridin-3-ylpyrimidin-4-amine,COC1=CC2=C(C=C1)NC=C2CCNC3=NC=NC=C3C4=CN=CC=C4,0
2-(3-Chlorophenoxy)-8-[(4-fluorophenyl)methyl]-6-methylpteridin-7-one,CC1=NC2=CN=C(N=C2N(C1=O)CC3=CC=C(C=C3)F)OC4=CC(=CC=C4)Cl,0
N-(furan-2-ylmethyl)-N-methyl-2-pyridin-3-ylpyrimidin-4-amine,CN(CC1=CC=CO1)C2=NC(=NC=C2)C3=CN=CC=C3,0
"9-(Benzenesulfonyl)-2-(2-methylpropyl)-2,9-diazaspiro[5.5]undecane",CC(C)CN1CCCC2(C1)CCN(CC2)S(=O)(=O)C3=CC=CC=C3,0
"[3,5-Bis(trifluoromethyl)phenyl]-(2-pyridin-2-yl-2,9-diazaspiro[5.5]undecan-9-yl)methanone",C1CC2(CCN(CC2)C(=O)C3=CC(=CC(=C3)C(F)(F)F)C(F)(F)F)CN(C1)C4=CC=CC=N4,0
2-(3-methoxyphenyl)-N-[(2-methoxyphenyl)methyl]pyrimidin-4-amine,COC1=CC=CC(=C1)C2=NC=CC(=N2)NCC3=CC=CC=C3OC,0
"[2-[[3,5-Bis(trifluoromethyl)phenyl]methyl]-2,9-diazaspiro[5.5]undecan-9-yl]-(3-fluorophenyl)methanone",C1CC2(CCN(CC2)C(=O)C3=CC(=CC=C3)F)CN(C1)CC4=CC(=CC(=C4)C(F)(F)F)C(F)(F)F,0
"4-(4-imidazol-1-ylquinazolin-2-yl)-N,N-dimethylbenzamide",CN(C)C(=O)C1=CC=C(C=C1)C2=NC3=CC=CC=C3C(=N2)N4C=CN=C4,0
6-(furan-3-yl)-N-phenylquinazolin-4-amine,C1=CC=C(C=C1)NC2=NC=NC3=C2C=C(C=C3)C4=COC=C4,0
2-(2-methoxyphenyl)-N-(thiophen-2-ylmethyl)quinazolin-4-amine,COC1=CC=CC=C1C2=NC3=CC=CC=C3C(=N2)NCC4=CC=CS4,0
N-[2-(5-methoxy-1H-indol-3-yl)ethyl]-5-(2-methylphenyl)pyrimidin-4-amine,CC1=CC=CC=C1C2=CN=CN=C2NCCC3=CNC4=C3C=C(C=C4)OC,0
2-(2-chlorophenyl)-N-pyridin-4-ylquinazolin-4-amine,C1=CC=C2C(=C1)C(=NC(=N2)C3=CC=CC=C3Cl)NC4=CC=NC=C4,0
4-Imidazol-1-yl-2-(3-methoxyphenyl)pyrimidine,COC1=CC=CC(=C1)C2=NC=CC(=N2)N3C=CN=C3,0
N-[3-[4-(2-methoxyethylamino)pyrimidin-2-yl]phenyl]methanesulfonamide,COCCNC1=NC(=NC=C1)C2=CC(=CC=C2)NS(=O)(=O)C,0
2-(ethylamino)-6-(1-methylindol-3-yl)-8-[[(2R)-oxolan-2-yl]methyl]pteridin-7-one,CCNC1=NC=C2C(=N1)N(C(=O)C(=N2)C3=CN(C4=CC=CC=C43)C)C[C@H]5CCCO5,0
"N-[3-[6-[(2,4-dimethoxyphenyl)methylamino]pyrimidin-4-yl]phenyl]methanesulfonamide",COC1=CC(=C(C=C1)CNC2=NC=NC(=C2)C3=CC(=CC=C3)NS(=O)(=O)C)OC,0
"4-[4-[2-(5-methoxy-1H-indol-3-yl)ethylamino]quinazolin-2-yl]-N,N-dimethylbenzamide",CN(C)C(=O)C1=CC=C(C=C1)C2=NC3=CC=CC=C3C(=N2)NCCC4=CNC5=C4C=C(C=C5)OC,0
3-[2-(4-Methoxyphenoxy)-7-oxopteridin-8-yl]propanenitrile,COC1=CC=C(C=C1)OC2=NC=C3C(=N2)N(C(=O)C=N3)CCC#N,0
6-(3-methoxyphenyl)-N-methylquinazolin-4-amine,CNC1=NC=NC2=C1C=C(C=C2)C3=CC(=CC=C3)OC,0
"6-(3,5-Difluorophenyl)-8-(2-methoxyethyl)-2-(4-methoxyphenoxy)pteridin-7-one",COCCN1C2=NC(=NC=C2N=C(C1=O)C3=CC(=CC(=C3)F)F)OC4=CC=C(C=C4)OC,0
8-Cyclopropyl-2-(3-methoxyanilino)-6-methylpteridin-7-one,CC1=NC2=CN=C(N=C2N(C1=O)C3CC3)NC4=CC(=CC=C4)OC,0
2-Methoxy-6-(4-methoxyphenyl)-8-(thiophen-2-ylmethyl)pteridin-7-one,COC1=CC=C(C=C1)C2=NC3=CN=C(N=C3N(C2=O)CC4=CC=CS4)OC,0
"4-[4-(4-fluoroanilino)pyrimidin-5-yl]-N,N-dimethylbenzamide",CN(C)C(=O)C1=CC=C(C=C1)C2=CN=CN=C2NC3=CC=C(C=C3)F,0
"6-(1,3-benzodioxol-5-yl)-N-[(2,4-dimethoxyphenyl)methyl]quinazolin-4-amine",COC1=CC(=C(C=C1)CNC2=NC=NC3=C2C=C(C=C3)C4=CC5=C(C=C4)OCO5)OC,0
2-(2-Chlorophenyl)-4-piperazin-1-ylquinazoline,C1CN(CCN1)C2=NC(=NC3=CC=CC=C32)C4=CC=CC=C4Cl,0
N-[3-(4-imidazol-1-ylpyrimidin-5-yl)phenyl]methanesulfonamide,CS(=O)(=O)NC1=CC=CC(=C1)C2=CN=CN=C2N3C=CN=C3,0
"4-[4-[2-(5-methoxy-1H-indol-3-yl)ethylamino]quinazolin-6-yl]-N,N-dimethylbenzamide",CN(C)C(=O)C1=CC=C(C=C1)C2=CC3=C(C=C2)N=CN=C3NCCC4=CNC5=C4C=C(C=C5)OC,0
8-[(4-Fluorophenyl)methyl]-2-methoxy-6-(1-methylindol-3-yl)pteridin-7-one,CN1C=C(C2=CC=CC=C21)C3=NC4=CN=C(N=C4N(C3=O)CC5=CC=C(C=C5)F)OC,0
"9-(Benzenesulfonyl)-2-benzyl-2,9-diazaspiro[5.5]undecane",C1CC2(CCN(CC2)S(=O)(=O)C3=CC=CC=C3)CN(C1)CC4=CC=CC=C4,0
6-(4-Chlorophenyl)-8-(4-methoxyphenyl)pteridin-7-one,COC1=CC=C(C=C1)N2C3=NC=NC=C3N=C(C2=O)C4=CC=C(C=C4)Cl,0
"7-(Benzenesulfonyl)-2-[(2-methoxyphenyl)methyl]-2,7-diazaspiro[3.5]nonane",COC1=CC=CC=C1CN2CC3(C2)CCN(CC3)S(=O)(=O)C4=CC=CC=C4,0
8-Methyl-6-(1-methylindol-3-yl)-2-piperazin-1-ylpteridin-7-one,CN1C=C(C2=CC=CC=C21)C3=NC4=CN=C(N=C4N(C3=O)C)N5CCNCC5,0
"[3,5-bis(trifluoromethyl)phenyl]-[(5S)-2-(pyridin-4-ylmethyl)-2,7-diazaspiro[4.5]decan-7-yl]methanone",C1C[C@@]2(CCN(C2)CC3=CC=NC=C3)CN(C1)C(=O)C4=CC(=CC(=C4)C(F)(F)F)C(F)(F)F,0
"Furan-2-yl-[2-(3-phenylphenyl)-2,9-diazaspiro[5.5]undecan-9-yl]methanone",C1CC2(CCN(CC2)C(=O)C3=CC=CO3)CN(C1)C4=CC=CC(=C4)C5=CC=CC=C5,0
2-(3-Chlorophenoxy)-8-[(3-methoxyphenyl)methyl]pteridin-7-one,COC1=CC=CC(=C1)CN2C(=O)C=NC3=CN=C(N=C32)OC4=CC(=CC=C4)Cl,0
6-(4-Fluorophenyl)-8-[2-(2-methoxyphenyl)ethyl]pteridin-7-one,COC1=CC=CC=C1CCN2C3=NC=NC=C3N=C(C2=O)C4=CC=C(C=C4)F,0
8-[(3-Methoxyphenyl)methyl]-6-methyl-2-piperazin-1-ylpteridin-7-one,CC1=NC2=CN=C(N=C2N(C1=O)CC3=CC(=CC=C3)OC)N4CCNCC4,0
6-(4-Fluorophenyl)-8-[(4-fluorophenyl)methyl]-2-piperazin-1-ylpteridin-7-one,C1CN(CCN1)C2=NC=C3C(=N2)N(C(=O)C(=N3)C4=CC=C(C=C4)F)CC5=CC=C(C=C5)F,0
N-benzyl-6-pyridin-3-ylpyrimidin-4-amine,C1=CC=C(C=C1)CNC2=NC=NC(=C2)C3=CN=CC=C3,0
3-[2-(3-Chlorophenoxy)-8-(2-methoxyethyl)-7-oxopteridin-6-yl]benzonitrile,COCCN1C2=NC(=NC=C2N=C(C1=O)C3=CC=CC(=C3)C#N)OC4=CC(=CC=C4)Cl,0
8-(2-Aminoethyl)-6-(1-methylindol-3-yl)pteridin-7-one,CN1C=C(C2=CC=CC=C21)C3=NC4=CN=CN=C4N(C3=O)CCN,0
5-pyridin-3-yl-N-(pyridin-3-ylmethyl)pyrimidin-4-amine,C1=CC(=CN=C1)CNC2=NC=NC=C2C3=CN=CC=C3,0
N-benzyl-5-(2-methylphenyl)pyrimidin-4-amine,CC1=CC=CC=C1C2=CN=CN=C2NCC3=CC=CC=C3,0
8-Cyclopropyl-6-phenyl-2-piperazin-1-ylpteridin-7-one,C1CC1N2C3=NC(=NC=C3N=C(C2=O)C4=CC=CC=C4)N5CCNCC5,0
8-Benzyl-6-phenylpteridin-7-one,C1=CC=C(C=C1)CN2C3=NC=NC=C3N=C(C2=O)C4=CC=CC=C4,0
N-(4-fluorophenyl)-2-(2-methylphenyl)pyrimidin-4-amine,CC1=CC=CC=C1C2=NC=CC(=N2)NC3=CC=C(C=C3)F,0
N-(thiophen-2-ylmethyl)-6-[2-(trifluoromethyl)phenyl]quinazolin-4-amine,C1=CC=C(C(=C1)C2=CC3=C(C=C2)N=CN=C3NCC4=CC=CS4)C(F)(F)F,0
"(5R)-N-(3-cyanophenyl)-9-(4-methoxybenzoyl)-2,9-diazaspiro[4.5]decane-2-carboxamide",COC1=CC=C(C=C1)C(=O)N2CCC[C@]3(C2)CCN(C3)C(=O)NC4=CC=CC(=C4)C#N,0
"N-(3-cyanophenyl)-9-(pyridine-4-carbonyl)-2,9-diazaspiro[5.5]undecane-2-carboxamide",C1CC2(CCN(CC2)C(=O)C3=CC=NC=C3)CN(C1)C(=O)NC4=CC=CC(=C4)C#N,0
"2-Methoxy-6,8-bis(2-phenylethyl)pteridin-7-one",COC1=NC=C2C(=N1)N(C(=O)C(=N2)CCC3=CC=CC=C3)CCC4=CC=CC=C4,0
2-(furan-3-yl)-N-[(5-methylpyrazin-2-yl)methyl]quinazolin-4-amine,CC1=CN=C(C=N1)CNC2=NC(=NC3=CC=CC=C32)C4=COC=C4,0
3-[4-(Dimethylamino)quinazolin-2-yl]benzonitrile,CN(C)C1=NC(=NC2=CC=CC=C21)C3=CC=CC(=C3)C#N,0
"4-[4-(benzylamino)quinazolin-6-yl]-N,N-dimethylbenzamide",CN(C)C(=O)C1=CC=C(C=C1)C2=CC3=C(C=C2)N=CN=C3NCC4=CC=CC=C4,0
"5-(1,3-benzodioxol-5-yl)-N-[(3-methylphenyl)methyl]pyrimidin-4-amine",CC1=CC(=CC=C1)CNC2=NC=NC=C2C3=CC4=C(C=C3)OCO4,0
"N,N-dimethyl-4-[4-(pyridin-3-ylmethylamino)pyrimidin-5-yl]benzamide",CN(C)C(=O)C1=CC=C(C=C1)C2=CN=CN=C2NCC3=CN=CC=C3,0
"4-[4-[(2-methoxyphenyl)methylamino]quinazolin-2-yl]-N,N-dimethylbenzamide",CN(C)C(=O)C1=CC=C(C=C1)C2=NC3=CC=CC=C3C(=N2)NCC4=CC=CC=C4OC,0
"N,N-dimethyl-1-[2-(4-morpholin-4-ylquinazolin-6-yl)phenyl]methanamine",CN(C)CC1=CC=CC=C1C2=CC3=C(C=C2)N=CN=C3N4CCOCC4,0
N-(2-morpholin-4-ylethyl)-2-[2-(trifluoromethyl)phenyl]pyrimidin-4-amine,C1COCCN1CCNC2=NC(=NC=C2)C3=CC=CC=C3C(F)(F)F,0
"[(5S)-2-benzhydryl-2,7-diazaspiro[4.5]decan-7-yl]-pyridin-4-ylmethanone",C1C[C@@]2(CCN(C2)C(C3=CC=CC=C3)C4=CC=CC=C4)CN(C1)C(=O)C5=CC=NC=C5,0
2-Methoxy-8-[(3-methoxyphenyl)methyl]-6-(2-phenylethyl)pteridin-7-one,COC1=CC=CC(=C1)CN2C3=NC(=NC=C3N=C(C2=O)CCC4=CC=CC=C4)OC,0
2-(2-chlorophenyl)-N-[(3-methylphenyl)methyl]pyrimidin-4-amine,CC1=CC(=CC=C1)CNC2=NC(=NC=C2)C3=CC=CC=C3Cl,0
N-(furan-2-ylmethyl)-N-methyl-6-[2-(trifluoromethyl)phenyl]quinazolin-4-amine,CN(CC1=CC=CO1)C2=NC=NC3=C2C=C(C=C3)C4=CC=CC=C4C(F)(F)F,0
"N-[(2,4-dimethoxyphenyl)methyl]-2-(2-methoxyphenyl)pyrimidin-4-amine",COC1=CC(=C(C=C1)CNC2=NC(=NC=C2)C3=CC=CC=C3OC)OC,0
8-(2-Methoxyethyl)-6-(1-methylindol-3-yl)-2-phenoxypteridin-7-one,CN1C=C(C2=CC=CC=C21)C3=NC4=CN=C(N=C4N(C3=O)CCOC)OC5=CC=CC=C5,0
2-(dimethylamino)-8-[[(2R)-oxolan-2-yl]methyl]-6-(2-phenylethyl)pteridin-7-one,CN(C)C1=NC=C2C(=N1)N(C(=O)C(=N2)CCC3=CC=CC=C3)C[C@H]4CCCO4,0
"6-(1,3-benzodioxol-5-yl)-N-(2-furanylmethyl)-N-methyl-4-quinazolinamine",CN(CC1=CC=CO1)C2=NC=NC3=C2C=C(C=C3)C4=CC5=C(C=C4)OCO5,0
4-Imidazol-1-yl-2-[2-(trifluoromethyl)phenyl]quinazoline,C1=CC=C(C(=C1)C2=NC3=CC=CC=C3C(=N2)N4C=CN=C4)C(F)(F)F,0
N-[3-[4-[(3-methylphenyl)methylamino]quinazolin-6-yl]phenyl]methanesulfonamide,CC1=CC(=CC=C1)CNC2=NC=NC3=C2C=C(C=C3)C4=CC(=CC=C4)NS(=O)(=O)C,0
"(3-fluorophenyl)-[(5S)-2-(pyridin-4-ylmethyl)-2,7-diazaspiro[4.5]decan-7-yl]methanone",C1C[C@@]2(CCN(C2)CC3=CC=NC=C3)CN(C1)C(=O)C4=CC(=CC=C4)F,0
N-[2-(5-methoxy-1H-indol-3-yl)ethyl]-6-(2-methoxyphenyl)pyrimidin-4-amine,COC1=CC2=C(C=C1)NC=C2CCNC3=NC=NC(=C3)C4=CC=CC=C4OC,0
6-(3-Fluorophenyl)-8-(4-methoxyphenyl)pteridin-7-one,COC1=CC=C(C=C1)N2C3=NC=NC=C3N=C(C2=O)C4=CC(=CC=C4)F,0
"[(5S)-2-phenyl-2,7-diazaspiro[4.5]decan-7-yl]-pyrazin-2-ylmethanone",C1C[C@@]2(CCN(C2)C3=CC=CC=C3)CN(C1)C(=O)C4=NC=CN=C4,0
N-[(2-methoxyphenyl)methyl]-2-pyridin-3-ylpyrimidin-4-amine,COC1=CC=CC=C1CNC2=NC(=NC=C2)C3=CN=CC=C3,0
"3,5-Dimethyl-4-[4-(4-methylpiperazin-1-yl)pyrimidin-5-yl]-1,2-oxazole",CC1=C(C(=NO1)C)C2=CN=CN=C2N3CCN(CC3)C,0
2-(Dimethylamino)-8-phenyl-6-(2-phenylethyl)pteridin-7-one,CN(C)C1=NC=C2C(=N1)N(C(=O)C(=N2)CCC3=CC=CC=C3)C4=CC=CC=C4,0
"N-[(2,4-dimethoxyphenyl)methyl]-5-[4-(dimethylamino)phenyl]pyrimidin-4-amine",CN(C)C1=CC=C(C=C1)C2=CN=CN=C2NCC3=C(C=C(C=C3)OC)OC,0
"6-(1,3-benzodioxol-5-yl)-N-(furan-2-ylmethyl)-N-methylpyrimidin-4-amine",CN(CC1=CC=CO1)C2=NC=NC(=C2)C3=CC4=C(C=C3)OCO4,0
N-benzyl-5-(furan-3-yl)pyrimidin-4-amine,C1=CC=C(C=C1)CNC2=NC=NC=C2C3=COC=C3,0
2-(4-Methoxyphenoxy)-6-methyl-8-phenylpteridin-7-one,CC1=NC2=CN=C(N=C2N(C1=O)C3=CC=CC=C3)OC4=CC=C(C=C4)OC,0
"2-(4-Methoxyphenoxy)-6,8-dimethylpteridin-7-one",CC1=NC2=CN=C(N=C2N(C1=O)C)OC3=CC=C(C=C3)OC,0
"(1-methylpyrrol-2-yl)-[(5S)-2-phenyl-2,7-diazaspiro[4.5]decan-7-yl]methanone",CN1C=CC=C1C(=O)N2CCC[C@]3(C2)CCN(C3)C4=CC=CC=C4,0
3-(4-Imidazol-1-ylpyrimidin-2-yl)benzonitrile,C1=CC(=CC(=C1)C2=NC=CC(=N2)N3C=CN=C3)C#N,0
"N-(3-fluorophenyl)-9-(pyrazine-2-carbonyl)-2,9-diazaspiro[5.5]undecane-2-carboxamide",C1CC2(CCN(CC2)C(=O)C3=NC=CN=C3)CN(C1)C(=O)NC4=CC(=CC=C4)F,0
"9-(3-fluorobenzoyl)-N-(3-fluorophenyl)-2,9-diazaspiro[5.5]undecane-2-carboxamide",C1CC2(CCN(CC2)C(=O)C3=CC(=CC=C3)F)CN(C1)C(=O)NC4=CC(=CC=C4)F,0
3-[4-[(5-Methylpyrazin-2-yl)methylamino]quinazolin-6-yl]benzonitrile,CC1=CN=C(C=N1)CNC2=NC=NC3=C2C=C(C=C3)C4=CC=CC(=C4)C#N,0
"9-(benzenesulfonyl)-N-(3-fluorophenyl)-2,9-diazaspiro[5.5]undecane-2-carboxamide",C1CC2(CCN(CC2)S(=O)(=O)C3=CC=CC=C3)CN(C1)C(=O)NC4=CC(=CC=C4)F,0
5-(furan-3-yl)-N-[(5-methylpyrazin-2-yl)methyl]pyrimidin-4-amine,CC1=CN=C(C=N1)CNC2=NC=NC=C2C3=COC=C3,0
5-[2-[(dimethylamino)methyl]phenyl]-N-(pyridin-3-ylmethyl)pyrimidin-4-amine,CN(C)CC1=CC=CC=C1C2=CN=CN=C2NCC3=CN=CC=C3,0
"4-[4-[(2-methoxyphenyl)methylamino]pyrimidin-2-yl]-N,N-dimethylbenzamide",CN(C)C(=O)C1=CC=C(C=C1)C2=NC=CC(=N2)NCC3=CC=CC=C3OC,0
N-[2-[[6-(2-methoxyphenyl)quinazolin-4-yl]amino]ethyl]acetamide,CC(=O)NCCNC1=NC=NC2=C1C=C(C=C2)C3=CC=CC=C3OC,0
"6-(3,5-Difluorophenyl)-8-[2-(2-methoxyphenyl)ethyl]pteridin-7-one",COC1=CC=CC=C1CCN2C3=NC=NC=C3N=C(C2=O)C4=CC(=CC(=C4)F)F,0
"2-(1,3-benzodioxol-5-yl)-N-[(2,4-dimethoxyphenyl)methyl]pyrimidin-4-amine",COC1=CC(=C(C=C1)CNC2=NC(=NC=C2)C3=CC4=C(C=C3)OCO4)OC,0
8-(2-Methoxyethyl)-6-thiophen-2-ylpteridin-7-one,COCCN1C2=NC=NC=C2N=C(C1=O)C3=CC=CS3,0
6-[4-(dimethylamino)phenyl]-N-[(5-methylpyrazin-2-yl)methyl]pyrimidin-4-amine,CC1=CN=C(C=N1)CNC2=NC=NC(=C2)C3=CC=C(C=C3)N(C)C,0
"(5R)-N-(3-cyanophenyl)-9-(pyridine-4-carbonyl)-2,9-diazaspiro[4.5]decane-2-carboxamide",C1C[C@@]2(CCN(C2)C(=O)NC3=CC=CC(=C3)C#N)CN(C1)C(=O)C4=CC=NC=C4,0
6-[2-[(dimethylamino)methyl]phenyl]-N-(thiophen-2-ylmethyl)quinazolin-4-amine,CN(C)CC1=CC=CC=C1C2=CC3=C(C=C2)N=CN=C3NCC4=CC=CS4,0
"4-[[9-(Pyrazine-2-carbonyl)-2,9-diazaspiro[5.5]undecan-2-yl]methyl]benzonitrile",C1CC2(CCN(CC2)C(=O)C3=NC=CN=C3)CN(C1)CC4=CC=C(C=C4)C#N,0
2-Methoxy-8-methyl-6-thiophen-2-ylpteridin-7-one,CN1C2=NC(=NC=C2N=C(C1=O)C3=CC=CS3)OC,0
N-(furan-2-ylmethyl)-N-methyl-6-pyridin-3-ylquinazolin-4-amine,CN(CC1=CC=CO1)C2=NC=NC3=C2C=C(C=C3)C4=CN=CC=C4,0
"Pyridin-4-yl-[2-(pyridin-4-ylmethyl)-2,9-diazaspiro[5.5]undecan-9-yl]methanone",C1CC2(CCN(CC2)C(=O)C3=CC=NC=C3)CN(C1)CC4=CC=NC=C4,0
N-benzyl-5-(2-methoxyphenyl)pyrimidin-4-amine,COC1=CC=CC=C1C2=CN=CN=C2NCC3=CC=CC=C3,0
5-(2-methylphenyl)-N-[(5-methylpyrazin-2-yl)methyl]pyrimidin-4-amine,CC1=CC=CC=C1C2=CN=CN=C2NCC3=NC=C(N=C3)C,0
"N-[(2,4-dimethoxyphenyl)methyl]-2-[2-[(dimethylamino)methyl]phenyl]quinazolin-4-amine",CN(C)CC1=CC=CC=C1C2=NC3=CC=CC=C3C(=N2)NCC4=C(C=C(C=C4)OC)OC,0
"6-(3,5-dimethyl-1,2-oxazol-4-yl)-N-[(5-methylpyrazin-2-yl)methyl]quinazolin-4-amine",CC1=CN=C(C=N1)CNC2=NC=NC3=C2C=C(C=C3)C4=C(ON=C4C)C,0
N-[3-[4-(4-fluoroanilino)pyrimidin-5-yl]phenyl]methanesulfonamide,CS(=O)(=O)NC1=CC=CC(=C1)C2=CN=CN=C2NC3=CC=C(C=C3)F,0
N-(thiophen-2-ylmethyl)-2-[2-(trifluoromethyl)phenyl]pyrimidin-4-amine,C1=CC=C(C(=C1)C2=NC=CC(=N2)NCC3=CC=CS3)C(F)(F)F,0
"6-(3,5-Difluorophenyl)-8-[(3-methoxyphenyl)methyl]-2-piperazin-1-ylpteridin-7-one",COC1=CC=CC(=C1)CN2C3=NC(=NC=C3N=C(C2=O)C4=CC(=CC(=C4)F)F)N5CCNCC5,0
"1-[2-[[3,5-Bis(trifluoromethyl)phenyl]methyl]-2,9-diazaspiro[5.5]undecan-9-yl]-2-methoxyethanone",COCC(=O)N1CCC2(CCCN(C2)CC3=CC(=CC(=C3)C(F)(F)F)C(F)(F)F)CC1,0
"(2-Benzhydryl-2,9-diazaspiro[5.5]undecan-9-yl)-(furan-2-yl)methanone",C1CC2(CCN(CC2)C(=O)C3=CC=CO3)CN(C1)C(C4=CC=CC=C4)C5=CC=CC=C5,0
"6-(1,3-benzodioxol-5-yl)-N-[2-(5-methoxy-1H-indol-3-yl)ethyl]pyrimidin-4-amine",COC1=CC2=C(C=C1)NC=C2CCNC3=NC=NC(=C3)C4=CC5=C(C=C4)OCO5,0
N-[3-[4-(4-fluoroanilino)pyrimidin-2-yl]phenyl]methanesulfonamide,CS(=O)(=O)NC1=CC=CC(=C1)C2=NC=CC(=N2)NC3=CC=C(C=C3)F,0
5-[2-[(dimethylamino)methyl]phenyl]-N-[(2-methoxyphenyl)methyl]pyrimidin-4-amine,CN(C)CC1=CC=CC=C1C2=CN=CN=C2NCC3=CC=CC=C3OC,0
"2-(Pyridin-4-ylmethyl)-2,9-diazaspiro[5.5]undecane",C1CC2(CCNCC2)CN(C1)CC3=CC=NC=C3,0
"5-(3,5-dimethyl-1,2-oxazol-4-yl)-N-phenylpyrimidin-4-amine",CC1=C(C(=NO1)C)C2=CN=CN=C2NC3=CC=CC=C3,0
3-[6-[(3-Methylphenyl)methylamino]pyrimidin-4-yl]benzonitrile,CC1=CC(=CC=C1)CNC2=NC=NC(=C2)C3=CC=CC(=C3)C#N,0
N-[2-[[2-(3-cyanophenyl)quinazolin-4-yl]amino]ethyl]acetamide,CC(=O)NCCNC1=NC(=NC2=CC=CC=C21)C3=CC=CC(=C3)C#N,0
"[3,5-bis(trifluoromethyl)phenyl]-[(5S)-2-pyridin-2-yl-2,7-diazaspiro[4.5]decan-7-yl]methanone",C1C[C@@]2(CCN(C2)C3=CC=CC=N3)CN(C1)C(=O)C4=CC(=CC(=C4)C(F)(F)F)C(F)(F)F,0
"(4-methoxyphenyl)-[(5S)-2-pyrimidin-2-yl-2,7-diazaspiro[4.5]decan-7-yl]methanone",COC1=CC=C(C=C1)C(=O)N2CCC[C@]3(C2)CCN(C3)C4=NC=CC=N4,0
"N-[(2,4-dimethoxyphenyl)methyl]-6-(2-methylphenyl)pyrimidin-4-amine",CC1=CC=CC=C1C2=CC(=NC=N2)NCC3=C(C=C(C=C3)OC)OC,0
"5-(1,3-benzodioxol-5-yl)-N-[(5-methylpyrazin-2-yl)methyl]pyrimidin-4-amine",CC1=CN=C(C=N1)CNC2=NC=NC=C2C3=CC4=C(C=C3)OCO4,0
2-Methoxy-8-[(3-methoxyphenyl)methyl]-6-methylpteridin-7-one,CC1=NC2=CN=C(N=C2N(C1=O)CC3=CC(=CC=C3)OC)OC,0
2-(2-chlorophenyl)-N-methylquinazolin-4-amine,CNC1=NC(=NC2=CC=CC=C21)C3=CC=CC=C3Cl,0
"N-[3-[4-[(2,4-dimethoxyphenyl)methylamino]pyrimidin-5-yl]phenyl]methanesulfonamide",COC1=CC(=C(C=C1)CNC2=NC=NC=C2C3=CC(=CC=C3)NS(=O)(=O)C)OC,0
N-(furan-2-ylmethyl)-N-methyl-5-(2-methylphenyl)pyrimidin-4-amine,CC1=CC=CC=C1C2=CN=CN=C2N(C)CC3=CC=CO3,0
2-(3-Methoxyanilino)-6-methyl-8-(thiophen-2-ylmethyl)pteridin-7-one,CC1=NC2=CN=C(N=C2N(C1=O)CC3=CC=CS3)NC4=CC(=CC=C4)OC,0
"thiadiazol-4-yl-[(5S)-2-(1,3-thiazol-2-ylmethyl)-2,7-diazaspiro[4.5]decan-7-yl]methanone",C1C[C@@]2(CCN(C2)CC3=NC=CS3)CN(C1)C(=O)C4=CSN=N4,0
"(4-methoxyphenyl)-[(5S)-2-[(2-methoxyphenyl)methyl]-2,7-diazaspiro[4.5]decan-7-yl]methanone",COC1=CC=C(C=C1)C(=O)N2CCC[C@]3(C2)CCN(C3)CC4=CC=CC=C4OC,0
5-[2-[(dimethylamino)methyl]phenyl]-N-phenylpyrimidin-4-amine,CN(C)CC1=CC=CC=C1C2=CN=CN=C2NC3=CC=CC=C3,0
"pyrazin-2-yl-[(5S)-2-(1,3-thiazol-2-ylmethyl)-2,7-diazaspiro[4.5]decan-7-yl]methanone",C1C[C@@]2(CCN(C2)CC3=NC=CS3)CN(C1)C(=O)C4=NC=CN=C4,0
6-(2-chlorophenyl)-N-[2-(5-methoxy-1H-indol-3-yl)ethyl]pyrimidin-4-amine,COC1=CC2=C(C=C1)NC=C2CCNC3=NC=NC(=C3)C4=CC=CC=C4Cl,0
N-cyclopropyl-6-(2-methylphenyl)quinazolin-4-amine,CC1=CC=CC=C1C2=CC3=C(C=C2)N=CN=C3NC4CC4,0
2-(Ethylamino)-8-[(3-methoxyphenyl)methyl]-6-(1-methylindol-3-yl)pteridin-7-one,CCNC1=NC=C2C(=N1)N(C(=O)C(=N2)C3=CN(C4=CC=CC=C43)C)CC5=CC(=CC=C5)OC,0
6-(1-Methylindol-3-yl)-8-(2-phenylethyl)-2-piperazin-1-ylpteridin-7-one,CN1C=C(C2=CC=CC=C21)C3=NC4=CN=C(N=C4N(C3=O)CCC5=CC=CC=C5)N6CCNCC6,0
"5-(1,3-benzodioxol-5-yl)-N-(furan-2-ylmethyl)-N-methylpyrimidin-4-amine",CN(CC1=CC=CO1)C2=NC=NC=C2C3=CC4=C(C=C3)OCO4,0
2-(2-methoxyphenyl)-N-[(2-methoxyphenyl)methyl]pyrimidin-4-amine,COC1=CC=CC=C1CNC2=NC(=NC=C2)C3=CC=CC=C3OC,0
N-[2-[[6-(2-chlorophenyl)quinazolin-4-yl]amino]ethyl]acetamide,CC(=O)NCCNC1=NC=NC2=C1C=C(C=C2)C3=CC=CC=C3Cl,0
"6-(3,5-Difluorophenyl)-2-(3-methoxyanilino)-8-(2-methoxyethyl)pteridin-7-one",COCCN1C2=NC(=NC=C2N=C(C1=O)C3=CC(=CC(=C3)F)F)NC4=CC(=CC=C4)OC,0
"6-(3,5-Difluorophenyl)-8-(4-methoxyphenyl)pteridin-7-one",COC1=CC=C(C=C1)N2C3=NC=NC=C3N=C(C2=O)C4=CC(=CC(=C4)F)F,0
2-(Ethylamino)-8-phenyl-6-(2-phenylethyl)pteridin-7-one,CCNC1=NC=C2C(=N1)N(C(=O)C(=N2)CCC3=CC=CC=C3)C4=CC=CC=C4,0
"Phenyl 2-[(4-methoxyphenyl)carbamoyl]-2,9-diazaspiro[5.5]undecane-9-carboxylate",COC1=CC=C(C=C1)NC(=O)N2CCCC3(C2)CCN(CC3)C(=O)OC4=CC=CC=C4,0
5-(3-methoxyphenyl)-N-[(5-methylpyrazin-2-yl)methyl]pyrimidin-4-amine,CC1=CN=C(C=N1)CNC2=NC=NC=C2C3=CC(=CC=C3)OC,0
N-methyl-5-[2-(trifluoromethyl)phenyl]pyrimidin-4-amine,CNC1=NC=NC=C1C2=CC=CC=C2C(F)(F)F,0
5-(3-methoxyphenyl)-N-phenylpyrimidin-4-amine,COC1=CC=CC(=C1)C2=CN=CN=C2NC3=CC=CC=C3,0
"(4-Methoxyphenyl)[(5S)-2-(2-methylpropyl)-2,7-diazaspiro[4.5]dec-7-yl]methanone",CC(C)CN1CC[C@]2(C1)CCCN(C2)C(=O)C3=CC=C(C=C3)OC,0
3-[8-(2-Cyanoethyl)-2-methoxy-7-oxopteridin-6-yl]benzonitrile,COC1=NC=C2C(=N1)N(C(=O)C(=N2)C3=CC=CC(=C3)C#N)CCC#N,0
N-[2-(1H-imidazol-5-yl)ethyl]-5-(3-methoxyphenyl)pyrimidin-4-amine,COC1=CC=CC(=C1)C2=CN=CN=C2NCCC3=CN=CN3,0
"6-(3,5-dimethyl-1,2-oxazol-4-yl)-N-[2-(5-methoxy-1H-indol-3-yl)ethyl]quinazolin-4-amine",CC1=C(C(=NO1)C)C2=CC3=C(C=C2)N=CN=C3NCCC4=CNC5=C4C=C(C=C5)OC,0
2-(4-Methoxyphenoxy)-8-[(3-methoxyphenyl)methyl]pteridin-7-one,COC1=CC=C(C=C1)OC2=NC=C3C(=N2)N(C(=O)C=N3)CC4=CC(=CC=C4)OC,0
N-[2-(5-methoxy-1H-indol-3-yl)ethyl]-2-(3-methoxyphenyl)quinazolin-4-amine,COC1=CC2=C(C=C1)NC=C2CCNC3=NC(=NC4=CC=CC=C43)C5=CC(=CC=C5)OC,0
8-(2-Aminoethyl)-6-(2-phenylethyl)pteridin-7-one,C1=CC=C(C=C1)CCC2=NC3=CN=CN=C3N(C2=O)CCN,0
2-(4-Methoxyphenoxy)-8-(4-methoxyphenyl)pteridin-7-one,COC1=CC=C(C=C1)N2C(=O)C=NC3=CN=C(N=C32)OC4=CC=C(C=C4)OC,0
3-[4-(Pyridin-3-ylmethylamino)pyrimidin-5-yl]benzonitrile,C1=CC(=CC(=C1)C2=CN=CN=C2NCC3=CN=CC=C3)C#N,0
"phenyl (5S)-2-pyridin-4-yl-2,7-diazaspiro[4.5]decane-7-carboxylate",C1C[C@@]2(CCN(C2)C3=CC=NC=C3)CN(C1)C(=O)OC4=CC=CC=C4,0
"N-[(2,4-dimethoxyphenyl)methyl]-6-(3-methoxyphenyl)quinazolin-4-amine",COC1=CC(=C(C=C1)CNC2=NC=NC3=C2C=C(C=C3)C4=CC(=CC=C4)OC)OC,0
2-(3-methoxyphenyl)-N-(pyridin-3-ylmethyl)pyrimidin-4-amine,COC1=CC=CC(=C1)C2=NC=CC(=N2)NCC3=CN=CC=C3,0
"5-(3,5-dimethyl-1,2-oxazol-4-yl)-N-[(5-methylpyrazin-2-yl)methyl]pyrimidin-4-amine",CC1=CN=C(C=N1)CNC2=NC=NC=C2C3=C(ON=C3C)C,0
6-(Furan-3-yl)-4-(4-methylpiperazin-1-yl)quinazoline,CN1CCN(CC1)C2=NC=NC3=C2C=C(C=C3)C4=COC=C4,0
N-[3-[4-(2-methoxyethylamino)quinazolin-2-yl]phenyl]methanesulfonamide,COCCNC1=NC(=NC2=CC=CC=C21)C3=CC(=CC=C3)NS(=O)(=O)C,0
3-[2-(4-Methoxyphenoxy)-7-oxo-6-phenylpteridin-8-yl]propanenitrile,COC1=CC=C(C=C1)OC2=NC=C3C(=N2)N(C(=O)C(=N3)C4=CC=CC=C4)CCC#N,0
2-[Methyl(2-pyridin-2-ylethyl)amino]fluoren-9-one,CN(CCC1=CC=CC=N1)C2=CC3=C(C=C2)C4=CC=CC=C4C3=O,0
Ajmalicine,C[C@H]1[C@H]2CN3CCC4=C([C@@H]3C[C@@H]2C(=CO1)C(=O)OC)NC5=CC=CC=C45,0
Mercury dibromofluorescein disodium salt,C1=CC=C(C(=C1)C2=C3C=C(C(=O)C=C3OC4=C(C(=C(C=C24)Br)[O-])[Hg])Br)C(=O)[O-].O.[Na+].[Na+],0
Dicyclomine Hydrochloride,CCN(CC)CCOC(=O)C1(CCCCC1)C2CCCCC2.Cl,0
Griseofulvin,C[C@@H]1CC(=O)C=C([C@]12C(=O)C3=C(O2)C(=C(C=C3OC)OC)Cl)OC,0
Nalpha-Tosyl-L-phenylalanine chloromethyl ketone,CC1=CC=C(C=C1)S(=O)(=O)N[C@@H](CC2=CC=CC=C2)C(=O)CCl,0
Naringenin,C1[C@H](OC2=CC(=CC(=C2C1=O)O)O)C3=CC=C(C=C3)O,0
Canavanine,C(CON=C(N)N)[C@@H](C(=O)O)N,0
"N,N-dimethyl-3-(5H-pyrido[3,4-b][1,4]benzothiazin-5-yl)-1-propanamine",CN(C)CCCN1C2=C(C=NC=C2)SC3=CC=CC=C31,0
2-Methyl-2-(benzylthio)propylamine,CC(C)(CN)SCC1=CC=CC=C1,0
"6-((3-Aminophenoxy)methyl)-5-(4-chlorophenyl)-2,4-pyrimidinediamine",C1=CC(=CC(=C1)OCC2=C(C(=NC(=N2)N)N)C3=CC=C(C=C3)Cl)N,0
2-(Benzo[d]thiazol-2-ylthio)ethanamine,C1=CC=C2C(=C1)N=C(S2)SCCN,0
(4-Methyl-1-naphthyl)(2-(1-naphthylmethyl)phenyl)methanimine,CC1=CC=C(C2=CC=CC=C12)C(=N)C3=CC=CC=C3CC4=CC=CC5=CC=CC=C54,0
"(2-Benzylphenyl)(2,5-dimethylphenyl)methanimine",CC1=CC(=C(C=C1)C)C(=N)C2=CC=CC=C2CC3=CC=CC=C3,0
(-)-alpha-Hydrastine,CN1CCC2=CC3=C(C=C2[C@@H]1[C@H]4C5=C(C(=C(C=C5)OC)OC)C(=O)O4)OCO3,0
N-methyl-N-(2-(2-pyridinyl)ethyl)-9H-fluoren-2-amine,CN(CCC1=CC=CC=N1)C2=CC3=C(C=C2)C4=CC=CC=C4C3,0
2-(Pyridin-3-yl)acetohydrazide,C1=CC(=CN=C1)CC(=O)NN,0
"4-(2-((3,4-Dichlorobenzyl)thio)ethyl)pyridine",C1=CC(=C(C=C1CSCCC2=CC=NC=C2)Cl)Cl,0
Dehydroglaucine,CN1CCC2=CC(=C(C3=C4C=C(C(=CC4=CC1=C23)OC)OC)OC)OC,0
"7-((2-(3,5-Dibromo-4-hydroxyphenyl)ethyl)amino)-5,8-quinolinedione",C1=CC2=C(C(=O)C(=CC2=O)NCCC3=CC(=C(C(=C3)Br)O)Br)N=C1,0
DA-3003-1,C1COCCN1CCNC2=C(C(=O)C3=C(C2=O)N=CC=C3)Cl,0
"5,7-Dimethoxyflavanone",COC1=CC2=C(C(=O)CC(O2)C3=CC=CC=C3)C(=C1)OC,0
"(3S)-6,7-dimethoxy-3-(6-methyl-7,8-dihydro-5H-[1,3]dioxolo[4,5-g]isoquinolin-5-yl)-3H-2-benzofuran-1-one",CN1CCC2=CC3=C(C=C2C1[C@@H]4C5=C(C(=C(C=C5)OC)OC)C(=O)O4)OCO3,0
"4,4'-Dimethoxydalbergione",COC1=CC=C(C=C1)C(C=C)C2=CC(=O)C(=CC2=O)OC,0
Blasticidine S hydrochloride,CN(CCC(CC(=O)NC1C=CC(OC1C(=O)O)N2C=CC(=NC2=O)N)N)C(=N)N.Cl,0
Graveoline,CN1C2=CC=CC=C2C(=O)C=C1C3=CC4=C(C=C3)OCO4,0
"5,8A-Dimethyl-3-methylidene-2H,3H,3AH,5H,6H,7H,8H,8AH,9H,9AH-naphtho[2,3-B]furan-2-one",CC1CCC[C@]2(C1=CC3C(C2)OC(=O)C3=C)C,0
Purvalanol A,CC(C)[C@H](CO)NC1=NC(=C2C(=N1)N(C=N2)C(C)C)NC3=CC(=CC=C3)Cl,0
Isoliquiritigenin,C1=CC(=CC=C1/C=C/C(=O)C2=C(C=C(C=C2)O)O)O,0
Piperine,C1CCN(CC1)C(=O)/C=C/C=C/C2=CC3=C(C=C2)OCO3,0
(S)-(-)-Felodipine,CCOC(=O)C1=C(NC(=C([C@H]1C2=C(C(=CC=C2)Cl)Cl)C(=O)OC)C)C,0
Aspidocarpine,CCC12CCCN3C1C4(CC3)C(CC2)N(C5=C4C=CC(=C5O)OC)C(=O)C,0
Derrustone,COC1=CC2=C(C(=C1)OC)C(=O)C(=CO2)C3=CC4=C(C=C3)OCO4,0
(-)-Deguelin;(-)-cis-Deguelin,CC1(C=CC2=C(O1)C=CC3=C2OC4COC5=CC(=C(C=C5C4C3=O)OC)OC)C,0
"2-(4-Chlorophenyl)-1-(2,4,6-trihydroxyphenyl)ethanone",C1=CC(=CC=C1CC(=O)C2=C(C=C(C=C2O)O)O)Cl,0
3-Hydroxy-2'-methoxyflavone,COC1=CC=CC=C1C2=C(C(=O)C3=CC=CC=C3O2)O,0
"[5-[Hydroxy(diphenyl)methyl]-2,2-dimethyl-1,3-dioxolan-4-yl]-diphenylmethanol",CC1(OC(C(O1)C(C2=CC=CC=C2)(C3=CC=CC=C3)O)C(C4=CC=CC=C4)(C5=CC=CC=C5)O)C,0
"(5S,5aR,8aR,9R)-5-hydroxy-9-(4-hydroxy-3,5-dimethoxyphenyl)-5a,6,8a,9-tetrahydro-5H-[2]benzofuro[5,6-f][1,3]benzodioxol-8-one",COC1=CC(=CC(=C1O)OC)C2C3C(COC3=O)C(C4=CC5=C(C=C24)OCO5)O,0
Terconazole (USAN:USP:INN:BAN),CC(C)N1CCN(CC1)C2=CC=C(C=C2)OC[C@@H]3CO[C@@](O3)(CN4C=NC=N4)C5=C(C=C(C=C5)Cl)Cl,0
(R)-butaconazole,C1=CC(=C(C(=C1)Cl)S[C@H](CCC2=CC=C(C=C2)Cl)CN3C=CN=C3)Cl,0
Melphalan,C1=CC(=CC=C1C[C@@H](C(=O)O)N)N(CCCl)CCCl,0
4-(1H-Benzimidazol-2-ylmethoxy)benzohydrazide,C1=CC=C2C(=C1)NC(=N2)COC3=CC=C(C=C3)C(=O)NN,0
"(2R,4S)-Ketoconazole",CC(=O)N1CCN(CC1)C2=CC=C(C=C2)OC[C@H]3CO[C@](O3)(CN4C=CN=C4)C5=C(C=C(C=C5)Cl)Cl,0
6-Bromoindirubin-3'-oxime,C1=CC=C2C(=C1)C(=C(N2)C3=C(NC4=C3C=CC(=C4)Br)O)N=O,0
Diethylstilbestrol,CC/C(=C(/CC)\C1=CC=C(C=C1)O)/C2=CC=C(C=C2)O,0
(-)-Rolipram,COC1=C(C=C(C=C1)[C@H]2CC(=O)NC2)OC3CCCC3,0
"2,8-Chrysenediol, 5,11-diethyl-5,6,11,12-tetrahydro-, (5R,11R)-",CC[C@@H]1CC2=C(C=CC(=C2)O)C3=C1C4=C(C[C@H]3CC)C=C(C=C4)O,0
Resveratrol,C1=CC(=CC=C1/C=C/C2=CC(=CC(=C2)O)O)O,0
Doxorubicin Hydrochloride,C[C@H]1[C@H]([C@H](C[C@@H](O1)O[C@H]2C[C@@](CC3=C2C(=C4C(=C3O)C(=O)C5=C(C4=O)C(=CC=C5)OC)O)(C(=O)CO)O)N)O.Cl,0
(+)-Epitaxifolin,C1=CC(=C(C=C1[C@H]2[C@H](C(=O)C3=C(C=C(C=C3O2)O)O)O)O)O,0
"(S)-3,5-Dihydroxyphenylglycine",C1=C(C=C(C=C1O)O)[C@@H](C(=O)O)N,0
(R)-Canadine,COC1=C(C2=C(C[C@@H]3C4=CC5=C(C=C4CCN3C2)OCO5)C=C1)OC,0
SB 228357,COC1=C(C=C2C(=C1)CCN2C(=O)NC3=CC(=CC(=C3)C4=CN=CC=C4)F)C(F)(F)F,0
Levisoprenaline,CC(C)NC[C@@H](C1=CC(=C(C=C1)O)O)O,0
4-[4-Benzothiazol-2-yl-2-(4-hydroxyphenyl)butan-2-yl]phenol,CC(CCC1=NC2=CC=CC=C2S1)(C3=CC=C(C=C3)O)C4=CC=C(C=C4)O,0
"2,3-Bis(2-hydroxyethylsulfanyl)-(1,4)naphthoquinone",C1=CC=C2C(=C1)C(=O)C(=C(C2=O)SCCO)SCCO,0
N-(4-amino-2-chlorophenyl)-N-(phenylsulfonyl)benzenesulfonamide,C1=CC=C(C=C1)S(=O)(=O)N(C2=C(C=C(C=C2)N)Cl)S(=O)(=O)C3=CC=CC=C3,0
Ononetin,COC1=CC=C(C=C1)CC(=O)C2=C(C=C(C=C2)O)O,0
"4,4',4'',4'''-(Thiene-2,3,4,5-tetrayl)tetrapyridine",C1=CN=CC=C1C2=C(SC(=C2C3=CC=NC=C3)C4=CC=NC=C4)C5=CC=NC=C5,0
4-(2-(Benzyl(hydroxy)amino)ethyl)pyridine,C1=CC=C(C=C1)CN(CCC2=CC=NC=C2)O,0
"1,4-Bis(phenylsulfonyl)-1,2,3,4-tetrahydroquinoxaline",C1CN(C2=CC=CC=C2N1S(=O)(=O)C3=CC=CC=C3)S(=O)(=O)C4=CC=CC=C4,0
"1,10-Dimethoxy-6-Methyl-5,6,6A,7-Tetrahydro-4H-Dibenzo(De,G)Quinoline-2,9-Diol",CN1CCC2=CC(=C(C3=C2C1CC4=CC(=C(C=C43)OC)O)OC)O,0
3-((4-Amino-3-methoxy-1-naphthyl)diazenyl)benzenesulfonamide,COC1=C(C2=CC=CC=C2C(=C1)N=NC3=CC(=CC=C3)S(=O)(=O)N)N,0
"6-Hydroxy-9,10-dimethoxy-3,3-dimethyl-13,13a-dihydro-3H,7aH-pyrano[2,3-c:6,5-f']dichromen-7-one",CC1(C=CC2=C(O1)C=C(C3=C2OC4COC5=CC(=C(C=C5C4C3=O)OC)OC)O)C,0
"6-((2,4-Dichlorobenzyl)thio)-9-isobutyl-9H-purin-2-amine",CC(C)CN1C=NC2=C1N=C(N=C2SCC3=C(C=C(C=C3)Cl)Cl)N,0
"1-Phenyl-3-(4-pyridinyl)-1,3-propanedione",C1=CC=C(C=C1)C(=O)CC(=O)C2=CC=NC=C2,0
"5-(Bis(phenylthio)methyl)-1,3-benzodioxole",C1OC2=C(O1)C=C(C=C2)C(SC3=CC=CC=C3)SC4=CC=CC=C4,0
"2,2'-(Methylenedithio)bisbenzothiazole",C1=CC=C2C(=C1)N=C(S2)SCSC3=NC4=CC=CC=C4S3,0
(2-((Dimethylamino)methyl)-4-(trifluoromethyl)phenyl)(diphenyl)methanol,CN(C)CC1=C(C=CC(=C1)C(F)(F)F)C(C2=CC=CC=C2)(C3=CC=CC=C3)O,0
Allantodapsone,C1=CC(=CC=C1N)S(=O)(=O)C2=CC=C(C=C2)NCN3C(=O)C(=O)C(=O)NC3=O,0
4-((2-Hydroxybenzylidene)amino)-2-isopropyl-5-methylphenol,CC1=CC(=C(C=C1N=CC2=CC=CC=C2O)C(C)C)O,0
"9,10-Dihydro-9,10(1',2')-benzenoanthracene-1,4-dione",C1=CC=C2C3C4=CC=CC=C4C(C2=C1)C5=C3C(=O)C=CC5=O,0
(+-)-Dihydromethysticin,COC1=CC(=O)OC(C1)CCC2=CC3=C(C=C2)OCO3,0
"6-chloro-1-methyl-N-(2-phenylethyl)-1H-pyrazolo[3,4-d]pyrimidin-4-amine",CN1C2=NC(=NC(=C2C=N1)NCCC3=CC=CC=C3)Cl,0
3-(1-methyl-5-((1-methyl-5-(3-pyridinyl)-1H-pyrrol-2-yl)thio)-1H-pyrrol-2-yl)pyridine,CN1C(=CC=C1SC2=CC=C(N2C)C3=CN=CC=C3)C4=CN=CC=C4,0
3-(aminomethyl)-N-butyl-7-chloroquinolin-4-amine,CCCCNC1=C2C=CC(=CC2=NC=C1CN)Cl,0
3-(Phenylthio)propanohydrazide,C1=CC=C(C=C1)SCCC(=O)NN,0
"N-(2-hydroxy-6,7-dihydro-5H-cyclopenta[b]pyridin-4-yl)-4-methylbenzenesulfonamide",CC1=CC=C(C=C1)S(=O)(=O)NC2=CC(=O)NC3=C2CCC3,0
"3-Phenanthrenepropionic acid, hydrazide",C1=CC=C2C(=C1)C=CC3=C2C=C(C=C3)CCC(=O)NN,0
"1,5-Benzothiazepin-4(5H)-one, 3-(acetyloxy)-5-(2-(dimethylamino)ethyl)-2,3-dihydro-2-(4-methoxyphenyl)-, hydrochloride (1:1)",CC(=O)OC1C(SC2=CC=CC=C2N(C1=O)CCN(C)C)C3=CC=C(C=C3)OC.Cl,0
4-(2-(Benzylthio)ethyl)pyridine,C1=CC=C(C=C1)CSCCC2=CC=NC=C2,0
"4-((1,2-Bis(2-chlorophenyl)hydrazino)methyl)pyridine",C1=CC=C(C(=C1)NN(CC2=CC=NC=C2)C3=CC=CC=C3Cl)Cl,0
"3-[3-(2-Pyrrol-1-ylphenyl)-1,2,4-oxadiazol-5-yl]propanoic acid",C1=CC=C(C(=C1)C2=NOC(=N2)CCC(=O)O)N3C=CC=C3,0
"5-(1,3-benzodioxol-5-yl)-N-(2,4-dimethylphenyl)-1,3,4-oxadiazol-2-amine",CC1=CC(=C(C=C1)NC2=NN=C(O2)C3=CC4=C(C=C3)OCO4)C,0
"2-(4,5-dihydro-1H-imidazol-2-ylthio)-2-(methylthio)-1,3-dithia-5,8-diazaspiro[3.4]octane",CSC1(SC2(S1)NCCN2)SC3=NCCN3,0
"2-(((2-(4-Chlorophenyl)-1,3-thiazol-4-yl)methyl)thio)aniline",C1=CC=C(C(=C1)N)SCC2=CSC(=N2)C3=CC=C(C=C3)Cl,0
"1,2-Bis[4-propan-2-yl-6-(trifluoromethyl)pyrimidin-2-yl]hydrazine",CC(C)C1=CC(=NC(=N1)NNC2=NC(=CC(=N2)C(F)(F)F)C(C)C)C(F)(F)F,0
1-Isopropyl-4-(3-(1-piperidinylsulfonyl)-4-pyridinyl)piperazine,CC(C)N1CCN(CC1)C2=C(C=NC=C2)S(=O)(=O)N3CCCCC3,0
2-{4-[3-(Pyrrolidin-1-ylsulfonyl)pyridin-4-yl]piperazin-1-yl}ethanol,C1CCN(C1)S(=O)(=O)C2=C(C=CN=C2)N3CCN(CC3)CCO,0
8-Benzylcanadine,COC1=C(C2=C(CC3C4=CC5=C(C=C4CCN3C2CC6=CC=CC=C6)OCO5)C=C1)OC,0
"2,2,4-trimethyl-6-(phenylsulfanylmethyl)-1H-quinoline",CC1=CC(NC2=C1C=C(C=C2)CSC3=CC=CC=C3)(C)C,0
Naftidrofuryl Oxalate,CCN(CC)CCOC(=O)C(CC1CCCO1)CC2=CC=CC3=CC=CC=C32.C(=O)(C(=O)O)O,0
(-)-Pilocarpine,CC[C@@H]1[C@@H](COC1=O)CC2=CN=CN2C,0
"2-(5,11-dimethyl-6H-pyrido[4,3-b]carbazol-6-yl)ethyl benzoate",CC1=C2C=CN=CC2=C(C3=C1N(C4=CC=CC=C43)CCOC(=O)C5=CC=CC=C5)C,0
Omacetaxine Mepesuccinate,CC(C)(CCC[C@@](CC(=O)OC)(C(=O)O[C@H]1[C@H]2C3=CC4=C(C=C3CCN5[C@@]2(CCC5)C=C1OC)OCO4)O)O,0
"8,9-dihydroxy-6H-[1]benzofuro[3,2-c]chromen-6-one",C1=CC=C2C(=C1)C3=C(C4=CC(=C(C=C4O3)O)O)C(=O)O2,0
"2,3-dinitro-9H-fluoren-9-one",C1=CC=C2C(=C1)C3=CC(=C(C=C3C2=O)[N+](=O)[O-])[N+](=O)[O-],0
(7-methoxy-9H-fluoren-2-yl)-[(7-methoxy-9H-fluoren-2-yl)imino]-oxidoazanium,COC1=CC2=C(C=C1)C3=C(C2)C=C(C=C3)N=[N+](C4=CC5=C(C=C4)C6=C(C5)C=C(C=C6)OC)[O-],0
Alkaloid A from Cephalotaxus,COC1=CC23CCCN2CCC4=CC5=C(C=C4C3C1O)OCO5,0
"1-Benzylsulfonyl-2,4-dinitro-benzene",C1=CC=C(C=C1)CS(=O)(=O)C2=C(C=C(C=C2)[N+](=O)[O-])[N+](=O)[O-],0
Noscapine,CN1CCC2=CC3=C(C(=C2[C@@H]1[C@@H]4C5=C(C(=C(C=C5)OC)OC)C(=O)O4)OC)OCO3,0
(+)-Berbamine,CN1CCC2=CC(=C3C=C2[C@@H]1CC4=CC=C(C=C4)OC5=C(C=CC(=C5)C[C@@H]6C7=C(O3)C(=C(C=C7CCN6C)OC)OC)O)OC,0
Cyclotriveratrylene,COC1=C(C=C2CC3=CC(=C(C=C3CC4=CC(=C(C=C4CC2=C1)OC)OC)OC)OC)OC,0
12-((4-methyl-1-piperidinyl)acetyl)-12H-benzo[b]phenothiazine,CC1CCN(CC1)CC(=O)N2C3=CC=CC=C3SC4=CC5=CC=CC=C5C=C42,0
"3-((1,3-benzodioxol-5-ylmethylene)amino)-6H-benzo[c]chromen-6-one",C1OC2=C(O1)C=C(C=C2)C=NC3=CC4=C(C=C3)C5=CC=CC=C5C(=O)O4,0
Bis(2-chloro-4-methyl-6-quinolyl)methane,CC1=CC(=NC2=C1C=C(C=C2)CC3=CC4=C(C=C3)N=C(C=C4C)Cl)Cl,0
"2-(2-chloro-4,5-dimethoxyphenyl)-1-(1H-indol-3-yl)ethanone",COC1=C(C=C(C(=C1)CC(=O)C2=CNC3=CC=CC=C32)Cl)OC,0
3-Hydroxy-7-methoxy-2-(4-methoxyphenyl)-4H-chromen-4-one,COC1=CC=C(C=C1)C2=C(C(=O)C3=C(O2)C=C(C=C3)OC)O,0
"[2-(4-Amino-1,3-dimethyl-2,6-dioxopyrimidin-5-yl)-2-oxoethyl] 2-phenylquinoline-4-carboxylate",CN1C(=C(C(=O)N(C1=O)C)C(=O)COC(=O)C2=CC(=NC3=CC=CC=C32)C4=CC=CC=C4)N,0
Necrostatin-1,CN1C(=O)C(NC1=S)CC2=CNC3=CC=CC=C32,0
3-(2-Piperidin-1-yl-phenylsulfamoyl)-thiophene-2-carboxylic acid,C1CCN(CC1)C2=CC=CC=C2NS(=O)(=O)C3=C(SC=C3)C(=O)O,0
2-Chloro-5-nitro-N-4-pyridinylbenzamide,C1=CC(=C(C=C1[N+](=O)[O-])C(=O)NC2=CC=NC=C2)Cl,0
N-(10-aminodecyl)-5-chloronaphthalene-1-sulfonamide,C1=CC2=C(C=CC=C2Cl)C(=C1)S(=O)(=O)NCCCCCCCCCCN,0
Tetraoctylammonium bromide,CCCCCCCC[N+](CCCCCCCC)(CCCCCCCC)CCCCCCCC.[Br-],0
Tamoxifen Citrate,CC/C(=C(\C1=CC=CC=C1)/C2=CC=C(C=C2)OCCN(C)C)/C3=CC=CC=C3.C(C(=O)O)C(CC(=O)O)(C(=O)O)O,0
Capsazepine,C1CC2=CC(=C(C=C2CN(C1)C(=S)NCCC3=CC=C(C=C3)Cl)O)O,0
N-Fmoc-L-isoleucine,CC[C@H](C)[C@@H](C(=O)O)NC(=O)OCC1C2=CC=CC=C2C3=CC=CC=C13,0
Malachite Green Oxalate,CN(C)C1=CC=C(C=C1)C(=C2C=CC(=[N+](C)C)C=C2)C3=CC=CC=C3.CN(C)C1=CC=C(C=C1)C(=C2C=CC(=[N+](C)C)C=C2)C3=CC=CC=C3.C(=O)(C(=O)O)O.C(=O)(C(=O)[O-])O.C(=O)(C(=O)[O-])O,0
N-[2-[(2-pyridin-3-ylquinazolin-4-yl)amino]ethyl]acetamide,CC(=O)NCCNC1=NC(=NC2=CC=CC=C21)C3=CN=CC=C3,0
2-(Pyridin-3-yl)-N-(thiophen-2-ylmethyl)quinazolin-4-amine,C1=CC=C2C(=C1)C(=NC(=N2)C3=CN=CC=C3)NCC4=CC=CS4,0
Tocris-1615,COC1=CC=CC(=C1)NC(=O)/C=C\C2=CC=C(C=C2)Cl,0
"[2-(4-Amino-1,3-dimethyl-2,6-dioxopyrimidin-5-yl)-2-oxoethyl] 2-(furan-2-yl)quinoline-4-carboxylate",CN1C(=C(C(=O)N(C1=O)C)C(=O)COC(=O)C2=CC(=NC3=CC=CC=C32)C4=CC=CO4)N,0
rac Dihydro Samidin,CC(C)CC(=O)OC1C(C2=C(C=CC3=C2OC(=O)C=C3)OC1(C)C)OC(=O)C,0
"2-(2-Furanyl)-4-quinolinecarboxylic acid [2-[4-amino-1-methyl-3-(2-methylpropyl)-2,6-dioxo-5-pyrimidinyl]-2-oxoethyl] ester",CC(C)CN1C(=C(C(=O)N(C1=O)C)C(=O)COC(=O)C2=CC(=NC3=CC=CC=C32)C4=CC=CO4)N,0
N-(4-fluorophenyl)-2-(pyridin-3-yl)quinazolin-4-amine,C1=CC=C2C(=C1)C(=NC(=N2)C3=CN=CC=C3)NC4=CC=C(C=C4)F,0
Derrusnin,COC1=CC2=C(C(=C1)OC)C(=C(C(=O)O2)C3=CC4=C(C=C3)OCO4)OC,0
Lopac-S-0441,COC1=CC=C(C=C1)NC(=O)/C=C\C2=CC=C(C=C2)Cl,0
"[(1S,4aS,10aS)-1,4a-dimethyl-7-propan-2-yl-2,3,4,9,10,10a-hexahydrophenanthren-1-yl]methanamine",CC(C)C1=CC2=C(C=C1)[C@]3(CCC[C@]([C@H]3CC2)(C)CN)C,0
(S)-Fluoxetine,CNCC[C@@H](C1=CC=CC=C1)OC2=CC=C(C=C2)C(F)(F)F,0
Capsaicin,CC(C)/C=C/CCCCC(=O)NCC1=CC(=C(C=C1)O)OC,0
Zucapsaicin,CC(C)/C=C\CCCCC(=O)NCC1=CC(=C(C=C1)O)OC,0
Chavicine,C1CCN(CC1)C(=O)/C=C\C=C/C2=CC3=C(C=C2)OCO3,0
Cis-Resveratrol,C1=CC(=CC=C1/C=C\C2=CC(=CC(=C2)O)O)O,0
"(5Z)-3-(furan-2-ylmethyl)-5-(pyridin-3-ylmethylidene)-2-thioxo-1,3-thiazolidin-4-one",C1=CC(=CN=C1)/C=C\2/C(=O)N(C(=S)S2)CC3=CC=CO3,0
"5-(6-Acetyloxy-3,5,7-trimethoxy-4-oxochromen-2-yl)-2-methoxyphenyl acetate",CC(=O)OC1=C(C=CC(=C1)C2=C(C(=O)C3=C(C(=C(C=C3O2)OC)OC(=O)C)OC)OC)OC,0
"rel-3,4-Dichloro-N-methyl-N-((1R,2R)-2-(1-pyrrolidinyl)cyclohexyl)benzeneacetamide",CN([C@@H]1CCCC[C@H]1N2CCCC2)C(=O)CC3=CC(=C(C=C3)Cl)Cl,0
2-(furan-3-yl)-N-[2-(5-methoxy-1H-indol-3-yl)ethyl]pyrimidin-4-amine,COC1=CC2=C(C=C1)NC=C2CCNC3=NC(=NC=C3)C4=COC=C4,0
N-(2-methoxyethyl)-6-(3-methoxyphenyl)quinazolin-4-amine,COCCNC1=NC=NC2=C1C=C(C=C2)C3=CC(=CC=C3)OC,0
"5-(1,3-benzodioxol-5-yl)-N-benzylpyrimidin-4-amine",C1OC2=C(O1)C=C(C=C2)C3=CN=CN=C3NCC4=CC=CC=C4,0
3-[8-[(4-Fluorophenyl)methyl]-2-(4-methylpiperazin-1-yl)-7-oxopteridin-6-yl]benzonitrile,CN1CCN(CC1)C2=NC=C3C(=N2)N(C(=O)C(=N3)C4=CC=CC(=C4)C#N)CC5=CC=C(C=C5)F,0
6-(3-methoxyphenyl)-N-(2-morpholin-4-ylethyl)quinazolin-4-amine,COC1=CC=CC(=C1)C2=CC3=C(C=C2)N=CN=C3NCCN4CCOCC4,0
3-[8-(2-Methoxyethyl)-7-oxo-2-piperazin-1-ylpteridin-6-yl]benzonitrile,COCCN1C2=NC(=NC=C2N=C(C1=O)C3=CC=CC(=C3)C#N)N4CCNCC4,0
2-(furan-3-yl)-N-pyridin-4-ylquinazolin-4-amine,C1=CC=C2C(=C1)C(=NC(=N2)C3=COC=C3)NC4=CC=NC=C4,0
N-benzyl-2-(2-methoxyphenyl)quinazolin-4-amine,COC1=CC=CC=C1C2=NC3=CC=CC=C3C(=N2)NCC4=CC=CC=C4,0
3-[2-(4-Methoxyphenoxy)-7-oxo-6-thiophen-2-ylpteridin-8-yl]propanenitrile,COC1=CC=C(C=C1)OC2=NC=C3C(=N2)N(C(=O)C(=N3)C4=CC=CS4)CCC#N,0
2-{2-Benzimidazol-2-yl-1-[(4-methylphenyl)methyl]ethyl}benzimidazole,CC1=CC=C(C=C1)CC(CC2=NC3=CC=CC=C3N2)C4=NC5=CC=CC=C5N4,0
Lopac-S-1316,C[C@H]1C(=O)N[C@H](C(=O)N[C@H](C(=O)N[C@H](C(=O)N[C@H](C(=O)N[C@H](C(=O)N1C)CC2=CC=CC=C2)C(C)C)CCCCN)CC3=CNC4=CC=CC=C43)CC5=CC=C(C=C5)O,0
"2-(3,4-dichlorophenyl)-N-methyl-N-[(1S)-1-phenyl-2-pyrrolidin-1-ylethyl]acetamide",CN([C@H](CN1CCCC1)C2=CC=CC=C2)C(=O)CC3=CC(=C(C=C3)Cl)Cl,0
"4H-Pyrimido[6,1-a]isoquinolin-4-one, 2,3,6,7-tetrahydro-9,10-dimethoxy-3-methyl-2-[(2,4,6-trimethylphenyl)imino]-, hydrochloride (1:1)",CC1=CC(=C(C(=C1)C)N=C2C=C3C4=CC(=C(C=C4CCN3C(=O)N2C)OC)OC)C.Cl,0
Tocris-0130,CN1CCC2=CC3=C(C=C2[C@@H]1[C@H]4C5=C(C6=C(C=C5)OCO6)OC4=O)OCO3,0
"[2-(3,4-Dichloro-phenyl)-ethyl]-methyl-(2-pyrrolidin-1-yl-cyclohexyl)-amine",CN(CCC1=CC(=C(C=C1)Cl)Cl)[C@H]2CCCC[C@H]2N3CCCC3,0
Thioperamide,C1CCC(CC1)NC(=S)N2CCC(CC2)C3=CN=CN3,0
Iodophenpropit,C1=CC(=CC=C1CCN=C(N)SCCCC2=CN=CN2)I,0
"1,3,6,9-Tetrahydro-1,3-dimethyl-8-((3-pyridinylmethyl)thio)-6-thioxo-2H-purin-2-one",CN1C2=C(C(=S)N(C1=O)C)NC(=N2)SCC3=CN=CC=C3,0
Altanserin,C1CN(CCC1C(=O)C2=CC=C(C=C2)F)CCN3C(=O)C4=CC=CC=C4NC3=S,0
"1,4-Dimethyoxy-9(10H)-acridinone",COC1=C2C(=C(C=C1)OC)NC3=CC=CC=C3C2=S,0
"4-Mercapto-6-((2,3,4,5,6-pentachlorobenzyl)thio)-1,3,5-triazin-2-ol",C(C1=C(C(=C(C(=C1Cl)Cl)Cl)Cl)Cl)SC2=NC(=S)NC(=O)N2,0
"N,N'-Di(1H-indazol-6-yl)thiourea",C1=CC2=C(C=C1NC(=S)NC3=CC4=C(C=C3)C=NN4)NN=C2,0
Zeranol,C[C@H]1CCC[C@@H](CCCCCC2=C(C(=CC(=C2)O)O)C(=O)O1)O,0
(+-)-Monastrol,CCOC(=O)C1=C(NC(=S)NC1C2=CC(=CC=C2)O)C,0
"1-(2,3-Dibenzimidazol-2-ylpropyl)-2-methoxybenzene",COC1=CC=CC=C1CC(CC2=NC3=CC=CC=C3N2)C4=NC5=CC=CC=C5N4,0
"N-phenyl[(9,11,13-trimethyl-8,15-dioxatetracyclo[10.2.2.0<2,7>.0<9,14>]hexadec a-2(7),3,5-trien-12-yl)methoxy]carboxamide",CC1CC2(C3C(C1(COC3C4=CC=CC=C4O2)COC(=O)NC5=CC=CC=C5)C)C,0
"2-(2,4-Dihydroxyphenyl)chromen-4-one",C1=CC=C2C(=C1)C(=O)C=C(O2)C3=C(C=C(C=C3)O)O,0
"[(3R)-1-ethylpiperidin-3-yl] 2,2-diphenylacetate",CCN1CCC[C@H](C1)OC(=O)C(C2=CC=CC=C2)C3=CC=CC=C3,0
cis-Diethylstilbestrol,CC/C(=C(\CC)/C1=CC=C(C=C1)O)/C2=CC=C(C=C2)O,0
"Methanamine, N-(2,3-diphenyl-1,2,4-thiadiazol-5(2H)-ylidene)-",CN=C1N=C(N(S1)C2=CC=CC=C2)C3=CC=CC=C3,0
"6-[(1R)-1-(4-methoxyphenyl)ethyl]-1,3-benzodioxol-5-ol",C[C@H](C1=CC=C(C=C1)OC)C2=CC3=C(C=C2O)OCO3,0
"7,8,3'-Trihydroxyflavone",C1=CC(=CC(=C1)O)C2=CC(=O)C3=C(O2)C(=C(C=C3)O)O,0
4'-Hydroxy-7-Methoxyflavone,COC1=CC2=C(C=C1)C(=O)C=C(O2)C3=CC=C(C=C3)O,0
4'-Hydroxy-6-methoxyflavone,COC1=CC2=C(C=C1)OC(=CC2=O)C3=CC=C(C=C3)O,0
4'-Hydroxy-5-methoxyflavone,COC1=CC=CC2=C1C(=O)C=C(O2)C3=CC=C(C=C3)O,0
6-Hydroxy-3'-methoxyflavone,COC1=CC=CC(=C1)C2=CC(=O)C3=C(O2)C=CC(=C3)O,0
3-Hydroxy-3'-methoxyflavone,COC1=CC=CC(=C1)C2=C(C(=O)C3=CC=CC=C3O2)O,0
3'-Hydroxyflavonol,C1=CC=C2C(=C1)C(=O)C(=C(O2)C3=CC(=CC=C3)O)O,0
"6,7-Dimethoxyflavone",COC1=C(C=C2C(=C1)C(=O)C=C(O2)C3=CC=CC=C3)OC,0
"3,6-Dimethoxyflavone",COC1=CC2=C(C=C1)OC(=C(C2=O)OC)C3=CC=CC=C3,0
"Tropicamide, (R)-",CCN(CC1=CC=NC=C1)C(=O)[C@@H](CO)C2=CC=CC=C2,0
4'-Hydroxy-3'-Methoxyflavone,COC1=C(C=CC(=C1)C2=CC(=O)C3=CC=CC=C3O2)O,0
6-Hydroxy-2'-methoxyflavone,COC1=CC=CC=C1C2=CC(=O)C3=C(O2)C=CC(=C3)O,0
"5,3'-Dihydroxyflavone",C1=CC(=CC(=C1)O)C2=CC(=O)C3=C(C=CC=C3O2)O,0
Tyrphostin 47,C1=CC(=C(C=C1/C=C(\C#N)/C(=S)N)O)O,0
N-benzyl-2-pyridin-3-ylquinazolin-4-amine,C1=CC=C(C=C1)CNC2=NC(=NC3=CC=CC=C32)C4=CN=CC=C4,0
(R)-Pinocembrin,C1[C@@H](OC2=CC(=CC(=C2C1=O)O)O)C3=CC=CC=C3,0
Etomidate,CCOC(=O)C1=CN=CN1[C@H](C)C2=CC=CC=C2,0
Dienestrol,C/C=C(/C(=C/C)/C1=CC=C(C=C1)O)\C2=CC=C(C=C2)O,0
Pilocarpine Nitrate,CC[C@H]1[C@H](COC1=O)CC2=CN=CN2C.[N+](=O)(O)[O-],0
"5,6-dichloro-1-ethyl-1,3-dihydro-2H-benzimidazol-2-one",CCN1C2=CC(=C(C=C2NC1=O)Cl)Cl,0
"10,10-Bis(4-pyridinylmethyl)-9(10H)-anthracenone",C1=CC=C2C(=C1)C(=O)C3=CC=CC=C3C2(CC4=CC=NC=C4)CC5=CC=NC=C5,0
"8,9-dihydroxy-10-methoxy-6H-[1]benzofuro[3,2-c]chromen-6-one",COC1=C2C(=CC(=C1O)O)C3=C(O2)C4=CC=CC=C4OC3=O,0
Tocris-1622,C[C@](CC1=CC=CC=C1)(C2=CC=CC=C2)NC(=O)CN,0
YM 90709,CC1(CC2=CC(=C(C=C2C3=CC4=NC5=CC=CC=C5N=C4N31)OC)OC)C,0
"Dehydroglaucine, Derivative of",CN1CCC2=CC(=C(C3=C2C1=C(C4=CC(=C(C=C43)OC)OC)C=O)OC)OC,0
Curcumin,COC1=C(C=CC(=C1)/C=C/C(=O)CC(=O)/C=C/C2=CC(=C(C=C2)O)OC)O,0
6-phenethylsulfanyl-7H-purin-2-amine,C1=CC=C(C=C1)CCSC2=NC(=NC3=C2NC=N3)N,0
"3-Ethyl 5-methyl (4S)-4-(2,3-dichlorophenyl)-1,4-dihydro-2,6-dimethyl-3,5-pyridinedicarboxylate",CCOC(=O)C1=C(NC(=C([C@@H]1C2=C(C(=CC=C2)Cl)Cl)C(=O)OC)C)C,0
trans-Thiothixene,CN1CCN(CC1)CC/C=C/2\C3=CC=CC=C3SC4=C2C=C(C=C4)S(=O)(=O)N(C)C,0
"Paroxetine, cis-(-)-",C1CNC[C@H]([C@H]1C2=CC=C(C=C2)F)COC3=CC4=C(C=C3)OCO4,0
CID 854491,CC[C@@]12CCCN3[C@H]1C4=C(CC3)C5=CC=CC=C5N4C(=O)C2,0
Ro 90-7501,C1=CC(=CC=C1C2=NC3=C(N2)C=C(C=C3)C4=NC5=C(N4)C=C(C=C5)N)N,0
N-(2-morpholin-4-ylethyl)-2-pyridin-3-ylquinazolin-4-amine,C1COCCN1CCNC2=NC(=NC3=CC=CC=C32)C4=CN=CC=C4,0
"2,4,6-trimethyl-N-[2-(trifluoromethyl)phenyl]benzenesulfonamide",CC1=CC(=C(C(=C1)C)S(=O)(=O)NC2=CC=CC=C2C(F)(F)F)C,0
m-3M3FBS,CC1=CC(=C(C(=C1)C)S(=O)(=O)NC2=CC=CC(=C2)C(F)(F)F)C,0
6-(4-Fluorophenyl)-8-[(3-methoxyphenyl)methyl]pteridin-7-one,COC1=CC=CC(=C1)CN2C3=NC=NC=C3N=C(C2=O)C4=CC=C(C=C4)F,0
Tocris-1758,C1=CN=CC=C1C[C@@H](C(Cl)(Cl)Cl)O,0
2-(2-chlorophenyl)-N-(pyridin-3-ylmethyl)quinazolin-4-amine,C1=CC=C2C(=C1)C(=NC(=N2)C3=CC=CC=C3Cl)NCC4=CN=CC=C4,0
2-Mercaptobenzimidazole,C1=CC=C2C(=C1)NC(=S)N2,0
6-Methyl-2-phenyl-chromen-4-one,CC1=CC2=C(C=C1)OC(=CC2=O)C3=CC=CC=C3,0
"2-(3,4-Dimethoxyphenyl)-3-hydroxy-6-methylchromen-4-one",CC1=CC2=C(C=C1)OC(=C(C2=O)O)C3=CC(=C(C=C3)OC)OC,0
"6,3'-Dimethylflavone",CC1=CC(=CC=C1)C2=CC(=O)C3=C(O2)C=CC(=C3)C,0
6-Bromo-3'-methylflavone,CC1=CC(=CC=C1)C2=CC(=O)C3=C(O2)C=CC(=C3)Br,0
"3,4'-Dihydroxyflavone",C1=CC=C2C(=C1)C(=O)C(=C(O2)C3=CC=C(C=C3)O)O,0
"3',4'-Dimethoxyflavone",COC1=C(C=C(C=C1)C2=CC(=O)C3=CC=CC=C3O2)OC,0
"7,3'-Dimethoxyflavone",COC1=CC2=C(C=C1)C(=O)C=C(O2)C3=CC(=CC=C3)OC,0
"3,7-Dimethoxyflavone",COC1=CC2=C(C=C1)C(=O)C(=C(O2)C3=CC=CC=C3)OC,0
"6,3'-Dihydroxyflavone",C1=CC(=CC(=C1)O)C2=CC(=O)C3=C(O2)C=CC(=C3)O,0
"(3R,6S,13S,14R)-3-benzyl-14-methoxy-6,13-dimethyl-1,8-dioxa-4-azacyclopentadecane-2,5,9-trione",C[C@H]1CCCC(=O)OC[C@@H](C(=O)N[C@@H](C(=O)OC[C@@H]1OC)CC2=CC=CC=C2)C,0
(+)-Thaliporphine,CN1CCC2=CC(=C(C3=C2[C@@H]1CC4=CC(=C(C=C43)OC)OC)O)OC,0
"N-((3S,4R)-6-Cyano-3,4-dihydro-3-hydroxy-2,2-dimethyl-2H-1-benzopyran-4-yl)-N-(phenylmethoxy)acetamide",CC(=O)N([C@H]1[C@@H](C(OC2=C1C=C(C=C2)C#N)(C)C)O)OCC3=CC=CC=C3,0
Dihydrogambogic acid,CC(=CCCC1(C=CC2=C(C3=C(C(=C2O1)CC=C(C)C)OC45C6CC(C=C4C3=O)C(C5(OC6(C)C)C/C=C(/C)\C(=O)O)O)O)C)C,0
Sappanone A trimethyl ether,COC1=CC2=C(C=C1)C(=O)/C(=C\C3=CC(=C(C=C3)OC)OC)/CO2,0
Dimethyl gambogate,CC(=CCCC1(C=CC2=C(O1)C(=C3C(=C2OC)C(=O)C4=CC5CC6C4(O3)C(C5=O)(OC6(C)C)C/C=C(/C)\C(=O)OC)CC=C(C)C)C)C,0
Sappanone A 7-methyl ether,COC1=CC2=C(C=C1)C(=O)/C(=C\C3=CC(=C(C=C3)O)O)/CO2,0
Bromocriptine Impurity B,CC(C)C[C@H]1C(=O)N2CCCC2[C@]3(N1C(=O)[C@](O3)(C(C)C)NC(=O)[C@H]4CN(C5CC6=CNC7=CC=CC(=C67)C5=C4)C)O,0
"((1S,4aS)-6-methoxy-1,4a-dimethyl-1,2,3,4,9,10,10a,4a-octahydrophenanthryl)met han-1-ol",C[C@@]1(CCC[C@]2(C1CCC3=C2C=C(C=C3)OC)C)CO,0
"7-Oxocallitrisic acid, methyl ester",CC(C)C1=CC2=C(C=C1)[C@]3(CCC[C@@](C3CC2=O)(C)C(=O)OC)C,0
"5,7-Dimethoxyisoflavone",COC1=CC2=C(C(=C1)OC)C(=O)C(=CO2)C3=CC=CC=C3,0
Arthonioic acid,CCCCCC(=O)CC1=C(C(=CC(=C1)O)O)C(=O)OC2=CC(=C(C(=C2)OC)C(=O)O)CC(=O)CCCCC,0
"8,2'-Dimethoxyflavone",COC1=CC=CC=C1C2=CC(=O)C3=C(O2)C(=CC=C3)OC,0
"12-Hydroxy-4,4-bisnor-4,8,11,13-podocarpatetraen-3-one",C[C@]12CCC(=O)C=C1CCC3=C2C=C(C=C3)O,0
Bergaptol geranyl ether,CC(=CCC/C(=C\COC1=C2C=CC(=O)OC2=CC3=C1C=CO3)/C)C,0
"[5-(4-Methylphenyl)sulfonyl-[1,2,4]triazino[5,6-b]indol-3-yl]-phenylmethanone",CC1=CC=C(C=C1)S(=O)(=O)N2C3=CC=CC=C3C4=C2N=C(N=N4)C(=O)C5=CC=CC=C5,0
"(3R,6S,7S,9aS)-3-benzyl-7-methyl-6-phenyl-3,6,7,8,9,9a-hexahydro-2H-pyrido[1,2-a]pyrazine-1,4-dione",C[C@H]1CC[C@H]2C(=O)N[C@@H](C(=O)N2[C@@H]1C3=CC=CC=C3)CC4=CC=CC=C4,0
"dimethyl (2R,3S,4R)-5-oxo-2,3-diphenyl-3,4-dihydro-1-benzoxepine-2,4-dicarboxylate",COC(=O)[C@@H]1[C@H]([C@@](OC2=CC=CC=C2C1=O)(C3=CC=CC=C3)C(=O)OC)C4=CC=CC=C4,0
"5-(4-Methoxyphenyl)-3-[3-(2-phenylimidazol-1-yl)propyl]-1,2,4-triazine",COC1=CC=C(C=C1)C2=CN=NC(=N2)CCCN3C=CN=C3C4=CC=CC=C4,0
CID 6636173,COC1=CC2=C(C=C1)O[C@H]([C@@H](C2=O)O)C3=CC(=CC=C3)OC,0
"(2S,3S,14S,13R)-3-[(4-methylphenyl)carbonyl]-17,19-dioxa-4-azapentacyclo[14.2. 1.0<2,14>.0<4,13>.0<5,10>]nonadeca-5(10),6,8,11-tetraen-15-one",CC1=CC=C(C=C1)C(=O)[C@@H]2[C@@H]3[C@@H]([C@@H]4N2C5=CC=CC=C5C=C4)C(=O)C6OCC3O6,0
"8,9-Dihydroxy-2-methyl-[1]benzofuro[3,2-c]chromen-6-one",CC1=CC2=C(C=C1)OC(=O)C3=C2OC4=CC(=C(C=C43)O)O,0
"6-(4-Benzyl-1,4-diazepan-1-yl)-2,8-dimethyl-9-propylpurine",CCCN1C(=NC2=C1N=C(N=C2N3CCCN(CC3)CC4=CC=CC=C4)C)C,0
N-benzyl-9-[2-(diethylamino)ethyl]-2-methyl-8-phenylpurin-6-amine,CCN(CC)CCN1C(=NC2=C(N=C(N=C21)C)NCC3=CC=CC=C3)C4=CC=CC=C4,0
"9-[(1-ethylpyrrolidin-2-yl)methyl]-N,N-bis(2-methoxyethyl)-2-methyl-8-phenylpurin-6-amine",CCN1CCCC1CN2C3=C(C(=NC(=N3)C)N(CCOC)CCOC)N=C2C4=CC=CC=C4,0
9-[(1-ethylpyrrolidin-2-yl)methyl]-N-(2-methoxyethyl)-2-methyl-8-phenylpurin-6-amine,CCN1CCCC1CN2C(=NC3=C(N=C(N=C32)C)NCCOC)C4=CC=CC=C4,0
N-cyclohexyl-9-[(1-ethylpyrrolidin-2-yl)methyl]-2-methyl-8-phenylpurin-6-amine,CCN1CCCC1CN2C(=NC3=C(N=C(N=C32)C)NC4CCCCC4)C5=CC=CC=C5,0
"(E)-4-(2,3-dimethyl-6,7,8,9-tetrahydropyrido[3,2-b]azepin-5-yl)-N-[(1S)-1-[3-(2,4,6-trimethylphenyl)-1,2-oxazol-5-yl]ethoxy]butan-2-imine",CC1=CC(=C(C(=C1)C)C2=NOC(=C2)[C@H](C)O/N=C(\C)/CCN3CCCCC4=C3C=C(C(=N4)C)C)C,0
ZK 164015,CCCCCS(=O)(=O)CCCCCCCCCCN1C2=C(C=C(C=C2)O)C(=C1C3=CC=C(C=C3)O)C,0
N'-(3-methoxyphenyl)-N-[(3-methoxyphenyl)methylidene]methanimidamide,COC1=CC=CC(=C1)C=NC=NC2=CC(=CC=C2)OC,0
(S)-[(E)-(6-methyl-2-pyridinyl)methylideneamino]azanidyl-methylsulfanylmethanethiolate;[[[(E)-(6-methyl-2-pyridinyl)methylideneamino]azanidyl-methylsulfanylmethylidene]-lambda4-sulfanylidene]copper,CC1=NC(=CC=C1)/C=N/[N-][C@@H]([S-])SC.CC1=NC(=CC=C1)/C=N/[N-]C(=S=[Cu])SC,0
Chlorhexidine Hydrochloride,C1=CC(=CC=C1N/C(=N/C(=NCCCCCCN=C(/N=C(/NC2=CC=C(C=C2)Cl)\N)N)N)/N)Cl.Cl.Cl,0
Oxiconazole Nitrate,C1=CC(=C(C=C1Cl)Cl)CO/N=C(\CN2C=CN=C2)/C3=C(C=C(C=C3)Cl)Cl.[N+](=O)(O)[O-],0
"(2S)-1-[(E)-4-(2,3-diphenyl-7,8-dihydro-5H-1,6-naphthyridin-6-yl)butan-2-ylideneamino]oxy-3-(furan-2-ylmethoxy)propan-2-ol",C/C(=N\OC[C@H](COCC1=CC=CO1)O)/CCN2CCC3=NC(=C(C=C3C2)C4=CC=CC=C4)C5=CC=CC=C5,0
"(E)-4-(2,3-diethyl-7,8-dihydro-5H-1,6-naphthyridin-6-yl)-N-[(1S)-1-[3-(2,4,6-trimethylphenyl)-1,2-oxazol-5-yl]ethoxy]butan-2-imine",CCC1=C(N=C2CCN(CC2=C1)CC/C(=N/O[C@@H](C)C3=CC(=NO3)C4=C(C=C(C=C4C)C)C)/C)CC,0
"(2S)-2-[4-[(1S)-1-[(E)-4-(2,3-diethyl-7,8-dihydro-5H-1,6-naphthyridin-6-yl)butan-2-ylideneamino]oxyethyl]triazol-1-yl]-3-phenylpropan-1-ol",CCC1=C(N=C2CCN(CC2=C1)CC/C(=N/O[C@@H](C)C3=CN(N=N3)[C@@H](CC4=CC=CC=C4)CO)/C)CC,0
"(2R,3S,4E)-4-[(1S)-1-[1-[(2S)-1-hydroxy-3-phenylpropan-2-yl]triazol-4-yl]ethoxy]imino-6-methoxy-2-(3-methoxyphenyl)-2,3-dihydrochromen-3-ol",C[C@@H](C1=CN(N=N1)[C@@H](CC2=CC=CC=C2)CO)O/N=C\3/[C@@H]([C@H](OC4=C3C=C(C=C4)OC)C5=CC(=CC=C5)OC)O,0
"(2S)-2-[4-[(1S)-1-[(E)-4-(6,7-dimethyl-3,4-dihydro-2H-1,5-naphthyridin-1-yl)butan-2-ylideneamino]oxyethyl]triazol-1-yl]-3-phenylpropan-1-ol",CC1=CC2=C(CCCN2CC/C(=N/O[C@@H](C)C3=CN(N=N3)[C@@H](CC4=CC=CC=C4)CO)/C)N=C1C,0
"(2S)-1-[(E)-4-(6,7-dimethyl-3,4-dihydro-2H-1,5-naphthyridin-1-yl)butan-2-ylideneamino]oxy-3-(furan-2-ylmethoxy)propan-2-ol",CC1=CC2=C(CCCN2CC/C(=N/OC[C@H](COCC3=CC=CO3)O)/C)N=C1C,0
"(E)-4-(6,7-dimethyl-3,4-dihydro-2H-1,5-naphthyridin-1-yl)-N-[(2S)-1-(2,3-dimethyl-6,7,8,9-tetrahydropyrido[3,2-b]azepin-5-yl)propan-2-yl]oxybutan-2-imine",CC1=CC2=C(CCCCN2C[C@H](C)O/N=C(\C)/CCN3CCCC4=C3C=C(C(=N4)C)C)N=C1C,0
"(E)-4-(6,7-dimethyl-3,4-dihydro-2H-1,5-naphthyridin-1-yl)-N-[[(2R,3S,6S)-3-(4-methoxyphenoxy)-6-phenyl-3,6-dihydro-2H-pyran-2-yl]methoxy]butan-2-imine",CC1=CC2=C(CCCN2CC/C(=N/OC[C@@H]3[C@H](C=C[C@H](O3)C4=CC=CC=C4)OC5=CC=C(C=C5)OC)/C)N=C1C,0
N-benzyl-9-[(1-ethylpyrrolidin-2-yl)methyl]-2-methyl-8-phenylpurin-6-amine,CCN1CCCC1CN2C(=NC3=C(N=C(N=C32)C)NCC4=CC=CC=C4)C5=CC=CC=C5,0
"(2S)-2-[4-[(1S)-1-[(E)-4-(2,3-dimethyl-6,7,8,9-tetrahydropyrido[3,2-b]azepin-5-yl)butan-2-ylideneamino]oxyethyl]triazol-1-yl]-3-phenylpropan-1-ol",CC1=CC2=C(CCCCN2CC/C(=N/O[C@@H](C)C3=CN(N=N3)[C@@H](CC4=CC=CC=C4)CO)/C)N=C1C,0
"(2S)-1-[(E)-4-(2,3-dimethyl-6,7,8,9-tetrahydropyrido[3,2-b]azepin-5-yl)butan-2-ylideneamino]oxy-3-(furan-2-ylmethoxy)propan-2-ol",CC1=CC2=C(CCCCN2CC/C(=N/OC[C@H](COCC3=CC=CO3)O)/C)N=C1C,0
"(E)-4-(2,3-dimethyl-6,7,8,9-tetrahydropyrido[3,2-b]azepin-5-yl)-N-[(2S)-1-(2,3-dimethyl-6,7,8,9-tetrahydropyrido[3,2-b]azepin-5-yl)propan-2-yl]oxybutan-2-imine",CC1=CC2=C(CCCCN2CC/C(=N/O[C@@H](C)CN3CCCCC4=C3C=C(C(=N4)C)C)/C)N=C1C,0
"(E)-4-(2,3-dimethyl-6,7,8,9-tetrahydropyrido[3,2-b]azepin-5-yl)-N-[[(2R,3S,6S)-3-(4-methoxyphenoxy)-6-phenyl-3,6-dihydro-2H-pyran-2-yl]methoxy]butan-2-imine",CC1=CC2=C(CCCCN2CC/C(=N/OC[C@@H]3[C@H](C=C[C@H](O3)C4=CC=CC=C4)OC5=CC=C(C=C5)OC)/C)N=C1C,0
"Diethyl 2-[[4,5-dimethoxy-2-(2-oxooctyl)phenyl]methylidene]propanedioate",CCCCCCC(=O)CC1=CC(=C(C=C1C=C(C(=O)OCC)C(=O)OCC)OC)OC,0
(Z)-3-Amino-3-(4-aminophenyl)sulfanyl-2-[2-(trifluoromethyl)phenyl]prop-2-enenitrile,C1=CC=C(C(=C1)/C(=C(\N)/SC2=CC=C(C=C2)N)/C#N)C(F)(F)F,0
"methyl 2-[(2S,3S)-3-[(2R,3S)-3-methoxy-4-methylpentan-2-yl]oxiran-2-yl]acetate",C[C@@H]([C@H]1[C@@H](O1)CC(=O)OC)[C@H](C(C)C)OC,0
"[2-[6-Azanyl-1-(cyclopropylmethyl)-3-methyl-2,4-bis(oxidanylidene)pyrimidin-5-yl]-2-oxidanylidene-ethyl] 2,8-bis(trifluoromethyl)quinoline-4-carboxylate",CN1C(=O)C(=C(N(C1=O)CC2CC2)N)C(=O)COC(=O)C3=CC(=NC4=C3C=CC=C4C(F)(F)F)C(F)(F)F,0
"2-(2-Furanyl)-4-quinolinecarboxylic acid [2-[6-amino-1-(cyclopropylmethyl)-3-methyl-2,4-dioxo-5-pyrimidinyl]-2-oxoethyl] ester",CN1C(=O)C(=C(N(C1=O)CC2CC2)N)C(=O)COC(=O)C3=CC(=NC4=CC=CC=C43)C5=CC=CO5,0
"[2-[6-Azanyl-1-methyl-2,4-bis(oxidanylidene)-3-(phenylmethyl)pyrimidin-5-yl]-2-oxidanylidene-ethyl] 2-(furan-2-yl)quinoline-4-carboxylate",CN1C(=C(C(=O)N(C1=O)CC2=CC=CC=C2)C(=O)COC(=O)C3=CC(=NC4=CC=CC=C43)C5=CC=CO5)N,0
"2-(2-Furanyl)-4-quinolinecarboxylic acid [2-[4-amino-1-methyl-2,6-dioxo-3-(phenylmethyl)-5-pyrimidinyl]-2-oxoethyl] ester",CN1C(=O)C(=C(N(C1=O)CC2=CC=CC=C2)N)C(=O)COC(=O)C3=CC(=NC4=CC=CC=C43)C5=CC=CO5,0
"phenyl(1,2,9,10-tetramethoxy-6-methyl-5,6-dihydro-4H-dibenzo[de,g]quinolin-7-yl)methanone",CN1CCC2=CC(=C(C3=C2C1=C(C4=CC(=C(C=C43)OC)OC)C(=O)C5=CC=CC=C5)OC)OC,0
"N'-[8-(4-fluorophenyl)-2-methyl-9-propylpurin-6-yl]-N,N,2,2-tetramethylpropane-1,3-diamine",CCCN1C(=NC2=C(N=C(N=C21)C)NCC(C)(C)CN(C)C)C3=CC=C(C=C3)F,0
N-butyl-9-[5-(diethylamino)pentan-2-yl]-2-methyl-8-phenylpurin-6-amine,CCCCNC1=C2C(=NC(=N1)C)N(C(=N2)C3=CC=CC=C3)C(C)CCCN(CC)CC,0
4-[3-(2-Methyl-6-morpholin-4-yl-8-phenylpurin-9-yl)propyl]morpholine,CC1=NC2=C(C(=N1)N3CCOCC3)N=C(N2CCCN4CCOCC4)C5=CC=CC=C5,0
N-benzyl-2-methyl-9-(3-morpholin-4-ylpropyl)-8-phenylpurin-6-amine,CC1=NC(=C2C(=N1)N(C(=N2)C3=CC=CC=C3)CCCN4CCOCC4)NCC5=CC=CC=C5,0
N-benzyl-9-[3-(dimethylamino)propyl]-2-methyl-8-phenylpurin-6-amine,CC1=NC(=C2C(=N1)N(C(=N2)C3=CC=CC=C3)CCCN(C)C)NCC4=CC=CC=C4,0
Ethyl 3-[4-[8-(4-fluorophenyl)-2-methyl-9-propylpurin-6-yl]piperazin-1-yl]propanoate,CCCN1C2=C(C(=NC(=N2)C)N3CCN(CC3)CCC(=O)OCC)N=C1C4=CC=C(C=C4)F,0
8-(4-Fluorophenyl)-6-[4-(2-imidazol-1-ylethyl)piperazin-1-yl]-2-methyl-9-propylpurine,CCCN1C2=C(C(=NC(=N2)C)N3CCN(CC3)CCN4C=CN=C4)N=C1C5=CC=C(C=C5)F,0
"6-[4-[(4,6-Dimethoxypyrimidin-2-yl)methyl]piperazin-1-yl]-8-(4-fluorophenyl)-2-methyl-9-propylpurine",CCCN1C2=C(C(=NC(=N2)C)N3CCN(CC3)CC4=NC(=CC(=N4)OC)OC)N=C1C5=CC=C(C=C5)F,0
"6-(4-Benzyl-1,4-diazepan-1-yl)-8-(4-fluorophenyl)-2-methyl-9-propylpurine",CCCN1C2=C(C(=NC(=N2)C)N3CCCN(CC3)CC4=CC=CC=C4)N=C1C5=CC=C(C=C5)F,0
8-(4-fluorophenyl)-2-methyl-9-propyl-N-(4-pyrrolidin-1-ylbutyl)purin-6-amine,CCCN1C(=NC2=C(N=C(N=C21)C)NCCCCN3CCCC3)C4=CC=C(C=C4)F,0
N-(1-benzylpyrrolidin-3-yl)-8-(4-fluorophenyl)-2-methyl-9-propylpurin-6-amine,CCCN1C(=NC2=C(N=C(N=C21)C)NC3CCN(C3)CC4=CC=CC=C4)C5=CC=C(C=C5)F,0
"N',N'-diethyl-N-[8-(4-fluorophenyl)-2-methyl-9-propylpurin-6-yl]butane-1,4-diamine",CCCN1C(=NC2=C(N=C(N=C21)C)NCCCCN(CC)CC)C3=CC=C(C=C3)F,0
8-(4-fluorophenyl)-2-methyl-9-propyl-N-(2-thiomorpholin-4-ylethyl)purin-6-amine,CCCN1C(=NC2=C(N=C(N=C21)C)NCCN3CCSCC3)C4=CC=C(C=C4)F,0
8-(4-fluorophenyl)-2-methyl-N-[3-(2-methylpiperidin-1-yl)propyl]-9-propylpurin-6-amine,CCCN1C(=NC2=C(N=C(N=C21)C)NCCCN3CCCCC3C)C4=CC=C(C=C4)F,0
N-benzyl-9-[5-(diethylamino)pentan-2-yl]-2-methyl-8-phenylpurin-6-amine,CCN(CC)CCCC(C)N1C(=NC2=C(N=C(N=C21)C)NCC3=CC=CC=C3)C4=CC=CC=C4,0
8-(4-fluorophenyl)-2-methyl-N-(2-morpholin-4-ylethyl)-9-propylpurin-6-amine,CCCN1C(=NC2=C(N=C(N=C21)C)NCCN3CCOCC3)C4=CC=C(C=C4)F,0
"1-N,1-N-diethyl-4-N-[8-(4-fluorophenyl)-2-methyl-9-propylpurin-6-yl]pentane-1,4-diamine",CCCN1C(=NC2=C(N=C(N=C21)C)NC(C)CCCN(CC)CC)C3=CC=C(C=C3)F,0
8-(4-fluorophenyl)-2-methyl-N-(3-morpholin-4-ylpropyl)-9-propylpurin-6-amine,CCCN1C(=NC2=C(N=C(N=C21)C)NCCCN3CCOCC3)C4=CC=C(C=C4)F,0
Tocris-0505,CC(C)[C@@]1(C(=O)N2[C@H](C(=O)N3CCC[C@@H]3[C@@]2(O1)O)CC4=CC=CC=C4)NC(=O)[C@@H]5C[C@@H]6[C@H](CC7=CNC8=CC=CC6=C78)N(C5)C.CS(=O)(=O)O,0
"N-[2-(3,4-dimethoxyphenyl)ethyl]-N-methyl-3-[4-[(3-propan-2-yl-1H-indol-2-yl)sulfonyl]phenoxy]propan-1-amine",CC(C)C1=C(NC2=CC=CC=C21)S(=O)(=O)C3=CC=C(C=C3)OCCCN(C)CCC4=CC(=C(C=C4)OC)OC,0
Tocris-1634,CC(C)C1=NC(=C(C=C1)C(=O)C2=CC=CS2)SCCCCCCCCNC.C(C(=O)O)C(=O)O,0
Tocris-1128,CC(=C)[C@@H]1[C@@H]2[C@@H]3[C@]4([C@]([C@H]1C(=O)O2)(C[C@@H]5[C@]4(O5)C(=O)O3)O)C.C[C@]12[C@H]3[C@H]4[C@H]([C@@H]([C@@]1(C[C@@H]5[C@]2(O5)C(=O)O3)O)C(=O)O4)C(C)(C)O,0
aminopurvalanol A,CC(C)[C@H](CO)NC1=NC(=C2C(=N1)N(C=N2)C(C)C)NC3=CC(=CC(=C3)N)Cl,0
Tocris-2007,C[C@@H]1C[C@@H]2[C@@H]3C[C@@H](C4=CC(=O)C=C[C@@]4([C@@]3([C@H](C[C@@]2([C@]1(CC(=O)CO)C(=O)SCF)C)O)F)C)F,0
Tocris-1949,CS(=O)(=O)C1=CC=C(C=C1)CN2C3=C(CCC[C@H]3CC(=O)O)C4=C2C(=CC(=C4)F)F,0
Tocris-1866,CC1=C([C@H](C(=C(N1CC#C)C)C(=O)OC)C2=CC(=CC=C2)N3OO3)C(=O)CCO,0
"(R)-8,9-Dichloro-2,3,4,4a-Tetrahydro-1H-Pyrazino[1,2-a]Quinoxalin-5(6H)-One",C1CN2[C@H](CN1)C(=O)NC3=CC(=C(C=C32)Cl)Cl,0
"N-butyl-9-[3-(dimethylamino)-2,2-dimethylpropyl]-2-methyl-8-phenylpurin-6-amine",CCCCNC1=C2C(=NC(=N1)C)N(C(=N2)C3=CC=CC=C3)CC(C)(C)CN(C)C,0
N-butyl-9-[(1-ethylpyrrolidin-2-yl)methyl]-2-methyl-8-phenylpurin-6-amine,CCCCNC1=C2C(=NC(=N1)C)N(C(=N2)C3=CC=CC=C3)CC4CCCN4CC,0
N-cyclohexyl-9-[1-(dimethylamino)propan-2-yl]-2-methyl-8-phenylpurin-6-amine,CC1=NC(=C2C(=N1)N(C(=N2)C3=CC=CC=C3)C(C)CN(C)C)NC4CCCCC4,0
N-benzyl-9-[1-(dimethylamino)propan-2-yl]-2-methyl-8-phenylpurin-6-amine,CC1=NC(=C2C(=N1)N(C(=N2)C3=CC=CC=C3)C(C)CN(C)C)NCC4=CC=CC=C4,0
9-(1-benzylpyrrolidin-3-yl)-N-(2-methoxyethyl)-2-methyl-8-phenylpurin-6-amine,CC1=NC(=C2C(=N1)N(C(=N2)C3=CC=CC=C3)C4CCN(C4)CC5=CC=CC=C5)NCCOC,0
N-benzyl-9-(1-benzylpyrrolidin-3-yl)-2-methyl-8-phenylpurin-6-amine,CC1=NC(=C2C(=N1)N(C(=N2)C3=CC=CC=C3)C4CCN(C4)CC5=CC=CC=C5)NCC6=CC=CC=C6,0
9-(1-benzylpyrrolidin-3-yl)-N-butyl-2-methyl-8-phenylpurin-6-amine,CCCCNC1=C2C(=NC(=N1)C)N(C(=N2)C3=CC=CC=C3)C4CCN(C4)CC5=CC=CC=C5,0
"9-[4-(diethylamino)butyl]-N,N-bis(2-methoxyethyl)-2-methyl-8-phenylpurin-6-amine",CCN(CC)CCCCN1C2=C(C(=NC(=N2)C)N(CCOC)CCOC)N=C1C3=CC=CC=C3,0
N-benzyl-9-[4-(diethylamino)butyl]-2-methyl-8-phenylpurin-6-amine,CCN(CC)CCCCN1C(=NC2=C(N=C(N=C21)C)NCC3=CC=CC=C3)C4=CC=CC=C4,0
"N,N-bis(2-methoxyethyl)-2-methyl-9-[3-(2-methylpiperidin-1-yl)propyl]-8-phenylpurin-6-amine",CC1CCCCN1CCCN2C3=C(C(=NC(=N3)C)N(CCOC)CCOC)N=C2C4=CC=CC=C4,0
N-cyclohexyl-2-methyl-9-[3-(2-methylpiperidin-1-yl)propyl]-8-phenylpurin-6-amine,CC1CCCCN1CCCN2C(=NC3=C(N=C(N=C32)C)NC4CCCCC4)C5=CC=CC=C5,0
N-benzyl-2-methyl-9-[3-(2-methylpiperidin-1-yl)propyl]-8-phenylpurin-6-amine,CC1CCCCN1CCCN2C(=NC3=C(N=C(N=C32)C)NCC4=CC=CC=C4)C5=CC=CC=C5,0
N-butyl-2-methyl-9-[3-(2-methylpiperidin-1-yl)propyl]-8-phenylpurin-6-amine,CCCCNC1=C2C(=NC(=N1)C)N(C(=N2)C3=CC=CC=C3)CCCN4CCCCC4C,0
"N-benzyl-9-[3-(dimethylamino)-2,2-dimethylpropyl]-2-methyl-8-phenylpurin-6-amine",CC1=NC(=C2C(=N1)N(C(=N2)C3=CC=CC=C3)CC(C)(C)CN(C)C)NCC4=CC=CC=C4,0
Tabimorelin,CC(C)(C/C=C/C(=O)N(C)[C@H](CC1=CC2=CC=CC=C2C=C1)C(=O)N(C)[C@H](CC3=CC=CC=C3)C(=O)NC)N,0
N-benzyl-2-methyl-8-phenyl-9-(2-pyrrolidin-1-ylethyl)purin-6-amine,CC1=NC(=C2C(=N1)N(C(=N2)C3=CC=CC=C3)CCN4CCCC4)NCC5=CC=CC=C5,0
N-butyl-2-methyl-8-phenyl-9-(2-pyrrolidin-1-ylethyl)purin-6-amine,CCCCNC1=C2C(=NC(=N1)C)N(C(=N2)C3=CC=CC=C3)CCN4CCCC4,0
"N,N-bis(2-methoxyethyl)-2-methyl-9-(2-morpholin-4-ylethyl)-8-phenylpurin-6-amine",CC1=NC2=C(C(=N1)N(CCOC)CCOC)N=C(N2CCN3CCOCC3)C4=CC=CC=C4,0
"2-methyl-9-(2-morpholin-4-ylethyl)-N,8-diphenylpurin-6-amine",CC1=NC(=C2C(=N1)N(C(=N2)C3=CC=CC=C3)CCN4CCOCC4)NC5=CC=CC=C5,0
N-benzyl-2-methyl-9-(2-morpholin-4-ylethyl)-8-phenylpurin-6-amine,CC1=NC(=C2C(=N1)N(C(=N2)C3=CC=CC=C3)CCN4CCOCC4)NCC5=CC=CC=C5,0
4-[2-Methyl-8-phenyl-9-(2-piperidin-1-ylethyl)purin-6-yl]morpholine,CC1=NC2=C(C(=N1)N3CCOCC3)N=C(N2CCN4CCCCC4)C5=CC=CC=C5,0
N-(2-methoxyethyl)-2-methyl-8-phenyl-9-(2-piperidin-1-ylethyl)purin-6-amine,CC1=NC(=C2C(=N1)N(C(=N2)C3=CC=CC=C3)CCN4CCCCC4)NCCOC,0
N-cyclohexyl-2-methyl-8-phenyl-9-(2-piperidin-1-ylethyl)purin-6-amine,CC1=NC(=C2C(=N1)N(C(=N2)C3=CC=CC=C3)CCN4CCCCC4)NC5CCCCC5,0
N-benzyl-2-methyl-8-phenyl-9-(2-piperidin-1-ylethyl)purin-6-amine,CC1=NC(=C2C(=N1)N(C(=N2)C3=CC=CC=C3)CCN4CCCCC4)NCC5=CC=CC=C5,0
N-butyl-2-methyl-8-phenyl-9-(2-piperidin-1-ylethyl)purin-6-amine,CCCCNC1=C2C(=NC(=N1)C)N(C(=N2)C3=CC=CC=C3)CCN4CCCCC4,0
"9-[5-(diethylamino)pentan-2-yl]-N,N-bis(2-methoxyethyl)-2-methyl-8-phenylpurin-6-amine",CCN(CC)CCCC(C)N1C2=C(C(=NC(=N2)C)N(CCOC)CCOC)N=C1C3=CC=CC=C3,0
N-cyclohexyl-9-[5-(diethylamino)pentan-2-yl]-2-methyl-8-phenylpurin-6-amine,CCN(CC)CCCC(C)N1C(=NC2=C(N=C(N=C21)C)NC3CCCCC3)C4=CC=CC=C4,0
"[(1R,2S,12R,16S)-2-benzyl-3-(cyclopropylmethylimino)-8-ethyl-5,13,15-trioxo-14-phenyl-4-oxa-6,14-diazatetracyclo[7.7.0.02,6.012,16]hexadeca-7,9-dien-7-yl] N,N-diethylcarbamate",CCC1=C(N2C(=O)OC(=NCC3CC3)[C@@]2([C@H]4C1=CC[C@@H]5[C@H]4C(=O)N(C5=O)C6=CC=CC=C6)CC7=CC=CC=C7)OC(=O)N(CC)CC,0
"methyl (2S,3aR,6S,7aR)-1-[(2-chloro-6-fluorophenyl)methyl]-6-hydroxy-2,3,3a,4,5,6,7,7a-octahydroindole-2-carboxylate",COC(=O)[C@@H]1C[C@H]2CC[C@@H](C[C@H]2N1CC3=C(C=CC=C3Cl)F)O,0
"methyl (2S,3aR,6S,7aR)-1-[(4-tert-butylphenyl)methyl]-6-hydroxy-2,3,3a,4,5,6,7,7a-octahydroindole-2-carboxylate",CC(C)(C)C1=CC=C(C=C1)CN2[C@@H]3C[C@H](CC[C@@H]3C[C@H]2C(=O)OC)O,0
"methyl (2S,3aR,6S,7aR)-1-[(4-chlorophenyl)methyl]-6-hydroxy-2,3,3a,4,5,6,7,7a-octahydroindole-2-carboxylate",COC(=O)[C@@H]1C[C@H]2CC[C@@H](C[C@H]2N1CC3=CC=C(C=C3)Cl)O,0
"methyl 2-[(1R,2S,12R,16S)-8,14-diethyl-2-methyl-3,5,7,13,15-pentaoxo-4,6,14-triazatetracyclo[7.7.0.02,6.012,16]hexadec-8-en-4-yl]acetate",CCC1=C2CC[C@@H]3[C@H]([C@H]2[C@]4(C(=O)N(C(=O)N4C1=O)CC(=O)OC)C)C(=O)N(C3=O)CC,0
"(1R,2S,12R,16S)-2-benzyl-4-(cyclopropylmethyl)-8,14-diethyl-4,6,14-triazatetracyclo[7.7.0.02,6.012,16]hexadec-8-ene-3,5,7,13,15-pentone",CCC1=C2CC[C@@H]3[C@H]([C@H]2[C@]4(C(=O)N(C(=O)N4C1=O)CC5CC5)CC6=CC=CC=C6)C(=O)N(C3=O)CC,0
"methyl 2-[(1R,2S,12R,16S)-7-(diethylcarbamoyloxy)-8-ethyl-3-(2-methoxyethylimino)-2-methyl-5,13,15-trioxo-4-oxa-6,14-diazatetracyclo[7.7.0.02,6.012,16]hexadeca-7,9-dien-14-yl]acetate",CCC1=C(N2C(=O)OC(=NCCOC)[C@@]2([C@H]3C1=CC[C@@H]4[C@H]3C(=O)N(C4=O)CC(=O)OC)C)OC(=O)N(CC)CC,0
"[(1R,2S,12R,16S)-8,14-diethyl-3-(2-methoxyethylimino)-2-methyl-5,13,15-trioxo-4-oxa-6,14-diazatetracyclo[7.7.0.02,6.012,16]hexadeca-7,9-dien-7-yl] N,N-diethylcarbamate",CCC1=C(N2C(=O)OC(=NCCOC)[C@@]2([C@H]3C1=CC[C@@H]4[C@H]3C(=O)N(C4=O)CC)C)OC(=O)N(CC)CC,0
"(1R,2S,12R,16S)-2-benzyl-3-(cyclopropylmethylimino)-8-ethyl-14-phenyl-4-oxa-6,14-diazatetracyclo[7.7.0.02,6.012,16]hexadec-8-ene-5,7,13,15-tetrone",CCC1=C2CC[C@@H]3[C@H]([C@H]2[C@]4(C(=NCC5CC5)OC(=O)N4C1=O)CC6=CC=CC=C6)C(=O)N(C3=O)C7=CC=CC=C7,0
"(1R,2S,12R,16S)-2-benzyl-3-(cyclopropylmethylimino)-8,14-diethyl-4-oxa-6,14-diazatetracyclo[7.7.0.02,6.012,16]hexadec-8-ene-5,7,13,15-tetrone",CCC1=C2CC[C@@H]3[C@H]([C@H]2[C@]4(C(=NCC5CC5)OC(=O)N4C1=O)CC6=CC=CC=C6)C(=O)N(C3=O)CC,0
"(1R,2S,12R,16S)-2-benzyl-3-(cyclopropylmethylimino)-8-ethyl-14-methyl-4-oxa-6,14-diazatetracyclo[7.7.0.02,6.012,16]hexadec-8-ene-5,7,13,15-tetrone",CCC1=C2CC[C@@H]3[C@H]([C@H]2[C@]4(C(=NCC5CC5)OC(=O)N4C1=O)CC6=CC=CC=C6)C(=O)N(C3=O)C,0
"(1R,2S,12R,16S)-2-benzyl-3-(cyclopropylmethylimino)-8-ethyl-4-oxa-6,14-diazatetracyclo[7.7.0.02,6.012,16]hexadec-8-ene-5,7,13,15-tetrone",CCC1=C2CC[C@@H]3[C@H]([C@H]2[C@]4(C(=NCC5CC5)OC(=O)N4C1=O)CC6=CC=CC=C6)C(=O)NC3=O,0
"(1R,2S,12R,16S)-3-(cyclopropylmethylimino)-8-ethyl-2-methyl-14-phenyl-4-oxa-6,14-diazatetracyclo[7.7.0.02,6.012,16]hexadec-8-ene-5,7,13,15-tetrone",CCC1=C2CC[C@@H]3[C@H]([C@H]2[C@]4(C(=NCC5CC5)OC(=O)N4C1=O)C)C(=O)N(C3=O)C6=CC=CC=C6,0
"methyl 2-[(1R,2S,12R,16S)-2-benzyl-3-(cyclopropylmethylimino)-7-(diethylcarbamoyloxy)-8-ethyl-5,13,15-trioxo-4-oxa-6,14-diazatetracyclo[7.7.0.02,6.012,16]hexadeca-7,9-dien-14-yl]acetate",CCC1=C(N2C(=O)OC(=NCC3CC3)[C@@]2([C@H]4C1=CC[C@@H]5[C@H]4C(=O)N(C5=O)CC(=O)OC)CC6=CC=CC=C6)OC(=O)N(CC)CC,0
"methyl (2R,3aR,6S,7aR)-1-[(2-chloro-6-fluorophenyl)methyl]-6-hydroxy-2,3,3a,4,5,6,7,7a-octahydroindole-2-carboxylate",COC(=O)[C@H]1C[C@H]2CC[C@@H](C[C@H]2N1CC3=C(C=CC=C3Cl)F)O,0
"[(1R,2S,12R,16S)-2-benzyl-3-(cyclopropylmethylimino)-8,14-diethyl-5,13,15-trioxo-4-oxa-6,14-diazatetracyclo[7.7.0.02,6.012,16]hexadeca-7,9-dien-7-yl] N,N-diethylcarbamate",CCC1=C(N2C(=O)OC(=NCC3CC3)[C@@]2([C@H]4C1=CC[C@@H]5[C@H]4C(=O)N(C5=O)CC)CC6=CC=CC=C6)OC(=O)N(CC)CC,0
"[(1R,2S,12R,16S)-2-benzyl-3-(cyclopropylmethylimino)-8-ethyl-14-methyl-5,13,15-trioxo-4-oxa-6,14-diazatetracyclo[7.7.0.02,6.012,16]hexadeca-7,9-dien-7-yl] N,N-diethylcarbamate",CCC1=C(N2C(=O)OC(=NCC3CC3)[C@@]2([C@H]4C1=CC[C@@H]5[C@H]4C(=O)N(C5=O)C)CC6=CC=CC=C6)OC(=O)N(CC)CC,0
"[(1R,2S,12R,16S)-2-benzyl-3-(cyclopropylmethylimino)-8-ethyl-5,13,15-trioxo-4-oxa-6,14-diazatetracyclo[7.7.0.02,6.012,16]hexadeca-7,9-dien-7-yl] N,N-diethylcarbamate",CCC1=C(N2C(=O)OC(=NCC3CC3)[C@@]2([C@H]4C1=CC[C@@H]5[C@H]4C(=O)NC5=O)CC6=CC=CC=C6)OC(=O)N(CC)CC,0
"methyl 2-[(1R,2S,12R,16S)-3-(cyclopropylmethylimino)-7-(diethylcarbamoyloxy)-8-ethyl-2-methyl-5,13,15-trioxo-4-oxa-6,14-diazatetracyclo[7.7.0.02,6.012,16]hexadeca-7,9-dien-14-yl]acetate",CCC1=C(N2C(=O)OC(=NCC3CC3)[C@@]2([C@H]4C1=CC[C@@H]5[C@H]4C(=O)N(C5=O)CC(=O)OC)C)OC(=O)N(CC)CC,0
"[(1R,2S,12R,16S)-3-(cyclopropylmethylimino)-8-ethyl-2-methyl-5,13,15-trioxo-14-phenyl-4-oxa-6,14-diazatetracyclo[7.7.0.02,6.012,16]hexadeca-7,9-dien-7-yl] N,N-diethylcarbamate",CCC1=C(N2C(=O)OC(=NCC3CC3)[C@@]2([C@H]4C1=CC[C@@H]5[C@H]4C(=O)N(C5=O)C6=CC=CC=C6)C)OC(=O)N(CC)CC,0
"[(1R,2S,12R,16S)-3-(cyclopropylmethylimino)-8,14-diethyl-2-methyl-5,13,15-trioxo-4-oxa-6,14-diazatetracyclo[7.7.0.02,6.012,16]hexadeca-7,9-dien-7-yl] N,N-diethylcarbamate",CCC1=C(N2C(=O)OC(=NCC3CC3)[C@@]2([C@H]4C1=CC[C@@H]5[C@H]4C(=O)N(C5=O)CC)C)OC(=O)N(CC)CC,0
"[(1R,2S,12R,16S)-3-(cyclopropylmethylimino)-8-ethyl-2,14-dimethyl-5,13,15-trioxo-4-oxa-6,14-diazatetracyclo[7.7.0.02,6.012,16]hexadeca-7,9-dien-7-yl] N,N-diethylcarbamate",CCC1=C(N2C(=O)OC(=NCC3CC3)[C@@]2([C@H]4C1=CC[C@@H]5[C@H]4C(=O)N(C5=O)C)C)OC(=O)N(CC)CC,0
"[(1R,2S,12R,16S)-3-(cyclopropylmethylimino)-8-ethyl-2-methyl-5,13,15-trioxo-4-oxa-6,14-diazatetracyclo[7.7.0.02,6.012,16]hexadeca-7,9-dien-7-yl] N,N-diethylcarbamate",CCC1=C(N2C(=O)OC(=NCC3CC3)[C@@]2([C@H]4C1=CC[C@@H]5[C@H]4C(=O)NC5=O)C)OC(=O)N(CC)CC,0
"methyl 2-[(1R,2S,12R,16S)-2-benzyl-8-ethyl-3,5,7,13,15-pentaoxo-14-phenyl-4,6,14-triazatetracyclo[7.7.0.02,6.012,16]hexadec-8-en-4-yl]acetate",CCC1=C2CC[C@@H]3[C@H]([C@H]2[C@]4(C(=O)N(C(=O)N4C1=O)CC(=O)OC)CC5=CC=CC=C5)C(=O)N(C3=O)C6=CC=CC=C6,0
"(1R,2S,12R,16S)-2,4-dibenzyl-8,14-diethyl-4,6,14-triazatetracyclo[7.7.0.02,6.012,16]hexadec-8-ene-3,5,7,13,15-pentone",CCC1=C2CC[C@@H]3[C@H]([C@H]2[C@]4(C(=O)N(C(=O)N4C1=O)CC5=CC=CC=C5)CC6=CC=CC=C6)C(=O)N(C3=O)CC,0
"(1R,2S,12R,16S)-2-benzyl-8,14-diethyl-4-(2-methoxyethyl)-4,6,14-triazatetracyclo[7.7.0.02,6.012,16]hexadec-8-ene-3,5,7,13,15-pentone",CCC1=C2CC[C@@H]3[C@H]([C@H]2[C@]4(C(=O)N(C(=O)N4C1=O)CCOC)CC5=CC=CC=C5)C(=O)N(C3=O)CC,0
"(1R,2S,12R,16S)-2-benzyl-3-benzylimino-8-ethyl-4-oxa-6,14-diazatetracyclo[7.7.0.02,6.012,16]hexadec-8-ene-5,7,13,15-tetrone",CCC1=C2CC[C@@H]3[C@H]([C@H]2[C@]4(C(=NCC5=CC=CC=C5)OC(=O)N4C1=O)CC6=CC=CC=C6)C(=O)NC3=O,0
"8,9-Dihydroxy-10-methoxy-2-methyl-[1]benzofuro[3,2-c]chromen-6-one",CC1=CC2=C(C=C1)OC(=O)C3=C2OC4=C(C(=C(C=C34)O)O)OC,0
"(2S,5R)-2,6-diphenyl-7-pyridin-3-yl-3-[[4-(trifluoromethyl)phenyl]methyl]-3-azatricyclo[5.1.1.01,5]nonane",C1[C@@H]2C(C3(CC2(C3)[C@H](N1CC4=CC=C(C=C4)C(F)(F)F)C5=CC=CC=C5)C6=CN=CC=C6)C7=CC=CC=C7,0
"(2S,5R)-3-(cyclohexylmethyl)-2,6-diphenyl-7-pyridin-3-yl-3-azatricyclo[5.1.1.01,5]nonane",C1CCC(CC1)CN2C[C@@H]3C(C4(CC3(C4)[C@H]2C5=CC=CC=C5)C6=CN=CC=C6)C7=CC=CC=C7,0
"(2S,5R)-3-methyl-2,6-diphenyl-7-pyridin-3-yl-3-azatricyclo[5.1.1.01,5]nonane",CN1C[C@@H]2C(C3(CC2(C3)[C@H]1C4=CC=CC=C4)C5=CN=CC=C5)C6=CC=CC=C6,0
"methyl 4-[(2S,5R)-6-(6-chloro-3-pyridinyl)-2-phenyl-3-(pyridin-3-ylmethyl)-3-azatricyclo[5.1.1.01,5]nonan-7-yl]benzoate",COC(=O)C1=CC=C(C=C1)C23CC4(C2)[C@@H](C3C5=CN=C(C=C5)Cl)CN([C@@H]4C6=CC=CC=C6)CC7=CN=CC=C7,0
"methyl 4-[(2S,5R)-6-(6-chloro-3-pyridinyl)-3-(cyclohexylmethyl)-2-phenyl-3-azatricyclo[5.1.1.01,5]nonan-7-yl]benzoate",COC(=O)C1=CC=C(C=C1)C23CC4(C2)[C@@H](C3C5=CN=C(C=C5)Cl)CN([C@@H]4C6=CC=CC=C6)CC7CCCCC7,0
"methyl 4-[(2S,5R)-2-phenyl-3-(pyridin-3-ylmethyl)-6-[4-(trifluoromethyl)phenyl]-3-azatricyclo[5.1.1.01,5]nonan-7-yl]benzoate",COC(=O)C1=CC=C(C=C1)C23CC4(C2)[C@@H](C3C5=CC=C(C=C5)C(F)(F)F)CN([C@@H]4C6=CC=CC=C6)CC7=CN=CC=C7,0
"methyl 4-[(2S,5R)-2,6-diphenyl-3-(pyridin-3-ylmethyl)-3-azatricyclo[5.1.1.01,5]nonan-7-yl]benzoate",COC(=O)C1=CC=C(C=C1)C23CC4(C2)[C@@H](C3C5=CC=CC=C5)CN([C@@H]4C6=CC=CC=C6)CC7=CN=CC=C7,0
"methyl 4-[(2S,5R)-3-(cyclohexylmethyl)-2,6-diphenyl-3-azatricyclo[5.1.1.01,5]nonan-7-yl]benzoate",COC(=O)C1=CC=C(C=C1)C23CC4(C2)[C@@H](C3C5=CC=CC=C5)CN([C@@H]4C6=CC=CC=C6)CC7CCCCC7,0
"(2S,5R)-6-(6-chloro-3-pyridinyl)-2,7-diphenyl-3-(pyridin-3-ylmethyl)-3-azatricyclo[5.1.1.01,5]nonane",C1[C@@H]2C(C3(CC2(C3)[C@H](N1CC4=CN=CC=C4)C5=CC=CC=C5)C6=CC=CC=C6)C7=CN=C(C=C7)Cl,0
"(2S,5R)-6-(6-chloro-3-pyridinyl)-3-methyl-2,7-diphenyl-3-azatricyclo[5.1.1.01,5]nonane",CN1C[C@@H]2C(C3(CC2(C3)[C@H]1C4=CC=CC=C4)C5=CC=CC=C5)C6=CN=C(C=C6)Cl,0
"(2S,5R)-2,7-diphenyl-3-(pyridin-3-ylmethyl)-6-[4-(trifluoromethyl)phenyl]-3-azatricyclo[5.1.1.01,5]nonane",C1[C@@H]2C(C3(CC2(C3)[C@H](N1CC4=CN=CC=C4)C5=CC=CC=C5)C6=CC=CC=C6)C7=CC=C(C=C7)C(F)(F)F,0
"(2S,5R)-2,6,7-triphenyl-3-(pyridin-3-ylmethyl)-3-azatricyclo[5.1.1.01,5]nonane",C1[C@@H]2C(C3(CC2(C3)[C@H](N1CC4=CN=CC=C4)C5=CC=CC=C5)C6=CC=CC=C6)C7=CC=CC=C7,0
"7,7-Dimethyl-6,8-dihydro-[1]benzofuro[2,3-f][1,3]benzodioxol-5-one",CC1(CC2=C(C(=O)C1)C3=CC4=C(C=C3O2)OCO4)C,0
"(1R,2S,12R,16S)-2-benzyl-3-benzylimino-8,14-diethyl-4-oxa-6,14-diazatetracyclo[7.7.0.02,6.012,16]hexadec-8-ene-5,7,13,15-tetrone",CCC1=C2CC[C@@H]3[C@H]([C@H]2[C@]4(C(=NCC5=CC=CC=C5)OC(=O)N4C1=O)CC6=CC=CC=C6)C(=O)N(C3=O)CC,0
"methyl (2S,3aS,4R,5R,6R,7aR)-3a,4,5,6-tetrahydroxy-1-[[2-(4-methylphenyl)sulfonyloxyphenyl]methyl]-3,4,5,6,7,7a-hexahydro-2H-indole-2-carboxylate",CC1=CC=C(C=C1)S(=O)(=O)OC2=CC=CC=C2CN3[C@@H]4C[C@H]([C@H]([C@H]([C@@]4(C[C@H]3C(=O)OC)O)O)O)O,0
"methyl (2S,3aS,4S,5S,6S,7aR)-1-[(4-tert-butylphenyl)methyl]-3a,4,5,6-tetrahydroxy-3,4,5,6,7,7a-hexahydro-2H-indole-2-carboxylate",CC(C)(C)C1=CC=C(C=C1)CN2[C@@H]3C[C@@H]([C@@H]([C@@H]([C@@]3(C[C@H]2C(=O)OC)O)O)O)O,0
"methyl (2S,3aS,4S,5S,6S,7aR)-1-(2,2-diphenylethyl)-3a,4,5,6-tetrahydroxy-3,4,5,6,7,7a-hexahydro-2H-indole-2-carboxylate",COC(=O)[C@@H]1C[C@@]2([C@H](N1CC(C3=CC=CC=C3)C4=CC=CC=C4)C[C@@H]([C@@H]([C@@H]2O)O)O)O,0
"methyl (2S,3aS,4S,5S,6S,7aR)-1-[(3,5-dimethoxyphenyl)methyl]-3a,4,5,6-tetrahydroxy-3,4,5,6,7,7a-hexahydro-2H-indole-2-carboxylate",COC1=CC(=CC(=C1)CN2[C@@H]3C[C@@H]([C@@H]([C@@H]([C@@]3(C[C@H]2C(=O)OC)O)O)O)O)OC,0
"methyl (2S,3aS,6R,7aS)-6-hydroxy-1-[(4-phenylphenyl)methyl]-2,3,3a,4,5,6,7,7a-octahydroindole-2-carboxylate",COC(=O)[C@@H]1C[C@@H]2CC[C@H](C[C@@H]2N1CC3=CC=C(C=C3)C4=CC=CC=C4)O,0
"methyl (2S,3aS,6R,7aS)-6-hydroxy-1-[[2-(4-methylphenyl)sulfonyloxyphenyl]methyl]-2,3,3a,4,5,6,7,7a-octahydroindole-2-carboxylate",CC1=CC=C(C=C1)S(=O)(=O)OC2=CC=CC=C2CN3[C@H]4C[C@@H](CC[C@H]4C[C@H]3C(=O)OC)O,0
"methyl (2R,3aS,6R,7aS)-1-[(2-chloro-6-fluorophenyl)methyl]-6-hydroxy-2,3,3a,4,5,6,7,7a-octahydroindole-2-carboxylate",COC(=O)[C@H]1C[C@@H]2CC[C@H](C[C@@H]2N1CC3=C(C=CC=C3Cl)F)O,0
"methyl (2S,3aS,6R,7aS)-1-[(4-chlorophenyl)methyl]-6-hydroxy-2,3,3a,4,5,6,7,7a-octahydroindole-2-carboxylate",COC(=O)[C@@H]1C[C@@H]2CC[C@H](C[C@@H]2N1CC3=CC=C(C=C3)Cl)O,0
"methyl (2S,3aS,6R,7aS)-6-hydroxy-1-[(4-methoxyphenyl)methyl]-2,3,3a,4,5,6,7,7a-octahydroindole-2-carboxylate",COC1=CC=C(C=C1)CN2[C@H]3C[C@@H](CC[C@H]3C[C@H]2C(=O)OC)O,0
"methyl (2S,3aS,6R,7aS)-1-(cyclohexylmethyl)-6-hydroxy-2,3,3a,4,5,6,7,7a-octahydroindole-2-carboxylate",COC(=O)[C@@H]1C[C@@H]2CC[C@H](C[C@@H]2N1CC3CCCCC3)O,0
"methyl (2S,3aR,6S,7aR)-6-hydroxy-1-[[2-(4-methylphenyl)sulfonyloxyphenyl]methyl]-2,3,3a,4,5,6,7,7a-octahydroindole-2-carboxylate",CC1=CC=C(C=C1)S(=O)(=O)OC2=CC=CC=C2CN3[C@@H]4C[C@H](CC[C@@H]4C[C@H]3C(=O)OC)O,0
"methyl (2S,3aR,6S,7aR)-6-hydroxy-1-[[2-(thiophene-2-carbonyloxy)phenyl]methyl]-2,3,3a,4,5,6,7,7a-octahydroindole-2-carboxylate",COC(=O)[C@@H]1C[C@H]2CC[C@@H](C[C@H]2N1CC3=CC=CC=C3OC(=O)C4=CC=CS4)O,0
"(1R,2S,12R,16S)-3-benzylimino-8-ethyl-2,14-dimethyl-4-oxa-6,14-diazatetracyclo[7.7.0.02,6.012,16]hexadec-8-ene-5,7,13,15-tetrone",CCC1=C2CC[C@@H]3[C@H]([C@H]2[C@]4(C(=NCC5=CC=CC=C5)OC(=O)N4C1=O)C)C(=O)N(C3=O)C,0
"[(1R,2S,12R,16S)-8,14-diethyl-3-[2-(1H-indol-3-yl)ethylimino]-2-methyl-5,13,15-trioxo-4-oxa-6,14-diazatetracyclo[7.7.0.02,6.012,16]hexadeca-7,9-dien-7-yl] N,N-diethylcarbamate",CCC1=C(N2C(=O)OC(=NCCC3=CNC4=CC=CC=C43)[C@@]2([C@H]5C1=CC[C@@H]6[C@H]5C(=O)N(C6=O)CC)C)OC(=O)N(CC)CC,0
"[(1R,2S,12R,16S)-8-ethyl-3-[2-(1H-indol-3-yl)ethylimino]-2,14-dimethyl-5,13,15-trioxo-4-oxa-6,14-diazatetracyclo[7.7.0.02,6.012,16]hexadeca-7,9-dien-7-yl] N,N-diethylcarbamate",CCC1=C(N2C(=O)OC(=NCCC3=CNC4=CC=CC=C43)[C@@]2([C@H]5C1=CC[C@@H]6[C@H]5C(=O)N(C6=O)C)C)OC(=O)N(CC)CC,0
"(1R,2S,12R,16S)-8-ethyl-3-[2-(1H-indol-3-yl)ethylimino]-2-methyl-4-oxa-6,14-diazatetracyclo[7.7.0.02,6.012,16]hexadec-8-ene-5,7,13,15-tetrone",CCC1=C2CC[C@@H]3[C@H]([C@H]2[C@]4(C(=NCCC5=CNC6=CC=CC=C65)OC(=O)N4C1=O)C)C(=O)NC3=O,0
"[(1R,2S,12R,16S)-8-ethyl-3-[2-(1H-indol-3-yl)ethylimino]-2-methyl-5,13,15-trioxo-4-oxa-6,14-diazatetracyclo[7.7.0.02,6.012,16]hexadeca-7,9-dien-7-yl] N,N-diethylcarbamate",CCC1=C(N2C(=O)OC(=NCCC3=CNC4=CC=CC=C43)[C@@]2([C@H]5C1=CC[C@@H]6[C@H]5C(=O)NC6=O)C)OC(=O)N(CC)CC,0
"methyl 2-[[(1R,2S,12R,16S)-7-(diethylcarbamoyloxy)-8-ethyl-14-(2-methoxy-2-oxoethyl)-2-methyl-5,13,15-trioxo-4-oxa-6,14-diazatetracyclo[7.7.0.02,6.012,16]hexadeca-7,9-dien-3-ylidene]amino]acetate",CCC1=C(N2C(=O)OC(=NCC(=O)OC)[C@@]2([C@H]3C1=CC[C@@H]4[C@H]3C(=O)N(C4=O)CC(=O)OC)C)OC(=O)N(CC)CC,0
"methyl 2-[[(1R,2S,12R,16S)-8-ethyl-2-methyl-5,7,13,15-tetraoxo-14-phenyl-4-oxa-6,14-diazatetracyclo[7.7.0.02,6.012,16]hexadec-8-en-3-ylidene]amino]acetate",CCC1=C2CC[C@@H]3[C@H]([C@H]2[C@]4(C(=NCC(=O)OC)OC(=O)N4C1=O)C)C(=O)N(C3=O)C5=CC=CC=C5,0
"methyl 2-[[(1R,2S,12R,16S)-7-(diethylcarbamoyloxy)-8,14-diethyl-2-methyl-5,13,15-trioxo-4-oxa-6,14-diazatetracyclo[7.7.0.02,6.012,16]hexadeca-7,9-dien-3-ylidene]amino]acetate",CCC1=C(N2C(=O)OC(=NCC(=O)OC)[C@@]2([C@H]3C1=CC[C@@H]4[C@H]3C(=O)N(C4=O)CC)C)OC(=O)N(CC)CC,0
"methyl 2-[[(1R,2S,12R,16S)-7-(diethylcarbamoyloxy)-8-ethyl-2,14-dimethyl-5,13,15-trioxo-4-oxa-6,14-diazatetracyclo[7.7.0.02,6.012,16]hexadeca-7,9-dien-3-ylidene]amino]acetate",CCC1=C(N2C(=O)OC(=NCC(=O)OC)[C@@]2([C@H]3C1=CC[C@@H]4[C@H]3C(=O)N(C4=O)C)C)OC(=O)N(CC)CC,0
"methyl 2-[[(1R,2S,12R,16S)-7-(diethylcarbamoyloxy)-8-ethyl-2-methyl-5,13,15-trioxo-4-oxa-6,14-diazatetracyclo[7.7.0.02,6.012,16]hexadeca-7,9-dien-3-ylidene]amino]acetate",CCC1=C(N2C(=O)OC(=NCC(=O)OC)[C@@]2([C@H]3C1=CC[C@@H]4[C@H]3C(=O)NC4=O)C)OC(=O)N(CC)CC,0
"methyl 2-[(1R,2S,12R,16S)-3-benzylimino-7-(diethylcarbamoyloxy)-8-ethyl-2-methyl-5,13,15-trioxo-4-oxa-6,14-diazatetracyclo[7.7.0.02,6.012,16]hexadeca-7,9-dien-14-yl]acetate",CCC1=C(N2C(=O)OC(=NCC3=CC=CC=C3)[C@@]2([C@H]4C1=CC[C@@H]5[C@H]4C(=O)N(C5=O)CC(=O)OC)C)OC(=O)N(CC)CC,0
"(1R,2S,12R,16S)-3-benzylimino-8-ethyl-2-methyl-14-phenyl-4-oxa-6,14-diazatetracyclo[7.7.0.02,6.012,16]hexadec-8-ene-5,7,13,15-tetrone",CCC1=C2CC[C@@H]3[C@H]([C@H]2[C@]4(C(=NCC5=CC=CC=C5)OC(=O)N4C1=O)C)C(=O)N(C3=O)C6=CC=CC=C6,0
"[(1R,2S,12R,16S)-3-benzylimino-8-ethyl-2-methyl-5,13,15-trioxo-14-phenyl-4-oxa-6,14-diazatetracyclo[7.7.0.02,6.012,16]hexadeca-7,9-dien-7-yl] N,N-diethylcarbamate",CCC1=C(N2C(=O)OC(=NCC3=CC=CC=C3)[C@@]2([C@H]4C1=CC[C@@H]5[C@H]4C(=O)N(C5=O)C6=CC=CC=C6)C)OC(=O)N(CC)CC,0
"[(1R,2S,12R,16S)-3-benzylimino-8,14-diethyl-2-methyl-5,13,15-trioxo-4-oxa-6,14-diazatetracyclo[7.7.0.02,6.012,16]hexadeca-7,9-dien-7-yl] N,N-diethylcarbamate",CCC1=C(N2C(=O)OC(=NCC3=CC=CC=C3)[C@@]2([C@H]4C1=CC[C@@H]5[C@H]4C(=O)N(C5=O)CC)C)OC(=O)N(CC)CC,0
"(1R,2S,12R,16S)-8,14-diethyl-3-[2-(1H-indol-3-yl)ethylimino]-2-methyl-4-oxa-6,14-diazatetracyclo[7.7.0.02,6.012,16]hexadec-8-ene-5,7,13,15-tetrone",CCC1=C2CC[C@@H]3[C@H]([C@H]2[C@]4(C(=NCCC5=CNC6=CC=CC=C65)OC(=O)N4C1=O)C)C(=O)N(C3=O)CC,0
"[(1R,2S,12R,16S)-3-benzylimino-8-ethyl-2-methyl-5,13,15-trioxo-4-oxa-6,14-diazatetracyclo[7.7.0.02,6.012,16]hexadeca-7,9-dien-7-yl] N,N-diethylcarbamate",CCC1=C(N2C(=O)OC(=NCC3=CC=CC=C3)[C@@]2([C@H]4C1=CC[C@@H]5[C@H]4C(=O)NC5=O)C)OC(=O)N(CC)CC,0
(-)-Asarinin,C1[C@@H]2[C@@H](CO[C@@H]2C3=CC4=C(C=C3)OCO4)[C@@H](O1)C5=CC6=C(C=C5)OCO6,0
MK2a Inhibitor,C1=CC=C(C(=C1)C2=CC=C(C=C2)CCCC(=O)NC3=CC=C(C=C3)O)F,0
"2,3-Dihydro-6-(p-fluorophenyl)-5-(4-pyridyl)imidazo(2,1-b)thiazole dihydrochloride",C1CSC2=NC(=C(N21)C3=CC=NC=C3)C4=CC=C(C=C4)F.Cl.Cl,0
2-[[4-[(4-Nitrophenyl)methoxy]phenyl]methyl]-4-thiazolidinecarboxylic acid ethyl ester,CCOC(=O)C1CSC(N1)CC2=CC=C(C=C2)OCC3=CC=C(C=C3)[N+](=O)[O-],0
GW-0742,CC1=C(C=CC(=C1)SCC2=C(N=C(S2)C3=CC(=C(C=C3)C(F)(F)F)F)C)OCC(=O)O,0
"1-(2,3-Dichlorobenzoyl)-5-methoxy-2-methyl-(3-(morpholin-4-yl)ethyl)-1H-indole hydrochloride",CC1=C(C2=C(N1C(=O)C3=C(C(=CC=C3)Cl)Cl)C=CC(=C2)OC)CCN4CCOCC4,0
Y-27632 dihydrochloride,C[C@H](C1CCC(CC1)C(=O)NC2=CC=NC=C2)N.Cl.Cl,0
Dmp-543,C1=CC=C2C(=C1)C(=O)C3=CC=CC=C3C2(CC4=CC(=NC=C4)F)CC5=CC(=NC=C5)F,0
4-[[(Hexylamino)carbonyl]amino]-N-[4-[2-[[(2S)-2-hydroxy-3-(4-hydroxyphenoxy)propyl]amino]ethyl]phenyl]-benzenesulfonamide,CCCCCCNC(=O)NC1=CC=C(C=C1)S(=O)(=O)NC2=CC=C(C=C2)CCNC[C@@H](COC3=CC=C(C=C3)O)O,0
6-[[2-(1-Methylethyl)phenyl]]sulfonyl-5-nitro-8-quinolinamine,CC(C)C1=CC=CC=C1S(=O)(=O)C2=C(C3=C(C(=C2)N)N=CC=C3)[N+](=O)[O-],0
"N-((1S)-4-((Aminoiminomethyl)amino)-1-(((2-(3,5-dioxo-1,2-diphenyl-1,2,4-triazolidin-4-yl)ethyl)amino)carbonyl)butyl)-1-(2-(4-(6,11-dihydro-6-oxo-5H-dibenz(b,e)azepin-11-yl)-1-piperazinyl)-2-oxoethyl)cyclopentaneacetamide",C1CCC(C1)(CC(=O)N[C@@H](CCCN=C(N)N)C(=O)NCCN2C(=O)N(N(C2=O)C3=CC=CC=C3)C4=CC=CC=C4)CC(=O)N5CCN(CC5)C6C7=CC=CC=C7C(=O)NC8=CC=CC=C68,0
"(1R,2S,12R,16S)-2-benzyl-8-ethyl-3-(2-methoxyethylimino)-14-phenyl-4-oxa-6,14-diazatetracyclo[7.7.0.02,6.012,16]hexadec-8-ene-5,7,13,15-tetrone",CCC1=C2CC[C@@H]3[C@H]([C@H]2[C@]4(C(=NCCOC)OC(=O)N4C1=O)CC5=CC=CC=C5)C(=O)N(C3=O)C6=CC=CC=C6,0
"methyl 2-[[(1R,2S,12R,16S)-2-benzyl-7-(diethylcarbamoyloxy)-8-ethyl-5,13,15-trioxo-4-oxa-6,14-diazatetracyclo[7.7.0.02,6.012,16]hexadeca-7,9-dien-3-ylidene]amino]acetate",CCC1=C(N2C(=O)OC(=NCC(=O)OC)[C@@]2([C@H]3C1=CC[C@@H]4[C@H]3C(=O)NC4=O)CC5=CC=CC=C5)OC(=O)N(CC)CC,0
"methyl 2-[[(1R,2S,12R,16S)-2-benzyl-8-ethyl-14-methyl-5,7,13,15-tetraoxo-4-oxa-6,14-diazatetracyclo[7.7.0.02,6.012,16]hexadec-8-en-3-ylidene]amino]acetate",CCC1=C2CC[C@@H]3[C@H]([C@H]2[C@]4(C(=NCC(=O)OC)OC(=O)N4C1=O)CC5=CC=CC=C5)C(=O)N(C3=O)C,0
"methyl 2-[[(1R,2S,12R,16S)-2-benzyl-7-(diethylcarbamoyloxy)-8-ethyl-14-methyl-5,13,15-trioxo-4-oxa-6,14-diazatetracyclo[7.7.0.02,6.012,16]hexadeca-7,9-dien-3-ylidene]amino]acetate",CCC1=C(N2C(=O)OC(=NCC(=O)OC)[C@@]2([C@H]3C1=CC[C@@H]4[C@H]3C(=O)N(C4=O)C)CC5=CC=CC=C5)OC(=O)N(CC)CC,0
"methyl 2-[[(1R,2S,12R,16S)-2-benzyl-7-(diethylcarbamoyloxy)-8-ethyl-14-(2-methoxy-2-oxoethyl)-5,13,15-trioxo-4-oxa-6,14-diazatetracyclo[7.7.0.02,6.012,16]hexadeca-7,9-dien-3-ylidene]amino]acetate",CCC1=C(N2C(=O)OC(=NCC(=O)OC)[C@@]2([C@H]3C1=CC[C@@H]4[C@H]3C(=O)N(C4=O)CC(=O)OC)CC5=CC=CC=C5)OC(=O)N(CC)CC,0
"methyl 2-[[(1R,2S,12R,16S)-2-benzyl-7-(diethylcarbamoyloxy)-8-ethyl-5,13,15-trioxo-14-phenyl-4-oxa-6,14-diazatetracyclo[7.7.0.02,6.012,16]hexadeca-7,9-dien-3-ylidene]amino]acetate",CCC1=C(N2C(=O)OC(=NCC(=O)OC)[C@@]2([C@H]3C1=CC[C@@H]4[C@H]3C(=O)N(C4=O)C5=CC=CC=C5)CC6=CC=CC=C6)OC(=O)N(CC)CC,0
"[(1R,2S,12R,16S)-2-benzyl-8-ethyl-3-(2-methoxyethylimino)-5,13,15-trioxo-4-oxa-6,14-diazatetracyclo[7.7.0.02,6.012,16]hexadeca-7,9-dien-7-yl] N,N-diethylcarbamate",CCC1=C(N2C(=O)OC(=NCCOC)[C@@]2([C@H]3C1=CC[C@@H]4[C@H]3C(=O)NC4=O)CC5=CC=CC=C5)OC(=O)N(CC)CC,0
"(1R,2S,12R,16S)-2-benzyl-8-ethyl-3-(2-methoxyethylimino)-14-methyl-4-oxa-6,14-diazatetracyclo[7.7.0.02,6.012,16]hexadec-8-ene-5,7,13,15-tetrone",CCC1=C2CC[C@@H]3[C@H]([C@H]2[C@]4(C(=NCCOC)OC(=O)N4C1=O)CC5=CC=CC=C5)C(=O)N(C3=O)C,0
"[(1R,2S,12R,16S)-2-benzyl-8-ethyl-3-(2-methoxyethylimino)-14-methyl-5,13,15-trioxo-4-oxa-6,14-diazatetracyclo[7.7.0.02,6.012,16]hexadeca-7,9-dien-7-yl] N,N-diethylcarbamate",CCC1=C(N2C(=O)OC(=NCCOC)[C@@]2([C@H]3C1=CC[C@@H]4[C@H]3C(=O)N(C4=O)C)CC5=CC=CC=C5)OC(=O)N(CC)CC,0
"(1R,2S,12R,16S)-2-benzyl-8,14-diethyl-3-(2-methoxyethylimino)-4-oxa-6,14-diazatetracyclo[7.7.0.02,6.012,16]hexadec-8-ene-5,7,13,15-tetrone",CCC1=C2CC[C@@H]3[C@H]([C@H]2[C@]4(C(=NCCOC)OC(=O)N4C1=O)CC5=CC=CC=C5)C(=O)N(C3=O)CC,0
"[(1R,2S,12R,16S)-2-benzyl-8,14-diethyl-3-(2-methoxyethylimino)-5,13,15-trioxo-4-oxa-6,14-diazatetracyclo[7.7.0.02,6.012,16]hexadeca-7,9-dien-7-yl] N,N-diethylcarbamate",CCC1=C(N2C(=O)OC(=NCCOC)[C@@]2([C@H]3C1=CC[C@@H]4[C@H]3C(=O)N(C4=O)CC)CC5=CC=CC=C5)OC(=O)N(CC)CC,0
"methyl 2-[(1R,2S,12R,16S)-2-benzyl-8-ethyl-3-(2-methoxyethylimino)-5,7,13,15-tetraoxo-4-oxa-6,14-diazatetracyclo[7.7.0.02,6.012,16]hexadec-8-en-14-yl]acetate",CCC1=C2CC[C@@H]3[C@H]([C@H]2[C@]4(C(=NCCOC)OC(=O)N4C1=O)CC5=CC=CC=C5)C(=O)N(C3=O)CC(=O)OC,0
"methyl 2-[(1R,2S,12R,16S)-2-benzyl-7-(diethylcarbamoyloxy)-8-ethyl-3-(2-methoxyethylimino)-5,13,15-trioxo-4-oxa-6,14-diazatetracyclo[7.7.0.02,6.012,16]hexadeca-7,9-dien-14-yl]acetate",CCC1=C(N2C(=O)OC(=NCCOC)[C@@]2([C@H]3C1=CC[C@@H]4[C@H]3C(=O)N(C4=O)CC(=O)OC)CC5=CC=CC=C5)OC(=O)N(CC)CC,0
(Z)-N-[(2R)-1-hydroxy-3-(4-hydroxyphenyl)propan-2-yl]octadec-9-enamide,CCCCCCCC/C=C\CCCCCCCC(=O)N[C@H](CC1=CC=C(C=C1)O)CO,0
"[(1R,2S,12R,16S)-2-benzyl-8-ethyl-3-[2-(1H-indol-3-yl)ethylimino]-5,13,15-trioxo-4-oxa-6,14-diazatetracyclo[7.7.0.02,6.012,16]hexadeca-7,9-dien-7-yl] N,N-diethylcarbamate",CCC1=C(N2C(=O)OC(=NCCC3=CNC4=CC=CC=C43)[C@@]2([C@H]5C1=CC[C@@H]6[C@H]5C(=O)NC6=O)CC7=CC=CC=C7)OC(=O)N(CC)CC,0
"(1R,2S,12R,16S)-2-benzyl-8-ethyl-3-[2-(1H-indol-3-yl)ethylimino]-14-methyl-4-oxa-6,14-diazatetracyclo[7.7.0.02,6.012,16]hexadec-8-ene-5,7,13,15-tetrone",CCC1=C2CC[C@@H]3[C@H]([C@H]2[C@]4(C(=NCCC5=CNC6=CC=CC=C65)OC(=O)N4C1=O)CC7=CC=CC=C7)C(=O)N(C3=O)C,0
"[(1R,2S,12R,16S)-2-benzyl-8-ethyl-3-[2-(1H-indol-3-yl)ethylimino]-14-methyl-5,13,15-trioxo-4-oxa-6,14-diazatetracyclo[7.7.0.02,6.012,16]hexadeca-7,9-dien-7-yl] N,N-diethylcarbamate",CCC1=C(N2C(=O)OC(=NCCC3=CNC4=CC=CC=C43)[C@@]2([C@H]5C1=CC[C@@H]6[C@H]5C(=O)N(C6=O)C)CC7=CC=CC=C7)OC(=O)N(CC)CC,0
"[(1R,2S,12R,16S)-2-benzyl-8,14-diethyl-3-[2-(1H-indol-3-yl)ethylimino]-5,13,15-trioxo-4-oxa-6,14-diazatetracyclo[7.7.0.02,6.012,16]hexadeca-7,9-dien-7-yl] N,N-diethylcarbamate",CCC1=C(N2C(=O)OC(=NCCC3=CNC4=CC=CC=C43)[C@@]2([C@H]5C1=CC[C@@H]6[C@H]5C(=O)N(C6=O)CC)CC7=CC=CC=C7)OC(=O)N(CC)CC,0
"methyl 2-[(1R,2S,12R,16S)-2-benzyl-8-ethyl-3-[2-(1H-indol-3-yl)ethylimino]-5,7,13,15-tetraoxo-4-oxa-6,14-diazatetracyclo[7.7.0.02,6.012,16]hexadec-8-en-14-yl]acetate",CCC1=C2CC[C@@H]3[C@H]([C@H]2[C@]4(C(=NCCC5=CNC6=CC=CC=C65)OC(=O)N4C1=O)CC7=CC=CC=C7)C(=O)N(C3=O)CC(=O)OC,0
"methyl 2-[(1R,2S,12R,16S)-2-benzyl-7-(diethylcarbamoyloxy)-8-ethyl-3-[2-(1H-indol-3-yl)ethylimino]-5,13,15-trioxo-4-oxa-6,14-diazatetracyclo[7.7.0.02,6.012,16]hexadeca-7,9-dien-14-yl]acetate",CCC1=C(N2C(=O)OC(=NCCC3=CNC4=CC=CC=C43)[C@@]2([C@H]5C1=CC[C@@H]6[C@H]5C(=O)N(C6=O)CC(=O)OC)CC7=CC=CC=C7)OC(=O)N(CC)CC,0
"(1R,2S,12R,16S)-2-benzyl-8-ethyl-3-[2-(1H-indol-3-yl)ethylimino]-14-phenyl-4-oxa-6,14-diazatetracyclo[7.7.0.02,6.012,16]hexadec-8-ene-5,7,13,15-tetrone",CCC1=C2CC[C@@H]3[C@H]([C@H]2[C@]4(C(=NCCC5=CNC6=CC=CC=C65)OC(=O)N4C1=O)CC7=CC=CC=C7)C(=O)N(C3=O)C8=CC=CC=C8,0
"[(1R,2S,12R,16S)-2-benzyl-8-ethyl-3-[2-(1H-indol-3-yl)ethylimino]-5,13,15-trioxo-14-phenyl-4-oxa-6,14-diazatetracyclo[7.7.0.02,6.012,16]hexadeca-7,9-dien-7-yl] N,N-diethylcarbamate",CCC1=C(N2C(=O)OC(=NCCC3=CNC4=CC=CC=C43)[C@@]2([C@H]5C1=CC[C@@H]6[C@H]5C(=O)N(C6=O)C7=CC=CC=C7)CC8=CC=CC=C8)OC(=O)N(CC)CC,0
"(1R,2S,12R,16S)-2-benzyl-3-benzylimino-8-ethyl-14-phenyl-4-oxa-6,14-diazatetracyclo[7.7.0.02,6.012,16]hexadec-8-ene-5,7,13,15-tetrone",CCC1=C2CC[C@@H]3[C@H]([C@H]2[C@]4(C(=NCC5=CC=CC=C5)OC(=O)N4C1=O)CC6=CC=CC=C6)C(=O)N(C3=O)C7=CC=CC=C7,0
"methyl 2-[(1R,2S,12R,16S)-4-benzyl-8-ethyl-2-methyl-3,5,7,13,15-pentaoxo-4,6,14-triazatetracyclo[7.7.0.02,6.012,16]hexadec-8-en-14-yl]acetate",CCC1=C2CC[C@@H]3[C@H]([C@H]2[C@]4(C(=O)N(C(=O)N4C1=O)CC5=CC=CC=C5)C)C(=O)N(C3=O)CC(=O)OC,0
"methyl 2-[(1R,2S,12R,16S)-8-ethyl-3-[2-(1H-indol-3-yl)ethylimino]-2-methyl-5,7,13,15-tetraoxo-4-oxa-6,14-diazatetracyclo[7.7.0.02,6.012,16]hexadec-8-en-14-yl]acetate",CCC1=C2CC[C@@H]3[C@H]([C@H]2[C@]4(C(=NCCC5=CNC6=CC=CC=C65)OC(=O)N4C1=O)C)C(=O)N(C3=O)CC(=O)OC,0
"methyl 2-[(1R,2S,12R,16S)-7-(diethylcarbamoyloxy)-8-ethyl-3-[2-(1H-indol-3-yl)ethylimino]-2-methyl-5,13,15-trioxo-4-oxa-6,14-diazatetracyclo[7.7.0.02,6.012,16]hexadeca-7,9-dien-14-yl]acetate",CCC1=C(N2C(=O)OC(=NCCC3=CNC4=CC=CC=C43)[C@@]2([C@H]5C1=CC[C@@H]6[C@H]5C(=O)N(C6=O)CC(=O)OC)C)OC(=O)N(CC)CC,0
Tocris-1304,C[C@@H](/C=C\C1=CC(=CC=C1)OC2=CC=C(C=C2)F)N(C(=O)N)O,0
Lopac-E-3645,CCCCCCCCCCCCCCCC(=O)NC[C@@H](COP(=O)([O-])OCC[N+](C)(C)C)OCC,0
"4-(2-(Phenylsulfonylamino)ethylthio)-2,6-difluorophenoxyacetamide",C1=CC=C(C=C1)S(=O)(=O)NCCSC2=CC(=C(C(=C2)F)OCC(=O)N)F,0
Dilazep dication,COC1=CC(=CC(=C1OC)OC)C(=O)OCCC[NH+]2CCC[NH+](CC2)CCCOC(=O)C3=CC(=C(C(=C3)OC)OC)OC,0
Tocris-0946,COC1=C(C(=CC=C1)OC)OCCNC[C@@H]2COC3=CC=CC=C3O2,0
"(S)-1-(2,3-Dichlorophenyl)ethan-1-amine",C[C@@H](C1=C(C(=CC=C1)Cl)Cl)N,0
Tocris-0713,C1[C@@H]2C[C@H]([C@H]1C=C2)[C@@H]3NC4=CC(=C(C=C4S(=O)(=O)N3)S(=O)(=O)N)Cl,0
"(Z)-3-(3,4-Dihydroxyphenyl)propenoic acid 2-phenylethyl ester",C1=CC=C(C=C1)CCOC(=O)/C=C\C2=CC(=C(C=C2)O)O,0
Lopac-C-3930,C1=CC(=CC=C1C(C2=CC=C(C=C2)Cl)N3C=C[N+](=C3)C[C@H](C4=C(C=C(C=C4)Cl)Cl)OCC5=C(C=C(C=C5)Cl)Cl)Cl,0
Lopac-C-3662,CC[C@H]1C(=O)N(CC(=O)N([C@H](C(=O)N[C@H](C(=O)N([C@H](C(=O)N[C@H](C(=O)N[C@H](C(=O)N([C@H](C(=O)N([C@H](C(=O)N([C@H](C(=O)N([C@H](C(=O)N1)[C@H]([C@@H](C)C/C=C\C)O)C)C(C)C)C)CC(C)C)C)CC(C)C)C)C)C)CC(C)C)C)C(C)C)CC(C)C)C)C,0
Lopac-C-2538,C1CC(C1)(C(=O)O)C(=O)O.N.N.[Pt],0
Lopac-C-277,CNC(=O)[C@H]1[C@H]([C@H]([C@@H](O1)N2C=NC3=C(N=C(N=C32)Cl)NCC4=CC=C(C=C4)I)O)O,0
Tocris-1743,CC(C)(C)C1=CC=C(C=C1)S(=O)(=O)/C=C\C#N,0
"2-(3,4-dichlorophenyl)-1-[(2S)-2-(pyrrolidin-1-ylmethyl)piperidin-1-yl]ethanone",C1CCN([C@@H](C1)CN2CCCC2)C(=O)CC3=CC(=C(C=C3)Cl)Cl,0
Lopac-E-3770,CCCCCCCCCCCCCCCCCC(=O)NC[C@@H](COP(=O)([O-])OCC[N+](C)(C)C)OCC,0
Lopac-B-1552,C1C/C(=C/Br)/OC(=O)[C@H]1C2=CC=CC3=CC=CC=C32,0
N-[2-(4-Bromocinnamylamino)ethyl]-5-isoquinoline sulfonamide,C1=CC2=C(C=CN=C2)C(=C1)S(=O)(=O)NCCNC/C=C\C3=CC=C(C=C3)Br,0
Lopac-B-169,C[C@@H](CC1=CC=C(C=C1)OCC(=O)[O-])NC[C@@H](C2=CC(=CC=C2)Cl)O.[Na+],0
S(-)-Bay k 8644,CC1=C([C@@H](C(=C(N1)C)[N+](=O)[O-])C2=CC=CC=C2C(F)(F)F)C(=O)OC,0
Lopac-B-015,C[C@]1(CCC[C@H](C1)C(C)(C)NC(=O)CBr)NC[C@H](COC2=CC=CC=C2CC=C)O,0
N-(4-Amino-2-chlorophenyl)phthalimide,C1=CC=C2C(=C1)C(=O)N(C2=O)C3=C(C=C(C=C3)N)Cl,0
N-[3-(Cyclohexylidene-1H-imidazol-5-ylmethyl)phenyl]ethanesulfonamide,CCS(=O)(=O)NC1=CC=CC(=C1)C(=C2CCCCC2)C3=CN=CN3,0
Lopac-A-5791,C[C@@]12CCC(=O)C(=C1CC[C@@H]3[C@@H]2CC[C@@]4([C@@H]3CCC4=O)C)O,0
Lopac-A-202,C1=CC(=CC=C1CCNC2=C3C(=NC=N2)N(C=N3)[C@H]4[C@H]([C@H]([C@@H](O4)CO)O)O)N,0
"Alaproclate, (S)-",C[C@@H](C(=O)OC(C)(C)CC1=CC=C(C=C1)Cl)N,0
"methyl (2S,5S,6S)-1-[4-[(Z)-[(2R,3R)-2,4-dimethyl-3-phenylmethoxypentoxy]iminomethyl]benzoyl]-5-methyl-6-(4-methylphenyl)piperidine-2-carboxylate",C[C@H]1CC[C@H](N([C@@H]1C2=CC=C(C=C2)C)C(=O)C3=CC=C(C=C3)/C=N\OC[C@@H](C)[C@@H](C(C)C)OCC4=CC=CC=C4)C(=O)OC,0
"(1R,4Z,7R,17S)-4-ethylidene-7-hydroxy-7-methyl-6-methylidene-2,9-dioxa-14-azatricyclo[9.5.1.014,17]heptadec-11-ene-3,8-dione",C/C=C\1/CC(=C)[C@@](C(=O)OCC2=CCN3[C@@H]2[C@@H](CC3)OC1=O)(C)O,0
Lopac-L-2540,CC1=CC=CC=C1N2CCN(CC2)S(=O)(=O)C[C@]34CC[C@@H](C3(C)C)C[C@H]4NC(=O)[C@H](CCS(=O)(=O)C)N,0
Lopac-R-5523,CCCCC[C@@H](C1=CC(=CC=C1)OCC2=NC3=CC=CC=C3C=C2)O,0
Psora-4,C1=CC=C(C=C1)CCCCOC2=C3C=CC(=O)OC3=CC4=C2C=CO4,0
Lopac-P-8139,CCCCCCCCCCCCCC(=O)O[C@H]1[C@H]([C@]2([C@@H](C=C(C[C@]3([C@H]2C=C(C3=O)C)O)CO)[C@@H]4[C@]1(C4(C)C)OC(=O)C)O)C,0
"N-[(1S,2S)-1-hydroxy-3-morpholin-4-yl-1-phenylpropan-2-yl]decanamide",CCCCCCCCCC(=O)N[C@@H](CN1CCOCC1)[C@H](C2=CC=CC=C2)O,0
Lopac-P-4405,COC1=CC(=CC(=C1OC)OC)[C@@H]2[C@@H]3[C@@H](COC3=O)[C@@H](C4=CC5=C(C=C24)OCO5)O,0
(S)-Pinacidil,C[C@@H](C(C)(C)C)N=C(NC#N)NC1=CC=NC=C1,0
(+)-Nicardipine,CC1=C([C@H](C(=C(N1)C)C(=O)OCCN(C)CC2=CC=CC=C2)C3=CC(=CC=C3)[N+](=O)[O-])C(=O)OC,0
Lopac-N-0287,CC(C)C1=CC(=CC2=C1C[C@](CC2)(CCN(C)CCCC3=NC4=CC=CC=C4N3)OC(=O)C5CC5)F,0
"Gallopamil, (-)-",CC(C)[C@](CCCN(C)CCC1=CC(=C(C=C1)OC)OC)(C#N)C2=CC(=C(C(=C2)OC)OC)OC,0
Lopac-M-1692,CCOC(=O)C1=C(N(C(=C([C@H]1C2=CC(=CC=C2)[N+](=O)[O-])C(=O)OC)C)CC#C)C,0
4-Fluoro-N-(2-(4-(2-methoxyphenyl)-1-piperazinyl)ethyl)-N-2-pyridinylbenzamide,COC1=CC=CC=C1N2CCN(CC2)CCN(C3=CC=CC=N3)C(=O)C4=CC=C(C=C4)F,0
Ent-3-methoxymorphinan,COC1=CC2=C(C[C@H]3[C@@H]4[C@]2(CCCC4)CCN3)C=C1,0
L-765314,CC(C)(C)NC(=O)[C@@H]1CN(CCN1C(=O)OCC2=CC=CC=C2)C3=NC4=CC(=C(C=C4C(=N3)N)OC)OC,0
Lopac-R-8875,CC(=C)[C@H]1CC2=C(O1)C=CC3=C2O[C@H]4COC5=CC(=C(C=C5[C@@H]4C3=O)OC)OC,0
L-162313,CCCCOC(=O)NS(=O)(=O)C1=C(C=C(S1)CC(C)C)C2=CC=C(C=C2)CN3C(=NC4=C3N=C(C=C4C)C)CC,0
Lopac-L-137,C1C[C@H]([C@@H](NC1)C2=CC=CC=C2)OCC3=CC(=CC(=C3)C(F)(F)F)C(F)(F)F,0
Lopac-I-6391,C[C@H]1CN(CCN1)S(=O)(=O)C2=CC=CC3=C2C=CN=C3,0
"(Z)-1-(2,4-Dihydroxyphenyl)-3-(4-Hydroxyphenyl)Prop-2-En-1-One",C1=CC(=CC=C1/C=C\C(=O)C2=C(C=C(C=C2)O)O)O,0
5-[3-[bis(4-fluorophenyl)methoxy]propyl]-1H-imidazole,C1=CC(=CC=C1C(C2=CC=C(C=C2)F)OCCCC3=CN=CN3)F,0
5-[(2~{R})-2-methylpiperazin-1-yl]sulfonylisoquinoline,C[C@@H]1CNCCN1S(=O)(=O)C2=CC=CC3=C2C=CN=C3,0
Tocris-0864,CN(C)CCC1=CNC2=C1C=C(C=C2)/C=C\C(=O)NCC3=CC=C(C=C3)OC,0
"N6,N6-dimethyl-N4-[1-(phenylmethyl)-5-indazolyl]pyrido[3,4-d]pyrimidine-4,6-diamine",CN(C)C1=NC=C2C(=C1)C(=NC=N2)NC3=CC4=C(C=C3)N(N=C4)CC5=CC=CC=C5,0
GR-103545,COC(=O)N1CCN([C@@H](C1)CN2CCCC2)C(=O)CC3=CC(=C(C=C3)Cl)Cl,0
Lopac-G-120,C[C@@H]1CC2=CC3=C(C=C2C(=NN1)C4=CC=C(C=C4)N)OCO3,0
Lopac-F-6886,CC(=O)O[C@H]1[C@H]([C@@H]2[C@]([C@@H](CCC2(C)C)O)([C@]3([C@]1(O[C@@](CC3=O)(C)C=C)C)O)C)O,0
Lopac-F-4303,COC1=CC=CC2=C1[C@@H]3CN(C[C@H]3CO2)CCCCN4C(=O)C5=C(C6=NC(=CN=C6S5)C7=CC=CC=C7)NC4=O,0
"N-[[(1R,2R)-2-butylcyclopropyl]-[2-(trifluoromethyl)phenyl]methyl]thiophene-2-carboxamide",CCCC[C@@H]1C[C@H]1C(C2=CC=CC=C2C(F)(F)F)NC(=O)C3=CC=CS3,0
(E)-N-diphenylphosphoryl-1-phenyl-2-propylhex-2-en-1-amine,CCC/C=C(\CCC)/C(C1=CC=CC=C1)NP(=O)(C2=CC=CC=C2)C3=CC=CC=C3,0
N-[(E)-1-(4-phenylphenyl)-2-propylhex-2-enyl]quinoline-8-sulfonamide,CCC/C=C(\CCC)/C(C1=CC=C(C=C1)C2=CC=CC=C2)NS(=O)(=O)C3=CC=CC4=C3N=CC=C4,0
(E)-N-diphenylphosphoryl-1-(4-phenylphenyl)-2-propylhex-2-en-1-amine,CCC/C=C(\CCC)/C(C1=CC=C(C=C1)C2=CC=CC=C2)NP(=O)(C3=CC=CC=C3)C4=CC=CC=C4,0
N-[(E)-2-propyl-1-[4-(trifluoromethyl)phenyl]hex-2-enyl]benzenesulfonamide,CCC/C=C(\CCC)/C(C1=CC=C(C=C1)C(F)(F)F)NS(=O)(=O)C2=CC=CC=C2,0
3-phenyl-N-[(E)-2-propyl-1-[4-(trifluoromethyl)phenyl]hex-2-enyl]propanamide,CCC/C=C(\CCC)/C(C1=CC=C(C=C1)C(F)(F)F)NC(=O)CCC2=CC=CC=C2,0
N-[(E)-2-propyl-1-[4-(trifluoromethyl)phenyl]hex-2-enyl]thiophene-2-carboxamide,CCC/C=C(\CCC)/C(C1=CC=C(C=C1)C(F)(F)F)NC(=O)C2=CC=CS2,0
methyl 4-[(E)-1-(2-methylpropoxycarbonylamino)-2-propylhex-2-enyl]benzoate,CCC/C=C(\CCC)/C(C1=CC=C(C=C1)C(=O)OC)NC(=O)OCC(C)C,0
methyl 4-[(E)-2-propyl-1-(thiophene-2-carbonylamino)hex-2-enyl]benzoate,CCC/C=C(\CCC)/C(C1=CC=C(C=C1)C(=O)OC)NC(=O)C2=CC=CS2,0
methyl 4-[(E)-1-[(4-chlorophenyl)sulfonylamino]-2-propylhex-2-enyl]benzoate,CCC/C=C(\CCC)/C(C1=CC=C(C=C1)C(=O)OC)NS(=O)(=O)C2=CC=C(C=C2)Cl,0
methyl 4-[(E)-2-propyl-1-(quinolin-8-ylsulfonylamino)hex-2-enyl]benzoate,CCC/C=C(\CCC)/C(C1=CC=C(C=C1)C(=O)OC)NS(=O)(=O)C2=CC=CC3=C2N=CC=C3,0
"methyl 4-[(E)-1-[(7,7-dimethyl-2-oxo-1-bicyclo[2.2.1]heptanyl)methylsulfonylamino]-2-propylhex-2-enyl]benzoate",CCC/C=C(\CCC)/C(C1=CC=C(C=C1)C(=O)OC)NS(=O)(=O)CC23CCC(C2(C)C)CC3=O,0
methyl 4-[(E)-1-benzamido-2-propylhex-2-enyl]benzoate,CCC/C=C(\CCC)/C(C1=CC=C(C=C1)C(=O)OC)NC(=O)C2=CC=CC=C2,0
"N-[[(1R,2R)-2-butylcyclopropyl]-[2-(trifluoromethyl)phenyl]methyl]furan-2-carboxamide",CCCC[C@@H]1C[C@H]1C(C2=CC=CC=C2C(F)(F)F)NC(=O)C3=CC=CO3,0
N-[(E)-1-phenyl-2-propylhex-2-enyl]benzamide,CCC/C=C(\CCC)/C(C1=CC=CC=C1)NC(=O)C2=CC=CC=C2,0
"N-[(4-chlorophenyl)-[(1R,2S)-2-cyclohexyl-1-methylcyclopropyl]methyl]-2,2-dimethylpropanamide",C[C@]1(C[C@H]1C2CCCCC2)C(C3=CC=C(C=C3)Cl)NC(=O)C(C)(C)C,0
"N-[[(1R,2R)-2-butylcyclopropyl]-(4-chlorophenyl)methyl]pyridine-3-carboxamide",CCCC[C@@H]1C[C@H]1C(C2=CC=C(C=C2)Cl)NC(=O)C3=CN=CC=C3,0
"N-[[(1R,2R)-2-butylcyclopropyl]-(4-chlorophenyl)methyl]thiophene-2-carboxamide",CCCC[C@@H]1C[C@H]1C(C2=CC=C(C=C2)Cl)NC(=O)C3=CC=CS3,0
"N-[[(1R,2R)-2-butylcyclopropyl]-(4-chlorophenyl)methyl]-2-phenylacetamide",CCCC[C@@H]1C[C@H]1C(C2=CC=C(C=C2)Cl)NC(=O)CC3=CC=CC=C3,0
"N-[[(1R,2R)-2-butylcyclopropyl]-(4-chlorophenyl)methyl]benzamide",CCCC[C@@H]1C[C@H]1C(C2=CC=C(C=C2)Cl)NC(=O)C3=CC=CC=C3,0
"N-[(4-chlorophenyl)-[(1R,2R)-1,2-dipropylcyclopropyl]methyl]thiophene-2-carboxamide",CCC[C@@H]1C[C@@]1(CCC)C(C2=CC=C(C=C2)Cl)NC(=O)C3=CC=CS3,0
"N-[(4-chlorophenyl)-[(1R,2R)-1,2-dipropylcyclopropyl]methyl]furan-2-carboxamide",CCC[C@@H]1C[C@@]1(CCC)C(C2=CC=C(C=C2)Cl)NC(=O)C3=CC=CO3,0
"N-[(4-chlorophenyl)-[(1R,2R)-1,2-dipropylcyclopropyl]methyl]quinoline-8-sulfonamide",CCC[C@@H]1C[C@@]1(CCC)C(C2=CC=C(C=C2)Cl)NS(=O)(=O)C3=CC=CC4=C3N=CC=C4,0
"methyl 4-[[(1R,2S)-2-cyclohexyl-1-methylcyclopropyl]-(furan-2-carbonylamino)methyl]benzoate",C[C@]1(C[C@H]1C2CCCCC2)C(C3=CC=C(C=C3)C(=O)OC)NC(=O)C4=CC=CO4,0
"1-(4-chlorophenyl)-N-diphenylphosphoryl-1-[(1R,2R)-1,2-dipropylcyclopropyl]methanamine",CCC[C@@H]1C[C@@]1(CCC)C(C2=CC=C(C=C2)Cl)NP(=O)(C3=CC=CC=C3)C4=CC=CC=C4,0
N-[(E)-3-cyclohexyl-2-methyl-1-(4-phenylphenyl)prop-2-enyl]pyridine-3-carboxamide,C/C(=C\C1CCCCC1)/C(C2=CC=C(C=C2)C3=CC=CC=C3)NC(=O)C4=CN=CC=C4,0
"N-[[(1R,2S)-2-cyclohexyl-1-methylcyclopropyl]-(4-phenylphenyl)methyl]quinoline-8-sulfonamide",C[C@]1(C[C@H]1C2CCCCC2)C(C3=CC=C(C=C3)C4=CC=CC=C4)NS(=O)(=O)C5=CC=CC6=C5N=CC=C6,0
Lopac-B-103,C[N+]1(CCC2=CC3=C(C=C2[C@@H]1[C@H]4C5=C(C6=C(C=C5)OCO6)C(=O)O4)OCO3)C,0
Tocris-1965,CCC(C)(C)C(=O)O[C@@H]1C[C@H](C=C2[C@H]1[C@H]([C@H](C=C2)C)CC[C@@H]3C[C@H](CC(=O)O3)O)C,0
"methyl (2S,5S,6S)-1-[4-[(Z)-methoxyiminomethyl]benzoyl]-5-methyl-6-(4-methylphenyl)piperidine-2-carboxylate",C[C@H]1CC[C@H](N([C@@H]1C2=CC=C(C=C2)C)C(=O)C3=CC=C(C=C3)/C=N\OC)C(=O)OC,0
"(Z,2R,3R)-N-[(2S)-1-(2,3-dimethyl-6,7,8,9-tetrahydropyrido[3,2-b]azepin-5-yl)propan-2-yl]oxy-2,4-dimethyl-3-phenylmethoxypentan-1-imine",CC1=CC2=C(CCCCN2C[C@H](C)O/N=C\[C@@H](C)[C@@H](C(C)C)OCC3=CC=CC=C3)N=C1C,0
"(Z,2R,3R)-N-[[(2R,3S,6S)-3-(4-methoxyphenoxy)-6-phenyl-3,6-dihydro-2H-pyran-2-yl]methoxy]-2,4-dimethyl-3-phenylmethoxypentan-1-imine",C[C@H](/C=N\OC[C@@H]1[C@H](C=C[C@H](O1)C2=CC=CC=C2)OC3=CC=C(C=C3)OC)[C@@H](C(C)C)OCC4=CC=CC=C4,0
"methyl (2S,5S,6S)-1-[4-[(Z)-[(1S)-1-[1-[(2S)-1-hydroxy-3-phenylpropan-2-yl]triazol-4-yl]ethoxy]iminomethyl]benzoyl]-5-methyl-6-(4-methylphenyl)piperidine-2-carboxylate",C[C@H]1CC[C@H](N([C@@H]1C2=CC=C(C=C2)C)C(=O)C3=CC=C(C=C3)/C=N\O[C@@H](C)C4=CN(N=N4)[C@@H](CC5=CC=CC=C5)CO)C(=O)OC,0
Cinalukast,CCC(CC)(CC(=O)NC1=CC=CC(=C1)/C=C/C2=NC(=CS2)C3CCC3)C(=O)O,0
Clebopride maleate,COC1=CC(=C(C=C1C(=O)NC2CCN(CC2)CC3=CC=CC=C3)Cl)N.C(=C\C(=O)O)\C(=O)O,0
Picotamide monohydrate,COC1=C(C=C(C=C1)C(=O)NCC2=CN=CC=C2)C(=O)NCC3=CN=CC=C3.O,0
"1-Ethoxycarbonyloxyethyl 6-[(2-amino-2-phenylacetyl)amino]-3,3-dimethyl-7-oxo-4-thia-1-azabicyclo[3.2.0]heptane-2-carboxylate;hydrochloride",CCOC(=O)OC(C)OC(=O)C1C(SC2N1C(=O)C2NC(=O)C(C3=CC=CC=C3)N)(C)C.Cl,0
"Ethyl (9E,12E,15E)-Octadeca-9,12,15-Trienoate",CC/C=C/C/C=C/C/C=C/CCCCCCCC(=O)OCC,0
"1H-Imidazole-5-carboxylic acid, 1-((1S)-1-phenylethyl)-, ethyl ester",CCOC(=O)C1=CN=CN1[C@@H](C)C2=CC=CC=C2,0
"3,5-Di-tert-butylchalcone 4'-carboxylic acid",CC(C)(C)C1=CC(=CC(=C1)C(=O)/C=C/C2=CC=C(C=C2)C(=O)O)C(C)(C)C,0
Apotoxicarol,COC1=C(C=C2C(=C1)C3=C(CO2)OC4=CC(=CC(=C4C3=O)O)O)OC,0
Tocris-1610,CC1=C(C(=C(C(=C1O)C(=O)C)O)CC2=C(C(=C3C(=C2O)C=CC(O3)(C)C)C(=O)/C=C\C4=CC=CC=C4)O)O,0
Lopac-B-168,CC(C)(C)[C@]1(CCN2C[C@@H]3C4=CC=CC=C4CCC5=C3C(=CC=C5)[C@@H]2C1)O,0
tyrphostin AG 825,COC1=CC(=CC(=C1O)CSC2=NC3=CC=CC=C3S2)/C=C(\C#N)/C(=O)N,0
Robustone,CC1(C=CC2=C(O1)C=C3C(=C2O)C(=O)C(=CO3)C4=CC5=C(C=C4)OCO5)C,0
Triacetylresveratrol,CC(=O)OC1=CC=C(C=C1)/C=C/C2=CC(=CC(=C2)OC(=O)C)OC(=O)C,0
"4,2'-Dihydroxy-3,4',6'-trimethoxychalcone",COC1=CC(=C(C(=C1)OC)C(=O)/C=C/C2=CC(=C(C=C2)O)OC)O,0
"2',4'-Dihydroxy-3,4-dimethoxychalcone",COC1=C(C=C(C=C1)/C=C/C(=O)C2=C(C=C(C=C2)O)O)OC,0
Sappanone A dimethyl ether,COC1=CC2=C(C=C1)C(=O)/C(=C/C3=CC(=C(C=C3)OC)O)/CO2,0
GW-5074,C1=CC2=C(C=C1I)/C(=C/C3=CC(=C(C(=C3)Br)O)Br)/C(=O)N2,0
Derrubone,CC(=CCC1=C(C2=C(C=C1O)OC=C(C2=O)C3=CC4=C(C=C3)OCO4)O)C,0
N-[(E)-1-phenyl-2-propylhex-2-enyl]-4-(trifluoromethyl)benzenesulfonamide,CCC/C=C(\CCC)/C(C1=CC=CC=C1)NS(=O)(=O)C2=CC=C(C=C2)C(F)(F)F,0
4-chloro-N-[(E)-1-phenyl-2-propylhex-2-enyl]benzenesulfonamide,CCC/C=C(\CCC)/C(C1=CC=CC=C1)NS(=O)(=O)C2=CC=C(C=C2)Cl,0
N-[(E)-1-phenyl-2-propylhex-2-enyl]-4-(trifluoromethyl)benzamide,CCC/C=C(\CCC)/C(C1=CC=CC=C1)NC(=O)C2=CC=C(C=C2)C(F)(F)F,0
Tocris-0475,C[C@@]1(C(=O)N2[C@H](C(=O)N3CCC[C@@H]3[C@@]2(O1)O)CC4=CC=CC=C4)NC(=O)[C@@H]5C[C@@H]6[C@H](CC7=CNC8=CC=CC6=C78)N(C5)C,0
4-P-Pdot,CCC(=O)N[C@H]1C[C@@H](C2=CC=CC=C2C1)C3=CC=CC=C3,0
Tocris-0993,CC(C)(C)NC[C@H](COC1=CC=CC2=C1C=C(N2)C#N)O,0
Tocris-0987,CCS(=O)(=O)N1CCC[C@@H]2[C@@H]1C[C@H]3C4=C(CCN3C2)C=C(C=C4)OC,0
Tocris-0961,CCCNC(=O)N1[C@@H](C2=CC3=C(C=C2C(=N1)C4=CC=C(C=C4)N)OCO3)C,0
Tocris-0949,CCCCCCC(C)(C)C1=CC(=C(C=C1)[C@@H]2C[C@@H](CC[C@@H]2CCCO)O)O,0
Tocris-0754,C1CC1CN2CC[C@@]34[C@@H]5C6=C(C[C@@]3([C@@H]2CC7=C4C(=C(C=C7)O)O5)O)C8=CC=CC=C8N6CC9=CC=CC=C9,0
Tocris-0687,C[C@@]12CC[C@@H]3[C@@H]([C@@H]1CC[C@]2(C#C)O)CCC4=CC5=C(C[C@]34C)C=NO5,0
Tocris-0661,CN1C2=CC=CC=C2C3=N[C@@H](CN3C1=O)CN4CCN(CC4)C5=CC=CC=C5OC,0
Tocris-0646,C[C@@H](CCCCC(=O)NC1=CC=C(C=C1)C(F)(F)F)NCCC2=CN=CN2,0
Tocris-0628,C[C@@H](CC1=CC(=CC=C1)C(F)(F)F)NCCCC2=CC=CC=C2,0
Tocris-0571,C[C@@H]1C(=C(NC(=C1C(=O)OCCSC2=CC=CC=C2)C)C)C(=O)OC,0
Tocris-0537,C1CCCN(CC1)CCCNC(=O)[C@H](C2CCCCC2)C3=CC=CC=C3,0
Tocris-0498,CN([C@H]1CCCC[C@@H]1N2CCCC2)C(=O)C3=CC(=C(C=C3)Cl)Cl,0
Tocris-1038,CC1=C(C2=C3N1[C@@H](COC3=CC=C2)CN4CCOCC4)C(=O)C5=CC6=CC=CC=C6C=C5,0
"2-(3,4-dichlorophenyl)-N-methyl-N-[(1S,2S)-2-(1-pyrrolidinyl)cyclohexyl]acetamide",CN([C@H]1CCCC[C@@H]1N2CCCC2)C(=O)CC3=CC(=C(C=C3)Cl)Cl,0
"Cimaterol, (R)-",CC(C)NC[C@@H](C1=CC(=C(C=C1)N)C#N)O,0
Tocris-0412,C1CCC2(C1)CC(=O)N(C(=O)C2)CCCCNC[C@H]3COC4=CC=CC=C4O3,0
"Binospirone, (S)-",C1CCC2(C1)CC(=O)N(C(=O)C2)CCNC[C@H]3COC4=CC=CC=C4O3,0
Tocris-0109,C[N+]1(CCC2=CC3=C(C=C2[C@@H]1[C@H]4C5=C(C6=C(C=C5)OCO6)OC4=O)OCO3)C,0
Tocris-0474,CC(C)[C@@]1(C(=O)N2[C@H](C(=O)N3CCC[C@@H]3[C@@]2(O1)O)CC4=CC=CC=C4)NC(=O)[C@@H]5C[C@@H]6[C@H](CC7=CNC8=CC=CC6=C78)N(C5)C,0
"(2R)-N-[(2S,3S)-4-[(3S,4aR,8aS)-3-(tert-butylcarbamoyl)-3,4,4a,5,6,7,8,8a-octahydro-1H-isoquinolin-2-yl]-3-hydroxy-1-phenylbutan-2-yl]-2-(quinoline-2-carbonylamino)butanediamide;methanesulfonic acid",CC(C)(C)NC(=O)[C@@H]1C[C@H]2CCCC[C@@H]2CN1C[C@@H]([C@H](CC3=CC=CC=C3)NC(=O)[C@@H](CC(=O)N)NC(=O)C4=NC5=CC=CC=C5C=C4)O.CS(=O)(=O)O,0
"(6aS,9R,10aS)-9-(methylsulfanylmethyl)-7-propyl-6,6a,8,9,10,10a-hexahydro-4H-indolo[4,3-fg]quinoline;methanesulfonic acid",CCCN1C[C@@H](C[C@@H]2[C@@H]1CC3=CNC4=CC=CC2=C34)CSC.CS(=O)(=O)O,0
"(6aS,9R,10aS)-N-[(1R,2R,4R,7S)-7-benzyl-2-hydroxy-5,8-dioxo-4-propan-2-yl-3-oxa-6,9-diazatricyclo[7.3.0.02,6]dodecan-4-yl]-7-methyl-6,6a,8,9,10,10a-hexahydro-4H-indolo[4,3-fg]quinoline-9-carboxamide;methanesulfonic acid",CC(C)[C@@]1(C(=O)N2[C@H](C(=O)N3CCC[C@@H]3[C@]2(O1)O)CC4=CC=CC=C4)NC(=O)[C@@H]5C[C@@H]6[C@H](CC7=CNC8=CC=CC6=C78)N(C5)C.CS(=O)(=O)O,0
Levopropoxyphene napsylate anhydrous,CCC(=O)O[C@@](CC1=CC=CC=C1)(C2=CC=CC=C2)[C@@H](C)CN(C)C.C1=CC=C2C=C(C=CC2=C1)S(=O)(=O)O,0
"(1R,12S,13S)-24-methyl-5,7,18,20-tetraoxa-24-azahexacyclo[11.11.0.02,10.04,8.014,22.017,21]tetracosa-2,4(8),9,14(22),15,17(21)-hexaen-12-ol;hydrate",CN1CC2=C(C=CC3=C2OCO3)[C@H]4[C@@H]1C5=CC6=C(C=C5C[C@@H]4O)OCO6.O,0
Prestwick-02G08,CN1C[C@@H](C[C@@]2([C@@H]1CC3=CN(C4=CC=CC2=C34)C)OC)COC(=O)C5=CC(=CN=C5)Br,0
Tocris-1437,C1C[C@H]2[C@@H](C1)[C@@H]3C[C@H]2C[C@H]3OC(=S)[S-].[K+],0
(+)-Blebbistatin,CC1=CC2=C(C=C1)N=C3[C@@](C2=O)(CCN3C4=CC=CC=C4)O,0
Tocris-1748,CC(C)C[C@@H](C(=O)C)NC(=O)[C@@H](CC(C)C)NC(=O)[C@H](CC(C)C)NC(=O)OCC1=CC=CC=C1,0
trans Nemonapride,C[C@H]1[C@@H](CCN1CC2=CC=CC=C2)NC(=O)C3=CC(=C(C=C3OC)NC)Cl,0
Tocris-1695,CO[C@H]1CN(CC[C@@H]1NC(=O)C2=CC(=C(C=C2OC)N)Cl)CCCOC3=CC=C(C=C3)F,0
Tocris-1603,CC(=O)O[C@H]1[C@H]([C@@H]2[C@]([C@H](CCC2(C)C)O)([C@]3([C@@]1(O[C@@](CC3=O)(C)C=C)C)O)C)OC(=O)CCN(C)C,0
Tocris-1588,CN[C@@H]1C[C@@H](C2=CC=CC=C12)C3=CC(=C(C=C3)Cl)Cl,0
Tocris-1548,C[C@]12[C@@H]3CC[C@@H]([C@@]1(C(=O)OC2=O)C)O3,0
"methyl (4R)-2,6-dimethyl-5-nitro-4-[2-(trifluoromethyl)phenyl]-1,4-dihydropyridine-3-carboxylate",CC1=C([C@H](C(=C(N1)C)[N+](=O)[O-])C2=CC=CC=C2C(F)(F)F)C(=O)OC,0
Tocris-1530,C[C@@H]1C[C@@H]([C@@H]2[C@H]([C@H](C=CC2=C1)C)CC[C@@H]3C[C@H](CC(=O)O3)O)OC(=O)[C@@H](C)CCO,0
Tocris-1526,CC[C@H](C)C(=O)O[C@H]1CCC=C2[C@H]1[C@H]([C@H](C=C2)C)CC[C@@H]3C[C@@H](CC(=O)O3)O,0
"cis-2,4,3',5'-Tetramethoxystilbene",COC1=CC(=C(C=C1)/C=C\C2=CC(=CC(=C2)OC)OC)OC,0
"(R)-2,3-Bis(4-hydroxyphenyl)-propionitrile",C1=CC(=CC=C1C[C@@H](C#N)C2=CC=C(C=C2)O)O,0
11-ent-Mifepristone,CC#C[C@@]1(CC[C@@H]2[C@@]1(C[C@H](C3=C4CCC(=O)C=C4CC[C@@H]23)C5=CC=C(C=C5)N(C)C)C)O,0
2-(diethylamino)ethyl (2S)-2-(naphthalen-1-ylmethyl)-3-[(2S)-oxolan-2-yl]propanoate,CCN(CC)CCOC(=O)[C@H](C[C@@H]1CCCO1)CC2=CC=CC3=CC=CC=C32,0
Tocris-1385,CCOC(=O)C1=C(NC(=C([C@@H]1C#CC2=CC=CC=C2)C(=O)OCC3=CC=C(C=C3)[N+](=O)[O-])C4=CC=CC=C4)C,0
SB 218795,COC(=O)[C@@H](C1=CC=CC=C1)NC(=O)C2=CC(=NC3=CC=CC=C32)C4=CC=CC=C4,0
Tocris-1347,CCCCN1CCC[C@@H]1CNC(=O)C2=C(C3=CC=CC=C3C(=C2)C#N)OC,0
"Ciglitazone, (R)-",CC1(CCCCC1)COC2=CC=C(C=C2)C[C@@H]3C(=O)NC(=O)S3,0
Tocris-1256,CC[C@@]1(C[C@H]2C[C@](C3=C(CCN(C2)C1)C4=CC=CC=C4N3)(C5=C(C=C6C(=C5)[C@@]78CCN9[C@H]7[C@](C=CC9)([C@@H]([C@]([C@@H]8N6C)(C(=O)OC)O)C(=O)OC)CC)OC)C(=O)OC)O,0
(2S)-N-tert-butyl-3-[4-(2-methoxyphenyl)piperazin-1-yl]-2-phenylpropanamide,CC(C)(C)NC(=O)[C@H](CN1CCN(CC1)C2=CC=CC=C2OC)C3=CC=CC=C3,0
Tocris-1234,C[C@@H]1CC[C@@]2([C@@H](C[C@H]([C@H](O2)[C@H](C)C(=O)C3=CC=CN3)C)C)O[C@@H]1CC4=NC5=C(O4)C=CC(=C5C(=O)O)NC,0
Tocris-1147,COC1=CC=C(C=C1)CCCO[C@@H](CN2C=CN=C2)C3=CC=C(C=C3)OC,0
AM404,CCCCC/C=C\C/C=C\C/C=C\C/C=C\CCCC(=O)NC1=CC=C(C=C1)O,0
Tocris-1105,CCN(CC)C[C@@H]1CCCCN1CC(=O)N2C3=CC=CC=C3C(=O)NC4=C2N=CC=C4,0
Tocris-1099,CC(=O)O[C@H]1[C@H]([C@@H]2[C@]([C@H](CCC2(C)C)O)([C@]3([C@@]1(O[C@@](CC3=O)(C)C=C)C)O)C)O,0
Tocris-1049,C1=CC(=C(C=C1O)[C@H](C(=O)O)N)Cl,0
Lopac-U-6007,CC1=C(C2=C(CC[C@@](O2)(C)CN3CCN(CC3)C4=NC(=NC(=C4)N5CCCC5)N6CCCC6)C(=C1O)C)C,0
"3-[(3S,5S,8S,9R,10R,13S,14S,17R)-3,14-dihydroxy-10,13-dimethyl-1,2,3,4,5,6,7,8,9,11,12,15,16,17-tetradecahydrocyclopenta[a]phenanthren-17-yl]-2H-furan-5-one",C[C@@]12CC[C@@H](C[C@@H]1CC[C@H]3[C@H]2CC[C@@]4([C@@]3(CC[C@@H]4C5=CC(=O)OC5)O)C)O,0
"(2S)-2-amino-N-[(2S,3R,4S,5R)-5-[6-(dimethylamino)purin-9-yl]-4-hydroxy-2-(hydroxymethyl)oxolan-3-yl]-3-(4-methoxyphenyl)propanamide",CN(C)C1=NC=NC2=C1N=CN2[C@H]3[C@H]([C@H]([C@H](O3)CO)NC(=O)[C@H](CC4=CC=C(C=C4)OC)N)O,0
WIN-55212-2 mesylate,CC1=C(C2=C3N1[C@@H](COC3=CC=C2)CN4CCOCC4)C(=O)C5=CC=CC6=CC=CC=C65.CS(=O)(=O)O,0
Lopac-U-106,CN([C@@H]1CCCC[C@H]1N2CCCC2)C(=O)CC3=CC(=C(C=C3)Cl)Cl.[C@@H]([C@@H](C(=O)O)O)(C(=O)O)O,0
Lopac-U-105,CN([C@@H]1CC[C@@]2(CCCO2)C[C@H]1N3CCCC3)C(=O)CC4=CC(=C(C=C4)Cl)Cl.CS(=O)(=O)O,0
Lopac-T-5515,C1=CC(=C[N+](=C1)[C@H]2[C@@H]([C@@H]([C@@H](O2)COP(=O)([O-])OP(=O)(O)OC[C@H]3[C@@H]([C@@H]([C@@H](O3)N4C=NC5=C(N=CN=C54)N)OP(=O)(O)[O-])O)O)O)C(=S)N.[Na+],0
Lopac-P-8828,CCCN1C[C@H](C[C@@H]2[C@@H]1CC3=CNC4=CC=CC2=C34)CSC.CS(=O)(=O)O,0
Lopac-P-1675,CC(=C)[C@H]1[C@@H]2[C@@H]3[C@@]4([C@]([C@H]1C(=O)O2)(C[C@@H]5[C@]4(O5)C(=O)O3)O)C.C[C@@]12[C@H]3[C@H]4[C@@H]([C@@H]([C@@]1(C[C@@H]5[C@]2(O5)C(=O)O3)O)C(=O)O4)C(C)(C)O,0
Lopac-I-3639,CC[C@@H]([C@@H](C1=CC(=C(C=C1)O)O)O)NC(C)C.CS(=O)(=O)O,0
"Doxazosin methanesulfonate, (R)-",COC1=C(C=C2C(=C1)C(=NC(=N2)N3CCN(CC3)C(=O)[C@H]4COC5=CC=CC=C5O4)N)OC.CS(=O)(=O)O,0
Lopac-D-2763,C[C@@]1(C(=O)N2[C@H](C(=O)N3CCC[C@@H]3[C@]2(O1)O)CC4=CC=CC=C4)NC(=O)[C@H]5C[C@@H]6[C@H](CC7=CNC8=CC=CC6=C78)N(C5)C.CS(=O)(=O)O,0
Lopac-B-2134,CC(C)C[C@H]1C(=O)N2CCC[C@@H]2[C@]3(N1C(=O)[C@](O3)(C(C)C)NC(=O)[C@@H]4CN([C@@H]5CC6=C(NC7=CC=CC(=C67)C5=C4)Br)C)O.CS(=O)(=O)O,0
Lopac-V-8879,CC[C@@]1(C[C@@H]2C[C@](C3=C(CCN(C2)C1)C4=CC=CC=C4N3)(C5=C(C=C6C(=C5)[C@]78CCN9[C@@H]7[C@](C=CC9)([C@H]([C@@]([C@@H]8N6C=O)(C(=O)OC)O)OC(=O)C)CC)OC)C(=O)OC)O,0
"(9R,13S,14S)-3-hydroxy-13-methyl-9,11,12,14,15,16-hexahydro-6H-cyclopenta[a]phenanthren-17-one",C[C@]12CC[C@@H]3C(=CCC4=C3C=CC(=C4)O)[C@@H]1CCC2=O,0
Lopac-U-5882,C[C@@]12CC=C3[C@H]([C@H]1CC[C@H]2C(=O)CN4CCN(CC4)C5=NC(=NC(=C5)N6CCCC6)N7CCCC7)CCC8=CC(=O)C=C[C@]83C,0
Lopac-T-9033,CCCCCCCC(=O)O[C@H]1[C@H]2C(=C([C@H]1OC(=O)/C(=C/C)/C)C)[C@H]3[C@]([C@@H](C[C@]2(C)OC(=O)C)OC(=O)CCC)([C@@](C(=O)O3)(C)O)O,0
Lopac-T-7665,C1=C(C=C(C(=C1O)O)O)/C(=C(\C=C(C#N)C#N)/N)/C#N,0
Lopac-T-4568,C1CN(C2=CC=CC=C21)C(=O)[C@H](CC3=CC(=C(C=C3)O)O)C#N,0
Lopac-T-113,C[N+]1([C@@H]2CC[C@H]1CC(C2)OC(=O)C3=CNC4=CC=CC=C43)C,0
Tocris-1512,CC#CCOC(=O)C1=C(N=C2C(=C1N)C3=C(S2)C[C@@H](CC3)O)C,0
SB 222200,CC[C@@H](C1=CC=CC=C1)NC(=O)C2=C(C(=NC3=CC=CC=C32)C4=CC=CC=C4)C,0
(r)-Salmeterol,C1=CC=C(C=C1)CCCCOCCCCCCNC[C@@H](C2=CC(=C(C=C2)O)CO)O,0
5-(Dimethylamino)-N-(4-(4-(2-methoxyphenyl)piperazin-1-yl)butyl)naphthalene-1-sulfonamide,CN(C)C1=CC=CC2=C1C=CC=C2S(=O)(=O)NCCCCN3CCN(CC3)C4=CC=CC=C4OC,0
"6-chloro-5-methyl-N-quinolin-4-yl-2,3-dihydroindole-1-carboxamide",CC1=CC2=C(C=C1Cl)N(CC2)C(=O)NC3=CC=NC4=CC=CC=C43,0
Lopac-S-0568,CN1CCC2=C1C=CC(=C2)NC(=O)NC3=CN=CC=C3,0
(2S)-2-((9-(1-Methylethyl)-6-((phenylmethyl)amino)-9H-purin-2-yl)amino)-1-butanol,CC[C@@H](CO)NC1=NC(=C2C(=N1)N(C=N2)C(C)C)NCC3=CC=CC=C3,0
(R)-Enilconazole,C=CCO[C@@H](CN1C=CN=C1)C2=C(C=C(C=C2)Cl)Cl,0
N-cyclohexyl-4-[(4S)-4H-imidazol-4-yl]piperidine-1-carbothioamide,C1CCC(CC1)NC(=S)N2CCC(CC2)[C@H]3C=NC=N3,0
Arasertaconazole,C1=CC2=C(C(=C1)Cl)SC=C2CO[C@@H](CN3C=CN=C3)C4=C(C=C(C=C4)Cl)Cl,0
"(8S,11S,13R,14S,17R)-11-[4-(dimethylamino)phenyl]-17-hydroxy-13-methyl-17-prop-1-ynyl-1,2,6,7,8,11,12,14,15,16-decahydrocyclopenta[a]phenanthren-3-one",CC#C[C@]1(CC[C@@H]2[C@]1(C[C@H](C3=C4CCC(=O)C=C4CC[C@@H]23)C5=CC=C(C=C5)N(C)C)C)O,0
"[(8R,9R,10R,11S,13S,14R,16S,17S)-9-chloro-17-(2-chloroacetyl)-11-hydroxy-10,13,16-trimethyl-3-oxo-6,7,8,11,12,14,15,16-octahydrocyclopenta[a]phenanthren-17-yl] furan-2-carboxylate",C[C@H]1C[C@@H]2[C@H]3CCC4=CC(=O)C=C[C@]4([C@]3([C@H](C[C@@]2([C@@]1(C(=O)CCl)OC(=O)C5=CC=CO5)C)O)Cl)C,0
"[(6R,8S,9S,10R,11S,13R,14S,16S,17S)-6,9-difluoro-17-(fluoromethylsulfanylcarbonyl)-11-hydroxy-10,13,16-trimethyl-3-oxo-6,7,8,11,12,14,15,16-octahydrocyclopenta[a]phenanthren-17-yl] propanoate",CCC(=O)O[C@]1([C@H](C[C@@H]2[C@]1(C[C@@H]([C@@]3([C@H]2C[C@H](C4=CC(=O)C=C[C@]43C)F)F)O)C)C)C(=O)SCF,0
"[(1R,3S,7S,8R,8aR)-8-[2-[(2S,4R)-4-hydroxy-6-oxooxan-2-yl]ethyl]-3,7-dimethyl-1,2,3,7,8,8a-hexahydronaphthalen-1-yl] 2,2-dimethylbutanoate",CCC(C)(C)C(=O)O[C@@H]1C[C@@H](C=C2[C@H]1[C@@H]([C@H](C=C2)C)CC[C@H]3C[C@H](CC(=O)O3)O)C,0
"[(1R,3S,7S,8R,8aR)-8-[2-[(2S,4R)-4-hydroxy-6-oxooxan-2-yl]ethyl]-3,7-dimethyl-1,2,3,7,8,8a-hexahydronaphthalen-1-yl] (2S)-2-methylbutanoate",CC[C@H](C)C(=O)O[C@@H]1C[C@@H](C=C2[C@H]1[C@@H]([C@H](C=C2)C)CC[C@H]3C[C@H](CC(=O)O3)O)C,0
"Glafenine, (S)-",C1=CC=C(C(=C1)C(=O)OC[C@H](CO)O)NC2=C3C=CC(=CC3=NC=C2)Cl,0
"1-[(2R)-2-[(4-chlorophenyl)methylsulfanyl]-2-(2,4-dichlorophenyl)ethyl]imidazole",C1=CC(=CC=C1CS[C@@H](CN2C=CN=C2)C3=C(C=C(C=C3)Cl)Cl)Cl,0
(S)-Nicardipine,CC1=C([C@@H](C(=C(N1)C)C(=O)OCCN(C)CC2=CC=CC=C2)C3=CC(=CC=C3)[N+](=O)[O-])C(=O)OC,0
"[(1R)-3-oxo-1H-2-benzofuran-1-yl] (2S,5R,6R)-6-[[(2S)-2-amino-2-phenylacetyl]amino]-3,3-dimethyl-7-oxo-4-thia-1-azabicyclo[3.2.0]heptane-2-carboxylate",CC1([C@@H](N2[C@H](S1)[C@@H](C2=O)NC(=O)[C@H](C3=CC=CC=C3)N)C(=O)O[C@@H]4C5=CC=CC=C5C(=O)O4)C,0
"[(1S)-1-ethoxycarbonyloxyethyl] (2S,5R,6R)-6-[[(2S)-2-amino-2-phenylacetyl]amino]-3,3-dimethyl-7-oxo-4-thia-1-azabicyclo[3.2.0]heptane-2-carboxylate",CCOC(=O)O[C@@H](C)OC(=O)[C@H]1C(S[C@H]2N1C(=O)[C@H]2NC(=O)[C@H](C3=CC=CC=C3)N)(C)C,0
"(2S,5R)-2,6-diphenyl-7-pyridin-3-yl-3-(pyridin-3-ylmethyl)-3-azatricyclo[5.1.1.01,5]nonane",C1[C@@H]2C(C3(CC2(C3)[C@H](N1CC4=CN=CC=C4)C5=CC=CC=C5)C6=CN=CC=C6)C7=CC=CC=C7,0
"2,2-dimethylpropanoyloxymethyl (2S,5R,6R)-6-[[(2S)-2-amino-2-phenylacetyl]amino]-3,3-dimethyl-7-oxo-4-thia-1-azabicyclo[3.2.0]heptane-2-carboxylate",CC1([C@@H](N2[C@H](S1)[C@@H](C2=O)NC(=O)[C@H](C3=CC=CC=C3)N)C(=O)OCOC(=O)C(C)(C)C)C,0
"Isoconazole, (R)-",C1=CC(=C(C(=C1)Cl)CO[C@@H](CN2C=CN=C2)C3=C(C=C(C=C3)Cl)Cl)Cl,0
"[(8R,9S,10R,11S,13S,14R,16S,17S)-17-(2-chloroacetyl)-9-fluoro-11-hydroxy-10,13,16-trimethyl-3-oxo-6,7,8,11,12,14,15,16-octahydrocyclopenta[a]phenanthren-17-yl] propanoate",CCC(=O)O[C@]1([C@H](C[C@H]2[C@@]1(C[C@@H]([C@@]3([C@@H]2CCC4=CC(=O)C=C[C@]43C)F)O)C)C)C(=O)CCl,0
"Econazole, (R)-",C1=CC(=CC=C1CO[C@@H](CN2C=CN=C2)C3=C(C=C(C=C3)Cl)Cl)Cl,0
"Benfluorex, (S)-",C[C@@H](CC1=CC(=CC=C1)C(F)(F)F)NCCOC(=O)C2=CC=CC=C2,0
"Famprofazone, (S)-",C[C@@H](CC1=CC=CC=C1)N(C)CC2=C(C(=O)N(N2C)C3=CC=CC=C3)C(C)C,0
"lisuride, R",CCN(CC)C(=O)N[C@@H]1CN([C@H]2CC3=CNC4=CC=CC(=C34)C2=C1)C,0
"(1R,2R,13S,14R,17R,18S)-17-ethynyl-2,18-dimethyl-7-oxa-6-azapentacyclo[11.7.0.02,10.04,8.014,18]icosa-4(8),5,9-trien-17-ol",C[C@]12CC[C@@H]3[C@@H]([C@H]1CC[C@]2(C#C)O)CCC4=CC5=C(C[C@]34C)C=NO5,0
"Molindone, (S)-",CCC1=C(NC2=C1C(=O)[C@@H](CC2)CN3CCOCC3)C,0
"[(2R,3S,6S,7S,8R)-3-[(3-formamido-2-hydroxybenzoyl)amino]-8-hexyl-2,6-dimethyl-4,9-dioxo-1,5-dioxonan-7-yl] 3-methylbutanoate",CCCCCC[C@@H]1[C@@H]([C@@H](OC(=O)[C@H]([C@H](OC1=O)C)NC(=O)C2=C(C(=CC=C2)NC=O)O)C)OC(=O)CC(C)C,0
"Drofenine, (R)-",CCN(CC)CCOC(=O)[C@H](C1CCCCC1)C2=CC=CC=C2,0
"(6aS,9R)-N-[(1R,2R,4R,7S)-2-hydroxy-7-(2-methylpropyl)-5,8-dioxo-4-propan-2-yl-3-oxa-6,9-diazatricyclo[7.3.0.02,6]dodecan-4-yl]-7-methyl-6,6a,8,9-tetrahydro-4H-indolo[4,3-fg]quinoline-9-carboxamide",CC(C)C[C@H]1C(=O)N2CCC[C@@H]2[C@@]3(N1C(=O)[C@](O3)(C(C)C)NC(=O)[C@H]4CN([C@H]5CC6=CNC7=CC=CC(=C67)C5=C4)C)O,0
"[3-acetyloxy-6-(4-phenylbut-1-ynyl)-3,6-dihydro-2H-pyran-2-yl]methyl acetate",CC(=O)OCC1C(C=CC(O1)C#CCCC2=CC=CC=C2)OC(=O)C,0
"dimethyl (1S,8S)-14-benzyl-13-methyl-3,9-dioxo-11-phenyl-4,15-dioxa-10,14-diazatetracyclo[6.6.1.01,10.02,7]pentadec-12-ene-8,12-dicarboxylate",CC1=C(C(N2C(=O)[C@@]3(C4CCOC(=O)C4[C@@]2(N1CC5=CC=CC=C5)O3)C(=O)OC)C6=CC=CC=C6)C(=O)OC,0
"dimethyl (7S)-9-acetyl-1-benzyl-7-hydroxy-2-methyl-6-oxo-4,8-diphenyl-4,8-dihydropyrido[1,2-a]pyrimidine-3,7-dicarboxylate",CC1=C(C(N2C(=C(C([C@](C2=O)(C(=O)OC)O)C3=CC=CC=C3)C(=O)C)N1CC4=CC=CC=C4)C5=CC=CC=C5)C(=O)OC,0
"dimethyl (9S)-3-benzyl-9-hydroxy-4-methyl-8,14-dioxo-6-phenyl-13-oxa-3,7-diazatricyclo[8.4.0.02,7]tetradeca-1,4-diene-5,9-dicarboxylate",CC1=C(C(N2C(=C3C(CCOC3=O)[C@](C2=O)(C(=O)OC)O)N1CC4=CC=CC=C4)C5=CC=CC=C5)C(=O)OC,0
"8-[(4-Methoxyphenoxy)methyl]-2-(2-phenoxyethyl)-6-phenyl-1,3,4,7,8,10-hexahydropyrano[4,3-c][1,6]naphthyridine",COC1=CC=C(C=C1)OCC2CC3=C(CO2)C4=C(CCN(C4)CCOC5=CC=CC=C5)N=C3C6=CC=CC=C6,0
"8-Methyl-2-(3-methylbutyl)-6-(phenoxymethyl)-1,3,4,7,8,10-hexahydropyrano[4,3-c][1,6]naphthyridine",CC1CC2=C(CO1)C3=C(CCN(C3)CCC(C)C)N=C2COC4=CC=CC=C4,0
"6-Butyl-8-methyl-2-(3-methylbutyl)-1,3,4,7,8,10-hexahydropyrano[4,3-c][1,6]naphthyridine",CCCCC1=NC2=C(CN(CC2)CCC(C)C)C3=C1CC(OC3)C,0
"3-(azidomethyl)-6-(4-bromophenyl)-7-methyl-4,6,7,8,9,9a-hexahydro-3H-pyrido[2,1-c][1,4]oxazin-1-one",CC1CCC2C(=O)OC(CN2C1C3=CC=C(C=C3)Br)CN=[N+]=[N-],0
"6-(4-bromophenyl)-3-butyl-7-methyl-4,6,7,8,9,9a-hexahydro-3H-pyrido[2,1-c][1,4]oxazin-1-one",CCCCC1CN2C(CCC(C2C3=CC=C(C=C3)Br)C)C(=O)O1,0
"[3-(4-methoxyphenoxy)-6-(2-phenylethynyl)-3,6-dihydro-2H-pyran-2-yl]methanol",COC1=CC=C(C=C1)OC2C=CC(OC2CO)C#CC3=CC=CC=C3,0
"methyl 4-[[2-(ethoxycarbonyloxymethyl)-6-hex-1-ynyl-3,6-dihydro-2H-pyran-3-yl]oxy]benzoate",CCCCC#CC1C=CC(C(O1)COC(=O)OCC)OC2=CC=C(C=C2)C(=O)OC,0
"ethyl [6-hex-1-ynyl-3-(3,4,5-trimethoxyphenoxy)-3,6-dihydro-2H-pyran-2-yl]methyl carbonate",CCCCC#CC1C=CC(C(O1)COC(=O)OCC)OC2=CC(=C(C(=C2)OC)OC)OC,0
"[3-acetyloxy-6-(2-phenylethynyl)-3,6-dihydro-2H-pyran-2-yl]methyl acetate",CC(=O)OCC1C(C=CC(O1)C#CC2=CC=CC=C2)OC(=O)C,0
"[3-(4-methoxyphenoxy)-6-phenyl-3,6-dihydro-2H-pyran-2-yl]methanol",COC1=CC=C(C=C1)OC2C=CC(OC2CO)C3=CC=CC=C3,0
"(14R)-6,13-dimethyl-7,14-bis(3-morpholin-4-ylphenyl)-1,8-diazatricyclo[8.4.0.03,8]tetradecane-2,9-dione",CC1CCC2C(=O)N3C(CCC(C3C4=CC(=CC=C4)N5CCOCC5)C)C(=O)N2[C@H]1C6=CC(=CC=C6)N7CCOCC7,0
"[3-acetyloxy-6-[2-(4-methoxyphenyl)ethynyl]-3,6-dihydro-2H-pyran-2-yl]methyl acetate",CC(=O)OCC1C(C=CC(O1)C#CC2=CC=C(C=C2)OC)OC(=O)C,0
"[3-acetyloxy-6-(5-phenylpent-1-ynyl)-3,6-dihydro-2H-pyran-2-yl]methyl acetate",CC(=O)OCC1C(C=CC(O1)C#CCCCC2=CC=CC=C2)OC(=O)C,0
"(3-acetyloxy-6-hex-1-ynyl-3,6-dihydro-2H-pyran-2-yl)methyl acetate",CCCCC#CC1C=CC(C(O1)COC(=O)C)OC(=O)C,0
"(3aR,5aS,8R,9S,9aR,9bS)-2-(1,3-benzodioxol-5-ylmethyl)-8,9-dihydroxy-4,5,5a,7,8,9,9a,9b-octahydro-3aH-benzo[e]isoindole-1,3,6-trione",C1C[C@@H]2[C@H]([C@H]3[C@H]1C(=O)C[C@H]([C@H]3O)O)C(=O)N(C2=O)CC4=CC5=C(C=C4)OCO5,0
"(1S,2R,6R,11S,13S,14S)-4-(1,3-benzodioxol-5-ylmethyl)-14-hydroxy-12-oxa-4-azatetracyclo[7.5.0.02,6.011,13]tetradec-8-ene-3,5,10-trione",C1C=C2[C@H]([C@@H]3[C@@H]1C(=O)N(C3=O)CC4=CC5=C(C=C4)OCO5)[C@@H]([C@H]6[C@@H](C2=O)O6)O,0
"(1R,9R,10E,11R,13R,14S)-4-[(6-chloro-1,3-benzodioxol-5-yl)methyl]-10-[(2S)-3-(furan-2-ylmethoxy)-2-hydroxypropoxy]imino-14-hydroxy-12-oxa-2,4,6-triazatetracyclo[7.5.0.02,6.011,13]tetradecane-3,5-dione",C1CN2C(=O)N(C(=O)N2[C@@H]3[C@@H]1/C(=N\OC[C@H](COCC4=CC=CO4)O)/[C@@H]5[C@@H]([C@H]3O)O5)CC6=CC7=C(C=C6Cl)OCO7,0
"(1R,9R,10E,11R,13R,14S)-4-[(6-chloro-1,3-benzodioxol-5-yl)methyl]-14-hydroxy-10-(2-methylpropoxyimino)-12-oxa-2,4,6-triazatetracyclo[7.5.0.02,6.011,13]tetradecane-3,5-dione",CC(C)CO/N=C/1\[C@@H]2CCN3C(=O)N(C(=O)N3[C@H]2[C@@H]([C@@H]4[C@@H]1O4)O)CC5=CC6=C(C=C5Cl)OCO6,0
"(1R,9R,10E,11R,13R,14S)-4-[(6-chloro-1,3-benzodioxol-5-yl)methyl]-14-hydroxy-10-phenylmethoxyimino-12-oxa-2,4,6-triazatetracyclo[7.5.0.02,6.011,13]tetradecane-3,5-dione",C1CN2C(=O)N(C(=O)N2[C@@H]3[C@@H]1/C(=N\OCC4=CC=CC=C4)/[C@@H]5[C@@H]([C@H]3O)O5)CC6=CC7=C(C=C6Cl)OCO7,0
"(1R,9R,10E,11R,13R,14S)-10-[(2S)-3-(furan-2-ylmethoxy)-2-hydroxypropoxy]imino-14-hydroxy-4-[(1S)-1-phenylpropyl]-12-oxa-2,4,6-triazatetracyclo[7.5.0.02,6.011,13]tetradecane-3,5-dione",CC[C@@H](C1=CC=CC=C1)N2C(=O)N3CC[C@@H]\4[C@@H](N3C2=O)[C@@H]([C@@H]5[C@@H](/C4=N/OC[C@H](COCC6=CC=CO6)O)O5)O,0
"(3aS,5aR,6Z,8R,9S,9aS,9bS)-2-cyclohexyl-8,9-dihydroxy-6-pent-4-ynoxyimino-4,5,5a,7,8,9,9a,9b-octahydro-3aH-benzo[e]isoindole-1,3-dione",C#CCCCO/N=C\1/C[C@H]([C@H]([C@H]2[C@H]1CC[C@H]3[C@H]2C(=O)N(C3=O)C4CCCCC4)O)O,0
"(3aS,5aR,6Z,8R,9S,9aS,9bS)-2-tert-butyl-6-[(2S)-3-(furan-2-ylmethoxy)-2-hydroxypropoxy]imino-8,9-dihydroxy-4,5,5a,7,8,9,9a,9b-octahydro-3aH-benzo[e]isoindole-1,3-dione",CC(C)(C)N1C(=O)[C@H]2CC[C@@H]\3[C@@H]([C@@H]2C1=O)[C@@H]([C@@H](C/C3=N/OC[C@H](COCC4=CC=CO4)O)O)O,0
"(3aS,5aR,6Z,8R,9S,9aS,9bS)-6-[(2S)-3-(furan-2-ylmethoxy)-2-hydroxypropoxy]imino-8,9-dihydroxy-2-[(1S)-1-phenylethyl]-4,5,5a,7,8,9,9a,9b-octahydro-3aH-benzo[e]isoindole-1,3-dione",C[C@@H](C1=CC=CC=C1)N2C(=O)[C@H]3CC[C@@H]\4[C@@H]([C@@H]3C2=O)[C@@H]([C@@H](C/C4=N/OC[C@H](COCC5=CC=CO5)O)O)O,0
"[3-(2-tert-butyl-4-methoxyphenoxy)-6-phenyl-3,6-dihydro-2H-pyran-2-yl]methanol",CC(C)(C)C1=C(C=CC(=C1)OC)OC2C=CC(OC2CO)C3=CC=CC=C3,0
"4-(3-methoxyphenyl)-6-[(E)-2-(3-methoxyphenyl)ethenyl]-1,5-dimethylbicyclo[3.2.1]oct-6-en-2-one",CC12CC(C(CC1=O)C3=CC(=CC=C3)OC)(C(=C2)/C=C/C4=CC(=CC=C4)OC)C,0
"methyl N-[1-(1,3-benzodioxol-5-yl)-3-oxobutyl]carbamate",CC(=O)CC(C1=CC2=C(C=C1)OCO2)NC(=O)OC,0
"1,5-dimethyl-6-[(1E,3E)-4-phenylbuta-1,3-dienyl]-4-[(E)-2-phenylethenyl]bicyclo[3.2.1]oct-6-en-2-one",CC12CC(C(CC1=O)/C=C/C3=CC=CC=C3)(C(=C2)/C=C/C=C/C4=CC=CC=C4)C,0
Prop-2-enyl 2-[(methoxycarbonylamino)-thiophen-2-ylmethyl]-3-oxobutanoate,CC(=O)C(C(C1=CC=CS1)NC(=O)OC)C(=O)OCC=C,0
"2-(3,4-dimethoxyphenyl)-N-[(E)-2-(4-methoxyphenyl)ethenyl]acetamide",COC1=CC=C(C=C1)/C=C/NC(=O)CC2=CC(=C(C=C2)OC)OC,0
"methyl N-[2-(3,4-dimethoxyphenyl)ethyl]-N-[(E)-2-(4-methoxyphenyl)ethenyl]carbamate",COC1=CC=C(C=C1)/C=C/N(CCC2=CC(=C(C=C2)OC)OC)C(=O)OC,0
"(1E)-4-methyl-1-(4-methylphenyl)penta-1,4-dien-3-ol",CC1=CC=C(C=C1)/C=C/C(C(=C)C)O,0
"4-(4-methoxyphenyl)-6-[(E)-2-(4-methoxyphenyl)ethenyl]-1,5-dimethylbicyclo[3.2.1]oct-6-en-2-one",CC12CC(C(CC1=O)C3=CC=C(C=C3)OC)(C(=C2)/C=C/C4=CC=C(C=C4)OC)C,0
"8-Benzoyl-2,2-dimethyl-4a,6,6-tris(3-methylbut-2-enyl)-3,4-dihydrochromene-5,7-dione",CC(=CCC12CCC(OC1=C(C(=O)C(C2=O)(CC=C(C)C)CC=C(C)C)C(=O)C3=CC=CC=C3)(C)C)C,0
Prop-2-enyl 2-[(methoxycarbonylamino)-[3-(trifluoromethyl)phenyl]methyl]-3-oxobutanoate,CC(=O)C(C(C1=CC(=CC=C1)C(F)(F)F)NC(=O)OC)C(=O)OCC=C,0
"[3-(4-methoxyphenoxy)-6-prop-2-enyl-3,6-dihydro-2H-pyran-2-yl]methyl 4-bromobenzoate",COC1=CC=C(C=C1)OC2C=CC(OC2COC(=O)C3=CC=C(C=C3)Br)CC=C,0
"[3-(4-methoxyphenoxy)-6-prop-2-enyl-3,6-dihydro-2H-pyran-2-yl]methanol",COC1=CC=C(C=C1)OC2C=CC(OC2CO)CC=C,0
"[2-(ethoxycarbonyloxymethyl)-6-oct-1-ynyl-3,6-dihydro-2H-pyran-3-yl] ethyl carbonate",CCCCCCC#CC1C=CC(C(O1)COC(=O)OCC)OC(=O)OCC,0
"(3aS,5aR,6Z,8R,9S,9aS,9bS)-8,9-dihydroxy-6-pent-4-ynoxyimino-2-[(1S)-1-phenylethyl]-4,5,5a,7,8,9,9a,9b-octahydro-3aH-benzo[e]isoindole-1,3-dione",C[C@@H](C1=CC=CC=C1)N2C(=O)[C@H]3CC[C@@H]\4[C@@H]([C@@H]3C2=O)[C@@H]([C@@H](C/C4=N/OCCCC#C)O)O,0
"[3-acetyloxy-6-[2-(2-chlorophenyl)ethynyl]-3,6-dihydro-2H-pyran-2-yl]methyl acetate",CC(=O)OCC1C(C=CC(O1)C#CC2=CC=CC=C2Cl)OC(=O)C,0
"methyl (E,5S)-8-(2,5-dimethoxy-3-nitrophenyl)-8-ethoxy-6-methoxy-5,7-dimethyloct-3-enoate",CCOC(C1=C(C(=CC(=C1)OC)[N+](=O)[O-])OC)C(C)C([C@@H](C)/C=C/CC(=O)OC)OC,0
"(3E)-3-(3-but-2-ynoxypropylidene)-1-methoxy-2-methyl-1,2-dihydroindene",CC#CCOCC/C=C/1\C(C(C2=CC=CC=C21)OC)C,0
"5-(4-Bromophenyl)-3-[(4-methoxyphenoxy)methyl]-6-methyl-3,4,4a,5,6,7,8,8a-octahydroisochromen-1-one",CC1CCC2C(C1C3=CC=C(C=C3)Br)CC(OC2=O)COC4=CC=C(C=C4)OC,0
"6-(4-bromophenyl)-3-(ethenoxymethyl)-7-methyl-4,6,7,8,9,9a-hexahydro-3H-pyrido[2,1-c][1,4]oxazin-1-one",CC1CCC2C(=O)OC(CN2C1C3=CC=C(C=C3)Br)COC=C,0
"methyl (1S,8R)-14-benzyl-13-methyl-3,9-dioxo-11-phenyl-8-propanoyl-4,15-dioxa-10,14-diazatetracyclo[6.6.1.01,10.02,7]pentadec-12-ene-12-carboxylate",CCC(=O)[C@@]12C3CCOC(=O)C3[C@]4(O1)N(C(=C(C(N4C2=O)C5=CC=CC=C5)C(=O)OC)C)CC6=CC=CC=C6,0
"dimethyl (7S)-9-benzoyl-1-ethyl-7-hydroxy-2-methyl-6-oxo-4,8-diphenyl-4,8-dihydropyrido[1,2-a]pyrimidine-3,7-dicarboxylate",CCN1C(=C(C(N2C1=C(C([C@](C2=O)(C(=O)OC)O)C3=CC=CC=C3)C(=O)C4=CC=CC=C4)C5=CC=CC=C5)C(=O)OC)C,0
"6-(4-bromophenyl)-3-[(4-methoxyphenoxy)methyl]-7-methyl-4,6,7,8,9,9a-hexahydro-3H-pyrido[2,1-c][1,4]oxazin-1-one",CC1CCC2C(=O)OC(CN2C1C3=CC=C(C=C3)Br)COC4=CC=C(C=C4)OC,0
"[6-(4-bromophenyl)-7-methyl-1-oxo-4,6,7,8,9,9a-hexahydro-3H-pyrido[2,1-c][1,4]oxazin-3-yl]methyl 2-methylprop-2-enoate",CC1CCC2C(=O)OC(CN2C1C3=CC=C(C=C3)Br)COC(=O)C(=C)C,0
"18-Methyl-19-(3-prop-2-enylphenyl)-12-(3,4,5-trimethoxyphenyl)-10,13,20-triazapentacyclo[11.8.0.03,11.04,9.015,20]henicosa-3(11),4,6,8-tetraene-14,21-dione",CC1CCC2C(=O)N3C(CC4=C(C3C5=CC(=C(C(=C5)OC)OC)OC)NC6=CC=CC=C46)C(=O)N2C1C7=CC=CC(=C7)CC=C,0
"(14R)-7-(3-bromophenyl)-6,13-dimethyl-14-(3-morpholin-4-ylphenyl)-1,8-diazatricyclo[8.4.0.03,8]tetradecane-2,9-dione",CC1CCC2C(=O)N3C(CCC(C3C4=CC(=CC=C4)Br)C)C(=O)N2[C@H]1C5=CC(=CC=C5)N6CCOCC6,0
"7,14-Bis[4-(3-methoxyprop-1-ynyl)phenyl]-6,13-dimethyl-1,8-diazatricyclo[8.4.0.03,8]tetradecane-2,9-dione",CC1CCC2C(=O)N3C(CCC(C3C4=CC=C(C=C4)C#CCOC)C)C(=O)N2C1C5=CC=C(C=C5)C#CCOC,0
"methyl (Z,5R,6S,7Z)-6-methoxy-7-[[(2S,3S,6S)-3-(4-methoxyphenoxy)-6-phenyl-3,6-dihydro-2H-pyran-2-yl]methoxyimino]-5-methylhept-3-enoate",C[C@H](/C=C\CC(=O)OC)[C@@H](/C=N\OC[C@H]1[C@H](C=C[C@H](O1)C2=CC=CC=C2)OC3=CC=C(C=C3)OC)OC,0
"(Z)-3-(1,3-benzodioxol-5-yl)-1-[4-methoxy-2-(methoxymethoxy)phenyl]prop-2-en-1-one",COCOC1=C(C=CC(=C1)OC)C(=O)/C=C\C2=CC3=C(C=C2)OCO3,0
"(Z)-1-(2-aminophenyl)-3-(1,3-benzodioxol-5-yl)prop-2-en-1-one",C1OC2=C(O1)C=C(C=C2)/C=C\C(=O)C3=CC=CC=C3N,0
"(2Z)-3-(2H-1,3-benzodioxol-5-yl)-1-(4-fluorophenyl)prop-2-en-1-one",C1OC2=C(O1)C=C(C=C2)/C=C\C(=O)C3=CC=C(C=C3)F,0
"(Z)-3-(1,3-benzodioxol-5-yl)-1-[5-bromo-2-(methoxymethoxy)phenyl]prop-2-en-1-one",COCOC1=C(C=C(C=C1)Br)C(=O)/C=C\C2=CC3=C(C=C2)OCO3,0
"(Z)-3-(1,3-benzodioxol-5-yl)-1-(2-hydroxy-4,6-dimethoxyphenyl)prop-2-en-1-one",COC1=CC(=C(C(=C1)OC)C(=O)/C=C\C2=CC3=C(C=C2)OCO3)O,0
"[5-bromo-2-(methoxymethoxy)phenyl]-[(2S,3S)-3-(3-methoxyphenyl)oxiran-2-yl]methanone",COCOC1=C(C=C(C=C1)Br)C(=O)[C@@H]2[C@@H](O2)C3=CC(=CC=C3)OC,0
"[(1S,3S,5R,7R,9S,13R,15S,18S)-3-methoxy-18-methyl-13-[(Z)-4-methylpent-1-enyl]-11-oxo-12,19,20-trioxatricyclo[13.3.1.15,9]icosan-7-yl] (Z)-5-[2-[(Z)-3-(methoxycarbonylamino)prop-1-enyl]-1,3-oxazol-4-yl]pent-2-enoate",C[C@H]1CC[C@H]2C[C@@H](OC(=O)C[C@@H]3C[C@@H](C[C@H](O3)C[C@@H](C[C@@H]1O2)OC)OC(=O)/C=C\CCC4=COC(=N4)/C=C\CNC(=O)OC)/C=C\CC(C)C,0
"(2R)-1-[6-(4-bromophenyl)-3,4-dihydro-2H-1,5-naphthyridin-1-yl]-3-(6,7-dimethyl-3,4-dihydro-2H-1,5-naphthyridin-1-yl)propan-2-ol",CC1=CC2=C(CCCN2C[C@@H](CN3CCCC4=C3C=CC(=N4)C5=CC=C(C=C5)Br)O)N=C1C,0
"methyl (Z,5R,6S)-6-(2,5-dimethoxy-3-nitrophenyl)-6-ethoxy-5-methylhex-3-enoate",CCO[C@H](C1=C(C(=CC(=C1)OC)[N+](=O)[O-])OC)[C@H](C)/C=C\CC(=O)OC,0
"methyl (Z,5R,6S,7Z)-7-[(1S)-1-[1-[(2S)-1-hydroxy-3-phenylpropan-2-yl]triazol-4-yl]ethoxy]imino-6-methoxy-5-methylhept-3-enoate",C[C@H](/C=C\CC(=O)OC)[C@@H](/C=N\O[C@@H](C)C1=CN(N=N1)[C@@H](CC2=CC=CC=C2)CO)OC,0
"methyl (Z,5R,6S,7Z)-7-[[(2R,3R,6R)-2-(hydroxymethyl)-6-prop-2-enyl-3,6-dihydro-2H-pyran-3-yl]oxyimino]-6-methoxy-5-methylhept-3-enoate",C[C@H](/C=C\CC(=O)OC)[C@@H](/C=N\O[C@@H]1C=C[C@H](O[C@@H]1CO)CC=C)OC,0
"methyl (Z,5R,6S,7Z)-7-[(2S)-1-(2,3-dimethyl-6,7,8,9-tetrahydropyrido[3,2-b]azepin-5-yl)propan-2-yl]oxyimino-6-methoxy-5-methylhept-3-enoate",CC1=CC2=C(CCCCN2C[C@H](C)O/N=C\[C@H]([C@H](C)/C=C\CC(=O)OC)OC)N=C1C,0
"methyl (Z,5R,6S,7Z)-6-methoxy-7-[2-[(2S,3S,6R)-3-(4-methoxyphenoxy)-2-(propylcarbamoyloxymethyl)-3,6-dihydro-2H-pyran-6-yl]ethoxyimino]-5-methylhept-3-enoate",CCCNC(=O)OC[C@H]1[C@H](C=C[C@H](O1)CCO/N=C\[C@H]([C@H](C)/C=C\CC(=O)OC)OC)OC2=CC=C(C=C2)OC,0
"(2S)-1,1-dibutoxy-3-naphthalen-2-ylsulfanylpropan-2-ol",CCCCOC([C@@H](CSC1=CC2=CC=CC=C2C=C1)O)OCCCC,0
"[(2S,3S,6R)-3-[(E)-4-(2,3-diphenyl-7,8-dihydro-5H-1,6-naphthyridin-6-yl)butan-2-ylideneamino]oxy-6-prop-2-enyl-3,6-dihydro-2H-pyran-2-yl]methanol",C/C(=N\O[C@H]1C=C[C@H](O[C@H]1CO)CC=C)/CCN2CCC3=NC(=C(C=C3C2)C4=CC=CC=C4)C5=CC=CC=C5,0
"(E)-N-[(2S)-1-(2,3-dimethyl-6,7,8,9-tetrahydropyrido[3,2-b]azepin-5-yl)propan-2-yl]oxy-4-(2,3-diphenyl-7,8-dihydro-5H-1,6-naphthyridin-6-yl)butan-2-imine",CC1=CC2=C(CCCCN2C[C@H](C)O/N=C(\C)/CCN3CCC4=NC(=C(C=C4C3)C5=CC=CC=C5)C6=CC=CC=C6)N=C1C,0
"[(2S,3S,6R)-6-[2-[(E)-4-(2,3-diphenyl-7,8-dihydro-5H-1,6-naphthyridin-6-yl)butan-2-ylideneamino]oxyethyl]-3-(4-methoxyphenoxy)-3,6-dihydro-2H-pyran-2-yl]methyl N-propylcarbamate",CCCNC(=O)OC[C@H]1[C@H](C=C[C@H](O1)CCO/N=C(\C)/CCN2CCC3=NC(=C(C=C3C2)C4=CC=CC=C4)C5=CC=CC=C5)OC6=CC=C(C=C6)OC,0
"[(2S,3S,6R)-6-[2-[(E)-4-(2,3-diethyl-7,8-dihydro-5H-1,6-naphthyridin-6-yl)butan-2-ylideneamino]oxyethyl]-3-(4-methoxyphenoxy)-3,6-dihydro-2H-pyran-2-yl]methyl N-propylcarbamate",CCCNC(=O)OC[C@H]1[C@H](C=C[C@H](O1)CCO/N=C(\C)/CCN2CCC3=NC(=C(C=C3C2)CC)CC)OC4=CC=C(C=C4)OC,0
"[(2S,3S,6R)-3-[(Z)-[(2R,3R)-2,4-dimethyl-3-phenylmethoxypentylidene]amino]oxy-6-prop-2-enyl-3,6-dihydro-2H-pyran-2-yl]methanol",C[C@H](/C=N\O[C@H]1C=C[C@H](O[C@H]1CO)CC=C)[C@@H](C(C)C)OCC2=CC=CC=C2,0
"[(2S,3S,6R)-6-[2-[(Z)-[(2R,3R)-2,4-dimethyl-3-phenylmethoxypentylidene]amino]oxyethyl]-3-(4-methoxyphenoxy)-3,6-dihydro-2H-pyran-2-yl]methyl N-propylcarbamate",CCCNC(=O)OC[C@H]1[C@H](C=C[C@H](O1)CCO/N=C\[C@@H](C)[C@@H](C(C)C)OCC2=CC=CC=C2)OC3=CC=C(C=C3)OC,0
"(1R,9R,10E,11R,13R,14S)-10-[(2S)-1-(2,3-dimethyl-6,7,8,9-tetrahydropyrido[3,2-b]azepin-5-yl)propan-2-yl]oxyimino-14-hydroxy-4-phenyl-12-oxa-2,4,6-triazatetracyclo[7.5.0.02,6.011,13]tetradecane-3,5-dione",CC1=CC2=C(CCCCN2C[C@H](C)O/N=C/3\[C@@H]4CCN5C(=O)N(C(=O)N5[C@H]4[C@@H]([C@@H]6[C@@H]3O6)O)C7=CC=CC=C7)N=C1C,0
"[(2R,3S,6S)-6-[2-[(E)-[(1R,9R,11R,13R,14S)-14-hydroxy-3,5-dioxo-4-phenyl-12-oxa-2,4,6-triazatetracyclo[7.5.0.02,6.011,13]tetradecan-10-ylidene]amino]oxyethyl]-3-(4-methoxyphenoxy)-3,6-dihydro-2H-pyran-2-yl]methyl N-propylcarbamate",CCCNC(=O)OC[C@@H]1[C@H](C=C[C@@H](O1)CCO/N=C/2\[C@@H]3CCN4C(=O)N(C(=O)N4[C@H]3[C@@H]([C@@H]5[C@@H]2O5)O)C6=CC=CC=C6)OC7=CC=C(C=C7)OC,0
"(1R,9R,10E,11R,13R,14S)-14-hydroxy-10-[[(2S,3S,6S)-3-(4-methoxyphenoxy)-6-phenyl-3,6-dihydro-2H-pyran-2-yl]methoxyimino]-4-phenyl-12-oxa-2,4,6-triazatetracyclo[7.5.0.02,6.011,13]tetradecane-3,5-dione",COC1=CC=C(C=C1)O[C@H]2C=C[C@H](O[C@H]2CO/N=C/3\[C@@H]4CCN5C(=O)N(C(=O)N5[C@H]4[C@@H]([C@@H]6[C@@H]3O6)O)C7=CC=CC=C7)C8=CC=CC=C8,0
"(3aS,5aR,6Z,8R,9S,9aS,9bS)-2-ethyl-8,9-dihydroxy-6-[(1S)-1-[3-(2,4,6-trimethylphenyl)-1,2-oxazol-5-yl]ethoxy]imino-4,5,5a,7,8,9,9a,9b-octahydro-3aH-benzo[e]isoindole-1,3-dione",CCN1C(=O)[C@H]2CC[C@@H]\3[C@@H]([C@@H]2C1=O)[C@@H]([C@@H](C/C3=N/O[C@@H](C)C4=CC(=NO4)C5=C(C=C(C=C5C)C)C)O)O,0
"(3aS,5aR,6Z,8R,9S,9aS,9bS)-6-[(2S)-1-(2,3-dimethyl-6,7,8,9-tetrahydropyrido[3,2-b]azepin-5-yl)propan-2-yl]oxyimino-2-ethyl-8,9-dihydroxy-4,5,5a,7,8,9,9a,9b-octahydro-3aH-benzo[e]isoindole-1,3-dione",CCN1C(=O)[C@H]2CC[C@@H]\3[C@@H]([C@@H]2C1=O)[C@@H]([C@@H](C/C3=N/O[C@@H](C)CN4CCCCC5=C4C=C(C(=N5)C)C)O)O,0
"[(2R,3S,6S)-6-[2-[(Z)-[(3aS,5aR,8R,9S,9aS,9bS)-2-ethyl-8,9-dihydroxy-1,3-dioxo-4,5,5a,7,8,9,9a,9b-octahydro-3aH-benzo[e]isoindol-6-ylidene]amino]oxyethyl]-3-(4-methoxyphenoxy)-3,6-dihydro-2H-pyran-2-yl]methyl N-propylcarbamate",CCCNC(=O)OC[C@@H]1[C@H](C=C[C@@H](O1)CCO/N=C\2/C[C@H]([C@H]([C@H]3[C@H]2CC[C@H]4[C@H]3C(=O)N(C4=O)CC)O)O)OC5=CC=C(C=C5)OC,0
"(4-methoxyphenyl)methyl N-[(Z)-[(3aS,5aS,8R,9S,9aS,9bS)-2-(1,3-benzodioxol-5-ylmethyl)-8,9-dihydroxy-1,3-dioxo-4,5,5a,7,8,9,9a,9b-octahydro-3aH-benzo[e]isoindol-6-ylidene]amino]carbamate",COC1=CC=C(C=C1)COC(=O)N/N=C\2/C[C@H]([C@H]([C@H]3[C@@H]2CC[C@H]4[C@H]3C(=O)N(C4=O)CC5=CC6=C(C=C5)OCO6)O)O,0
"(3aS,5aS,6Z,8R,9S,9aS,9bS)-6-[(2S)-3-(furan-2-ylmethoxy)-2-hydroxypropoxy]imino-8,9-dihydroxy-2-[(1S)-1-phenylethyl]-4,5,5a,7,8,9,9a,9b-octahydro-3aH-benzo[e]isoindole-1,3-dione",C[C@@H](C1=CC=CC=C1)N2C(=O)[C@H]3CC[C@H]\4[C@@H]([C@@H]3C2=O)[C@@H]([C@@H](C/C4=N/OC[C@H](COCC5=CC=CO5)O)O)O,0
"(3aS,5aS,6Z,8R,9S,9aS,9bS)-8,9-dihydroxy-6-pent-4-ynoxyimino-2-[(1S)-1-phenylethyl]-4,5,5a,7,8,9,9a,9b-octahydro-3aH-benzo[e]isoindole-1,3-dione",C[C@@H](C1=CC=CC=C1)N2C(=O)[C@H]3CC[C@H]\4[C@@H]([C@@H]3C2=O)[C@@H]([C@@H](C/C4=N/OCCCC#C)O)O,0
"(3aS,5aS,6Z,8R,9S,9aS,9bS)-6-[(2E)-3,7-dimethylocta-2,6-dienoxy]imino-8,9-dihydroxy-2-[(1S)-1-phenylethyl]-4,5,5a,7,8,9,9a,9b-octahydro-3aH-benzo[e]isoindole-1,3-dione",C[C@@H](C1=CC=CC=C1)N2C(=O)[C@H]3CC[C@H]\4[C@@H]([C@@H]3C2=O)[C@@H]([C@@H](C/C4=N/OC/C=C(\C)/CCC=C(C)C)O)O,0
"benzyl N-[(Z)-[(3aS,5aR,8R,9S,9aS,9bS)-2-(1,3-benzodioxol-5-ylmethyl)-8,9-dihydroxy-1,3-dioxo-4,5,5a,7,8,9,9a,9b-octahydro-3aH-benzo[e]isoindol-6-ylidene]amino]carbamate",C1C[C@H]2[C@H]([C@@H]3[C@@H]1/C(=N\NC(=O)OCC4=CC=CC=C4)/C[C@H]([C@H]3O)O)C(=O)N(C2=O)CC5=CC6=C(C=C5)OCO6,0
"(4-methoxyphenyl)methyl N-[(Z)-[(3aS,5aR,8R,9S,9aS,9bS)-2-(1,3-benzodioxol-5-ylmethyl)-8,9-dihydroxy-1,3-dioxo-4,5,5a,7,8,9,9a,9b-octahydro-3aH-benzo[e]isoindol-6-ylidene]amino]carbamate",COC1=CC=C(C=C1)COC(=O)N/N=C\2/C[C@H]([C@H]([C@H]3[C@H]2CC[C@H]4[C@H]3C(=O)N(C4=O)CC5=CC6=C(C=C5)OCO6)O)O,0
"ethyl N-[(Z)-[(3aS,5aR,8R,9S,9aS,9bS)-2-(1,3-benzodioxol-5-ylmethyl)-8,9-dihydroxy-1,3-dioxo-4,5,5a,7,8,9,9a,9b-octahydro-3aH-benzo[e]isoindol-6-ylidene]amino]carbamate",CCOC(=O)N/N=C\1/C[C@H]([C@H]([C@H]2[C@H]1CC[C@H]3[C@H]2C(=O)N(C3=O)CC4=CC5=C(C=C4)OCO5)O)O,0
"(3aS,5aR,6Z,8R,9S,9aS,9bS)-2-(1,3-benzodioxol-5-ylmethyl)-6-[(2S)-3-(furan-2-ylmethoxy)-2-hydroxypropoxy]imino-8,9-dihydroxy-4,5,5a,7,8,9,9a,9b-octahydro-3aH-benzo[e]isoindole-1,3-dione",C1C[C@H]2[C@H]([C@@H]3[C@@H]1/C(=N\OC[C@H](COCC4=CC=CO4)O)/C[C@H]([C@H]3O)O)C(=O)N(C2=O)CC5=CC6=C(C=C5)OCO6,0
"(3aS,5aR,6Z,8R,9S,9aS,9bS)-2-(1,3-benzodioxol-5-ylmethyl)-8,9-dihydroxy-6-pent-4-ynoxyimino-4,5,5a,7,8,9,9a,9b-octahydro-3aH-benzo[e]isoindole-1,3-dione",C#CCCCO/N=C\1/C[C@H]([C@H]([C@H]2[C@H]1CC[C@H]3[C@H]2C(=O)N(C3=O)CC4=CC5=C(C=C4)OCO5)O)O,0
"(3aS,5aR,6Z,8R,9S,9aS,9bS)-2-(1,3-benzodioxol-5-ylmethyl)-6-[(2E)-3,7-dimethylocta-2,6-dienoxy]imino-8,9-dihydroxy-4,5,5a,7,8,9,9a,9b-octahydro-3aH-benzo[e]isoindole-1,3-dione",CC(=CCC/C(=C/CO/N=C\1/C[C@H]([C@H]([C@H]2[C@H]1CC[C@H]3[C@H]2C(=O)N(C3=O)CC4=CC5=C(C=C4)OCO5)O)O)/C)C,0
"(3aS,5aR,6Z,8R,9S,9aS,9bS)-2-(1,3-benzodioxol-5-ylmethyl)-8,9-dihydroxy-6-phenylmethoxyimino-4,5,5a,7,8,9,9a,9b-octahydro-3aH-benzo[e]isoindole-1,3-dione",C1C[C@H]2[C@H]([C@@H]3[C@@H]1/C(=N\OCC4=CC=CC=C4)/C[C@H]([C@H]3O)O)C(=O)N(C2=O)CC5=CC6=C(C=C5)OCO6,0
"(3aS,5aR,6Z,8R,9S,9aS,9bS)-8,9-dihydroxy-6-pent-4-ynoxyimino-2-(3-phenoxyphenyl)-4,5,5a,7,8,9,9a,9b-octahydro-3aH-benzo[e]isoindole-1,3-dione",C#CCCCO/N=C\1/C[C@H]([C@H]([C@H]2[C@H]1CC[C@H]3[C@H]2C(=O)N(C3=O)C4=CC(=CC=C4)OC5=CC=CC=C5)O)O,0
"[(2S,3R,4R,5R,6S)-6-[(Z)-[(3aS,5aS,8R,9S,9aS,9bS)-2-(1,3-benzodioxol-5-ylmethyl)-8,9-dihydroxy-1,3-dioxo-4,5,5a,7,8,9,9a,9b-octahydro-3aH-benzo[e]isoindol-6-ylidene]amino]oxy-3,4,5-triacetyloxyoxan-2-yl]methyl acetate",CC(=O)OC[C@H]1[C@H]([C@H]([C@H]([C@@H](O1)O/N=C\2/C[C@H]([C@H]([C@H]3[C@@H]2CC[C@H]4[C@H]3C(=O)N(C4=O)CC5=CC6=C(C=C5)OCO6)O)O)OC(=O)C)OC(=O)C)OC(=O)C,0
"benzyl N-[(Z)-[(3aS,5aS,8R,9S,9aS,9bS)-2-(1,3-benzodioxol-5-ylmethyl)-8,9-dihydroxy-1,3-dioxo-4,5,5a,7,8,9,9a,9b-octahydro-3aH-benzo[e]isoindol-6-ylidene]amino]carbamate",C1C[C@H]2[C@H]([C@@H]3[C@H]1/C(=N\NC(=O)OCC4=CC=CC=C4)/C[C@H]([C@H]3O)O)C(=O)N(C2=O)CC5=CC6=C(C=C5)OCO6,0
"(1E)-1-(3-methoxyphenyl)-4-methylpenta-1,4-dien-3-ol",CC(=C)C(/C=C/C1=CC(=CC=C1)OC)O,0
"(3aS,5aS,6Z,8R,9S,9aS,9bS)-2-(1,3-benzodioxol-5-ylmethyl)-6-[(2S)-3-(furan-2-ylmethoxy)-2-hydroxypropoxy]imino-8,9-dihydroxy-4,5,5a,7,8,9,9a,9b-octahydro-3aH-benzo[e]isoindole-1,3-dione",C1C[C@H]2[C@H]([C@@H]3[C@H]1/C(=N\OC[C@H](COCC4=CC=CO4)O)/C[C@H]([C@H]3O)O)C(=O)N(C2=O)CC5=CC6=C(C=C5)OCO6,0
"(3aS,5aS,6Z,8R,9S,9aS,9bS)-2-(1,3-benzodioxol-5-ylmethyl)-8,9-dihydroxy-6-pent-4-ynoxyimino-4,5,5a,7,8,9,9a,9b-octahydro-3aH-benzo[e]isoindole-1,3-dione",C#CCCCO/N=C\1/C[C@H]([C@H]([C@H]2[C@@H]1CC[C@H]3[C@H]2C(=O)N(C3=O)CC4=CC5=C(C=C4)OCO5)O)O,0
"(3aS,5aS,6Z,8R,9S,9aS,9bS)-2-(1,3-benzodioxol-5-ylmethyl)-6-[(2E)-3,7-dimethylocta-2,6-dienoxy]imino-8,9-dihydroxy-4,5,5a,7,8,9,9a,9b-octahydro-3aH-benzo[e]isoindole-1,3-dione",CC(=CCC/C(=C/CO/N=C\1/C[C@H]([C@H]([C@H]2[C@@H]1CC[C@H]3[C@H]2C(=O)N(C3=O)CC4=CC5=C(C=C4)OCO5)O)O)/C)C,0
"(3aS,5aS,6Z,8R,9S,9aS,9bS)-2-(1,3-benzodioxol-5-ylmethyl)-8,9-dihydroxy-6-(2-methylpropoxyimino)-4,5,5a,7,8,9,9a,9b-octahydro-3aH-benzo[e]isoindole-1,3-dione",CC(C)CO/N=C\1/C[C@H]([C@H]([C@H]2[C@@H]1CC[C@H]3[C@H]2C(=O)N(C3=O)CC4=CC5=C(C=C4)OCO5)O)O,0
"(3aS,5aS,6Z,8R,9S,9aS,9bS)-2-(1,3-benzodioxol-5-ylmethyl)-8,9-dihydroxy-6-phenylmethoxyimino-4,5,5a,7,8,9,9a,9b-octahydro-3aH-benzo[e]isoindole-1,3-dione",C1C[C@H]2[C@H]([C@@H]3[C@H]1/C(=N\OCC4=CC=CC=C4)/C[C@H]([C@H]3O)O)C(=O)N(C2=O)CC5=CC6=C(C=C5)OCO6,0
"(4-methoxyphenyl)methyl N-[(Z)-[(3aS,5aS,8R,9S,9aS,9bS)-8,9-dihydroxy-1,3-dioxo-2-(3-phenoxyphenyl)-4,5,5a,7,8,9,9a,9b-octahydro-3aH-benzo[e]isoindol-6-ylidene]amino]carbamate",COC1=CC=C(C=C1)COC(=O)N/N=C\2/C[C@H]([C@H]([C@H]3[C@@H]2CC[C@H]4[C@H]3C(=O)N(C4=O)C5=CC(=CC=C5)OC6=CC=CC=C6)O)O,0
"(3aS,5aS,6Z,8R,9S,9aS,9bS)-8,9-dihydroxy-6-pent-4-ynoxyimino-2-(3-phenoxyphenyl)-4,5,5a,7,8,9,9a,9b-octahydro-3aH-benzo[e]isoindole-1,3-dione",C#CCCCO/N=C\1/C[C@H]([C@H]([C@H]2[C@@H]1CC[C@H]3[C@H]2C(=O)N(C3=O)C4=CC(=CC=C4)OC5=CC=CC=C5)O)O,0
"(3aR,5aR,6Z,8R,9S,9aS,9bR)-2-(2,4-difluorophenyl)-8,9-dihydroxy-6-pent-4-ynoxyimino-4,5,5a,7,8,9,9a,9b-octahydro-3aH-benzo[e]isoindole-1,3-dione",C#CCCCO/N=C\1/C[C@H]([C@H]([C@H]2[C@H]1CC[C@@H]3[C@@H]2C(=O)N(C3=O)C4=C(C=C(C=C4)F)F)O)O,0
"(3aS,5aR,6Z,8R,9S,9aS,9bS)-2-benzyl-6-[(2S)-3-(furan-2-ylmethoxy)-2-hydroxypropoxy]imino-8,9-dihydroxy-4,5,5a,7,8,9,9a,9b-octahydro-3aH-benzo[e]isoindole-1,3-dione",C1C[C@H]2[C@H]([C@@H]3[C@@H]1/C(=N\OC[C@H](COCC4=CC=CO4)O)/C[C@H]([C@H]3O)O)C(=O)N(C2=O)CC5=CC=CC=C5,0
"(3aR,5aS,6Z,8R,9S,9aS,9bR)-2-(2,4-difluorophenyl)-8,9-dihydroxy-6-pent-4-ynoxyimino-4,5,5a,7,8,9,9a,9b-octahydro-3aH-benzo[e]isoindole-1,3-dione",C#CCCCO/N=C\1/C[C@H]([C@H]([C@H]2[C@@H]1CC[C@@H]3[C@@H]2C(=O)N(C3=O)C4=C(C=C(C=C4)F)F)O)O,0
"(3aS,5aS,6Z,8R,9S,9aS,9bS)-2-benzyl-8,9-dihydroxy-6-pent-4-ynoxyimino-4,5,5a,7,8,9,9a,9b-octahydro-3aH-benzo[e]isoindole-1,3-dione",C#CCCCO/N=C\1/C[C@H]([C@H]([C@H]2[C@@H]1CC[C@H]3[C@H]2C(=O)N(C3=O)CC4=CC=CC=C4)O)O,0
"N-[(3S)-6,6-dimethyl-5-oxo-1-phenylheptan-3-yl]-4-methylbenzenesulfonamide",CC1=CC=C(C=C1)S(=O)(=O)N[C@@H](CCC2=CC=CC=C2)CC(=O)C(C)(C)C,0
"(1R,2S,6R,9R,13S,14R,21S)-20-(cyclopropylmethylimino)-4,11-diethyl-14,21-dimethyl-19-oxa-4,11,17-triazahexacyclo[13.6.1.02,6.08,22.09,13.017,21]docos-15(22)-ene-3,5,10,12,16,18-hexone",CCN1C(=O)[C@@H]2CC3[C@@H]4[C@H]([C@H](C5=C3[C@@H]([C@@H]2C1=O)[C@]6(C(=NCC7CC7)OC(=O)N6C5=O)C)C)C(=O)N(C4=O)CC,0
Thiamylal Sodium,CCCC(C)C1(C(=O)NC(=NC1=O)[S-])CC=C.[Na+],0
Tanshinone Iia Sulfonate,CC1=C(OC2=C1C(=O)C(=O)C3=C2C=CC4=C3CCCC4(C)C)S(=O)(=O)[O-].[Na+],0
Thiopental Sodium,CCCC(C)C1(C(=O)NC(=NC1=O)[S-])CC.[Na+],0
"(6aS,9S)-N-[(2R,4S,7R)-7-benzyl-2-hydroxy-4-methyl-5,8-dioxo-3-oxa-6,9-diazatricyclo[7.3.0.02,6]dodecan-4-yl]-7-methyl-6,6a,8,9-tetrahydro-4H-indolo[4,3-fg]quinoline-9-carboxamide",C[C@]1(C(=O)N2[C@@H](C(=O)N3CCCC3[C@]2(O1)O)CC4=CC=CC=C4)NC(=O)[C@@H]5CN([C@H]6CC7=CNC8=CC=CC(=C78)C6=C5)C,0
"[(1S,3R,7S,8S)-8-[2-[(2R,4R)-4-hydroxy-6-oxooxan-2-yl]ethyl]-3,7-dimethyl-1,2,3,7,8,8a-hexahydronaphthalen-1-yl] 2-methylbutanoate",CCC(C)C(=O)O[C@H]1C[C@H](C=C2C1[C@H]([C@H](C=C2)C)CC[C@@H]3C[C@H](CC(=O)O3)O)C,0
"(6aR,9R)-N-[(2S,4S,7S)-7-benzyl-2-hydroxy-5,8-dioxo-4-propan-2-yl-3-oxa-6,9-diazatricyclo[7.3.0.02,6]dodecan-4-yl]-7-methyl-6,6a,8,9-tetrahydro-4H-indolo[4,3-fg]quinoline-9-carboxamide",CC(C)[C@]1(C(=O)N2[C@H](C(=O)N3CCCC3[C@@]2(O1)O)CC4=CC=CC=C4)NC(=O)[C@H]5CN([C@@H]6CC7=CNC8=CC=CC(=C78)C6=C5)C,0
"(6aR,9R)-N-[(2S,4S)-2-hydroxy-5,8-dioxo-4,7-di(propan-2-yl)-3-oxa-6,9-diazatricyclo[7.3.0.02,6]dodecan-4-yl]-7-methyl-6,6a,8,9-tetrahydro-4H-indolo[4,3-fg]quinoline-9-carboxamide",CC(C)C1C(=O)N2CCCC2[C@]3(N1C(=O)[C@@](O3)(C(C)C)NC(=O)[C@H]4CN([C@@H]5CC6=CNC7=CC=CC(=C67)C5=C4)C)O,0
"(1R,3R,5S,8S,9R,13R,14R)-1-hydroxy-13-methyl-14-prop-1-en-2-yl-4,7,10-trioxapentacyclo[6.4.1.19,12.03,5.05,13]tetradecane-6,11-dione",CC(=C)[C@@H]1[C@@H]2[C@@H]3[C@@]4([C@](C1C(=O)O2)(C[C@@H]5[C@]4(O5)C(=O)O3)O)C,0
"(3S,4R,6S,7S,9S,11S,12S,13R,14S)-6-[(2R,3S,4R,6S)-4-(dimethylamino)-3-hydroxy-6-methyloxan-2-yl]oxy-14-ethyl-7,12,13-trihydroxy-4-[(2R,4R,5S,6S)-5-hydroxy-4-methoxy-4,6-dimethyloxan-2-yl]oxy-3,5,7,9,11,13-hexamethyl-oxacyclotetradecane-2,10-dione",CC[C@H]1[C@]([C@H]([C@@H](C(=O)[C@H](C[C@]([C@H](C([C@H]([C@@H](C(=O)O1)C)O[C@H]2C[C@@]([C@H]([C@@H](O2)C)O)(C)OC)C)O[C@@H]3[C@H]([C@@H](C[C@@H](O3)C)N(C)C)O)(C)O)C)C)O)(C)O,0
"(19R)-9-acetyl-19-hydroxy-10,14-dimethyl-20-oxopentacyclo[11.8.0.0<2,10>.0<4,9 >.0<14,19>]henicos-17-yl acetate",CC(=O)C12CCCCC1CC3C2(CCC4C3CC(=O)[C@@]5(C4(CCC(C5)OC(=O)C)C)O)C,0
"(1S,9R)-9-methyl-4,13-dimethylene-6-oxatricyclo[7.4.0.0<3,7>]tridecan-5-one",C[C@]12CCCC(=C)[C@@H]1CC3C(C2)OC(=O)C3=C,0
"(1R,2S,6R,9R,13S,14R,21S)-21-benzyl-20-(2-methoxyethylimino)-14-methyl-4,11-diphenyl-19-oxa-4,11,17-triazahexacyclo[13.6.1.02,6.08,22.09,13.017,21]docos-15(22)-ene-3,5,10,12,16,18-hexone",C[C@@H]1[C@H]2[C@@H](C3C[C@@H]4[C@H]([C@@H]5C3=C1C(=O)N6[C@@]5(C(=NCCOC)OC6=O)CC7=CC=CC=C7)C(=O)N(C4=O)C8=CC=CC=C8)C(=O)N(C2=O)C9=CC=CC=C9,0
"methyl 2-[(1R,2S,6R,9R,13S,14R,21S)-21-benzyl-20-(2-methoxyethylimino)-11-(2-methoxy-2-oxoethyl)-14-methyl-3,5,10,12,16,18-hexaoxo-19-oxa-4,11,17-triazahexacyclo[13.6.1.02,6.08,22.09,13.017,21]docos-15(22)-en-4-yl]acetate",C[C@@H]1[C@H]2[C@@H](C3C[C@@H]4[C@H]([C@@H]5C3=C1C(=O)N6[C@@]5(C(=NCCOC)OC6=O)CC7=CC=CC=C7)C(=O)N(C4=O)CC(=O)OC)C(=O)N(C2=O)CC(=O)OC,0
Lopac-C-8270,CC(=O)OCC1=C(N2[C@H]([C@@H](C2=O)NC(=O)CSC3=CC=NC=C3)SC1)C(=O)[O-].[Na+],0
"(1R,2S,6R,9R,13S,14R,21S)-21-benzyl-20-[2-(1H-indol-3-yl)ethylimino]-14-methyl-4,11-diphenyl-19-oxa-4,11,17-triazahexacyclo[13.6.1.02,6.08,22.09,13.017,21]docos-15(22)-ene-3,5,10,12,16,18-hexone",C[C@@H]1[C@H]2[C@@H](C3C[C@@H]4[C@H]([C@@H]5C3=C1C(=O)N6[C@@]5(C(=NCCC7=CNC8=CC=CC=C87)OC6=O)CC9=CC=CC=C9)C(=O)N(C4=O)C1=CC=CC=C1)C(=O)N(C2=O)C1=CC=CC=C1,0
"(3S,10R,13S,14S)-3-Hydroxy-10,13-dimethyl-1,2,3,4,7,8,9,11,12,14,15,16-dodecahydrocyclopenta[a]phenanthren-17-one",C[C@]12CCC3C([C@@H]1CCC2=O)CC=C4[C@@]3(CC[C@@H](C4)O)C,0
"6-Amino-N-cyclohexyl-3-methylthiazolo[3,2-A]benzimidazole-2-carboxamide hydrochloride",CC1=C(SC2=NC3=C(N12)C=C(C=C3)N)C(=O)NC4CCCCC4.Cl,0
Cgh 2466 dihydrochloride,C1=CC(=C(C=C1C2=C(SC(=N2)N)C3=CC=NC=C3)Cl)Cl.Cl.Cl,0
Immethridine dihydrobromide,C1=CN=CC=C1CC2=CN=CN2.Br.Br,0
(10-Methylanthracen-9-yl)methyl carbamimidothioate hydrochloride,CC1=C2C=CC=CC2=C(C3=CC=CC=C13)CSC(=N)N.Cl,0
Leelamine Hydrochloride,CC(C)C1=CC2=C(C=C1)[C@]3(CCC[C@@]([C@@H]3CC2)(C)CN)C.Cl,0
R-96544 hydrochloride,CN1C[C@@H](C[C@H]1CCOC2=CC=CC=C2CCC3=CC(=CC=C3)OC)O.Cl,0
"(Z)-3-(3,5-ditert-butyl-4-hydroxyphenyl)-2-isocyanoprop-2-enenitrile",CC(C)(C)C1=CC(=CC(=C1O)C(C)(C)C)/C=C(/C#N)\[N+]#[C-],0
"[6-(1,3-benzodioxol-5-yl)-3-(3,5-dichlorophenoxy)-3,6-dihydro-2H-pyran-2-yl]methanol",C1OC2=C(O1)C=C(C=C2)C3C=CC(C(O3)CO)OC4=CC(=CC(=C4)Cl)Cl,0
"[3-(1,3-benzodioxol-5-yloxy)-6-[(Z)-2-phenylethenyl]-3,6-dihydro-2H-pyran-2-yl]methanol",C1OC2=C(O1)C=C(C=C2)OC3C=CC(OC3CO)/C=C\C4=CC=CC=C4,0
"[3-(4-fluoro-2-methylphenoxy)-6-prop-2-enyl-3,6-dihydro-2H-pyran-2-yl]methanol",CC1=C(C=CC(=C1)F)OC2C=CC(OC2CO)CC=C,0
Sildenafil,CCCC1=NN(C2=C1N=C(NC2=O)C3=C(C=CC(=C3)S(=O)(=O)N4CCN(CC4)C)OCC)C,0
"2-amino-8-(4-chlorophenyl)sulfanyl-9-[3,4-dihydroxy-5-(hydroxymethyl)oxolan-2-yl]-1H-purin-6-one",C1=CC(=CC=C1SC2=NC3=C(N2C4C(C(C(O4)CO)O)O)N=C(NC3=O)N)Cl,0
"Theaflavin 3,3'-digallate",C1C(C(OC2=CC(=CC(=C21)O)O)C3=CC4=C(C(=C(C=C4C5C(CC6=C(C=C(C=C6O5)O)O)OC(=O)C7=CC(=C(C(=C7)O)O)O)O)O)C(=O)C(=C3)O)OC(=O)C8=CC(=C(C(=C8)O)O)O,0
"9-methyl-1H-indolo[2,3-b][1,5]naphthyridine",CC1=CC2=C3C=C4C(=CC=CN4)N=C3N=C2C=C1,0
"[(7S,9Z,11R,12R,13S,14S,15R,16S,17R,18S,20R,22Z)-2,15,17-trihydroxy-28-[(2R,3S,6R)-6-hydroxy-2-methyloxan-3-yl]imino-11-methoxy-3,7,12,14,16,23-hexamethyl-6,21,24,30-tetraoxo-8,31-dioxa-25-azapentacyclo[24.3.1.14,7.05,29.018,20]hentriaconta-1(29),2,4,9,22,26-hexaen-13-yl] acetate",C[C@@H]1[C@@H](/C=C\O[C@@]2(C(=O)C3=C(O2)C(=C(C4=C3C(=N[C@H]5CC[C@@H](O[C@@H]5C)O)C=C(C4=O)NC(=O)/C(=C\C(=O)[C@@H]6C[C@@H]6[C@H]([C@@H]([C@H]([C@@H]([C@@H]1OC(=O)C)C)O)C)O)/C)O)C)C)OC,0
2-[(Z)-C-methyl-N-(quinolin-2-ylamino)carbonimidoyl]phenol,C/C(=N/NC1=NC2=CC=CC=C2C=C1)/C3=CC=CC=C3O,0
Tocris-1400,CN=C1N[C@@H](N(S1)C2=CC=CC=C2)C3=CC=CC=C3,0
2-(2-Amino-6-oxohydropurin-9-yl)-4-phenylcarbonyloxy-5-(phenylcarbonyloxymethy l)oxolan-3-yl benzoate,C1=CC=C(C=C1)C(=O)OCC2C(C(C(O2)N3C=NC4=C3N=C(NC4=O)N)OC(=O)C5=CC=CC=C5)OC(=O)C6=CC=CC=C6,0
"3,4,5-trihydroxy-1,8-bis(3,5,7-trihydroxy-3,4-dihydro-2H-chromen-2-yl)benzo[7]annulen-6-one",C1C(C(OC2=CC(=CC(=C21)O)O)C3=CC4=C(C(=C(C=C4C5C(CC6=C(C=C(C=C6O5)O)O)O)O)O)C(=O)C(=C3)O)O,0
4-(9-Anthrylmethyl)-7-methoxy-8-isoquinolinol,COC1=C(C2=C(C=C1)C(=CN=C2)CC3=C4C=CC=CC4=CC5=CC=CC=C53)O,0
"2-Propenethioamide, 3-(3,5-bis(1,1-dimethylethyl)-4-hydroxyphenyl)-2-cyano-, (E)-",CC(C)(C)C1=CC(=CC(=C1O)C(C)(C)C)/C=C(\C#N)/C(=S)N,0
N-Desmethylclozapine,C1CN(CCN1)C2=NC3=C(C=CC(=C3)Cl)NC4=CC=CC=C42,0
Hematein,C1C2=CC(=C(C=C2C3=C4C=CC(=O)C(=C4OCC31O)O)O)O,0
"4-((2-chlorobenzyl)thio)-1H-imidazo[4,5-d]pyridazine-7-thiol",C1=CC=C(C(=C1)CSC2=NNC(=S)C3=C2NC=N3)Cl,0
"1-[4-[3-(4-fluoro-2-methylphenoxy)-2-(hydroxymethyl)-3,6-dihydro-2H-pyran-6-yl]phenyl]ethanone",CC1=C(C=CC(=C1)F)OC2C=CC(OC2CO)C3=CC=C(C=C3)C(=O)C,0
"(3R,4S,6R,7R,9R,11R,12R,13S,14R)-6-[(2S,3S,4S,6R)-4-(dimethylamino)-3-hydroxy-6-methyloxan-2-yl]oxy-14-ethyl-12,13-dihydroxy-4-[(2R,4R,5S,6S)-5-hydroxy-4-methoxy-4,6-dimethyloxan-2-yl]oxy-7-methoxy-3,5,7,9,11,13-hexamethyl-oxacyclotetradecane-2,10-dione",CC[C@@H]1[C@@]([C@@H]([C@H](C(=O)[C@@H](C[C@@]([C@@H](C([C@@H]([C@H](C(=O)O1)C)O[C@H]2C[C@@]([C@H]([C@@H](O2)C)O)(C)OC)C)O[C@H]3[C@H]([C@H](C[C@H](O3)C)N(C)C)O)(C)OC)C)C)O)(C)O,0
"2-[(1S,3Z,7R,10R,15S,19R)-6-(furan-3-yl)-8,9,18,19,20-pentahydroxy-3-(1-hydroxy-2-methylpropylidene)-7,12,15,17-tetramethyl-4-oxo-5,11,13,21-tetraoxaheptacyclo[10.8.1.114,17.01,10.02,7.010,15.014,19]docosan-16-yl]acetic acid",CC(C)/C(=C/1\C2[C@](C(C([C@@]34[C@@]25C([C@@]6(C(C7(CC6([C@@]3(C7CC(=O)O)C)OC(O4)(O5)C)C)O)O)O)O)O)(C(OC1=O)C8=COC=C8)C)/O,0
"[(1S,3Z,7R,10R,15S,19R)-8,9,20-triacetyloxy-6-(furan-3-yl)-19-hydroxy-3-(1-hydroxy-2-methylpropylidene)-16-(2-methoxy-2-oxoethyl)-7,12,15,17-tetramethyl-4-oxo-5,11,13,21-tetraoxaheptacyclo[10.8.1.114,17.01,10.02,7.010,15.014,19]docosan-18-yl] 2-methylpropanoate",CC(C)/C(=C/1\C2[C@@](C(C([C@@]34[C@@]25C([C@@]6(C(C7(CC6([C@@]3(C7CC(=O)OC)C)OC(O4)(O5)C)C)OC(=O)C(C)C)O)OC(=O)C)OC(=O)C)OC(=O)C)(C(OC1=O)C8=COC=C8)C)/O,0
"(4aS,6S,12aR)-4-(dimethylamino)-1,6,10,11,12a-pentahydroxy-6-methyl-3,12-dioxo-4,4a,5,5a-tetrahydrotetracene-2-carboxamide",C[C@@]1(C2C[C@H]3C(C(=O)C(=C([C@]3(C(=O)C2=C(C4=C1C=CC=C4O)O)O)O)C(=O)N)N(C)C)O,0
"8-Hydroxy-3,4,5-trimethyl-6-oxo-4,6-dihydro-3H-isochromene-7-carboxylic acid",CC1C(OC=C2C1=C(C(=C(C2=O)C(=O)O)O)C)C,0
Robustic Acid,CC1(C=CC2=C(O1)C=C3C(=C2OC)C(=C(C(=O)O3)C4=CC=C(C=C4)OC)O)C,0
"[(3S,5R,6R,7S,8S,9R,12S,13R,14R,15R)-6-[(2S,3S,4R,6S)-3-acetyloxy-4-(dimethylamino)-6-methyloxan-2-yl]oxy-8-[(2R,4R,5S,6R)-5-acetyloxy-4-methoxy-6-methyloxan-2-yl]oxy-5,7,9,12,13,15-hexamethyl-10,16-dioxo-1,11-dioxaspiro[2.13]hexadecan-14-yl] acetate",C[C@H]1C[C@H]([C@@H]([C@@H](O1)O[C@@H]2[C@@H](C[C@]3(CO3)C(=O)[C@@H]([C@@H]([C@@H]([C@@H](OC(=O)[C@@H]([C@H]([C@H]2C)O[C@H]4C[C@H]([C@H]([C@H](O4)C)OC(=O)C)OC)C)C)C)OC(=O)C)C)C)OC(=O)C)N(C)C,0
"sodium 6-[7-[5-ethyl-5-[(5S)-5-ethyl-5-hydroxy-6-methyloxan-2-yl]-3-methyloxolan-2-yl]-4-hydroxy-3,5-dimethyl-6-oxononyl]-2-hydroxy-3-methylbenzoate",CCC(C1C(CC(O1)(CC)C2CC[C@](C(O2)C)(CC)O)C)C(=O)C(C)C(C(C)CCC3=C(C(=C(C=C3)C)O)C(=O)[O-])O.[Na+],0
sodium (6S)-3-(acetyloxymethyl)-8-oxo-7-[(2-pyridin-4-ylsulfanylacetyl)amino]-5-thia-1-azabicyclo[4.2.0]oct-2-ene-2-carboxylate,CC(=O)OCC1=C(N2[C@H](C(C2=O)NC(=O)CSC3=CC=NC=C3)SC1)C(=O)[O-].[Na+],0
Itriglumide sodium,CC1=CC(=C(C(=C1)C(=O)N2CCC3(CCCC3)CC2)NC(=O)C[C@H](CC(=O)[O-])C4=CC=CC5=CC=CC=C54)C.[Na+],0
"sodium 6-[(3R,4R,5R,7S)-7-[(2S,3R,5S)-5-ethyl-5-[(2S,5S,6S)-5-ethyl-5-hydroxy-6-methyloxan-2-yl]-3-methyloxolan-2-yl]-4-hydroxy-3,5-dimethyl-6-oxononyl]-2-hydroxy-3-methylbenzoate",CC[C@@H]([C@@H]1[C@@H](C[C@@](O1)(CC)[C@@H]2CC[C@]([C@@H](O2)C)(CC)O)C)C(=O)[C@H](C)[C@@H]([C@H](C)CCC3=C(C(=C(C=C3)C)O)C(=O)[O-])O.[Na+],0
(S)-lorglumide sodium,CCCCCN(CCCCC)C(=O)[C@H](CCC(=O)[O-])NC(=O)C1=CC(=C(C=C1)Cl)Cl.[Na+],0
"N-[2-(3,4-dimethoxyphenyl)ethyl]-N-[(E)-2-(4-methoxyphenyl)ethenyl]pyridine-2-carboxamide",COC1=CC=C(C=C1)/C=C/N(CCC2=CC(=C(C=C2)OC)OC)C(=O)C3=CC=CC=N3,0
methyl N-[[(3S)-3-acetyl-2-oxooxolan-3-yl]-(3-methylphenyl)methyl]carbamate,CC1=CC(=CC=C1)C([C@@]2(CCOC2=O)C(=O)C)NC(=O)OC,0
Prop-2-enyl 2-[(3-fluorophenyl)-(methoxycarbonylamino)methyl]-3-oxobutanoate,CC(=O)C(C(C1=CC(=CC=C1)F)NC(=O)OC)C(=O)OCC=C,0
"(1E)-1-(4-methoxyphenyl)-4-methylpenta-1,4-dien-3-ol",CC(=C)C(/C=C/C1=CC=C(C=C1)OC)O,0
"1-[(4,5-Dimethoxy-2-oct-1-ynylphenyl)-(3-methyl-2,3-dihydroindol-1-yl)methyl]-3-methyl-2,3-dihydroindole",CCCCCCC#CC1=CC(=C(C=C1C(N2CC(C3=CC=CC=C32)C)N4CC(C5=CC=CC=C54)C)OC)OC,0
Dimethyl 2-(2-nitro-1-phenylethyl)-2-prop-2-ynylpropanedioate,COC(=O)C(CC#C)(C(C[N+](=O)[O-])C1=CC=CC=C1)C(=O)OC,0
"4-(4-bromophenyl)-6-[(E)-2-(4-bromophenyl)ethenyl]-1,5-dimethylbicyclo[3.2.1]oct-6-en-2-one",CC12CC(C(CC1=O)C3=CC=C(C=C3)Br)(C(=C2)/C=C/C4=CC=C(C=C4)Br)C,0
"(2E,8Z)-6-methoxy-7-[(4-methoxyphenyl)methoxy]-2,8-dimethyltetradeca-2,8,13-trienamide",C/C(=C/CCCC=C)/C(C(CC/C=C(\C)/C(=O)N)OC)OCC1=CC=C(C=C1)OC,0
Prop-2-enyl 2-[(methoxycarbonylamino)-(3-methylphenyl)methyl]-3-oxobutanoate,CC1=CC(=CC=C1)C(C(C(=O)C)C(=O)OCC=C)NC(=O)OC,0
Prop-2-enyl 2-[(4-fluorophenyl)-(methoxycarbonylamino)methyl]-3-oxobutanoate,CC(=O)C(C(C1=CC=C(C=C1)F)NC(=O)OC)C(=O)OCC=C,0
"1,5-dimethyl-4-(4-methylphenyl)-6-[(E)-2-(4-methylphenyl)ethenyl]bicyclo[3.2.1]oct-6-en-2-one",CC1=CC=C(C=C1)/C=C/C2=CC3(CC2(C(CC3=O)C4=CC=C(C=C4)C)C)C,0
"prop-2-enyl (E)-3-[[(2E,4E)-13-hydroxytetradeca-2,4-dienoyl]amino]prop-2-enoate",CC(CCCCCCC/C=C/C=C/C(=O)N/C=C/C(=O)OCC=C)O,0
Prop-2-enyl 2-[(4-chlorophenyl)-(methoxycarbonylamino)methyl]-3-oxobutanoate,CC(=O)C(C(C1=CC=C(C=C1)Cl)NC(=O)OC)C(=O)OCC=C,0
"methyl (2Z)-2-[[4,5-dimethoxy-2-(2-oxooctyl)phenyl]methylidene]-3-oxobutanoate",CCCCCCC(=O)CC1=CC(=C(C=C1/C=C(/C(=O)C)\C(=O)OC)OC)OC,0
ethyl (1S)-2-oxo-1-[phenyl-[[(E)-prop-1-enoxy]carbonylamino]methyl]cyclopentane-1-carboxylate,CCOC(=O)[C@@]1(CCCC1=O)C(C2=CC=CC=C2)NC(=O)O/C=C/C,0
4-methoxy-N-[(E)-2-(4-methoxyphenyl)ethenyl]benzamide,COC1=CC=C(C=C1)/C=C/NC(=O)C2=CC=C(C=C2)OC,0
(NE)-4-methyl-N-[(2-non-1-ynylphenyl)methylidene]benzenesulfinamide,CCCCCCCC#CC1=CC=CC=C1/C=N/S(=O)C2=CC=C(C=C2)C,0
methyl (1S)-2-oxo-1-[phenyl-[[(E)-prop-1-enoxy]carbonylamino]methyl]cyclopentane-1-carboxylate,C/C=C/OC(=O)NC(C1=CC=CC=C1)[C@]2(CCCC2=O)C(=O)OC,0
Methyl 2-[furan-2-yl-(methoxycarbonylamino)methyl]-3-oxobutanoate,CC(=O)C(C(C1=CC=CO1)NC(=O)OC)C(=O)OC,0
Prop-2-enyl 2-[(methoxycarbonylamino)-phenylmethyl]-3-oxobutanoate,CC(=O)C(C(C1=CC=CC=C1)NC(=O)OC)C(=O)OCC=C,0
methyl (Z)-3-(benzylamino)-2-[(4-fluorophenyl)-(methoxycarbonylamino)methyl]but-2-enoate,C/C(=C(\C(C1=CC=C(C=C1)F)NC(=O)OC)/C(=O)OC)/NCC2=CC=CC=C2,0
"N-[2-(3,4-dimethoxyphenyl)ethyl]-N-[(E)-2-(4-methoxyphenyl)ethenyl]acetamide",CC(=O)N(CCC1=CC(=C(C=C1)OC)OC)/C=C/C2=CC=C(C=C2)OC,0
"1-[5-(2-Hydroxypent-4-enyl)-7-[(2-methylpropan-2-yl)oxy]-3-tricyclo[2.2.1.02,6]heptanyl]pent-4-en-2-ol",CC(C)(C)OC1C2C(C3C1C3C2CC(CC=C)O)CC(CC=C)O,0
"N-[2-(3,4-dimethoxyphenyl)ethyl]-2,2,2-trifluoro-N-[(E)-2-(4-methoxyphenyl)ethenyl]acetamide",COC1=CC=C(C=C1)/C=C/N(CCC2=CC(=C(C=C2)OC)OC)C(=O)C(F)(F)F,0
"methyl (2aR)-5,7-dimethoxy-2a-(4-methoxyphenyl)-8-oxo-1-phenyl-2,8a-dihydro-1H-cyclobuta[b]chromene-2-carboxylate",COC1=CC=C(C=C1)[C@@]23C(C(C2C(=O)OC)C4=CC=CC=C4)C(=O)C5=C(O3)C=C(C=C5OC)OC,0
"(1E)-1-(4-bromophenyl)-4-methylpenta-1,4-dien-3-ol",CC(=C)C(/C=C/C1=CC=C(C=C1)Br)O,0
"diethyl 2-(3-hexyl-6,7-dimethoxy-3,4-dihydro-1H-isochromen-1-yl)propanedioate",CCCCCCC1CC2=CC(=C(C=C2C(O1)C(C(=O)OCC)C(=O)OCC)OC)OC,0
"[6-(3,5-dimethylphenyl)-3-ethoxycarbonyloxy-3,6-dihydro-2H-pyran-2-yl]methyl ethyl carbonate",CCOC(=O)OCC1C(C=CC(O1)C2=CC(=CC(=C2)C)C)OC(=O)OCC,0
"[3-[3-(dimethylamino)phenoxy]-6-(2-phenylethynyl)-3,6-dihydro-2H-pyran-2-yl]methyl ethyl carbonate",CCOC(=O)OCC1C(C=CC(O1)C#CC2=CC=CC=C2)OC3=CC=CC(=C3)N(C)C,0
"1-[4-[[6-[2-(4-bromophenyl)ethynyl]-2-(hydroxymethyl)-3,6-dihydro-2H-pyran-3-yl]oxy]phenyl]ethanone",CC(=O)C1=CC=C(C=C1)OC2C=CC(OC2CO)C#CC3=CC=C(C=C3)Br,0
"[3-(3,5-dimethylphenoxy)-6-[2-(4-methoxyphenyl)ethynyl]-3,6-dihydro-2H-pyran-2-yl]methanol",CC1=CC(=CC(=C1)OC2C=CC(OC2CO)C#CC3=CC=C(C=C3)OC)C,0
"[6-(1,3-benzodioxol-5-yl)-3-(4-fluoro-2-methylphenoxy)-3,6-dihydro-2H-pyran-2-yl]methanol",CC1=C(C=CC(=C1)F)OC2C=CC(OC2CO)C3=CC4=C(C=C3)OCO4,0
"[6-hex-1-ynyl-3-(4-methoxyphenoxy)-3,6-dihydro-2H-pyran-2-yl]methanol",CCCCC#CC1C=CC(C(O1)CO)OC2=CC=C(C=C2)OC,0
"5-[(E)-4-(2,4-difluorophenyl)but-1-en-3-ynyl]-4-(4-methoxyphenoxy)oxolan-3-ol",COC1=CC=C(C=C1)OC2C(COC2/C=C/C#CC3=C(C=C(C=C3)F)F)O,0
4-(4-tert-butylphenoxy)-5-[(E)-4-phenylbut-1-en-3-ynyl]oxolan-3-ol,CC(C)(C)C1=CC=C(C=C1)OC2C(COC2/C=C/C#CC3=CC=CC=C3)O,0
"4-(4-cyclopentylphenoxy)-5-[(E)-2-(3,5-dimethylphenyl)ethenyl]oxolan-3-ol",CC1=CC(=CC(=C1)/C=C/C2C(C(CO2)O)OC3=CC=C(C=C3)C4CCCC4)C,0
"[(3R)-2-(4-acetylphenyl)-3-(2-hydroxy-5-phenylphenyl)-3,6-dihydro-2H-pyran-6-yl]methyl ethyl carbonate",CCOC(=O)OCC1C=C[C@@H](C(O1)C2=CC=C(C=C2)C(=O)C)C3=C(C=CC(=C3)C4=CC=CC=C4)O,0
"[3-(4-cyclopentylphenoxy)-6-[2-(3,5-dimethylphenyl)ethynyl]-3,6-dihydro-2H-pyran-2-yl]methanol",CC1=CC(=CC(=C1)C#CC2C=CC(C(O2)CO)OC3=CC=C(C=C3)C4CCCC4)C,0
"[6-[2-(2,4-difluorophenyl)ethynyl]-3-(4-methoxyphenoxy)-3,6-dihydro-2H-pyran-2-yl]methanol",COC1=CC=C(C=C1)OC2C=CC(OC2CO)C#CC3=C(C=C(C=C3)F)F,0
"[3-(4-tert-butylphenoxy)-6-(2-phenylethynyl)-3,6-dihydro-2H-pyran-2-yl]methanol",CC(C)(C)C1=CC=C(C=C1)OC2C=CC(OC2CO)C#CC3=CC=CC=C3,0
"[(2R,3S,4S,5R,6S)-3,4,5-triacetyloxy-6-[(E)-[(2R,3S)-3-hydroxy-6-methoxy-2-(3-methoxyphenyl)-2,3-dihydrochromen-4-ylidene]amino]oxyoxan-2-yl]methyl acetate",CC(=O)OC[C@@H]1[C@@H]([C@@H]([C@H]([C@@H](O1)O/N=C\2/[C@@H]([C@H](OC3=C2C=C(C=C3)OC)C4=CC(=CC=C4)OC)O)OC(=O)C)OC(=O)C)OC(=O)C,0
"[6-[2-(2,4-difluorophenyl)ethynyl]-3-ethoxycarbonyloxy-3,6-dihydro-2H-pyran-2-yl]methyl ethyl carbonate",CCOC(=O)OCC1C(C=CC(O1)C#CC2=C(C=C(C=C2)F)F)OC(=O)OCC,0
"[3-acetyloxy-6-(3,5-dimethylphenyl)-3,6-dihydro-2H-pyran-2-yl]methyl acetate",CC1=CC(=CC(=C1)C2C=CC(C(O2)COC(=O)C)OC(=O)C)C,0
"[3-acetyloxy-6-[2-(2,4-difluorophenyl)ethynyl]-3,6-dihydro-2H-pyran-2-yl]methyl acetate",CC(=O)OCC1C(C=CC(O1)C#CC2=C(C=C(C=C2)F)F)OC(=O)C,0
"[3-acetyloxy-6-[2-(2,4-dimethylphenyl)ethynyl]-3,6-dihydro-2H-pyran-2-yl]methyl acetate",CC1=CC(=C(C=C1)C#CC2C=CC(C(O2)COC(=O)C)OC(=O)C)C,0
"[6-[2-(4-bromophenyl)ethynyl]-3-(2-tert-butyl-4-methoxyphenoxy)-3,6-dihydro-2H-pyran-2-yl]methanol",CC(C)(C)C1=C(C=CC(=C1)OC)OC2C=CC(OC2CO)C#CC3=CC=C(C=C3)Br,0
Ethyl [3-(4-methoxyphenoxy)-6-(2-phenylethyl)oxan-2-yl]methyl carbonate,CCOC(=O)OCC1C(CCC(O1)CCC2=CC=CC=C2)OC3=CC=C(C=C3)OC,0
"[3-[3-(dimethylamino)phenoxy]-6-(2-phenylethynyl)-3,6-dihydro-2H-pyran-2-yl]methanol",CN(C)C1=CC(=CC=C1)OC2C=CC(OC2CO)C#CC3=CC=CC=C3,0
"[2-(ethoxycarbonyloxymethyl)-6-(2-phenylethynyl)-3,6-dihydro-2H-pyran-3-yl] ethyl carbonate",CCOC(=O)OCC1C(C=CC(O1)C#CC2=CC=CC=C2)OC(=O)OCC,0
3-[Phenylmethoxy(3-phenylprop-2-ynyl)amino]propanenitrile,C1=CC=C(C=C1)CON(CCC#N)CC#CC2=CC=CC=C2,0
"5-Bromo-2-methoxy-1-[4-methoxy-5-(methoxymethoxy)-2,6-dimethylnon-7-ynyl]-3-phenylmethoxybenzene",CC#CC(C)C(C(CC(C)CC1=C(C(=CC(=C1)Br)OCC2=CC=CC=C2)OC)OC)OCOC,0
[(E)-prop-1-enyl] N-[[(3S)-3-acetyl-2-oxooxolan-3-yl]-phenylmethyl]carbamate,C/C=C/OC(=O)NC(C1=CC=CC=C1)[C@@]2(CCOC2=O)C(=O)C,0
Methyl 2-[(benzylcarbamoylamino)-phenylmethyl]-3-oxobutanoate,CC(=O)C(C(C1=CC=CC=C1)NC(=O)NCC2=CC=CC=C2)C(=O)OC,0
"(5aR)-5-hydroxy-9-(3,4,5-trimethoxyphenyl)-5a,6,8a,9-tetrahydro-5H-[2]benzofuro[5,6-f][1,3]benzodioxol-8-one",COC1=CC(=CC(=C1OC)OC)C2C3[C@H](COC3=O)C(C4=CC5=C(C=C24)OCO5)O,0
"[(1R,2S,8S,12R)-13-acetyloxy-7-(furan-3-yl)-1,8,12,16,16-pentamethyl-5,19-dioxo-3,6-dioxapentacyclo[9.8.0.02,4.02,8.012,17]nonadecan-15-yl] acetate",CC(=O)OC1CC(C(C2[C@@]1(C3CC[C@]4(C(OC(=O)C5[C@]4([C@@]3(C(=O)C2)C)O5)C6=COC=C6)C)C)(C)C)OC(=O)C,0
"(1R,2S,8S,12R)-7-(furan-3-yl)-1,8,12,16,16-pentamethyl-3,6-dioxapentacyclo[9.8.0.02,4.02,8.012,17]nonadec-13-ene-5,15,19-trione",C[C@@]12CCC3[C@@]4(C=CC(=O)C(C4CC(=O)[C@]3([C@]15C(O5)C(=O)OC2C6=COC=C6)C)(C)C)C,0
"methyl 2-[(2S)-2-[(8aR)-1-(furan-3-yl)-8a-methyl-5-methylidene-3-oxo-1,6,7,8-tetrahydroisochromen-6-yl]-2,6,6-trimethyl-5-oxocyclohex-3-en-1-yl]acetate",C[C@@]12CCC(C(=C)C1=CC(=O)OC2C3=COC=C3)[C@@]4(C=CC(=O)C(C4CC(=O)OC)(C)C)C,0
"[(1S,2S,8S,12R)-13-acetyloxy-7-(furan-3-yl)-19-hydroxy-1,8,12,16,16-pentamethyl-5-oxo-3,6-dioxapentacyclo[9.8.0.02,4.02,8.012,17]nonadecan-15-yl] acetate",CC(=O)OC1CC(C(C2[C@@]1(C3CC[C@]4(C(OC(=O)C5[C@]4([C@@]3(C(C2)O)C)O5)C6=COC=C6)C)C)(C)C)OC(=O)C,0
"(1S,2S,8S,12R)-7-(furan-3-yl)-19-hydroxy-1,8,12,16,16-pentamethyl-3,6-dioxapentacyclo[9.8.0.02,4.02,8.012,17]nonadec-13-ene-5,15-dione",C[C@@]12CCC3[C@]4(C=CC(=O)C(C4CC([C@]3([C@]15C(O5)C(=O)OC2C6=COC=C6)C)O)(C)C)C,0
"(1S,2S,4R,7S,11R)-6-(furan-3-yl)-17-hydroxy-1,7,11,15,15-pentamethyl-3-oxapentacyclo[8.8.0.02,4.02,7.011,16]octadeca-12,16-diene-14,18-dione",C[C@@]12CCC3[C@]4(C=CC(=O)C(C4=C(C(=O)[C@@]3([C@]15[C@H](O5)CC2C6=COC=C6)C)O)(C)C)C,0
"methyl 2-[(1R,5R)-6-(furan-3-yl)-1,5,15,15-tetramethyl-8,14,17-trioxo-7-oxatetracyclo[11.3.1.02,11.05,10]heptadec-9-en-16-yl]acetate",C[C@@]12CCC3C(C1=CC(=O)OC2C4=COC=C4)CC5C(=O)[C@]3(C(C(C5=O)(C)C)CC(=O)OC)C,0
"[(1S,2S,4R,7S,11R)-6-(furan-3-yl)-17-hydroxy-1,7,11,15,15-pentamethyl-14,18-dioxo-3-oxapentacyclo[8.8.0.02,4.02,7.011,16]octadeca-12,16-dien-9-yl] acetate",CC(=O)OC1C[C@]2(C(C[C@@H]3[C@@]2(O3)[C@@]4(C1[C@]5(C=CC(=O)C(C5=C(C4=O)O)(C)C)C)C)C6=COC=C6)C,0
"[(1S,2S,8S,12R)-10,13,15-triacetyloxy-7-(furan-3-yl)-1,8,12,16,16-pentamethyl-5-oxo-3,6-dioxapentacyclo[9.8.0.02,4.02,8.012,17]nonadecan-19-yl] acetate",CC(=O)OC1CC2[C@@](C(CC(C2(C)C)OC(=O)C)OC(=O)C)(C3[C@@]1([C@@]45C(O4)C(=O)OC([C@@]5(CC3OC(=O)C)C)C6=COC=C6)C)C,0
"(3R,5R)-2-[(3R,4S)-4,6-diamino-3-[(2R)-3-amino-4,5-dihydroxy-6-(1-hydroxyethyl)oxan-2-yl]oxy-2-hydroxycyclohexyl]oxy-5-methyl-4-(methylamino)oxane-3,5-diol;sulfuric acid",CC(C1C(C(C([C@@H](O1)O[C@@H]2[C@H](CC(C(C2O)OC3[C@@H](C([C@@](CO3)(C)O)NC)O)N)N)N)O)O)O.OS(=O)(=O)O.OS(=O)(=O)O,0
"[(9R,10S,13S)-9-chloro-17-(2-chloroacetyl)-11-hydroxy-10,13,16-trimethyl-3-oxo-6,7,8,11,12,14,15,16-octahydrocyclopenta[a]phenanthren-17-yl] furan-2-carboxylate",CC1CC2C3CCC4=CC(=O)C=C[C@@]4([C@]3(C(C[C@@]2(C1(C(=O)CCl)OC(=O)C5=CC=CO5)C)O)Cl)C,0
"(3R)-6,7-dimethoxy-3-(4-methoxy-6-methyl-7,8-dihydro-5H-[1,3]dioxolo[4,5-g]isoquinolin-5-yl)-3H-2-benzofuran-1-one;hydrochloride",CN1CCC2=CC3=C(C(=C2C1[C@H]4C5=C(C(=C(C=C5)OC)OC)C(=O)O4)OC)OCO3.Cl,0
"methyl (1S,10S,12R)-11-acetyloxy-12-ethyl-4-[(13R,17R)-17-ethyl-17-hydroxy-13-methoxycarbonyl-1,11-diazatetracyclo[13.3.1.04,12.05,10]nonadeca-4(12),5,7,9-tetraen-13-yl]-10-hydroxy-5-methoxy-8-methyl-8,16-diazapentacyclo[10.6.1.01,9.02,7.016,19]nonadeca-2,4,6,13-tetraene-10-carboxylate;sulfuric acid",CC[C@]1(CC2C[C@](C3=C(CCN(C2)C1)C4=CC=CC=C4N3)(C5=C(C=C6C(=C5)[C@@]78CCN9C7[C@@](C=CC9)(C([C@@](C8N6C)(C(=O)OC)O)OC(=O)C)CC)OC)C(=O)OC)O.OS(=O)(=O)O,0
"[(1S,2S,7S,11R)-12,14-diacetyloxy-6-(furan-3-yl)-1,7,11,15,15-pentamethyl-5-oxo-3-oxapentacyclo[8.8.0.02,4.02,7.011,16]octadecan-18-yl] acetate",CC(=O)OC1CC2[C@](C3[C@@]1([C@@]45C(O4)C(=O)C([C@@]5(CC3)C)C6=COC=C6)C)(C(CC(C2(C)C)OC(=O)C)OC(=O)C)C,0
"4-O-[(3R)-4-(dimethylamino)-2-[[(4S,6R,7S,11S,13S)-14-ethyl-7,12,13-trihydroxy-4-[(2R,4R)-5-hydroxy-4-methoxy-4,6-dimethyloxan-2-yl]oxy-3,5,7,9,11,13-hexamethyl-2,10-dioxo-oxacyclotetradec-6-yl]oxy]-6-methyloxan-3-yl] 1-O-ethyl butanedioate",CCC1[C@@](C([C@@H](C(=O)C(C[C@]([C@@H](C([C@@H](C(C(=O)O1)C)O[C@H]2C[C@@](C(C(O2)C)O)(C)OC)C)OC3[C@@H](C(CC(O3)C)N(C)C)OC(=O)CCC(=O)OCC)(C)O)C)C)O)(C)O,0
"(2R,4aR,6aS,6aR,14aS)-10-hydroxy-2,4a,6a,6a,9,14a-hexamethyl-11-oxo-1,3,4,5,6,13,14,14b-octahydropicene-2-carboxylic acid",CC1=C(C(=O)C=C2C1=CC=C3[C@@]2(CC[C@@]4([C@]3(CC[C@]5(C4C[C@](CC5)(C)C(=O)O)C)C)C)C)O,0
"methyl (2R)-2-ethyl-2,4,5,7,10-pentahydroxy-6,11-dioxo-3,4-dihydro-1H-tetracene-1-carboxylate",CC[C@]1(CC(C2=C(C3=C(C=C2C1C(=O)OC)C(=O)C4=C(C=CC(=C4C3=O)O)O)O)O)O,0
"[(1S,2S,8S,12R)-7-(furan-3-yl)-1,8,12,16,16-pentamethyl-5,15-dioxo-3,6-dioxapentacyclo[9.8.0.02,4.02,8.012,17]nonadec-13-en-19-yl] acetate",CC(=O)OC1CC2[C@](C=CC(=O)C2(C)C)(C3[C@@]1([C@@]45C(O4)C(=O)OC([C@@]5(CC3)C)C6=COC=C6)C)C,0
"(10S,13S)-4,10,13-trimethyl-2,6,7,8,9,11,12,14,15,16-decahydro-1H-cyclopenta[a]phenanthrene-3,17-dione",CC1=C2CCC3C4CCC(=O)[C@]4(CCC3[C@@]2(CCC1=O)C)C,0
"[2,3-dihydroxy-5-[[(5S)-3,4,5,6-tetrakis[[3,4-dihydroxy-5-(3,4,5-trihydroxybenzoyl)oxybenzoyl]oxy]oxan-2-yl]methoxycarbonyl]phenyl] 3,4,5-trihydroxybenzoate",C1=C(C=C(C(=C1O)O)O)C(=O)OC2=CC(=CC(=C2O)O)C(=O)OCC3C(C([C@@H](C(O3)OC(=O)C4=CC(=C(C(=C4)OC(=O)C5=CC(=C(C(=C5)O)O)O)O)O)OC(=O)C6=CC(=C(C(=C6)OC(=O)C7=CC(=C(C(=C7)O)O)O)O)O)OC(=O)C8=CC(=C(C(=C8)OC(=O)C9=CC(=C(C(=C9)O)O)O)O)O)OC(=O)C1=CC(=C(C(=C1)OC(=O)C1=CC(=C(C(=C1)O)O)O)O)O,0
CID 16757838,COC1=CC(=CC(=C1O)OC)C2C3C(COC3=O)C(C4=CC5=C(C=C24)OCO5)O[C@H]6C(C(C7C(O6)COC(O7)C8=CC=CS8)O)O,0
"[(9S,10R,13R,17S)-17-(2-chloroacetyl)-9-fluoro-11-hydroxy-10,13,16-trimethyl-3-oxo-6,7,8,11,12,14,15,16-octahydrocyclopenta[a]phenanthren-17-yl] propanoate",CCC(=O)O[C@]1(C(CC2[C@]1(CC([C@@]3(C2CCC4=CC(=O)C=C[C@]43C)F)O)C)C)C(=O)CCl,0
"[(3S,4aR,10aR,10bR)-3-ethenyl-6,10,10b-trihydroxy-3,4a,7,7,10a-pentamethyl-1-oxo-5,6,6a,8,9,10-hexahydro-2H-benzo[f]chromen-5-yl] acetate",CC(=O)OC1C(C2[C@](C(CCC2(C)C)O)([C@]3([C@@]1(O[C@](CC3=O)(C)C=C)C)O)C)O,0
"(6aR,10aS)-9-(methylsulfanylmethyl)-7-propyl-6,6a,8,9,10,10a-hexahydro-4H-indolo[4,3-fg]quinoline;methanesulfonic acid",CCCN1CC(C[C@@H]2[C@H]1CC3=CNC4=CC=CC2=C34)CSC.CS(=O)(=O)O,0
"[(3S,8S,14S)-6-[(3R)-3-acetyloxy-4-(dimethylamino)-6-methyloxan-2-yl]oxy-8-[(2S,5S)-5-acetyloxy-4-methoxy-6-methyloxan-2-yl]oxy-5,7,9,12,13,15-hexamethyl-10,16-dioxo-1,11-dioxaspiro[2.13]hexadecan-14-yl] acetate",CC1CC([C@H](C(O1)OC2C(C[C@]3(CO3)C(=O)C([C@H](C(C(OC(=O)C([C@H](C2C)O[C@@H]4CC([C@H](C(O4)C)OC(=O)C)OC)C)C)C)OC(=O)C)C)C)OC(=O)C)N(C)C,0
"[(3R)-4-(dimethylamino)-2-[[(4S,6R,7S,11S,13S)-14-ethyl-7,12,13-trihydroxy-4-[(2R,4R)-5-hydroxy-4-methoxy-4,6-dimethyloxan-2-yl]oxy-3,5,7,9,11,13-hexamethyl-2,10-dioxo-oxacyclotetradec-6-yl]oxy]-6-methyloxan-3-yl] propanoate;dodecyl hydrogen sulfate",CCCCCCCCCCCCOS(=O)(=O)O.CCC1[C@@](C([C@@H](C(=O)C(C[C@]([C@@H](C([C@@H](C(C(=O)O1)C)O[C@H]2C[C@@](C(C(O2)C)O)(C)OC)C)OC3[C@@H](C(CC(O3)C)N(C)C)OC(=O)CC)(C)O)C)C)O)(C)O,0
"(1S,8S,12R)-7-(furan-3-yl)-1,8,12,16,16-pentamethyl-3,6-dioxapentacyclo[9.8.0.02,4.02,8.012,17]nonadeca-13,18-diene-5,15-dione",C[C@@]12CCC3[C@]4(C=CC(=O)C(C4C=C[C@@]3(C15C(O5)C(=O)OC2C6=COC=C6)C)(C)C)C,0
"(1S,2S,8S,12R)-7-(furan-3-yl)-13,15,19-trihydroxy-1,8,12,16,16-pentamethyl-3,6-dioxapentacyclo[9.8.0.02,4.02,8.012,17]nonadecan-5-one",C[C@@]12CCC3[C@]4(C(CC([C@]3([C@]15C(O5)C(=O)OC2C6=COC=C6)C)O)C(C(CC4O)O)(C)C)C,0
"[(2S,5R,7R,18S)-17-(furan-3-yl)-3,7-dihydroxy-22-(2-methoxy-2-oxoethyl)-2,5,11,18-tetramethyl-20-(2-methylbutanoyloxy)-8-(2-methylpropanoyloxy)-15-oxo-10,12,16,21-tetraoxaheptacyclo[9.9.1.12,5.01,9.03,7.09,13.013,18]docosan-6-yl] 2,3-dimethyloxirane-2-carboxylate",CCC(C)C(=O)OC1C[C@]2(C(OC(=O)CC23C45C1([C@]6(C([C@]7(CC6([C@@](C7OC(=O)C8(C(O8)C)C)(C4OC(=O)C(C)C)O)O)C)CC(=O)OC)C)OC(O3)(O5)C)C9=COC=C9)C,0
"methyl 2-[(1R,5R)-14-acetyloxy-6-(furan-3-yl)-1,5,15,15-tetramethyl-8,17-dioxo-7-oxatetracyclo[11.3.1.02,11.05,10]heptadecan-16-yl]acetate",CC(=O)OC1C2CC3C(CC[C@@]4(C3CC(=O)OC4C5=COC=C5)C)[C@@](C2=O)(C(C1(C)C)CC(=O)OC)C,0
"(4bR,10aR,12aR)-1-(furan-3-yl)-5-hydroxy-4b,7,7,10a,12a-pentamethyl-5,6,6a,9,10,10b,11,12-octahydro-1H-naphtho[2,1-f]isochromene-3,8-dione",C[C@]12CCC(=O)C(C1CC([C@@]3(C2CC[C@@]4(C3=CC(=O)OC4C5=COC=C5)C)C)O)(C)C,0
"[(4bR,10aR,12aR)-1-(furan-3-yl)-4b,7,7,10a,12a-pentamethyl-3,8-dioxo-5,6,6a,9,10,10b,11,12-octahydro-1H-naphtho[2,1-f]isochromen-5-yl] acetate",CC(=O)OC1CC2[C@](CCC(=O)C2(C)C)(C3[C@@]1(C4=CC(=O)OC([C@@]4(CC3)C)C5=COC=C5)C)C,0
"[(4bR,10aR,12aR)-1-(furan-3-yl)-4b,7,7,10a,12a-pentamethyl-3,8-dioxo-5,6,6a,10b,11,12-hexahydro-1H-naphtho[2,1-f]isochromen-5-yl] acetate",CC(=O)OC1CC2[C@](C=CC(=O)C2(C)C)(C3[C@@]1(C4=CC(=O)OC([C@@]4(CC3)C)C5=COC=C5)C)C,0
"methyl 2-[(1S,7R,11S,16S,18S)-14,18-diacetyloxy-6-(furan-3-yl)-16-hydroxy-7,11,13,13-tetramethyl-4-oxo-5,17-dioxapentacyclo[13.2.1.01,10.02,7.011,16]octadec-2-en-12-yl]acetate",CC(=O)O[C@H]1C2C(C(C([C@@]3([C@]2(O[C@]14C3CC[C@@]5(C4=CC(=O)OC5C6=COC=C6)C)O)C)CC(=O)OC)(C)C)OC(=O)C,0
"(1R,8S,12R)-7-(furan-3-yl)-1,8,12,16,16-pentamethyl-3,6-dioxapentacyclo[9.8.0.02,4.02,8.012,17]nonadec-14-ene-5,13,19-trione",C[C@@]12CCC3[C@]4(C(CC(=O)[C@]3(C15C(O5)C(=O)OC2C6=COC=C6)C)C(C=CC4=O)(C)C)C,0
"methyl 2-[(1R,5R)-6-(furan-3-yl)-8,14-dihydroxy-1,5,15,15-tetramethyl-17-oxo-7-oxatetracyclo[11.3.1.02,11.05,10]heptadec-10-en-16-yl]acetate",C[C@@]12CCC3C(=C1CC(OC2C4=COC=C4)O)CC5C(C(C([C@@]3(C5=O)C)CC(=O)OC)(C)C)O,0
"(1R,8S,12R)-7-(furan-3-yl)-13,15-dihydroxy-1,8,12,16,16-pentamethyl-3,6-dioxapentacyclo[9.8.0.02,4.02,8.012,17]nonadecane-5,19-dione",C[C@@]12CCC3[C@@]4(C(CC(C(C4CC(=O)[C@]3(C15C(O5)C(=O)OC2C6=COC=C6)C)(C)C)O)O)C,0
"methyl 2-[(1R,5R)-6-(furan-3-yl)-14-hydroxy-8-methoxy-1,5,15,15-tetramethyl-17-oxo-7-oxatetracyclo[11.3.1.02,11.05,10]heptadeca-8,10-dien-16-yl]acetate",C[C@@]12CCC3C(=C1C=C(OC2C4=COC=C4)OC)CC5C(C(C([C@@]3(C5=O)C)CC(=O)OC)(C)C)O,0
"[(4bR,10aR,12aR)-5-acetyloxy-1-(furan-3-yl)-4b,7,7,10a,12a-pentamethyl-3-oxo-1,5,6,6a,8,9,10,10b,11,12-decahydronaphtho[2,1-f]isochromen-8-yl] acetate",CC(=O)OC1CC[C@]2(C3CC[C@]4(C(OC(=O)C=C4[C@@]3(C(CC2C1(C)C)OC(=O)C)C)C5=COC=C5)C)C,0
"[(1S,2S,8S,12R)-13,15-diacetyloxy-7-(furan-3-yl)-1,8,12,16,16-pentamethyl-5-oxo-3,6-dioxapentacyclo[9.8.0.02,4.02,8.012,17]nonadecan-19-yl] acetate",CC(=O)OC1CC2[C@](C3[C@@]1([C@@]45C(O4)C(=O)OC([C@@]5(CC3)C)C6=COC=C6)C)(C(CC(C2(C)C)OC(=O)C)OC(=O)C)C,0
Puromycin dihydrochloride from Streptomyces alboniger powder,CN(C)C1=NC=NC2=C1N=CN2C3C(C(C(O3)CO)NC(=O)C(CC4=CC=C(C=C4)OC)N)O.Cl.Cl,0
"[(4bR,10aR,12aR)-8,10-diacetyloxy-1-(furan-3-yl)-4b,7,7,10a,12a-pentamethyl-3-oxo-1,5,6,6a,8,9,10,10b,11,12-decahydronaphtho[2,1-f]isochromen-5-yl] acetate",CC(=O)OC1CC2[C@](C3[C@@]1(C4=CC(=O)OC([C@@]4(CC3)C)C5=COC=C5)C)(C(CC(C2(C)C)OC(=O)C)OC(=O)C)C,0
"methyl 2-[(1R,8R,12S)-13-(furan-3-yl)-5-hydroxy-6,6,8,12-tetramethyl-17-methylidene-15-oxo-2,14-dioxatetracyclo[7.7.1.01,12.03,8]heptadecan-7-yl]acetate",C[C@@]12CCC3C(=C)[C@@]1(CC(=O)OC2C4=COC=C4)OC5[C@@]3(C(C(C(C5)O)(C)C)CC(=O)OC)C,0
"methyl 2-[(1R,5R)-14-acetyloxy-6-(furan-3-yl)-1,5,15,15-tetramethyl-8,17-dioxo-7-oxatetracyclo[11.3.1.02,11.05,10]heptadec-10-en-16-yl]-2-hydroxyacetate",CC(=O)OC1C2CC3=C4CC(=O)OC([C@@]4(CCC3[C@@](C2=O)(C(C1(C)C)C(C(=O)OC)O)C)C)C5=COC=C5,0
"methyl 2-[(1R,5R,13S)-14-acetyloxy-6-(furan-3-yl)-13-hydroxy-1,5,15,15-tetramethyl-8,17-dioxo-7-oxatetracyclo[11.3.1.02,11.05,10]heptadec-11-en-16-yl]acetate",CC(=O)OC1[C@]2(C=C3C(CC[C@@]4(C3CC(=O)OC4C5=COC=C5)C)[C@@](C2=O)(C(C1(C)C)CC(=O)OC)C)O,0
"[(1S,2S,7R,9R,18S,20R)-8-acetyloxy-17-(furan-3-yl)-3,7-dihydroxy-22-(2-methoxy-2-oxoethyl)-2,5,11,18-tetramethyl-20-(2-methylbutanoyloxy)-15-oxo-10,12,16,21-tetraoxaheptacyclo[9.9.1.12,5.01,9.03,7.09,13.013,18]docosan-6-yl] 2,3-dimethyloxirane-2-carboxylate",CCC(C)C(=O)O[C@@H]1C[C@]2(C(OC(=O)CC23[C@@]45[C@@]1([C@]6(C(C7(CC6([C@](C4OC(=O)C)(C7OC(=O)C8(C(O8)C)C)O)O)C)CC(=O)OC)C)OC(O5)(O3)C)C9=COC=C9)C,0
"[(1R,5R,13S)-6-(furan-3-yl)-16-(1-hydroxy-2-methoxy-2-oxoethyl)-1,5,15,15-tetramethyl-8,17-dioxo-7-oxatetracyclo[11.3.1.02,11.05,10]heptadec-11-en-14-yl] (E)-2-methylbut-2-enoate",C/C=C(\C)/C(=O)OC1[C@@H]2C=C3C(CC[C@@]4(C3CC(=O)OC4C5=COC=C5)C)[C@@](C2=O)(C(C1(C)C)C(C(=O)OC)O)C,0
"[(3aS)-6-[(2R,4R)-5-acetyloxy-2-(acetyloxymethyl)-3-(2-methoxy-2-oxoethyl)-2,4-dimethyl-7-oxooxepan-4-yl]-5-formyloxy-3-(furan-3-yl)-7a-hydroxy-3a-methyl-7-methylidene-1-oxo-3,4,5,6-tetrahydro-2H-inden-4-yl] 2-acetyloxy-3-methylpentanoate",CCC(C)C(C(=O)OC1C(C(C(=C)C2([C@]1(C(CC2=O)C3=COC=C3)C)O)[C@]4(C(CC(=O)O[C@@](C4CC(=O)OC)(C)COC(=O)C)OC(=O)C)C)OC=O)OC(=O)C,0
"methyl 2-[(1R,5R)-6-(furan-3-yl)-1,5,15,15-tetramethyl-8,14,17-trioxo-7-oxatetracyclo[11.3.1.02,11.05,10]heptadec-10-en-16-yl]acetate",C[C@@]12CCC3C(=C1CC(=O)OC2C4=COC=C4)CC5C(=O)[C@]3(C(C(C5=O)(C)C)CC(=O)OC)C,0
"methyl 2-[(1R,8R,12S)-13-(furan-3-yl)-6,6,8,12-tetramethyl-17-methylidene-5,15-dioxo-2,14-dioxatetracyclo[7.7.1.01,12.03,8]heptadecan-7-yl]-2-hydroxyacetate",C[C@@]12CCC3C(=C)[C@@]1(CC(=O)OC2C4=COC=C4)OC5[C@]3(C(C(C(=O)C5)(C)C)C(C(=O)OC)O)C,0
"methyl 2-acetyloxy-2-[(1R,8S,12S)-13-(furan-3-yl)-6,6,8,12-tetramethyl-17-methylidene-5,15-dioxo-2,14-dioxatetracyclo[7.7.1.01,12.03,8]heptadecan-7-yl]acetate",CC(=O)OC(C1[C@@]2(C3CC[C@]4(C(OC(=O)C[C@]4(C3=C)OC2CC(=O)C1(C)C)C5=COC=C5)C)C)C(=O)OC,0
"methyl 2-[(1R,8R,12S)-13-(furan-3-yl)-6,6,8,12-tetramethyl-17-methylidene-5,15-dioxo-2,14-dioxatetracyclo[7.7.1.01,12.03,8]heptadecan-7-yl]acetate",C[C@@]12CCC3C(=C)[C@@]1(CC(=O)OC2C4=COC=C4)OC5[C@]3(C(C(C(=O)C5)(C)C)CC(=O)OC)C,0
"[(1R,5R)-6-(furan-3-yl)-16-(2-methoxy-2-oxoethyl)-1,5,15,15-tetramethyl-8,17-dioxo-7-oxatetracyclo[11.3.1.02,11.05,10]heptadec-10-en-14-yl] 2-methylbutanoate",CCC(C)C(=O)OC1C2CC3=C4CC(=O)OC([C@@]4(CCC3[C@@](C2=O)(C(C1(C)C)CC(=O)OC)C)C)C5=COC=C5,0
"methyl 3-[(2S,5R)-3-(cyclohexylmethyl)-2,6-diphenyl-3-azatricyclo[5.1.1.01,5]nonan-7-yl]benzoate",COC(=O)C1=CC(=CC=C1)C23CC4(C2)[C@@H](C3C5=CC=CC=C5)CN([C@@H]4C6=CC=CC=C6)CC7CCCCC7,0
"1H-Benzimidazole, 1-methyl-2-(4-phenyl-2-thiazolyl)-",CN1C2=CC=CC=C2N=C1C3=NC(=CS3)C4=CC=CC=C4,0
"1H-Benzimidazole, 1-methyl-2-(4-methyl-2-thiazolyl)-",CC1=CSC(=N1)C2=NC3=CC=CC=C3N2C,0
Isonicotinic acid hydrazide P-aminosalicylate salt,C1=CC(=C(C=C1N)O)C(=O)O.C1=CC(=C(C=C1N)O)C(=O)O,0
"(1R,2R,4R,6R,8R,9R,11R,12S,13S)-11-hydroxy-8-(2-hydroxyacetyl)-9,13-dimethyl-6-propyl-5,7-dioxapentacyclo[10.8.0.02,9.04,8.013,18]icosa-14,17-dien-16-one",CCC[C@@H]1O[C@@H]2C[C@@H]3[C@H]4CCC5=CC(=O)C=C[C@]5([C@H]4[C@@H](C[C@]3([C@]2(O1)C(=O)CO)C)O)C,0
"(8S,9R,10R,13S,14R,16R,17R)-17-[(Z,2R)-2,6-dihydroxy-6-methyl-3-oxohept-4-en-2-yl]-2,16-dihydroxy-4,4,9,13,14-pentamethyl-8,10,12,15,16,17-hexahydro-7H-cyclopenta[a]phenanthrene-3,11-dione",C[C@]12C[C@H]([C@@H]([C@@]1(CC(=O)[C@@]3([C@H]2CC=C4[C@H]3C=C(C(=O)C4(C)C)O)C)C)[C@](C)(C(=O)/C=C\C(C)(C)O)O)O,0
"1,4-Benzodioxin-2-methanamine, N-(2-(2,6-dimethoxyphenoxy)ethyl)-2,3-dihydro-, hydrochloride (1:1)",COC1=C(C(=CC=C1)OC)OCCNCC2COC3=CC=CC=C3O2.Cl,0
C35H36F3N3O5,CCOC(=O)NC[C@H](CC1=CC=C(C=C1)OCCC2=C(OC(=N2)C3=CC=CC=C3)C)N/C(=C\C(=O)C4=CC=C(C=C4)C(F)(F)F)/C,0
"methyl 3-[(2S,5R)-6-(6-chloro-3-pyridinyl)-2-phenyl-3-(pyridin-3-ylmethyl)-3-azatricyclo[5.1.1.01,5]nonan-7-yl]benzoate",COC(=O)C1=CC(=CC=C1)C23CC4(C2)[C@@H](C3C5=CN=C(C=C5)Cl)CN([C@@H]4C6=CC=CC=C6)CC7=CN=CC=C7,0
"methyl 3-[(2S,5R)-6-(6-chloro-3-pyridinyl)-3-(cyclohexylmethyl)-2-phenyl-3-azatricyclo[5.1.1.01,5]nonan-7-yl]benzoate",COC(=O)C1=CC(=CC=C1)C23CC4(C2)[C@@H](C3C5=CN=C(C=C5)Cl)CN([C@@H]4C6=CC=CC=C6)CC7CCCCC7,0
"methyl 3-[(2S,5R)-2-phenyl-3-(pyridin-3-ylmethyl)-6-[4-(trifluoromethyl)phenyl]-3-azatricyclo[5.1.1.01,5]nonan-7-yl]benzoate",COC(=O)C1=CC(=CC=C1)C23CC4(C2)[C@@H](C3C5=CC=C(C=C5)C(F)(F)F)CN([C@@H]4C6=CC=CC=C6)CC7=CN=CC=C7,0
"methyl 3-[(2S,5R)-3-methyl-2-phenyl-6-[4-(trifluoromethyl)phenyl]-3-azatricyclo[5.1.1.01,5]nonan-7-yl]benzoate",CN1C[C@@H]2C(C3(CC2(C3)[C@H]1C4=CC=CC=C4)C5=CC=CC(=C5)C(=O)OC)C6=CC=C(C=C6)C(F)(F)F,0
"methyl 3-[(2S,5R)-2,6-diphenyl-3-(pyridin-3-ylmethyl)-3-azatricyclo[5.1.1.01,5]nonan-7-yl]benzoate",COC(=O)C1=CC(=CC=C1)C23CC4(C2)[C@@H](C3C5=CC=CC=C5)CN([C@@H]4C6=CC=CC=C6)CC7=CN=CC=C7,0
"methyl 3-[(2S,5R)-2,6-diphenyl-3-[[4-(trifluoromethyl)phenyl]methyl]-3-azatricyclo[5.1.1.01,5]nonan-7-yl]benzoate",COC(=O)C1=CC(=CC=C1)C23CC4(C2)[C@@H](C3C5=CC=CC=C5)CN([C@@H]4C6=CC=CC=C6)CC7=CC=C(C=C7)C(F)(F)F,0
"(13S,17S)-13-ethyl-17-ethynyl-17-hydroxy-1,2,6,7,8,9,10,11,12,14,15,16-dodecahydrocyclopenta[a]phenanthren-3-one",CC[C@]12CCC3C(C1CC[C@@]2(C#C)O)CCC4=CC(=O)CCC34,0
"methyl 3-[(2S,5R)-3-methyl-2,6-diphenyl-3-azatricyclo[5.1.1.01,5]nonan-7-yl]benzoate",CN1C[C@@H]2C(C3(CC2(C3)[C@H]1C4=CC=CC=C4)C5=CC=CC(=C5)C(=O)OC)C6=CC=CC=C6,0
"(2S,5R)-6-(6-chloro-3-pyridinyl)-2-phenyl-7-pyridin-3-yl-3-(pyridin-3-ylmethyl)-3-azatricyclo[5.1.1.01,5]nonane",C1[C@@H]2C(C3(CC2(C3)[C@H](N1CC4=CN=CC=C4)C5=CC=CC=C5)C6=CN=CC=C6)C7=CN=C(C=C7)Cl,0
"(2S,5R)-6-(6-chloro-3-pyridinyl)-2-phenyl-7-pyridin-3-yl-3-[[4-(trifluoromethyl)phenyl]methyl]-3-azatricyclo[5.1.1.01,5]nonane",C1[C@@H]2C(C3(CC2(C3)[C@H](N1CC4=CC=C(C=C4)C(F)(F)F)C5=CC=CC=C5)C6=CN=CC=C6)C7=CN=C(C=C7)Cl,0
"(2S,5R)-6-(6-chloro-3-pyridinyl)-3-(cyclohexylmethyl)-2-phenyl-7-pyridin-3-yl-3-azatricyclo[5.1.1.01,5]nonane",C1CCC(CC1)CN2C[C@@H]3C(C4(CC3(C4)[C@H]2C5=CC=CC=C5)C6=CN=CC=C6)C7=CN=C(C=C7)Cl,0
"(2S,5R)-6-(6-chloro-3-pyridinyl)-3-methyl-2-phenyl-7-pyridin-3-yl-3-azatricyclo[5.1.1.01,5]nonane",CN1C[C@@H]2C(C3(CC2(C3)[C@H]1C4=CC=CC=C4)C5=CN=CC=C5)C6=CN=C(C=C6)Cl,0
"(2S,5R)-2-phenyl-7-pyridin-3-yl-3-(pyridin-3-ylmethyl)-6-[4-(trifluoromethyl)phenyl]-3-azatricyclo[5.1.1.01,5]nonane",C1[C@@H]2C(C3(CC2(C3)[C@H](N1CC4=CN=CC=C4)C5=CC=CC=C5)C6=CN=CC=C6)C7=CC=C(C=C7)C(F)(F)F,0
"(2S,5R)-3-(cyclohexylmethyl)-2-phenyl-7-pyridin-3-yl-6-[4-(trifluoromethyl)phenyl]-3-azatricyclo[5.1.1.01,5]nonane",C1CCC(CC1)CN2C[C@@H]3C(C4(CC3(C4)[C@H]2C5=CC=CC=C5)C6=CN=CC=C6)C7=CC=C(C=C7)C(F)(F)F,0
"(2S,5R)-3-methyl-2-phenyl-7-pyridin-3-yl-6-[4-(trifluoromethyl)phenyl]-3-azatricyclo[5.1.1.01,5]nonane",CN1C[C@@H]2C(C3(CC2(C3)[C@H]1C4=CC=CC=C4)C5=CN=CC=C5)C6=CC=C(C=C6)C(F)(F)F,0
"4-[(2S,5R)-2-phenyl-3-(pyridin-3-ylmethyl)-6-[4-(trifluoromethyl)phenyl]-3-azatricyclo[5.1.1.01,5]nonan-7-yl]benzonitrile",C1[C@@H]2C(C3(CC2(C3)[C@H](N1CC4=CN=CC=C4)C5=CC=CC=C5)C6=CC=C(C=C6)C#N)C7=CC=C(C=C7)C(F)(F)F,0
"4-[(2S,5R)-3-methyl-2-phenyl-6-[4-(trifluoromethyl)phenyl]-3-azatricyclo[5.1.1.01,5]nonan-7-yl]benzonitrile",CN1C[C@@H]2C(C3(CC2(C3)[C@H]1C4=CC=CC=C4)C5=CC=C(C=C5)C#N)C6=CC=C(C=C6)C(F)(F)F,0
"4-[(2S,5R)-2,6-diphenyl-3-(pyridin-3-ylmethyl)-3-azatricyclo[5.1.1.01,5]nonan-7-yl]benzonitrile",C1[C@@H]2C(C3(CC2(C3)[C@H](N1CC4=CN=CC=C4)C5=CC=CC=C5)C6=CC=C(C=C6)C#N)C7=CC=CC=C7,0
"4-[(2S,5R)-3-(cyclohexylmethyl)-2,6-diphenyl-3-azatricyclo[5.1.1.01,5]nonan-7-yl]benzonitrile",C1CCC(CC1)CN2C[C@@H]3C(C4(CC3(C4)[C@H]2C5=CC=CC=C5)C6=CC=C(C=C6)C#N)C7=CC=CC=C7,0
AGELASINE (stereochemistry of diterpene unknown),CC1CCC2(C(C1(C)CC/C(=C/C[N+]3=CN(C4=C(N=CN=C43)N)C)/C)CCC=C2C)C.[Cl-],0
"(8S)-11-hydroxy-8-(2-hydroxyacetyl)-9,13-dimethyl-6-propyl-5,7-dioxapentacyclo[10.8.0.02,9.04,8.013,18]icosa-14,17-dien-16-one",CCCC1OC2CC3C4CCC5=CC(=O)C=CC5(C4C(CC3([C@@]2(O1)C(=O)CO)C)O)C,0
"(3S,8S)-6-[4-(dimethylamino)-3-hydroxy-6-methyloxan-2-yl]oxy-14-hydroxy-8-[(2S,5S)-5-hydroxy-4-methoxy-6-methyloxan-2-yl]oxy-5,7,9,12,13,15-hexamethyl-1,11-dioxaspiro[2.13]hexadecane-10,16-dione;phosphoric acid",CC1CC(C(C(O1)OC2C(C[C@]3(CO3)C(=O)C(C(C(C(OC(=O)C([C@H](C2C)O[C@@H]4CC([C@H](C(O4)C)O)OC)C)C)C)O)C)C)O)N(C)C.OP(=O)(O)O,0
(4S)-3-ethyl-4-[(3-methylimidazol-4-yl)methyl]oxolan-2-one;nitric acid,CCC1[C@@H](COC1=O)CC2=CN=CN2C.[N+](=O)(O)[O-],0
GlyTouCan:G69715PH,CC(=O)N1CCN(CC1)C2=CC=C(C=C2)OCC3CO[C@@](O3)(CN4C=CN=C4)C5=C(C=C(C=C5)Cl)Cl,0
"[(10S,13R,17S)-17-acetyl-10,13-dimethyl-3-oxo-2,6,7,8,9,11,12,14,15,16-decahydro-1H-cyclopenta[a]phenanthren-17-yl] hexanoate",CCCCCC(=O)O[C@]1(CCC2[C@]1(CCC3C2CCC4=CC(=O)CC[C@@]34C)C)C(=O)C,0
"[2-[(9R,10R,13S,17S)-6,9-difluoro-11,17-dihydroxy-10,13,16-trimethyl-3-oxo-6,7,8,11,12,14,15,16-octahydrocyclopenta[a]phenanthren-17-yl]-2-oxoethyl] 2,2-dimethylpropanoate",CC1CC2C3CC(C4=CC(=O)C=C[C@]4([C@]3(C(C[C@@]2([C@@]1(C(=O)COC(=O)C(C)(C)C)O)C)O)F)C)F,0
Epi-Ethynyl Estradiol,C[C@]12CCC3C(C1CC[C@@]2(C#C)O)CCC4=C3C=CC(=C4)O,0
"(6aR,9R,10aS)-N-[(2S,4S)-7-benzyl-2-hydroxy-4-methyl-5,8-dioxo-3-oxa-6,9-diazatricyclo[7.3.0.02,6]dodecan-4-yl]-7-methyl-6,6a,8,9,10,10a-hexahydro-4H-indolo[4,3-fg]quinoline-9-carboxamide;methanesulfonic acid",C[C@]1(C(=O)N2C(C(=O)N3CCCC3[C@@]2(O1)O)CC4=CC=CC=C4)NC(=O)[C@@H]5C[C@@H]6[C@@H](CC7=CNC8=CC=CC6=C78)N(C5)C.CS(=O)(=O)O,0
"(2S,17R,18S)-17-ethynyl-2,18-dimethyl-7-oxa-6-azapentacyclo[11.7.0.02,10.04,8.014,18]icosa-4(8),5,9-trien-17-ol",C[C@]12CCC3C(C1CC[C@]2(C#C)O)CCC4=CC5=C(C[C@@]34C)C=NO5,0
(E)-but-2-enedioic acid;2-[2-[(1S)-1-(4-chlorophenyl)-1-phenylethoxy]ethyl]-1-methylpyrrolidine,C[C@](C1=CC=CC=C1)(C2=CC=C(C=C2)Cl)OCCC3CCCN3C.C(=C/C(=O)O)\C(=O)O,0
"5-bromo-N-[(4S)-2-hydroxy-7-(2-methylpropyl)-5,8-dioxo-4-propan-2-yl-3-oxa-6,9-diazatricyclo[7.3.0.02,6]dodecan-4-yl]-7-methyl-6,6a,8,9-tetrahydro-4H-indolo[4,3-fg]quinoline-9-carboxamide;methanesulfonic acid",CC(C)CC1C(=O)N2CCCC2C3(N1C(=O)[C@@](O3)(C(C)C)NC(=O)C4CN(C5CC6=C(NC7=CC=CC(=C67)C5=C4)Br)C)O.CS(=O)(=O)O,0
"[(9S,10R,13R,17S)-9-fluoro-11-hydroxy-17-(2-hydroxyacetyl)-10,13,16-trimethyl-3-oxo-6,7,8,11,12,14,15,16-octahydrocyclopenta[a]phenanthren-17-yl] pentanoate",CCCCC(=O)O[C@]1(C(CC2[C@]1(CC([C@@]3(C2CCC4=CC(=O)C=C[C@]43C)F)O)C)C)C(=O)CO,0
"dimethyl (1R,4S,6S,11S)-12-acetyloxy-4,7-dihydroxy-6-[(2R,11S)-2-hydroxy-11-methyl-5,7,10-trioxatetracyclo[6.3.1.02,6.09,11]dodec-3-en-9-yl]-6-methyl-14-[(E)-2-methylbut-2-enoyl]oxy-3,9-dioxatetracyclo[6.6.1.01,5.011,15]pentadecane-4,11-dicarboxylate",C/C=C(\C)/C(=O)OC1CC([C@]2(COC3C2[C@@]14CO[C@@](C4[C@](C3O)(C)C56C7CC([C@@]5(O6)C)[C@@]8(C=COC8O7)O)(C(=O)OC)O)C(=O)OC)OC(=O)C,0
"(4aR,10aS)-4a,7-dimethyl-1,3,4,9,10,10a-hexahydrophenanthren-2-one",CC1=CC2=C(C=C1)[C@@]3(CCC(=O)C[C@@H]3CC2)C,0
"Deoxysappanone B 7,3'-dimethyl ether",COC1=CC2=C(C=C1)C(=O)C(CO2)CC3=CC(=C(C=C3)O)OC,0
"2,2-dimethylpropanoyloxymethyl 7-[[(2Z)-2-(2-amino-1,3-thiazol-4-yl)-2-methoxyiminoacetyl]amino]-3-[(Z)-2-(4-methyl-1,3-thiazol-5-yl)ethenyl]-8-oxo-5-thia-1-azabicyclo[4.2.0]oct-2-ene-2-carboxylate",CC1=C(SC=N1)/C=C\C2=C(N3C(C(C3=O)NC(=O)/C(=N\OC)/C4=CSC(=N4)N)SC2)C(=O)OCOC(=O)C(C)(C)C,0
CID 16667712,C1=CC(=CC=C1C2=C3C=CC(=C(C4=NC(=C(C5=CC=C([N-]5)C(=C6C=CC2=N6)C7=CC=C(C=C7)C(=O)O)C8=CC=C(C=C8)C(=O)O)C=C4)C9=CC=C(C=C9)C(=O)O)[N-]3)C(=O)O.[Cl-].[Mn+3],0
Carvedilol tartrate,COC1=CC=CC=C1OCCNCC(COC2=CC=CC3=C2C4=CC=CC=C4N3)O.C(C(C(=O)O)O)(C(=O)O)O,0
GW583340,CS(=O)(=O)CCNCC1=NC(=CS1)C2=CC3=C(C=C2)N=CN=C3NC4=CC(=C(C=C4)OCC5=CC(=CC=C5)F)Cl.Cl.Cl,0
2-(4-Aminophenyl)quinoline hydrochloride,C1=CC=C2C(=C1)C=CC(=N2)C3=CC=C(C=C3)N.Cl,0
O-2050,CC1=CC[C@@H]2[C@@H](C1)C3=C(C=C(C=C3OC2(C)C)CC#CCCCNS(=O)(=O)C)O,0
Mrs2578,C1=CC(=CC(=C1)N=C=S)NC(=S)NCCCCNC(=S)NC2=CC(=CC=C2)N=C=S,0
"[3-acetyloxy-6-(1,3-benzodioxol-5-yl)-3,6-dihydro-2H-pyran-2-yl]methyl acetate",CC(=O)OCC1C(C=CC(O1)C2=CC3=C(C=C2)OCO3)OC(=O)C,0
"4-(3,4-dichlorophenyl)-N-methyl-1,2,3,4-tetrahydronaphthalen-1-amine hydrochloride",CNC1CCC(C2=CC=CC=C12)C3=CC(=C(C=C3)Cl)Cl.Cl,0
Sanguinarine sulfate,C[N+]1=C2C(=C3C=CC4=C(C3=C1)OCO4)C=CC5=CC6=C(C=C52)OCO6.OS(=O)(=O)[O-],0
"1H-1-Benzazepine-1-acetic acid, 3-[[(1S)-1-(ethoxycarbonyl)-3-phenylpropyl]amino]-2,3,4,5-tetrahydro-2-oxo-, hydrochloride (1:1), (3S)-rel-",CCOC(=O)C(CCC1=CC=CC=C1)NC2CCC3=CC=CC=C3N(C2=O)CC(=O)O.Cl,0
"[(2S,3S,6S)-3-(4-methylphenoxy)-6-(2-phenylethynyl)-3,6-dihydro-2H-pyran-2-yl]methyl (4Z)-4-methoxyiminopentanoate",CC1=CC=C(C=C1)O[C@H]2C=C[C@H](O[C@H]2COC(=O)CC/C(=N\OC)/C)C#CC3=CC=CC=C3,0
"[(2S,3S,6R)-3-acetyloxy-6-[(2Z)-2-[(1S)-1-[3-(2,4,6-trimethylphenyl)-1,2-oxazol-5-yl]ethoxy]iminoethyl]-3,6-dihydro-2H-pyran-2-yl]methyl acetate",CC1=CC(=C(C(=C1)C)C2=NOC(=C2)[C@H](C)O/N=C\C[C@@H]3C=C[C@@H]([C@@H](O3)COC(=O)C)OC(=O)C)C,0
"[(2R,3S,6S)-3-acetyloxy-6-[(2Z)-2-[2-[(2S,3S,6R)-3-(4-methoxyphenoxy)-2-(propylcarbamoyloxymethyl)-3,6-dihydro-2H-pyran-6-yl]ethoxyimino]ethyl]-3,6-dihydro-2H-pyran-2-yl]methyl acetate",CCCNC(=O)OC[C@H]1[C@H](C=C[C@H](O1)CCO/N=C\C[C@H]2C=C[C@@H]([C@H](O2)COC(=O)C)OC(=O)C)OC3=CC=C(C=C3)OC,0
"[(2S,3S,6R)-3-acetyloxy-6-[(2Z)-2-[[(2S,3S,6S)-3-(4-methoxyphenoxy)-6-phenyl-3,6-dihydro-2H-pyran-2-yl]methoxyimino]ethyl]-3,6-dihydro-2H-pyran-2-yl]methyl acetate",CC(=O)OC[C@H]1[C@H](C=C[C@H](O1)C/C=N\OC[C@H]2[C@H](C=C[C@H](O2)C3=CC=CC=C3)OC4=CC=C(C=C4)OC)OC(=O)C,0
"[(2S,3S,6S)-3-(4-methylphenoxy)-6-(2-phenylethynyl)-3,6-dihydro-2H-pyran-2-yl]methyl (4E)-4-[(2S,3R,4S,5S,6R)-3,4,5-triacetyloxy-6-(acetyloxymethyl)oxan-2-yl]oxyiminopentanoate",CC1=CC=C(C=C1)O[C@H]2C=C[C@H](O[C@H]2COC(=O)CC/C(=N/O[C@H]3[C@@H]([C@H]([C@H]([C@H](O3)COC(=O)C)OC(=O)C)OC(=O)C)OC(=O)C)/C)C#CC4=CC=CC=C4,0
"[(2S,3S,6S)-3-(4-methylphenoxy)-6-(2-phenylethynyl)-3,6-dihydro-2H-pyran-2-yl]methyl (4Z)-4-[(1S)-1-[1-[(2S)-1-hydroxy-3-phenylpropan-2-yl]triazol-4-yl]ethoxy]iminopentanoate",CC1=CC=C(C=C1)O[C@H]2C=C[C@H](O[C@H]2COC(=O)CC/C(=N\O[C@@H](C)C3=CN(N=N3)[C@@H](CC4=CC=CC=C4)CO)/C)C#CC5=CC=CC=C5,0
"[(2S,3S,6S)-3-(4-methylphenoxy)-6-(2-phenylethynyl)-3,6-dihydro-2H-pyran-2-yl]methyl (4Z)-4-[(1S)-1-[1-[(3S,4S)-4-hydroxyoxolan-3-yl]triazol-4-yl]ethoxy]iminopentanoate",CC1=CC=C(C=C1)O[C@H]2C=C[C@H](O[C@H]2COC(=O)CC/C(=N\O[C@@H](C)C3=CN(N=N3)[C@H]4COC[C@H]4O)/C)C#CC5=CC=CC=C5,0
"[(2S,3S,6S)-3-(4-methylphenoxy)-6-(2-phenylethynyl)-3,6-dihydro-2H-pyran-2-yl]methyl (4Z)-4-[(2S)-3-(furan-2-ylmethoxy)-2-hydroxypropoxy]iminopentanoate",CC1=CC=C(C=C1)O[C@H]2C=C[C@H](O[C@H]2COC(=O)CC/C(=N\OC[C@H](COCC3=CC=CO3)O)/C)C#CC4=CC=CC=C4,0
"[(2S,3S,6S)-3-(4-methylphenoxy)-6-(2-phenylethynyl)-3,6-dihydro-2H-pyran-2-yl]methyl (4Z)-4-[[(2R,3R,6R)-2-(hydroxymethyl)-6-prop-2-enyl-3,6-dihydro-2H-pyran-3-yl]oxyimino]pentanoate",CC1=CC=C(C=C1)O[C@H]2C=C[C@H](O[C@H]2COC(=O)CC/C(=N\O[C@@H]3C=C[C@H](O[C@@H]3CO)CC=C)/C)C#CC4=CC=CC=C4,0
"[(2S,3S,6S)-3-(4-methylphenoxy)-6-(2-phenylethynyl)-3,6-dihydro-2H-pyran-2-yl]methyl (4Z)-4-[(2R)-2-[(3aS,5R,6R,6aS)-6-hydroxy-2,2-dimethyl-3a,5,6,6a-tetrahydrofuro[2,3-d][1,3]dioxol-5-yl]-2-hydroxyethoxy]iminopentanoate",CC1=CC=C(C=C1)O[C@H]2C=C[C@H](O[C@H]2COC(=O)CC/C(=N\OC[C@H]([C@@H]3[C@H]([C@H]4[C@@H](O3)OC(O4)(C)C)O)O)/C)C#CC5=CC=CC=C5,0
"[(2S,3S,6S)-3-(4-methylphenoxy)-6-(2-phenylethynyl)-3,6-dihydro-2H-pyran-2-yl]methyl (4Z)-4-[(2S)-1-(6,7-dimethyl-3,4-dihydro-2H-1,5-naphthyridin-1-yl)propan-2-yl]oxyiminopentanoate",CC1=CC=C(C=C1)O[C@H]2C=C[C@H](O[C@H]2COC(=O)CC/C(=N\O[C@@H](C)CN3CCCC4=C3C=C(C(=N4)C)C)/C)C#CC5=CC=CC=C5,0
"[(2S,3S,6S)-3-(4-methylphenoxy)-6-(2-phenylethynyl)-3,6-dihydro-2H-pyran-2-yl]methyl (4Z)-4-[(2S)-1-(2,3-dimethyl-6,7,8,9-tetrahydropyrido[3,2-b]azepin-5-yl)propan-2-yl]oxyiminopentanoate",CC1=CC=C(C=C1)O[C@H]2C=C[C@H](O[C@H]2COC(=O)CC/C(=N\O[C@@H](C)CN3CCCCC4=C3C=C(C(=N4)C)C)/C)C#CC5=CC=CC=C5,0
"[(2S,3S,6S)-3-(4-methylphenoxy)-6-(2-phenylethynyl)-3,6-dihydro-2H-pyran-2-yl]methyl (4E)-4-[2-[(2S,3S,6R)-3-acetyloxy-2-(acetyloxymethyl)-3,6-dihydro-2H-pyran-6-yl]ethoxyimino]pentanoate",CC1=CC=C(C=C1)O[C@H]2C=C[C@H](O[C@H]2COC(=O)CC/C(=N/OCC[C@@H]3C=C[C@@H]([C@@H](O3)COC(=O)C)OC(=O)C)/C)C#CC4=CC=CC=C4,0
"[(2S,3S,6S)-3-(4-methylphenoxy)-6-(2-phenylethynyl)-3,6-dihydro-2H-pyran-2-yl]methyl (4E)-4-[2-[(2S,3S,6R)-3-(4-methoxyphenoxy)-2-(propylcarbamoyloxymethyl)-3,6-dihydro-2H-pyran-6-yl]ethoxyimino]pentanoate",CCCNC(=O)OC[C@H]1[C@H](C=C[C@H](O1)CCO/N=C(\C)/CCC(=O)OC[C@H]2[C@H](C=C[C@H](O2)C#CC3=CC=CC=C3)OC4=CC=C(C=C4)C)OC5=CC=C(C=C5)OC,0
"[(2S,3S,6R)-6-[2-[(E)-4-(2,3-dimethyl-6,7,8,9-tetrahydropyrido[3,2-b]azepin-5-yl)butan-2-ylideneamino]oxyethyl]-3-(4-methoxyphenoxy)-3,6-dihydro-2H-pyran-2-yl]methyl N-propylcarbamate",CCCNC(=O)OC[C@H]1[C@H](C=C[C@H](O1)CCO/N=C(\C)/CCN2CCCCC3=C2C=C(C(=N3)C)C)OC4=CC=C(C=C4)OC,0
"[(2S,3S,6S)-3-(4-methoxyphenoxy)-6-phenyl-3,6-dihydro-2H-pyran-2-yl]methyl (4E)-4-[(2S,3R,4S,5S,6R)-3,4,5-triacetyloxy-6-(acetyloxymethyl)oxan-2-yl]oxyiminopentanoate",C/C(=N\O[C@H]1[C@@H]([C@H]([C@H]([C@H](O1)COC(=O)C)OC(=O)C)OC(=O)C)OC(=O)C)/CCC(=O)OC[C@H]2[C@H](C=C[C@H](O2)C3=CC=CC=C3)OC4=CC=C(C=C4)OC,0
"[(2S,3S,6S)-3-(4-methoxyphenoxy)-6-phenyl-3,6-dihydro-2H-pyran-2-yl]methyl (4Z)-4-[(2R,3R)-2,4-dimethyl-3-phenylmethoxypentoxy]iminopentanoate",C[C@H](CO/N=C(/C)\CCC(=O)OC[C@H]1[C@H](C=C[C@H](O1)C2=CC=CC=C2)OC3=CC=C(C=C3)OC)[C@@H](C(C)C)OCC4=CC=CC=C4,0
"[(2S,3S,6S)-3-(4-methoxyphenoxy)-6-phenyl-3,6-dihydro-2H-pyran-2-yl]methyl (4Z)-4-[(1S)-1-[3-(2,4,6-trimethylphenyl)-1,2-oxazol-5-yl]ethoxy]iminopentanoate",CC1=CC(=C(C(=C1)C)C2=NOC(=C2)[C@H](C)O/N=C(/C)\CCC(=O)OC[C@H]3[C@H](C=C[C@H](O3)C4=CC=CC=C4)OC5=CC=C(C=C5)OC)C,0
"[(2S,3S,6S)-3-(4-methoxyphenoxy)-6-phenyl-3,6-dihydro-2H-pyran-2-yl]methyl (4Z)-4-[(1S)-1-[1-[(2S)-1-hydroxy-3-phenylpropan-2-yl]triazol-4-yl]ethoxy]iminopentanoate",C[C@@H](C1=CN(N=N1)[C@@H](CC2=CC=CC=C2)CO)O/N=C(/C)\CCC(=O)OC[C@H]3[C@H](C=C[C@H](O3)C4=CC=CC=C4)OC5=CC=C(C=C5)OC,0
"[(2S,3S,6S)-3-(4-methoxyphenoxy)-6-phenyl-3,6-dihydro-2H-pyran-2-yl]methyl (4Z)-4-[(1S)-1-[1-[(3S,4S)-4-hydroxyoxolan-3-yl]triazol-4-yl]ethoxy]iminopentanoate",C[C@@H](C1=CN(N=N1)[C@H]2COC[C@H]2O)O/N=C(/C)\CCC(=O)OC[C@H]3[C@H](C=C[C@H](O3)C4=CC=CC=C4)OC5=CC=C(C=C5)OC,0
"[(2S,3S,6S)-3-(4-methoxyphenoxy)-6-phenyl-3,6-dihydro-2H-pyran-2-yl]methyl (4Z)-4-[(2S)-3-(furan-2-ylmethoxy)-2-hydroxypropoxy]iminopentanoate",C/C(=N/OC[C@H](COCC1=CC=CO1)O)/CCC(=O)OC[C@H]2[C@H](C=C[C@H](O2)C3=CC=CC=C3)OC4=CC=C(C=C4)OC,0
"[(2S,3S,6S)-3-(4-methoxyphenoxy)-6-phenyl-3,6-dihydro-2H-pyran-2-yl]methyl (4Z)-4-[[(2R,3R,6R)-2-(hydroxymethyl)-6-prop-2-enyl-3,6-dihydro-2H-pyran-3-yl]oxyimino]pentanoate",C/C(=N/O[C@@H]1C=C[C@H](O[C@@H]1CO)CC=C)/CCC(=O)OC[C@H]2[C@H](C=C[C@H](O2)C3=CC=CC=C3)OC4=CC=C(C=C4)OC,0
"[(2S,3S,6S)-3-(4-methoxyphenoxy)-6-phenyl-3,6-dihydro-2H-pyran-2-yl]methyl (4Z)-4-[(2R)-2-[(3aS,5R,6R,6aS)-6-hydroxy-2,2-dimethyl-3a,5,6,6a-tetrahydrofuro[2,3-d][1,3]dioxol-5-yl]-2-hydroxyethoxy]iminopentanoate",C/C(=N/OC[C@H]([C@@H]1[C@H]([C@H]2[C@@H](O1)OC(O2)(C)C)O)O)/CCC(=O)OC[C@H]3[C@H](C=C[C@H](O3)C4=CC=CC=C4)OC5=CC=C(C=C5)OC,0
"[(2S,3S,6S)-3-(4-methoxyphenoxy)-6-phenyl-3,6-dihydro-2H-pyran-2-yl]methyl (4Z)-4-[(2S)-1-(6,7-dimethyl-3,4-dihydro-2H-1,5-naphthyridin-1-yl)propan-2-yl]oxyiminopentanoate",CC1=CC2=C(CCCN2C[C@H](C)O/N=C(/C)\CCC(=O)OC[C@H]3[C@H](C=C[C@H](O3)C4=CC=CC=C4)OC5=CC=C(C=C5)OC)N=C1C,0
"[(2S,3S,6S)-3-(4-methoxyphenoxy)-6-phenyl-3,6-dihydro-2H-pyran-2-yl]methyl (4Z)-4-[(2S)-1-(2,3-dimethyl-6,7,8,9-tetrahydropyrido[3,2-b]azepin-5-yl)propan-2-yl]oxyiminopentanoate",CC1=CC2=C(CCCCN2C[C@H](C)O/N=C(/C)\CCC(=O)OC[C@H]3[C@H](C=C[C@H](O3)C4=CC=CC=C4)OC5=CC=C(C=C5)OC)N=C1C,0
"[(2S,3S,6S)-3-(4-methoxyphenoxy)-6-phenyl-3,6-dihydro-2H-pyran-2-yl]methyl (4E)-4-[2-[(2S,3S,6R)-3-acetyloxy-2-(acetyloxymethyl)-3,6-dihydro-2H-pyran-6-yl]ethoxyimino]pentanoate",C/C(=N\OCC[C@@H]1C=C[C@@H]([C@@H](O1)COC(=O)C)OC(=O)C)/CCC(=O)OC[C@H]2[C@H](C=C[C@H](O2)C3=CC=CC=C3)OC4=CC=C(C=C4)OC,0
"[(2S,3S,6S)-3-(4-methoxyphenoxy)-6-phenyl-3,6-dihydro-2H-pyran-2-yl]methyl (4E)-4-[2-[(2S,3S,6R)-3-(4-methoxyphenoxy)-2-(propylcarbamoyloxymethyl)-3,6-dihydro-2H-pyran-6-yl]ethoxyimino]pentanoate",CCCNC(=O)OC[C@H]1[C@H](C=C[C@H](O1)CCO/N=C(\C)/CCC(=O)OC[C@H]2[C@H](C=C[C@H](O2)C3=CC=CC=C3)OC4=CC=C(C=C4)OC)OC5=CC=C(C=C5)OC,0
"methyl (Z,5R,6S,7Z)-7-[(1S)-1-[1-[(3S,4S)-4-hydroxyoxolan-3-yl]triazol-4-yl]ethoxy]imino-5-methyl-6-[(4-methylphenyl)sulfonylamino]hept-3-enoate",CC1=CC=C(C=C1)S(=O)(=O)N[C@H](/C=N\O[C@@H](C)C2=CN(N=N2)[C@H]3COC[C@H]3O)[C@H](C)/C=C\CC(=O)OC,0
"(2S,3S,4Z)-4-[(2R,3R)-2,4-dimethyl-3-phenylmethoxypentoxy]imino-6-methoxy-2-(3-methoxyphenyl)-2,3-dihydrochromen-3-ol",C[C@H](CO/N=C/1\[C@@H]([C@@H](OC2=C1C=C(C=C2)OC)C3=CC(=CC=C3)OC)O)[C@@H](C(C)C)OCC4=CC=CC=C4,0
"(2S,3S,4Z)-6-methoxy-2-(3-methoxyphenyl)-4-[(1S)-1-[3-(2,4,6-trimethylphenyl)-1,2-oxazol-5-yl]ethoxy]imino-2,3-dihydrochromen-3-ol",CC1=CC(=C(C(=C1)C)C2=NOC(=C2)[C@H](C)O/N=C/3\[C@@H]([C@@H](OC4=C3C=C(C=C4)OC)C5=CC(=CC=C5)OC)O)C,0
"(2S,3S,4Z)-4-[(1S)-1-[1-[(3S,4S)-4-hydroxyoxolan-3-yl]triazol-4-yl]ethoxy]imino-6-methoxy-2-(3-methoxyphenyl)-2,3-dihydrochromen-3-ol",C[C@@H](C1=CN(N=N1)[C@H]2COC[C@H]2O)O/N=C/3\[C@@H]([C@@H](OC4=C3C=C(C=C4)OC)C5=CC(=CC=C5)OC)O,0
"(2S,3S,4Z)-4-[(2S)-3-(furan-2-ylmethoxy)-2-hydroxypropoxy]imino-6-methoxy-2-(3-methoxyphenyl)-2,3-dihydrochromen-3-ol",COC1=CC\2=C(C=C1)O[C@H]([C@H](/C2=N\OC[C@H](COCC3=CC=CO3)O)O)C4=CC(=CC=C4)OC,0
"(2R,3S,4E)-4-[(2R)-2-[(3aR,5S,6S,6aR)-6-hydroxy-2,2-dimethyl-3a,5,6,6a-tetrahydrofuro[2,3-d][1,3]dioxol-5-yl]-2-hydroxyethoxy]imino-6-methoxy-2-(3-methoxyphenyl)-2,3-dihydrochromen-3-ol",CC1(O[C@@H]2[C@H]([C@@H](O[C@@H]2O1)[C@@H](CO/N=C\3/[C@@H]([C@H](OC4=C3C=C(C=C4)OC)C5=CC(=CC=C5)OC)O)O)O)C,0
"(2S,3S,4Z)-4-[(2S)-1-(6,7-dimethyl-3,4-dihydro-2H-1,5-naphthyridin-1-yl)propan-2-yl]oxyimino-6-methoxy-2-(3-methoxyphenyl)-2,3-dihydrochromen-3-ol",CC1=CC2=C(CCCN2C[C@H](C)O/N=C/3\[C@@H]([C@@H](OC4=C3C=C(C=C4)OC)C5=CC(=CC=C5)OC)O)N=C1C,0
"(2S,3S,4Z)-4-[(2S)-1-(2,3-dimethyl-6,7,8,9-tetrahydropyrido[3,2-b]azepin-5-yl)propan-2-yl]oxyimino-6-methoxy-2-(3-methoxyphenyl)-2,3-dihydrochromen-3-ol",CC1=CC2=C(CCCCN2C[C@H](C)O/N=C/3\[C@@H]([C@@H](OC4=C3C=C(C=C4)OC)C5=CC(=CC=C5)OC)O)N=C1C,0
"[(2S,3S,6R)-3-acetyloxy-6-[2-[(E)-[(2R,3S)-3-hydroxy-6-methoxy-2-(3-methoxyphenyl)-2,3-dihydrochromen-4-ylidene]amino]oxyethyl]-3,6-dihydro-2H-pyran-2-yl]methyl acetate",CC(=O)OC[C@H]1[C@H](C=C[C@H](O1)CCO/N=C\2/[C@@H]([C@H](OC3=C2C=C(C=C3)OC)C4=CC(=CC=C4)OC)O)OC(=O)C,0
"[(2S,3S,6R)-6-[2-[(E)-[(2R,3S)-3-hydroxy-6-methoxy-2-(3-methoxyphenyl)-2,3-dihydrochromen-4-ylidene]amino]oxyethyl]-3-(4-methoxyphenoxy)-3,6-dihydro-2H-pyran-2-yl]methyl N-propylcarbamate",CCCNC(=O)OC[C@H]1[C@H](C=C[C@H](O1)CCO/N=C\2/[C@@H]([C@H](OC3=C2C=C(C=C3)OC)C4=CC(=CC=C4)OC)O)OC5=CC=C(C=C5)OC,0
"(2S,3S,4Z)-6-methoxy-4-[[(2S,3S,6S)-3-(4-methoxyphenoxy)-6-phenyl-3,6-dihydro-2H-pyran-2-yl]methoxyimino]-2-(3-methoxyphenyl)-2,3-dihydrochromen-3-ol",COC1=CC=C(C=C1)O[C@H]2C=C[C@H](O[C@H]2CO/N=C/3\[C@@H]([C@@H](OC4=C3C=C(C=C4)OC)C5=CC(=CC=C5)OC)O)C6=CC=CC=C6,0
"methyl (Z,5R,6S,7Z)-7-[(2R,3R)-2,4-dimethyl-3-phenylmethoxypentoxy]imino-5-methyl-6-[(4-methylphenyl)sulfonylamino]hept-3-enoate",CC1=CC=C(C=C1)S(=O)(=O)N[C@H](/C=N\OC[C@@H](C)[C@@H](C(C)C)OCC2=CC=CC=C2)[C@H](C)/C=C\CC(=O)OC,0
"methyl (Z,5R,6S,7Z)-5-methyl-6-[(4-methylphenyl)sulfonylamino]-7-[(1S)-1-[3-(2,4,6-trimethylphenyl)-1,2-oxazol-5-yl]ethoxy]iminohept-3-enoate",CC1=CC=C(C=C1)S(=O)(=O)N[C@H](/C=N\O[C@@H](C)C2=CC(=NO2)C3=C(C=C(C=C3C)C)C)[C@H](C)/C=C\CC(=O)OC,0
"methyl (Z,5R,6S,7Z)-7-[(1S)-1-[1-[(2S)-1-hydroxy-3-phenylpropan-2-yl]triazol-4-yl]ethoxy]imino-5-methyl-6-[(4-methylphenyl)sulfonylamino]hept-3-enoate",CC1=CC=C(C=C1)S(=O)(=O)N[C@H](/C=N\O[C@@H](C)C2=CN(N=N2)[C@@H](CC3=CC=CC=C3)CO)[C@H](C)/C=C\CC(=O)OC,0
"[(2S,3S,6S)-3-(4-methoxyphenoxy)-6-phenyl-3,6-dihydro-2H-pyran-2-yl]methyl (4Z)-4-[[(2S,3S,6S)-3-(4-methoxyphenoxy)-6-phenyl-3,6-dihydro-2H-pyran-2-yl]methoxyimino]pentanoate",C/C(=N/OC[C@H]1[C@H](C=C[C@H](O1)C2=CC=CC=C2)OC3=CC=C(C=C3)OC)/CCC(=O)OC[C@H]4[C@H](C=C[C@H](O4)C5=CC=CC=C5)OC6=CC=C(C=C6)OC,0
"methyl (Z,5R,6S,7Z)-7-[(2S)-3-(furan-2-ylmethoxy)-2-hydroxypropoxy]imino-5-methyl-6-[(4-methylphenyl)sulfonylamino]hept-3-enoate",CC1=CC=C(C=C1)S(=O)(=O)N[C@H](/C=N\OC[C@H](COCC2=CC=CO2)O)[C@H](C)/C=C\CC(=O)OC,0
"methyl (Z,5R,6S,7Z)-7-[[(2R,3R,6R)-2-(hydroxymethyl)-6-prop-2-enyl-3,6-dihydro-2H-pyran-3-yl]oxyimino]-5-methyl-6-[(4-methylphenyl)sulfonylamino]hept-3-enoate",CC1=CC=C(C=C1)S(=O)(=O)N[C@H](/C=N\O[C@@H]2C=C[C@H](O[C@@H]2CO)CC=C)[C@H](C)/C=C\CC(=O)OC,0
"methyl (Z,5R,6S,7Z)-7-[(2R)-2-[(3aS,5R,6R,6aS)-6-hydroxy-2,2-dimethyl-3a,5,6,6a-tetrahydrofuro[2,3-d][1,3]dioxol-5-yl]-2-hydroxyethoxy]imino-5-methyl-6-[(4-methylphenyl)sulfonylamino]hept-3-enoate",CC1=CC=C(C=C1)S(=O)(=O)N[C@H](/C=N\OC[C@H]([C@@H]2[C@H]([C@H]3[C@@H](O2)OC(O3)(C)C)O)O)[C@H](C)/C=C\CC(=O)OC,0
"methyl (Z,5R,6S,7Z)-7-[(2S)-1-(2,3-dimethyl-6,7,8,9-tetrahydropyrido[3,2-b]azepin-5-yl)propan-2-yl]oxyimino-5-methyl-6-[(4-methylphenyl)sulfonylamino]hept-3-enoate",CC1=CC=C(C=C1)S(=O)(=O)N[C@H](/C=N\O[C@@H](C)CN2CCCCC3=C2C=C(C(=N3)C)C)[C@H](C)/C=C\CC(=O)OC,0
"methyl (Z,5R,6S,7Z)-7-[2-[(2R,3S,6S)-3-acetyloxy-2-(acetyloxymethyl)-3,6-dihydro-2H-pyran-6-yl]ethoxyimino]-5-methyl-6-[(4-methylphenyl)sulfonylamino]hept-3-enoate",CC1=CC=C(C=C1)S(=O)(=O)N[C@H](/C=N\OCC[C@H]2C=C[C@@H]([C@H](O2)COC(=O)C)OC(=O)C)[C@H](C)/C=C\CC(=O)OC,0
"methyl (Z,5R,6S,7Z)-7-[2-[(2R,3S,6S)-3-(4-methoxyphenoxy)-2-(propylcarbamoyloxymethyl)-3,6-dihydro-2H-pyran-6-yl]ethoxyimino]-5-methyl-6-[(4-methylphenyl)sulfonylamino]hept-3-enoate",CCCNC(=O)OC[C@@H]1[C@H](C=C[C@@H](O1)CCO/N=C\[C@H]([C@H](C)/C=C\CC(=O)OC)NS(=O)(=O)C2=CC=C(C=C2)C)OC3=CC=C(C=C3)OC,0
"methyl (Z,5R,6S,7Z)-7-[[(2S,3S,6S)-3-(4-methoxyphenoxy)-6-phenyl-3,6-dihydro-2H-pyran-2-yl]methoxyimino]-5-methyl-6-[(4-methylphenyl)sulfonylamino]hept-3-enoate",CC1=CC=C(C=C1)S(=O)(=O)N[C@H](/C=N\OC[C@H]2[C@H](C=C[C@H](O2)C3=CC=CC=C3)OC4=CC=C(C=C4)OC)[C@H](C)/C=C\CC(=O)OC,0
"[(2S,3S,6R)-3-[(E)-4-(6,7-dimethyl-3,4-dihydro-2H-1,5-naphthyridin-1-yl)butan-2-ylideneamino]oxy-6-prop-2-enyl-3,6-dihydro-2H-pyran-2-yl]methanol",CC1=CC2=C(CCCN2CC/C(=N/O[C@H]3C=C[C@H](O[C@H]3CO)CC=C)/C)N=C1C,0
"[(2S,3S,6R)-6-[2-[(E)-4-(6,7-dimethyl-3,4-dihydro-2H-1,5-naphthyridin-1-yl)butan-2-ylideneamino]oxyethyl]-3-(4-methoxyphenoxy)-3,6-dihydro-2H-pyran-2-yl]methyl N-propylcarbamate",CCCNC(=O)OC[C@H]1[C@H](C=C[C@H](O1)CCO/N=C(\C)/CCN2CCCC3=C2C=C(C(=N3)C)C)OC4=CC=C(C=C4)OC,0
"[(2S,3S,6R)-3-[(E)-4-(2,3-dimethyl-6,7,8,9-tetrahydropyrido[3,2-b]azepin-5-yl)butan-2-ylideneamino]oxy-6-prop-2-enyl-3,6-dihydro-2H-pyran-2-yl]methanol",CC1=CC2=C(CCCCN2CC/C(=N/O[C@H]3C=C[C@H](O[C@H]3CO)CC=C)/C)N=C1C,0
"(E)-N-[(2S)-1-(6,7-dimethyl-3,4-dihydro-2H-1,5-naphthyridin-1-yl)propan-2-yl]oxy-4-(2,3-dimethyl-6,7,8,9-tetrahydropyrido[3,2-b]azepin-5-yl)butan-2-imine",CC1=CC2=C(CCCCN2CC/C(=N/O[C@@H](C)CN3CCCC4=C3C=C(C(=N4)C)C)/C)N=C1C,0
"[(2S,3S,6R)-3-acetyloxy-6-[2-[(E)-4-(2,3-dimethyl-6,7,8,9-tetrahydropyrido[3,2-b]azepin-5-yl)butan-2-ylideneamino]oxyethyl]-3,6-dihydro-2H-pyran-2-yl]methyl acetate",CC1=CC2=C(CCCCN2CC/C(=N/OCC[C@@H]3C=C[C@@H]([C@@H](O3)COC(=O)C)OC(=O)C)/C)N=C1C,0
"(1S,5S,13R,17R)-10-hydroxy-4,5,9,9,13,19,20-heptamethyl-24-oxahexacyclo[15.5.2.01,18.04,17.05,14.08,13]tetracos-15-en-23-one",CC1CC[C@]23CCC4([C@]5(CCC6[C@](C5C=C[C@]4(C2C1C)OC3=O)(CCC(C6(C)C)O)C)C)C,0
"(13S,14R)-4,4,10,13,14-pentamethyl-17-(6-methylhept-5-en-2-yl)-2,3,5,6,7,11,12,15,16,17-decahydro-1H-cyclopenta[a]phenanthren-3-ol",CC(CCC=C(C)C)C1CC[C@@]2([C@]1(CCC3=C2CCC4C3(CCC(C4(C)C)O)C)C)C,0
"(1S,4E,14R,18E,20E,27R)-22-ethyl-7,11,14,15-tetrahydroxy-6'-(2-hydroxypropyl)-5',6,8,10,12,14,16,28,29-nonamethylspiro[2,26-dioxabicyclo[23.3.1]nonacosa-4,18,20-triene-27,2'-oxane]-3,9,13-trione",CCC\1CCC2C([C@@H](C([C@]3(O2)CCC(C(O3)CC(C)O)C)C)OC(=O)/C=C/C(C(C(C(=O)C(C(C(C(=O)[C@](C(C(C/C=C/C=C1)C)O)(C)O)C)O)C)C)O)C)C,0
"(4aR,10aR)-6-methoxy-4a-methyl-1,3,4,9,10,10a-hexahydrophenanthren-2-one",C[C@@]12CCC(=O)C[C@H]1CCC3=C2C=C(C=C3)OC,0
"(4aR)-8-methoxy-4a-methyl-1,3,4,9,10,10a-hexahydrophenanthren-2-one",C[C@@]12CCC(=O)CC1CCC3=C2C=CC=C3OC,0
"[(1S,8S,12R)-13-acetyloxy-7-(furan-3-yl)-15-hydroxy-1,8,12,16,16-pentamethyl-5-oxo-3,6-dioxapentacyclo[9.8.0.02,4.02,8.012,17]nonadecan-19-yl] acetate",CC(=O)OC1CC2[C@](C3[C@@]1(C45C(O4)C(=O)OC([C@@]5(CC3)C)C6=COC=C6)C)(C(CC(C2(C)C)O)OC(=O)C)C,0
"(1S,4R,5E,7Z)-8-(hydroxymethyl)-4,11,11-trimethylbicyclo[7.2.0]undeca-5,7-diene-1,4-diol",C[C@]\1(CC[C@@]2(C(CC2(C)C)/C(=C/C=C1)/CO)O)O,0
"(1S,8S,12R,15R)-7-(furan-3-yl)-20-hydroxy-1,8,12,17,17-pentamethyl-3,6,14-trioxahexacyclo[9.9.0.02,4.02,8.012,18.013,15]icosane-5,16-dione",C[C@@]12CCC3[C@@]4(C(CC([C@]3(C15C(O5)C(=O)OC2C6=COC=C6)C)O)C(C(=O)[C@H]7C4O7)(C)C)C,0
"[(1S,8S,12R)-7-(furan-3-yl)-1,8,12,16,16-pentamethyl-5,15-dioxo-3,6-dioxapentacyclo[9.8.0.02,4.02,8.012,17]nonadecan-19-yl] acetate",CC(=O)OC1CC2[C@](CCC(=O)C2(C)C)(C3[C@@]1(C45C(O4)C(=O)OC([C@@]5(CC3)C)C6=COC=C6)C)C,0
"(13S)-16,17-dimethoxy-6-propan-2-yl-2,7,20-trioxapentacyclo[11.8.0.03,11.04,8.014,19]henicosa-3(11),4(8),9,14,16,18-hexaen-12-one",CC(C)C1CC2=C(O1)C=CC3=C2OC4COC5=CC(=C(C=C5[C@@H]4C3=O)OC)OC,0
"(2R,13R,14S,20S)-19-(furan-3-yl)-9,9,13,20-tetramethyl-4,8,15,18-tetraoxahexacyclo[11.9.0.02,7.02,10.014,16.014,20]docosane-5,12,17-trione",C[C@@]12CCC3[C@]([C@]14C(O4)C(=O)OC2C5=COC=C5)(C(=O)CC6[C@@]37COC(=O)CC7OC6(C)C)C,0
"[(5aR)-8-oxo-9-(3,4,5-trimethoxyphenyl)-5a,6,8a,9-tetrahydro-5H-[2]benzofuro[5,6-f][1,3]benzodioxol-5-yl] acetate",CC(=O)OC1[C@H]2COC(=O)C2C(C3=CC4=C(C=C13)OCO4)C5=CC(=C(C(=C5)OC)OC)OC,0
Hypolide;(+)-Triptophenolide,CC(C)C1=C(C2=C(C=C1)[C@]3(CCC4=C(C3CC2)COC4=O)C)O,0
"(4aR,6bS,12aR)-10-acetyloxy-1,2,6a,6b,9,9,12a-heptamethyl-13-oxo-1,2,3,4,5,6,6a,7,8,8a,10,11,12,14b-tetradecahydropicene-4a-carboxylic acid",CC1CC[C@]2(CCC3(C(=CC(=O)C4[C@@]3(CCC5[C@]4(CCC(C5(C)C)OC(=O)C)C)C)C2C1C)C)C(=O)O,0
"5-[(6aR)-3-(1,3-benzodioxol-5-yl)-1,3,3a,4,6,6a-hexahydrofuro[3,4-c]furan-6-yl]-1,3-benzodioxole",C1[C@H]2C(COC2C3=CC4=C(C=C3)OCO4)C(O1)C5=CC6=C(C=C5)OCO6,0
"(E)-4-[(2R)-12-acetyloxy-8,21,21-trimethyl-5-(3-methylbut-2-enyl)-8-(4-methylpent-3-enyl)-14,18-dioxo-3,7,20-trioxahexacyclo[15.4.1.02,15.02,19.04,13.06,11]docosa-4,6(11),9,12,15-pentaen-19-yl]-2-methylbut-2-enoic acid",CC(=CCCC1(C=CC2=C(O1)C(=C3C(=C2OC(=O)C)C(=O)C4=CC5CC6[C@]4(O3)C(C5=O)(OC6(C)C)C/C=C(\C)/C(=O)O)CC=C(C)C)C)C,0
"[(3E,9R)-4,11,11-trimethyl-8-methylidene-5-bicyclo[7.2.0]undec-3-enyl] acetate",C/C/1=C\CC2[C@@H](CC2(C)C)C(=C)CCC1OC(=O)C,0
"(3R)-5-[(5S,8aS)-5-(hydroxymethyl)-5,8a-dimethyl-2-methylidene-3,4,4a,6,7,8-hexahydro-1H-naphthalen-1-yl]-3-methylpent-1-en-3-ol",C[C@@]1(CCC[C@@]2(C1CCC(=C)C2CC[C@](C)(C=C)O)C)CO,0
"[4-[(3R)-3-hydroxy-3-methylpent-4-enyl]-4a,8,8-trimethyl-3-methylidene-2,4,5,6,7,8a-hexahydro-1H-naphthalen-1-yl] acetate",CC(=O)OC1CC(=C)C(C2(C1C(CCC2)(C)C)C)CC[C@](C)(C=C)O,0
"4-[(3R)-3-hydroxy-3-methylpent-4-enyl]-4a,8,8-trimethyl-3-methylidene-2,4,5,6,7,8a-hexahydro-1H-naphthalen-1-ol",CC1(CCCC2(C1C(CC(=C)C2CC[C@](C)(C=C)O)O)C)C,0
"(4R,4aR)-4-[2-(furan-3-yl)ethyl]-4-hydroxy-3,4a,8,8-tetramethyl-5,6,7,8a-tetrahydronaphthalen-1-one",CC1=CC(=O)C2[C@]([C@]1(CCC3=COC=C3)O)(CCCC2(C)C)C,0
"(12aS)-2,3,9-trimethoxy-8-(3-methylbut-2-enyl)-6a,12a-dihydro-6H-chromeno[3,4-b]chromen-12-one",CC(=CCC1=C(C=CC2=C1OC3COC4=CC(=C(C=C4[C@@H]3C2=O)OC)OC)OC)C,0
"[(4bR,10aR,12aS)-1-(furan-3-yl)-8,10-dihydroxy-4b,7,7,10a,12a-pentamethyl-3-oxo-1,5,6,6a,8,9,10,10b,11,12-decahydronaphtho[2,1-f]isochromen-5-yl] acetate",CC(=O)OC1CC2[C@](C3[C@@]1(C4=CC(=O)OC([C@]4(CC3)C)C5=COC=C5)C)(C(CC(C2(C)C)O)O)C,0
"methyl 2-[(1R,8R,12S)-5-acetyloxy-13-(furan-3-yl)-6,6,8,12-tetramethyl-17-methylidene-15-oxo-2,14-dioxatetracyclo[7.7.1.01,12.03,8]heptadecan-7-yl]acetate",CC(=O)OC1CC2[C@@](C3CC[C@]4(C(OC(=O)C[C@]4(C3=C)O2)C5=COC=C5)C)(C(C1(C)C)CC(=O)OC)C,0
"methyl (1S,8S,12R)-13,15-diacetyloxy-19-hydroxy-1,8,12,16,16-pentamethyl-5-oxo-3,6-dioxapentacyclo[9.8.0.02,4.02,8.012,17]nonadecane-7-carboxylate",CC(=O)OC1CC(C(C2[C@@]1(C3CC[C@]4(C(OC(=O)C5C4([C@@]3(C(C2)O)C)O5)C(=O)OC)C)C)(C)C)OC(=O)C,0
"[(1S,3Z,7S,10R,15S,19R)-18-acetyloxy-6-(furan-3-yl)-9,19,20-trimethoxy-3-(1-methoxy-2-methylpropylidene)-16-(2-methoxy-2-oxoethyl)-7,12,15,17-tetramethyl-4-oxo-5,11,13,21-tetraoxaheptacyclo[10.8.1.114,17.01,10.02,7.010,15.014,19]docosan-8-yl] 2-methylpropanoate",CC(C)/C(=C/1\C2[C@](C(C([C@@]34[C@@]25C([C@@]6(C(C7(CC6([C@@]3(C7CC(=O)OC)C)OC(O4)(O5)C)C)OC(=O)C)OC)OC)OC)OC(=O)C(C)C)(C(OC1=O)C8=COC=C8)C)/OC,0
"methyl (1S,4aR)-7-hydroxy-1,4a-dimethyl-8-propan-2-yl-2,3,4,9,10,10a-hexahydrophenanthrene-1-carboxylate",CC(C)C1=C(C=CC2=C1CCC3[C@]2(CCC[C@]3(C)C(=O)OC)C)O,0
"N-[(3R,4S,5Z,11S,12S,13Z)-11-methoxy-4,12-dimethyl-8,16-dioxo-1,9-dioxacyclohexadeca-5,13-dien-3-yl]-4-methylbenzenesulfonamide",C[C@H]1/C=C\CC(=O)OC[C@H]([C@H](/C=C\CC(=O)OC[C@@H]1NS(=O)(=O)C2=CC=C(C=C2)C)C)OC,0
"[(2S,3S,6S)-3-(4-methoxyphenoxy)-6-phenyl-3,6-dihydro-2H-pyran-2-yl]methyl (4Z)-4-methoxyiminopentanoate",C/C(=N/OC)/CCC(=O)OC[C@H]1[C@H](C=C[C@H](O1)C2=CC=CC=C2)OC3=CC=C(C=C3)OC,0
"[(2S,3S,6S)-3-(4-methoxyphenoxy)-6-phenyl-3,6-dihydro-2H-pyran-2-yl]methyl N-propylcarbamate",CCCNC(=O)OC[C@H]1[C@H](C=C[C@H](O1)C2=CC=CC=C2)OC3=CC=C(C=C3)OC,0
"[(2S,3S,6R)-3-(4-methylphenoxy)-6-prop-2-enyl-3,6-dihydro-2H-pyran-2-yl]methyl N-(naphthalen-1-ylmethyl)carbamate",CC1=CC=C(C=C1)O[C@H]2C=C[C@H](O[C@H]2COC(=O)NCC3=CC=CC4=CC=CC=C43)CC=C,0
"N-[(3R,4S,5Z,11R,12S,13Z)-4,12-dimethyl-11-[(4-methylphenyl)sulfonylamino]-8,16-dioxo-1,9-dioxacyclohexadeca-5,13-dien-3-yl]-4-methylbenzenesulfonamide",C[C@@H]/1[C@H](COC(=O)C/C=C\[C@@H]([C@H](COC(=O)C/C=C1)NS(=O)(=O)C2=CC=C(C=C2)C)C)NS(=O)(=O)C3=CC=C(C=C3)C,0
"(3S,7Z,9R,10S,17R,18S)-3-benzyl-10,18-dimethoxy-9,17-dimethyl-1,12-dioxa-4-azacyclononadec-7-ene-2,5,13-trione",C[C@@H]1CCCC(=O)OC[C@H]([C@@H](/C=C\CC(=O)N[C@H](C(=O)OC[C@H]1OC)CC2=CC=CC=C2)C)OC,0
"N-[(3R,4S,5Z,11R,12S,13Z)-11-methoxy-4,12-dimethyl-8,16-dioxo-1,9-dioxacyclohexadeca-5,13-dien-3-yl]-4-methylbenzenesulfonamide",C[C@H]1/C=C\CC(=O)OC[C@@H]([C@H](/C=C\CC(=O)OC[C@@H]1NS(=O)(=O)C2=CC=C(C=C2)C)C)OC,0
"N-[(3R,4S,5Z,11R,12S)-11-methoxy-4,12-dimethyl-8,16-dioxo-1,9-dioxacyclohexadec-5-en-3-yl]-4-methylbenzenesulfonamide",C[C@H]1CCCC(=O)OC[C@@H]([C@H](/C=C\CC(=O)OC[C@@H]1OC)C)NS(=O)(=O)C2=CC=C(C=C2)C,0
"(3S,7Z,9S,10R,15Z,17S,18R)-3-benzyl-10,18-dimethoxy-9,17-dimethyl-1,12-dioxa-4-azacyclononadeca-7,15-diene-2,5,13-trione",C[C@H]1/C=C\CC(=O)N[C@H](C(=O)OC[C@@H]([C@H](/C=C\CC(=O)OC[C@@H]1OC)C)OC)CC2=CC=CC=C2,0
"N-[(3R,4R,5Z,11S,12R,13Z)-4,12-dimethyl-11-[(4-methylphenyl)sulfonylamino]-8,16-dioxo-1,9-dioxacyclohexadeca-5,13-dien-3-yl]-4-methylbenzenesulfonamide",C[C@H]/1[C@@H](COC(=O)C/C=C\[C@H]([C@H](COC(=O)C/C=C1)NS(=O)(=O)C2=CC=C(C=C2)C)C)NS(=O)(=O)C3=CC=C(C=C3)C,0
"N-[(3S,7Z,9R,10R,14R,15Z,17S,18R)-18-methoxy-3,9,17-trimethyl-2,5,13-trioxo-14-phenylmethoxy-1,12-dioxa-4-azacyclononadeca-7,15-dien-10-yl]-4-methylbenzenesulfonamide",C[C@@H]1/C=C\CC(=O)N[C@H](C(=O)OC[C@@H]([C@H](/C=C\[C@H](C(=O)OC[C@@H]1NS(=O)(=O)C2=CC=C(C=C2)C)OCC3=CC=CC=C3)C)OC)C,0
"N-[(3S,7Z,9R,10R,15Z,17S,18R)-18-methoxy-3,9,17-trimethyl-2,5,13-trioxo-1,12-dioxa-4-azacyclononadeca-7,15-dien-10-yl]-4-methylbenzenesulfonamide",C[C@@H]1/C=C\CC(=O)N[C@H](C(=O)OC[C@@H]([C@H](/C=C\CC(=O)OC[C@@H]1NS(=O)(=O)C2=CC=C(C=C2)C)C)OC)C,0
"4-methyl-N-[(4S,7Z,9R,10S,15Z,17S)-4,9,17-trimethyl-2,5,13-trioxo-1,12-dioxa-3-azacyclooctadeca-7,15-dien-10-yl]benzenesulfonamide",C[C@@H]/1COC(=O)N[C@H](C(=O)C/C=C\[C@H]([C@@H](COC(=O)C/C=C1)NS(=O)(=O)C2=CC=C(C=C2)C)C)C,0
"methyl 4-[[(1R,2R)-2-butylcyclopropyl]-[[4-(trifluoromethyl)benzoyl]amino]methyl]benzoate",CCCC[C@@H]1C[C@H]1C(C2=CC=C(C=C2)C(=O)OC)NC(=O)C3=CC=C(C=C3)C(F)(F)F,0
"N-[(3R,6S,11Z,13S,14R)-3-benzyl-6,13-dimethyl-2,5,9-trioxo-1,8-dioxa-4-azacyclopentadec-11-en-14-yl]-4-methylbenzenesulfonamide",C[C@H]1COC(=O)C/C=C\[C@@H]([C@H](COC(=O)[C@H](NC1=O)CC2=CC=CC=C2)NS(=O)(=O)C3=CC=C(C=C3)C)C,0
"N-[(1R,6Z,8R,9R,14Z,16R,17R,20S)-20-hydroxy-8,16-dimethyl-4,12-dioxo-3,11,21-trioxabicyclo[15.3.1]henicosa-6,14,18-trien-9-yl]-4-methylbenzenesulfonamide",C[C@@H]1/C=C\CC(=O)OC[C@@H]2[C@H](C=C[C@@H](O2)[C@@H](/C=C\CC(=O)OC[C@@H]1NS(=O)(=O)C3=CC=C(C=C3)C)C)O,0
"N-[(3R,4Z,10R,11S,12Z)-3,11-dimethyl-7,15-dioxo-1,8-dioxacyclopentadeca-4,12-dien-10-yl]-4-methylbenzenesulfonamide",C[C@H]/1COC(=O)C/C=C\[C@@H]([C@H](COC(=O)C/C=C1)NS(=O)(=O)C2=CC=C(C=C2)C)C,0
"[(10S,13S)-17-acetyl-10,13-dimethyl-3-oxo-1,2,6,7,8,9,11,12,14,15,16,17-dodecahydrocyclopenta[a]phenanthren-11-yl] acetate",CC(=O)C1CCC2[C@@]1(CC(C3C2CCC4=CC(=O)CC[C@@]34C)OC(=O)C)C,0
"(4aS)-5,6-dihydroxy-1,1-dimethyl-7-propan-2-yl-2,3,4,9,10,10a-hexahydrophenanthrene-4a-carboxylic acid",CC(C)C1=C(C(=C2C(=C1)CCC3[C@]2(CCCC3(C)C)C(=O)O)O)O,0
"[(1S,2S,8S,12R)-7-(furan-3-yl)-15-hydroxy-1,8,12,16,16-pentamethyl-5-oxo-3,6-dioxapentacyclo[9.8.0.02,4.02,8.012,17]nonadecan-19-yl] acetate",CC(=O)OC1CC2[C@@](CCC(C2(C)C)O)(C3[C@@]1([C@@]45C(O4)C(=O)OC([C@@]5(CC3)C)C6=COC=C6)C)C,0
"methyl 2-[(1S,5R)-6-(furan-3-yl)-1,5,15,15-tetramethyl-8,14,17-trioxo-7-oxatetracyclo[11.3.1.02,11.05,10]heptadeca-2(11),9-dien-16-yl]acetate",C[C@@]12CCC3=C(C1=CC(=O)OC2C4=COC=C4)CC5C(=O)[C@]3(C(C(C5=O)(C)C)CC(=O)OC)C,0
"[(8aS)-8-[2-(4-hydroxy-6-oxooxan-2-yl)ethyl]-7-methyl-1,2,3,7,8,8a-hexahydronaphthalen-1-yl] 2-methylbutanoate",CCC(C)C(=O)OC1CCC=C2[C@@H]1C(C(C=C2)C)CCC3CC(CC(=O)O3)O,0
"[2-[(5S,10R,13R,17R)-3,17-dihydroxy-10,13-dimethyl-11-oxo-2,3,4,5,6,7,8,9,12,14,15,16-dodecahydro-1H-cyclopenta[a]phenanthren-17-yl]-2-oxoethyl] acetate",CC(=O)OCC(=O)[C@]1(CCC2[C@]1(CC(=O)C3C2CC[C@@H]4[C@]3(CCC(C4)O)C)C)O,0
"[(1S,8S,12R)-7-(furan-3-yl)-15-hydroxy-1,8,12,16,16-pentamethyl-5-oxo-3,6-dioxapentacyclo[9.8.0.02,4.02,8.012,17]nonadecan-19-yl] acetate",CC(=O)OC1CC2[C@@](CCC(C2(C)C)O)(C3[C@@]1(C45C(O4)C(=O)OC([C@@]5(CC3)C)C6=COC=C6)C)C,0
"[(2R,3R)-3-[(3-formamido-2-hydroxybenzoyl)amino]-2,6-dimethyl-4,9-dioxo-8-pentyl-1,5-dioxonan-7-yl] 3-methylbutanoate",CCCCCC1C(C(OC(=O)[C@@H]([C@H](OC1=O)C)NC(=O)C2=C(C(=CC=C2)NC=O)O)C)OC(=O)CC(C)C,0
"methyl 2-[2-[(4aS)-4-(furan-3-yl)-4a-methyl-8-methylidene-2-oxo-4,5,6,7-tetrahydro-1aH-oxireno[2,3-d]isochromen-7-yl]-2,6,6-trimethyl-5-oxocyclohex-3-en-1-yl]acetate",C[C@@]12CCC(C(=C)C13C(O3)C(=O)OC2C4=COC=C4)C5(C=CC(=O)C(C5CC(=O)OC)(C)C)C,0
"methyl (2R,3R,6R)-4-benzoyl-3-[(4-methoxyphenyl)methyl]-10-(pyrrolidine-1-carbonyl)-9-[[6-(trifluoromethyl)-3-pyridinyl]methyl]-4,9-diazatricyclo[6.3.0.02,6]undeca-1(8),10-diene-3-carboxylate",COC1=CC=C(C=C1)C[C@@]2([C@@H]3[C@@H](CC4=C3C=C(N4CC5=CN=C(C=C5)C(F)(F)F)C(=O)N6CCCC6)CN2C(=O)C7=CC=CC=C7)C(=O)OC,0
"methyl (3R,3aR,4S,6aR)-2-benzoyl-4-(2,3-dioxo-3-pyrrolidin-1-ylpropyl)-3-[(4-fluorophenyl)methyl]-5-oxo-3a,4,6,6a-tetrahydro-1H-cyclopenta[c]pyrrole-3-carboxylate",COC(=O)[C@]1([C@@H]2[C@@H](CC(=O)[C@H]2CC(=O)C(=O)N3CCCC3)CN1C(=O)C4=CC=CC=C4)CC5=CC=C(C=C5)F,0
"methyl (3R,3aR,4S,6aR)-2-benzoyl-4-(2,3-dioxo-3-pyrrolidin-1-ylpropyl)-3-[(4-methoxyphenyl)methyl]-5-oxo-3a,4,6,6a-tetrahydro-1H-cyclopenta[c]pyrrole-3-carboxylate",COC1=CC=C(C=C1)C[C@@]2([C@@H]3[C@@H](CC(=O)[C@H]3CC(=O)C(=O)N4CCCC4)CN2C(=O)C5=CC=CC=C5)C(=O)OC,0
"methyl (3R,3aR,4S,6aR)-2-benzoyl-3-benzyl-4-[3-(dimethylamino)-2,3-dioxopropyl]-5-oxo-3a,4,6,6a-tetrahydro-1H-cyclopenta[c]pyrrole-3-carboxylate",CN(C)C(=O)C(=O)C[C@H]1[C@H]2[C@@H](CC1=O)CN([C@@]2(CC3=CC=CC=C3)C(=O)OC)C(=O)C4=CC=CC=C4,0
"methyl (2R,3R,6R)-4-benzoyl-3-benzyl-9-[(3,4-dimethoxyphenyl)methyl]-10-(dimethylcarbamoyl)-4,9-diazatricyclo[6.3.0.02,6]undeca-1(8),10-diene-3-carboxylate",CN(C)C(=O)C1=CC2=C(N1CC3=CC(=C(C=C3)OC)OC)C[C@@H]4[C@H]2[C@](N(C4)C(=O)C5=CC=CC=C5)(CC6=CC=CC=C6)C(=O)OC,0
"methyl (2R,3R,6R)-4-benzoyl-3,9-dibenzyl-10-(dimethylcarbamoyl)-4,9-diazatricyclo[6.3.0.02,6]undeca-1(8),10-diene-3-carboxylate",CN(C)C(=O)C1=CC2=C(N1CC3=CC=CC=C3)C[C@@H]4[C@H]2[C@](N(C4)C(=O)C5=CC=CC=C5)(CC6=CC=CC=C6)C(=O)OC,0
"methyl (2R,3R,6R)-4-benzoyl-10-(dimethylcarbamoyl)-9-[2-(5-hydroxy-1H-indol-3-yl)ethyl]-3-[(4-methoxyphenyl)methyl]-4,9-diazatricyclo[6.3.0.02,6]undeca-1(8),10-diene-3-carboxylate",CN(C)C(=O)C1=CC2=C(N1CCC3=CNC4=C3C=C(C=C4)O)C[C@@H]5[C@H]2[C@](N(C5)C(=O)C6=CC=CC=C6)(CC7=CC=C(C=C7)OC)C(=O)OC,0
"methyl (2R,3R,6R)-4-benzoyl-10-(dimethylcarbamoyl)-3-[(4-methoxyphenyl)methyl]-9-[(5-methylfuran-2-yl)methyl]-4,9-diazatricyclo[6.3.0.02,6]undeca-1(8),10-diene-3-carboxylate",CC1=CC=C(O1)CN2C3=C(C=C2C(=O)N(C)C)[C@H]4[C@@H](C3)CN([C@@]4(CC5=CC=C(C=C5)OC)C(=O)OC)C(=O)C6=CC=CC=C6,0
"methyl (2R,3R,6R)-4-benzoyl-10-(dimethylcarbamoyl)-9-[2-(4-hydroxy-3-methoxyphenyl)ethyl]-3-[(4-methoxyphenyl)methyl]-4,9-diazatricyclo[6.3.0.02,6]undeca-1(8),10-diene-3-carboxylate",CN(C)C(=O)C1=CC2=C(N1CCC3=CC(=C(C=C3)O)OC)C[C@@H]4[C@H]2[C@](N(C4)C(=O)C5=CC=CC=C5)(CC6=CC=C(C=C6)OC)C(=O)OC,0
"methyl (3R,3aS,4S)-2-benzoyl-3-benzyl-4-[3-(dimethylamino)-2,3-dioxopropyl]-5-oxo-3a,4-dihydro-1H-cyclopenta[c]pyrrole-3-carboxylate",CN(C)C(=O)C(=O)C[C@H]1[C@H]2C(=CC1=O)CN([C@@]2(CC3=CC=CC=C3)C(=O)OC)C(=O)C4=CC=CC=C4,0
"methyl (2R,3R,6R)-4-benzoyl-3-benzyl-10-(pyrrolidine-1-carbonyl)-9-[[6-(trifluoromethyl)-3-pyridinyl]methyl]-4,9-diazatricyclo[6.3.0.02,6]undeca-1(8),10-diene-3-carboxylate",COC(=O)[C@]1([C@@H]2[C@@H](CC3=C2C=C(N3CC4=CN=C(C=C4)C(F)(F)F)C(=O)N5CCCC5)CN1C(=O)C6=CC=CC=C6)CC7=CC=CC=C7,0
"methyl (2R,3R,6R)-4-benzoyl-3-benzyl-9-(2-pyridin-2-ylethyl)-10-(pyrrolidine-1-carbonyl)-4,9-diazatricyclo[6.3.0.02,6]undeca-1(8),10-diene-3-carboxylate",COC(=O)[C@]1([C@@H]2[C@@H](CC3=C2C=C(N3CCC4=CC=CC=N4)C(=O)N5CCCC5)CN1C(=O)C6=CC=CC=C6)CC7=CC=CC=C7,0
"methyl (2R,3R,6R)-4-benzoyl-3-benzyl-9-[(3,4-dimethoxyphenyl)methyl]-10-(pyrrolidine-1-carbonyl)-4,9-diazatricyclo[6.3.0.02,6]undeca-1(8),10-diene-3-carboxylate",COC1=C(C=C(C=C1)CN2C3=C(C=C2C(=O)N4CCCC4)[C@H]5[C@@H](C3)CN([C@@]5(CC6=CC=CC=C6)C(=O)OC)C(=O)C7=CC=CC=C7)OC,0
"methyl (2R,3R,6R)-4-benzoyl-3-benzyl-9-[(6-fluoro-4H-1,3-benzodioxin-8-yl)methyl]-10-(pyrrolidine-1-carbonyl)-4,9-diazatricyclo[6.3.0.02,6]undeca-1(8),10-diene-3-carboxylate",COC(=O)[C@]1([C@@H]2[C@@H](CC3=C2C=C(N3CC4=CC(=CC5=C4OCOC5)F)C(=O)N6CCCC6)CN1C(=O)C7=CC=CC=C7)CC8=CC=CC=C8,0
"methyl (3R,3aS,4S)-2-benzoyl-4-[3-(dimethylamino)-2,3-dioxopropyl]-3-[(4-fluorophenyl)methyl]-5-oxo-3a,4-dihydro-1H-cyclopenta[c]pyrrole-3-carboxylate",CN(C)C(=O)C(=O)C[C@H]1[C@H]2C(=CC1=O)CN([C@@]2(CC3=CC=C(C=C3)F)C(=O)OC)C(=O)C4=CC=CC=C4,0
"methyl (2R,3R,6R)-4-benzoyl-9-[(3,4-dimethoxyphenyl)methyl]-3-[(4-methoxyphenyl)methyl]-10-(pyrrolidine-1-carbonyl)-4,9-diazatricyclo[6.3.0.02,6]undeca-1(8),10-diene-3-carboxylate",COC1=CC=C(C=C1)C[C@@]2([C@@H]3[C@@H](CC4=C3C=C(N4CC5=CC(=C(C=C5)OC)OC)C(=O)N6CCCC6)CN2C(=O)C7=CC=CC=C7)C(=O)OC,0
"methyl (2R,3R,6R)-4-benzoyl-9-[(6-fluoro-4H-1,3-benzodioxin-8-yl)methyl]-3-[(4-methoxyphenyl)methyl]-10-(pyrrolidine-1-carbonyl)-4,9-diazatricyclo[6.3.0.02,6]undeca-1(8),10-diene-3-carboxylate",COC1=CC=C(C=C1)C[C@@]2([C@@H]3[C@@H](CC4=C3C=C(N4CC5=CC(=CC6=C5OCOC6)F)C(=O)N7CCCC7)CN2C(=O)C8=CC=CC=C8)C(=O)OC,0
"methyl (3R,3aR,4S,6aR)-2-benzoyl-4-[3-(dimethylamino)-2,3-dioxopropyl]-3-[(4-methoxyphenyl)methyl]-5-oxo-3a,4,6,6a-tetrahydro-1H-cyclopenta[c]pyrrole-3-carboxylate",CN(C)C(=O)C(=O)C[C@H]1[C@H]2[C@@H](CC1=O)CN([C@@]2(CC3=CC=C(C=C3)OC)C(=O)OC)C(=O)C4=CC=CC=C4,0
"methyl (2R,3R,6R)-4-benzoyl-3-benzyl-9-(2-methoxyethyl)-10-(pyrrolidine-1-carbonyl)-4,9-diazatricyclo[6.3.0.02,6]undeca-1(8),10-diene-3-carboxylate",COCCN1C2=C(C=C1C(=O)N3CCCC3)[C@H]4[C@@H](C2)CN([C@@]4(CC5=CC=CC=C5)C(=O)OC)C(=O)C6=CC=CC=C6,0
"methyl (2R,3R,6R)-4-benzoyl-9-[(2,3-difluoro-4-methylphenyl)methyl]-10-(dimethylcarbamoyl)-3-[(4-fluorophenyl)methyl]-4,9-diazatricyclo[6.3.0.02,6]undeca-1(8),10-diene-3-carboxylate",CC1=C(C(=C(C=C1)CN2C3=C(C=C2C(=O)N(C)C)[C@H]4[C@@H](C3)CN([C@@]4(CC5=CC=C(C=C5)F)C(=O)OC)C(=O)C6=CC=CC=C6)F)F,0
"methyl (2R,3R,6R)-4-benzoyl-10-(dimethylcarbamoyl)-3-[(4-fluorophenyl)methyl]-9-(naphthalen-1-ylmethyl)-4,9-diazatricyclo[6.3.0.02,6]undeca-1(8),10-diene-3-carboxylate",CN(C)C(=O)C1=CC2=C(N1CC3=CC=CC4=CC=CC=C43)C[C@@H]5[C@H]2[C@](N(C5)C(=O)C6=CC=CC=C6)(CC7=CC=C(C=C7)F)C(=O)OC,0
"methyl (2R,3R,6R)-4-benzoyl-9-[2-(3-bromo-4-methoxyphenyl)ethyl]-10-(dimethylcarbamoyl)-3-[(4-fluorophenyl)methyl]-4,9-diazatricyclo[6.3.0.02,6]undeca-1(8),10-diene-3-carboxylate",CN(C)C(=O)C1=CC2=C(N1CCC3=CC(=C(C=C3)OC)Br)C[C@@H]4[C@H]2[C@](N(C4)C(=O)C5=CC=CC=C5)(CC6=CC=C(C=C6)F)C(=O)OC,0
"methyl (2R,3R,6R)-4-benzoyl-9-[3-[2-chloro-4-(trifluoromethyl)anilino]propyl]-10-(dimethylcarbamoyl)-3-[(4-fluorophenyl)methyl]-4,9-diazatricyclo[6.3.0.02,6]undeca-1(8),10-diene-3-carboxylate",CN(C)C(=O)C1=CC2=C(N1CCCNC3=C(C=C(C=C3)C(F)(F)F)Cl)C[C@@H]4[C@H]2[C@](N(C4)C(=O)C5=CC=CC=C5)(CC6=CC=C(C=C6)F)C(=O)OC,0
"methyl (2R,3R,6R)-4-benzoyl-3-[(4-fluorophenyl)methyl]-9-[2-(1H-indol-3-yl)ethyl]-10-(pyrrolidine-1-carbonyl)-4,9-diazatricyclo[6.3.0.02,6]undeca-1(8),10-diene-3-carboxylate",COC(=O)[C@]1([C@@H]2[C@@H](CC3=C2C=C(N3CCC4=CNC5=CC=CC=C54)C(=O)N6CCCC6)CN1C(=O)C7=CC=CC=C7)CC8=CC=C(C=C8)F,0
"methyl (2R,3R,6R)-4-benzoyl-9-[2-(6-fluoro-1H-indol-3-yl)ethyl]-3-[(4-fluorophenyl)methyl]-10-(pyrrolidine-1-carbonyl)-4,9-diazatricyclo[6.3.0.02,6]undeca-1(8),10-diene-3-carboxylate",COC(=O)[C@]1([C@@H]2[C@@H](CC3=C2C=C(N3CCC4=CNC5=C4C=CC(=C5)F)C(=O)N6CCCC6)CN1C(=O)C7=CC=CC=C7)CC8=CC=C(C=C8)F,0
"methyl (2R,3R,6R)-4-benzoyl-9-[(2,3-difluoro-4-methylphenyl)methyl]-3-[(4-fluorophenyl)methyl]-10-(pyrrolidine-1-carbonyl)-4,9-diazatricyclo[6.3.0.02,6]undeca-1(8),10-diene-3-carboxylate",CC1=C(C(=C(C=C1)CN2C3=C(C=C2C(=O)N4CCCC4)[C@H]5[C@@H](C3)CN([C@@]5(CC6=CC=C(C=C6)F)C(=O)OC)C(=O)C7=CC=CC=C7)F)F,0
"methyl (2R,3R,6R)-4-benzoyl-3-[(4-fluorophenyl)methyl]-10-(pyrrolidine-1-carbonyl)-9-[[4-(trifluoromethoxy)phenyl]methyl]-4,9-diazatricyclo[6.3.0.02,6]undeca-1(8),10-diene-3-carboxylate",COC(=O)[C@]1([C@@H]2[C@@H](CC3=C2C=C(N3CC4=CC=C(C=C4)OC(F)(F)F)C(=O)N5CCCC5)CN1C(=O)C6=CC=CC=C6)CC7=CC=C(C=C7)F,0
"methyl (2R,3R,6R)-4-benzoyl-9-[[4-chloro-3-(trifluoromethyl)phenyl]methyl]-10-(dimethylcarbamoyl)-3-[(4-fluorophenyl)methyl]-4,9-diazatricyclo[6.3.0.02,6]undeca-1(8),10-diene-3-carboxylate",CN(C)C(=O)C1=CC2=C(N1CC3=CC(=C(C=C3)Cl)C(F)(F)F)C[C@@H]4[C@H]2[C@](N(C4)C(=O)C5=CC=CC=C5)(CC6=CC=C(C=C6)F)C(=O)OC,0
"methyl (2R,3R,6R)-4-benzoyl-3-benzyl-9-(2-hydroxyethyl)-10-(pyrrolidine-1-carbonyl)-4,9-diazatricyclo[6.3.0.02,6]undeca-1(8),10-diene-3-carboxylate",COC(=O)[C@]1([C@@H]2[C@@H](CC3=C2C=C(N3CCO)C(=O)N4CCCC4)CN1C(=O)C5=CC=CC=C5)CC6=CC=CC=C6,0
"methyl (2R,3R,6R)-4-benzoyl-3-benzyl-10-(pyrrolidine-1-carbonyl)-4,9-diazatricyclo[6.3.0.02,6]undeca-1(8),10-diene-3-carboxylate",COC(=O)[C@]1([C@@H]2[C@@H](CC3=C2C=C(N3)C(=O)N4CCCC4)CN1C(=O)C5=CC=CC=C5)CC6=CC=CC=C6,0
"methyl (2R,3R,6R)-4-benzoyl-3,9-dibenzyl-10-(pyrrolidine-1-carbonyl)-4,9-diazatricyclo[6.3.0.02,6]undeca-1(8),10-diene-3-carboxylate",COC(=O)[C@]1([C@@H]2[C@@H](CC3=C2C=C(N3CC4=CC=CC=C4)C(=O)N5CCCC5)CN1C(=O)C6=CC=CC=C6)CC7=CC=CC=C7,0
"methyl (2R,3R,6R)-4-benzoyl-3-benzyl-9-[(5-methylfuran-2-yl)methyl]-10-(pyrrolidine-1-carbonyl)-4,9-diazatricyclo[6.3.0.02,6]undeca-1(8),10-diene-3-carboxylate",CC1=CC=C(O1)CN2C3=C(C=C2C(=O)N4CCCC4)[C@H]5[C@@H](C3)CN([C@@]5(CC6=CC=CC=C6)C(=O)OC)C(=O)C7=CC=CC=C7,0
"methyl (2R,3R,6R)-4-benzoyl-3-benzyl-9-[(4-hydroxy-3-methoxyphenyl)methyl]-10-(pyrrolidine-1-carbonyl)-4,9-diazatricyclo[6.3.0.02,6]undeca-1(8),10-diene-3-carboxylate",COC1=C(C=CC(=C1)CN2C3=C(C=C2C(=O)N4CCCC4)[C@H]5[C@@H](C3)CN([C@@]5(CC6=CC=CC=C6)C(=O)OC)C(=O)C7=CC=CC=C7)O,0
"methyl (2R,3R,6R)-4-benzoyl-3-benzyl-9-(cyclopropylmethyl)-10-(pyrrolidine-1-carbonyl)-4,9-diazatricyclo[6.3.0.02,6]undeca-1(8),10-diene-3-carboxylate",COC(=O)[C@]1([C@@H]2[C@@H](CC3=C2C=C(N3CC4CC4)C(=O)N5CCCC5)CN1C(=O)C6=CC=CC=C6)CC7=CC=CC=C7,0
"methyl (2R,3R,6R)-4-benzoyl-10-(dimethylcarbamoyl)-3-[(4-fluorophenyl)methyl]-9-(pyridin-2-ylmethyl)-4,9-diazatricyclo[6.3.0.02,6]undeca-1(8),10-diene-3-carboxylate",CN(C)C(=O)C1=CC2=C(N1CC3=CC=CC=N3)C[C@@H]4[C@H]2[C@](N(C4)C(=O)C5=CC=CC=C5)(CC6=CC=C(C=C6)F)C(=O)OC,0
"methyl (2R,3R,6R)-4-benzoyl-10-(dimethylcarbamoyl)-3-[(4-fluorophenyl)methyl]-9-(2-morpholin-4-ylethyl)-4,9-diazatricyclo[6.3.0.02,6]undeca-1(8),10-diene-3-carboxylate",CN(C)C(=O)C1=CC2=C(N1CCN3CCOCC3)C[C@@H]4[C@H]2[C@](N(C4)C(=O)C5=CC=CC=C5)(CC6=CC=C(C=C6)F)C(=O)OC,0
"methyl (2R,3R,6R)-4-benzoyl-10-(dimethylcarbamoyl)-3-[(4-fluorophenyl)methyl]-9-(2-pyridin-2-ylethyl)-4,9-diazatricyclo[6.3.0.02,6]undeca-1(8),10-diene-3-carboxylate",CN(C)C(=O)C1=CC2=C(N1CCC3=CC=CC=N3)C[C@@H]4[C@H]2[C@](N(C4)C(=O)C5=CC=CC=C5)(CC6=CC=C(C=C6)F)C(=O)OC,0
"methyl (2R,3R,6R)-4-benzoyl-10-(dimethylcarbamoyl)-3-[(4-fluorophenyl)methyl]-9-[(4-hydroxy-3-methoxyphenyl)methyl]-4,9-diazatricyclo[6.3.0.02,6]undeca-1(8),10-diene-3-carboxylate",CN(C)C(=O)C1=CC2=C(N1CC3=CC(=C(C=C3)O)OC)C[C@@H]4[C@H]2[C@](N(C4)C(=O)C5=CC=CC=C5)(CC6=CC=C(C=C6)F)C(=O)OC,0
"methyl (2R,3R,6R)-4-benzoyl-9-(cyclopropylmethyl)-10-(dimethylcarbamoyl)-3-[(4-fluorophenyl)methyl]-4,9-diazatricyclo[6.3.0.02,6]undeca-1(8),10-diene-3-carboxylate",CN(C)C(=O)C1=CC2=C(N1CC3CC3)C[C@@H]4[C@H]2[C@](N(C4)C(=O)C5=CC=CC=C5)(CC6=CC=C(C=C6)F)C(=O)OC,0
"methyl (2R,3R,6R)-9-(1H-benzimidazol-2-ylmethyl)-4-benzoyl-10-(dimethylcarbamoyl)-3-[(4-fluorophenyl)methyl]-4,9-diazatricyclo[6.3.0.02,6]undeca-1(8),10-diene-3-carboxylate",CN(C)C(=O)C1=CC2=C(N1CC3=NC4=CC=CC=C4N3)C[C@@H]5[C@H]2[C@](N(C5)C(=O)C6=CC=CC=C6)(CC7=CC=C(C=C7)F)C(=O)OC,0
"methyl (2R,3R,6R)-4-benzoyl-10-(dimethylcarbamoyl)-3-[(4-fluorophenyl)methyl]-9-[[6-(trifluoromethyl)-3-pyridinyl]methyl]-4,9-diazatricyclo[6.3.0.02,6]undeca-1(8),10-diene-3-carboxylate",CN(C)C(=O)C1=CC2=C(N1CC3=CN=C(C=C3)C(F)(F)F)C[C@@H]4[C@H]2[C@](N(C4)C(=O)C5=CC=CC=C5)(CC6=CC=C(C=C6)F)C(=O)OC,0
"methyl (2R,3R,6R)-4-benzoyl-3-[(4-fluorophenyl)methyl]-9-(naphthalen-1-ylmethyl)-10-(pyrrolidine-1-carbonyl)-4,9-diazatricyclo[6.3.0.02,6]undeca-1(8),10-diene-3-carboxylate",COC(=O)[C@]1([C@@H]2[C@@H](CC3=C2C=C(N3CC4=CC=CC5=CC=CC=C54)C(=O)N6CCCC6)CN1C(=O)C7=CC=CC=C7)CC8=CC=C(C=C8)F,0
"methyl (2R,3R,6R)-4-benzoyl-9-[(2-bromothiophen-3-yl)methyl]-10-(dimethylcarbamoyl)-3-[(4-fluorophenyl)methyl]-4,9-diazatricyclo[6.3.0.02,6]undeca-1(8),10-diene-3-carboxylate",CN(C)C(=O)C1=CC2=C(N1CC3=C(SC=C3)Br)C[C@@H]4[C@H]2[C@](N(C4)C(=O)C5=CC=CC=C5)(CC6=CC=C(C=C6)F)C(=O)OC,0
"methyl (2R,3R,6R)-4-benzoyl-10-(dimethylcarbamoyl)-3-[(4-fluorophenyl)methyl]-9-[2-(5-methoxy-1H-indol-3-yl)ethyl]-4,9-diazatricyclo[6.3.0.02,6]undeca-1(8),10-diene-3-carboxylate",CN(C)C(=O)C1=CC2=C(N1CCC3=CNC4=C3C=C(C=C4)OC)C[C@@H]5[C@H]2[C@](N(C5)C(=O)C6=CC=CC=C6)(CC7=CC=C(C=C7)F)C(=O)OC,0
"methyl (2R,3R,6R)-4-benzoyl-10-(dimethylcarbamoyl)-3-[(4-fluorophenyl)methyl]-9-[(5-methylfuran-2-yl)methyl]-4,9-diazatricyclo[6.3.0.02,6]undeca-1(8),10-diene-3-carboxylate",CC1=CC=C(O1)CN2C3=C(C=C2C(=O)N(C)C)[C@H]4[C@@H](C3)CN([C@@]4(CC5=CC=C(C=C5)F)C(=O)OC)C(=O)C6=CC=CC=C6,0
"methyl (2R,3R,6R)-4-benzoyl-9-[(3,4-dimethoxyphenyl)methyl]-10-(dimethylcarbamoyl)-3-[(4-fluorophenyl)methyl]-4,9-diazatricyclo[6.3.0.02,6]undeca-1(8),10-diene-3-carboxylate",CN(C)C(=O)C1=CC2=C(N1CC3=CC(=C(C=C3)OC)OC)C[C@@H]4[C@H]2[C@](N(C4)C(=O)C5=CC=CC=C5)(CC6=CC=C(C=C6)F)C(=O)OC,0
"methyl (2R,3R,6R)-4-benzoyl-9-[2-(3,4-dihydroxyphenyl)ethyl]-10-(dimethylcarbamoyl)-3-[(4-fluorophenyl)methyl]-4,9-diazatricyclo[6.3.0.02,6]undeca-1(8),10-diene-3-carboxylate",CN(C)C(=O)C1=CC2=C(N1CCC3=CC(=C(C=C3)O)O)C[C@@H]4[C@H]2[C@](N(C4)C(=O)C5=CC=CC=C5)(CC6=CC=C(C=C6)F)C(=O)OC,0
"methyl (3R,3aR,4S,6aR)-2-benzoyl-4-[3-(dimethylamino)-2,3-dioxopropyl]-3-[(4-fluorophenyl)methyl]-5-oxo-3a,4,6,6a-tetrahydro-1H-cyclopenta[c]pyrrole-3-carboxylate",CN(C)C(=O)C(=O)C[C@H]1[C@H]2[C@@H](CC1=O)CN([C@@]2(CC3=CC=C(C=C3)F)C(=O)OC)C(=O)C4=CC=CC=C4,0
"methyl (2R,3R,6R)-4-benzoyl-10-(dimethylcarbamoyl)-3-[(4-methoxyphenyl)methyl]-9-(2-pyridin-2-ylethyl)-4,9-diazatricyclo[6.3.0.02,6]undeca-1(8),10-diene-3-carboxylate",CN(C)C(=O)C1=CC2=C(N1CCC3=CC=CC=N3)C[C@@H]4[C@H]2[C@](N(C4)C(=O)C5=CC=CC=C5)(CC6=CC=C(C=C6)OC)C(=O)OC,0
"methyl (2R,3R,6R)-4-benzoyl-10-(dimethylcarbamoyl)-9-(2-fluoroethyl)-3-[(4-methoxyphenyl)methyl]-4,9-diazatricyclo[6.3.0.02,6]undeca-1(8),10-diene-3-carboxylate",CN(C)C(=O)C1=CC2=C(N1CCF)C[C@@H]3[C@H]2[C@](N(C3)C(=O)C4=CC=CC=C4)(CC5=CC=C(C=C5)OC)C(=O)OC,0
"methyl (2R,3R,6R)-4-benzoyl-10-(dimethylcarbamoyl)-9-[2-(2-hydroxyethylsulfanyl)ethyl]-3-[(4-methoxyphenyl)methyl]-4,9-diazatricyclo[6.3.0.02,6]undeca-1(8),10-diene-3-carboxylate",CN(C)C(=O)C1=CC2=C(N1CCSCCO)C[C@@H]3[C@H]2[C@](N(C3)C(=O)C4=CC=CC=C4)(CC5=CC=C(C=C5)OC)C(=O)OC,0
"methyl (2R,3R,6R)-4-benzoyl-10-(dimethylcarbamoyl)-9-(2-methoxy-2-oxoethyl)-3-[(4-methoxyphenyl)methyl]-4,9-diazatricyclo[6.3.0.02,6]undeca-1(8),10-diene-3-carboxylate",CN(C)C(=O)C1=CC2=C(N1CC(=O)OC)C[C@@H]3[C@H]2[C@](N(C3)C(=O)C4=CC=CC=C4)(CC5=CC=C(C=C5)OC)C(=O)OC,0
"methyl (2R,3R,6R)-4-benzoyl-10-(dimethylcarbamoyl)-9-[[2-(hydroxymethyl)-5-methyl-4-oxo-1H-pyridin-3-yl]methyl]-3-[(4-methoxyphenyl)methyl]-4,9-diazatricyclo[6.3.0.02,6]undeca-1(8),10-diene-3-carboxylate",CC1=CNC(=C(C1=O)CN2C3=C(C=C2C(=O)N(C)C)[C@H]4[C@@H](C3)CN([C@@]4(CC5=CC=C(C=C5)OC)C(=O)OC)C(=O)C6=CC=CC=C6)CO,0
"methyl (2R,3R,6R)-4-benzoyl-9-[(2S)-2,3-dihydroxypropyl]-10-(dimethylcarbamoyl)-3-[(4-methoxyphenyl)methyl]-4,9-diazatricyclo[6.3.0.02,6]undeca-1(8),10-diene-3-carboxylate",CN(C)C(=O)C1=CC2=C(N1C[C@@H](CO)O)C[C@@H]3[C@H]2[C@](N(C3)C(=O)C4=CC=CC=C4)(CC5=CC=C(C=C5)OC)C(=O)OC,0
"6-[(R)-(4-methoxyphenyl)-(pyrimidin-2-ylamino)methyl]-1,3-benzodioxol-5-ol",COC1=CC=C(C=C1)[C@H](C2=CC3=C(C=C2O)OCO3)NC4=NC=CC=N4,0
"methyl (2R,3R,6R)-4-benzoyl-3-benzyl-10-(dimethylcarbamoyl)-9-[(3,4,5-trifluorophenyl)methyl]-4,9-diazatricyclo[6.3.0.02,6]undeca-1(8),10-diene-3-carboxylate",CN(C)C(=O)C1=CC2=C(N1CC3=CC(=C(C(=C3)F)F)F)C[C@@H]4[C@H]2[C@](N(C4)C(=O)C5=CC=CC=C5)(CC6=CC=CC=C6)C(=O)OC,0
"methyl (2R,3R,6R)-4-benzoyl-9-[(2-bromothiophen-3-yl)methyl]-10-(dimethylcarbamoyl)-3-[(4-methoxyphenyl)methyl]-4,9-diazatricyclo[6.3.0.02,6]undeca-1(8),10-diene-3-carboxylate",CN(C)C(=O)C1=CC2=C(N1CC3=C(SC=C3)Br)C[C@@H]4[C@H]2[C@](N(C4)C(=O)C5=CC=CC=C5)(CC6=CC=C(C=C6)OC)C(=O)OC,0
"methyl (2R,3R,6R)-4-benzoyl-3-benzyl-9-[(2-bromothiophen-3-yl)methyl]-10-(dimethylcarbamoyl)-4,9-diazatricyclo[6.3.0.02,6]undeca-1(8),10-diene-3-carboxylate",CN(C)C(=O)C1=CC2=C(N1CC3=C(SC=C3)Br)C[C@@H]4[C@H]2[C@](N(C4)C(=O)C5=CC=CC=C5)(CC6=CC=CC=C6)C(=O)OC,0
"methyl (2R,3R,6R)-4-benzoyl-3-benzyl-9-(naphthalen-1-ylmethyl)-10-(pyrrolidine-1-carbonyl)-4,9-diazatricyclo[6.3.0.02,6]undeca-1(8),10-diene-3-carboxylate",COC(=O)[C@]1([C@@H]2[C@@H](CC3=C2C=C(N3CC4=CC=CC5=CC=CC=C54)C(=O)N6CCCC6)CN1C(=O)C7=CC=CC=C7)CC8=CC=CC=C8,0
"methyl (2R,3R,6R)-4-benzoyl-3-[(4-methoxyphenyl)methyl]-9-[(5-methylfuran-2-yl)methyl]-10-(pyrrolidine-1-carbonyl)-4,9-diazatricyclo[6.3.0.02,6]undeca-1(8),10-diene-3-carboxylate",CC1=CC=C(O1)CN2C3=C(C=C2C(=O)N4CCCC4)[C@H]5[C@@H](C3)CN([C@@]5(CC6=CC=C(C=C6)OC)C(=O)OC)C(=O)C7=CC=CC=C7,0
"methyl (2R,3R,6R)-9-(1H-benzimidazol-2-ylmethyl)-4-benzoyl-3-[(4-methoxyphenyl)methyl]-10-(pyrrolidine-1-carbonyl)-4,9-diazatricyclo[6.3.0.02,6]undeca-1(8),10-diene-3-carboxylate",COC1=CC=C(C=C1)C[C@@]2([C@@H]3[C@@H](CC4=C3C=C(N4CC5=NC6=CC=CC=C6N5)C(=O)N7CCCC7)CN2C(=O)C8=CC=CC=C8)C(=O)OC,0
"methyl (2R,3R,6R)-4-benzoyl-3-[(4-methoxyphenyl)methyl]-9-(pyridin-2-ylmethyl)-10-(pyrrolidine-1-carbonyl)-4,9-diazatricyclo[6.3.0.02,6]undeca-1(8),10-diene-3-carboxylate",COC1=CC=C(C=C1)C[C@@]2([C@@H]3[C@@H](CC4=C3C=C(N4CC5=CC=CC=N5)C(=O)N6CCCC6)CN2C(=O)C7=CC=CC=C7)C(=O)OC,0
"methyl (2R,3R,6R)-9-(1H-benzimidazol-2-ylmethyl)-4-benzoyl-3-benzyl-10-(pyrrolidine-1-carbonyl)-4,9-diazatricyclo[6.3.0.02,6]undeca-1(8),10-diene-3-carboxylate",COC(=O)[C@]1([C@@H]2[C@@H](CC3=C2C=C(N3CC4=NC5=CC=CC=C5N4)C(=O)N6CCCC6)CN1C(=O)C7=CC=CC=C7)CC8=CC=CC=C8,0
"methyl (2R,3R,6R)-4-benzoyl-3-benzyl-9-(pyridin-2-ylmethyl)-10-(pyrrolidine-1-carbonyl)-4,9-diazatricyclo[6.3.0.02,6]undeca-1(8),10-diene-3-carboxylate",COC(=O)[C@]1([C@@H]2[C@@H](CC3=C2C=C(N3CC4=CC=CC=N4)C(=O)N5CCCC5)CN1C(=O)C6=CC=CC=C6)CC7=CC=CC=C7,0
"(2R)-6,7-dimethyl-2-[5-(phenoxymethyl)-1H-indol-3-yl]-4,9-dihydrofuro[3,2-b]quinoxalin-3-one",CC1=CC2=C(C=C1C)NC3=C(N2)C(=O)[C@H](O3)C4=CNC5=C4C=C(C=C5)COC6=CC=CC=C6,0
"(2R)-2,4-bis(1H-indol-3-yl)butan-1-ol",C1=CC=C2C(=C1)C(=CN2)CC[C@@H](CO)C3=CNC4=CC=CC=C43,0
"(2R,7R)-9-(3,4-dichlorophenyl)-2,7-bis[(dimethylamino)methyl]-3,4,5,6,7,9-hexahydro-2H-xanthene-1,8-dione",CN(C)C[C@H]1CCC2=C(C1=O)C(C3=C(O2)CC[C@@H](C3=O)CN(C)C)C4=CC(=C(C=C4)Cl)Cl,0
"N-[(1R)-1,2-diphenylethyl]pyridin-3-amine",C1=CC=C(C=C1)C[C@H](C2=CC=CC=C2)NC3=CN=CC=C3,0
"methyl (2R,3R,6R)-4-benzoyl-10-(dimethylcarbamoyl)-3-[(4-methoxyphenyl)methyl]-9-[(3,4,5-trifluorophenyl)methyl]-4,9-diazatricyclo[6.3.0.02,6]undeca-1(8),10-diene-3-carboxylate",CN(C)C(=O)C1=CC2=C(N1CC3=CC(=C(C(=C3)F)F)F)C[C@@H]4[C@H]2[C@](N(C4)C(=O)C5=CC=CC=C5)(CC6=CC=C(C=C6)OC)C(=O)OC,0
3-Imidazol-1-ylpropylcarbamodithioic acid,C1=CN(C=N1)CCCNC(=S)S,0
"(2S)-2-(3,5-dichloro-2-hydroxyphenyl)-3-(2-pyridin-2-ylethyl)-1,2-dihydroquinazolin-4-one",C1=CC=C2C(=C1)C(=O)N([C@H](N2)C3=C(C(=CC(=C3)Cl)Cl)O)CCC4=CC=CC=N4,0
"4-[(4R)-7-methyl-4,5-dihydropyrrolo[1,2-a]quinoxalin-4-yl]benzoic acid",CC1=CC2=C(C=C1)N3C=CC=C3[C@H](N2)C4=CC=C(C=C4)C(=O)O,0
dicyclohexyl-[(R)-pyridin-3-yl(pyrrolidin-1-yl)methyl]-sulfanylidene-lambda5-phosphane,C1CCC(CC1)P(=S)(C2CCCCC2)[C@H](C3=CN=CC=C3)N4CCCC4,0
"(4~{r})-4-Pyridin-3-Yl-5-[3-(Trifluoromethyl)phenyl]sulfonyl-4~{h}-Pyrrolo[1,2-A]quinoxaline",C1=CC=C2C(=C1)N3C=CC=C3[C@H](N2S(=O)(=O)C4=CC=CC(=C4)C(F)(F)F)C5=CN=CC=C5,0
"3-chloro-N-[2-[[(1S)-2-methyl-3,4-dihydro-1H-isoquinolin-1-yl]methyl]phenyl]-1-benzothiophene-2-carboxamide",CN1CCC2=CC=CC=C2[C@@H]1CC3=CC=CC=C3NC(=O)C4=C(C5=CC=CC=C5S4)Cl,0
"(2R)-4-(4-methylphenyl)-2-(3-nitrophenyl)-2,3-dihydro-1,5-benzothiazepine",CC1=CC=C(C=C1)C2=NC3=CC=CC=C3S[C@H](C2)C4=CC(=CC=C4)[N+](=O)[O-],0
"(1R,4S,7R,10R,13R,16R)-24-hydroxy-10-[(4-methoxyphenyl)methyl]-4,7,9,13,15,29-hexamethyl-22-oxa-3,6,9,12,15,29-hexazatetracyclo[14.12.2.218,21.123,27]tritriaconta-18,20,23,25,27(31),32-hexaene-2,5,8,11,14,30-hexone",C[C@H]1C(=O)N[C@@H](C(=O)N([C@@H](C(=O)N[C@@H](C(=O)N([C@@H]2CC3=CC=C(C=C3)OC4=C(C=CC(=C4)C[C@H](C(=O)N1)N(C2=O)C)O)C)C)CC5=CC=C(C=C5)OC)C)C,0
CID 3246584,C[C@H]1C(=O)N[C@@H](C(=O)N([C@@H](C(=O)N[C@@H](C(=O)N([C@H]2[C@@H](C3=CC=C(C=C3)OC4=C(C=CC(=C4)C[C@@H](C(=O)N1)N(C2=O)C)O)O)C)C)CC5=CC=C(C=C5)OC)C)C,0
8-(4-((triphenylphosphoranyl)methyl)phenyl)-7H-purin-6-ylamine,C1=CC=C(C=C1)[P+](CC2=CC=C(C=C2)C3=NC4=NC=NC(=C4N3)N)(C5=CC=CC=C5)C6=CC=CC=C6,0
"5-[(1R,2S)-2-bromo-1-(2-methylpropoxy)propyl]-1,3-benzodioxole",C[C@@H]([C@@H](C1=CC2=C(C=C1)OCO2)OCC(C)C)Br,0
[(9S)-3-nitro-9H-fluoren-9-yl] carbamimidothioate,C1=CC=C2C(=C1)[C@@H](C3=C2C=C(C=C3)[N+](=O)[O-])SC(=N)N,0
"methyl (2R,3R,6R)-4-benzoyl-3-[(4-methoxyphenyl)methyl]-9-(2-morpholin-4-ylethyl)-10-(pyrrolidine-1-carbonyl)-4,9-diazatricyclo[6.3.0.02,6]undeca-1(8),10-diene-3-carboxylate",COC1=CC=C(C=C1)C[C@@]2([C@@H]3[C@@H](CC4=C3C=C(N4CCN5CCOCC5)C(=O)N6CCCC6)CN2C(=O)C7=CC=CC=C7)C(=O)OC,0
"methyl (2R,3R,6R)-4-benzoyl-9-[2-(3-bromo-4-methoxyphenyl)ethyl]-3-[(4-fluorophenyl)methyl]-10-(pyrrolidine-1-carbonyl)-4,9-diazatricyclo[6.3.0.02,6]undeca-1(8),10-diene-3-carboxylate",COC1=C(C=C(C=C1)CCN2C3=C(C=C2C(=O)N4CCCC4)[C@H]5[C@@H](C3)CN([C@@]5(CC6=CC=C(C=C6)F)C(=O)OC)C(=O)C7=CC=CC=C7)Br,0
"methyl (2R,3R,6R)-4-benzoyl-9-[[4-chloro-3-(trifluoromethyl)phenyl]methyl]-3-[(4-fluorophenyl)methyl]-10-(pyrrolidine-1-carbonyl)-4,9-diazatricyclo[6.3.0.02,6]undeca-1(8),10-diene-3-carboxylate",COC(=O)[C@]1([C@@H]2[C@@H](CC3=C2C=C(N3CC4=CC(=C(C=C4)Cl)C(F)(F)F)C(=O)N5CCCC5)CN1C(=O)C6=CC=CC=C6)CC7=CC=C(C=C7)F,0
"methyl (2R,3R,6R)-4-benzoyl-9-[3-[[3-chloro-5-(trifluoromethyl)-2-pyridinyl]amino]propyl]-3-[(4-fluorophenyl)methyl]-10-(pyrrolidine-1-carbonyl)-4,9-diazatricyclo[6.3.0.02,6]undeca-1(8),10-diene-3-carboxylate",COC(=O)[C@]1([C@@H]2[C@@H](CC3=C2C=C(N3CCCNC4=C(C=C(C=N4)C(F)(F)F)Cl)C(=O)N5CCCC5)CN1C(=O)C6=CC=CC=C6)CC7=CC=C(C=C7)F,0
"methyl (2R,3R,6R)-4-benzoyl-10-(dimethylcarbamoyl)-9-[(4-hydroxy-3-methoxyphenyl)methyl]-3-[(4-methoxyphenyl)methyl]-4,9-diazatricyclo[6.3.0.02,6]undeca-1(8),10-diene-3-carboxylate",CN(C)C(=O)C1=CC2=C(N1CC3=CC(=C(C=C3)O)OC)C[C@@H]4[C@H]2[C@](N(C4)C(=O)C5=CC=CC=C5)(CC6=CC=C(C=C6)OC)C(=O)OC,0
"methyl (2R,3R,6R)-9-(1H-benzimidazol-2-ylmethyl)-4-benzoyl-10-(dimethylcarbamoyl)-3-[(4-methoxyphenyl)methyl]-4,9-diazatricyclo[6.3.0.02,6]undeca-1(8),10-diene-3-carboxylate",CN(C)C(=O)C1=CC2=C(N1CC3=NC4=CC=CC=C4N3)C[C@@H]5[C@H]2[C@](N(C5)C(=O)C6=CC=CC=C6)(CC7=CC=C(C=C7)OC)C(=O)OC,0
"methyl (2R,3R,6R)-4-benzoyl-10-(dimethylcarbamoyl)-3-[(4-methoxyphenyl)methyl]-9-[[6-(trifluoromethyl)-3-pyridinyl]methyl]-4,9-diazatricyclo[6.3.0.02,6]undeca-1(8),10-diene-3-carboxylate",CN(C)C(=O)C1=CC2=C(N1CC3=CN=C(C=C3)C(F)(F)F)C[C@@H]4[C@H]2[C@](N(C4)C(=O)C5=CC=CC=C5)(CC6=CC=C(C=C6)OC)C(=O)OC,0
"methyl (2R,3R,6R)-4-benzoyl-10-(dimethylcarbamoyl)-3-[(4-methoxyphenyl)methyl]-9-[[4-(trifluoromethoxy)phenyl]methyl]-4,9-diazatricyclo[6.3.0.02,6]undeca-1(8),10-diene-3-carboxylate",CN(C)C(=O)C1=CC2=C(N1CC3=CC=C(C=C3)OC(F)(F)F)C[C@@H]4[C@H]2[C@](N(C4)C(=O)C5=CC=CC=C5)(CC6=CC=C(C=C6)OC)C(=O)OC,0
"methyl (2R,3R,6R)-4-benzoyl-10-(dimethylcarbamoyl)-3-[(4-methoxyphenyl)methyl]-9-(naphthalen-1-ylmethyl)-4,9-diazatricyclo[6.3.0.02,6]undeca-1(8),10-diene-3-carboxylate",CN(C)C(=O)C1=CC2=C(N1CC3=CC=CC4=CC=CC=C43)C[C@@H]5[C@H]2[C@](N(C5)C(=O)C6=CC=CC=C6)(CC7=CC=C(C=C7)OC)C(=O)OC,0
"methyl (2R,3R,6R)-4-benzoyl-9-[2-(3-bromo-4-methoxyphenyl)ethyl]-10-(dimethylcarbamoyl)-3-[(4-methoxyphenyl)methyl]-4,9-diazatricyclo[6.3.0.02,6]undeca-1(8),10-diene-3-carboxylate",CN(C)C(=O)C1=CC2=C(N1CCC3=CC(=C(C=C3)OC)Br)C[C@@H]4[C@H]2[C@](N(C4)C(=O)C5=CC=CC=C5)(CC6=CC=C(C=C6)OC)C(=O)OC,0
"methyl (2R,3R,6R)-4-benzoyl-9-[[4-chloro-3-(trifluoromethyl)phenyl]methyl]-10-(dimethylcarbamoyl)-3-[(4-methoxyphenyl)methyl]-4,9-diazatricyclo[6.3.0.02,6]undeca-1(8),10-diene-3-carboxylate",CN(C)C(=O)C1=CC2=C(N1CC3=CC(=C(C=C3)Cl)C(F)(F)F)C[C@@H]4[C@H]2[C@](N(C4)C(=O)C5=CC=CC=C5)(CC6=CC=C(C=C6)OC)C(=O)OC,0
"methyl (2R,3R,6R)-9-(1H-benzimidazol-2-ylmethyl)-4-benzoyl-3-benzyl-10-(dimethylcarbamoyl)-4,9-diazatricyclo[6.3.0.02,6]undeca-1(8),10-diene-3-carboxylate",CN(C)C(=O)C1=CC2=C(N1CC3=NC4=CC=CC=C4N3)C[C@@H]5[C@H]2[C@](N(C5)C(=O)C6=CC=CC=C6)(CC7=CC=CC=C7)C(=O)OC,0
"methyl (2R,3R,6R)-4-benzoyl-3-benzyl-10-(dimethylcarbamoyl)-9-[(4-hydroxy-3-methoxyphenyl)methyl]-4,9-diazatricyclo[6.3.0.02,6]undeca-1(8),10-diene-3-carboxylate",CN(C)C(=O)C1=CC2=C(N1CC3=CC(=C(C=C3)O)OC)C[C@@H]4[C@H]2[C@](N(C4)C(=O)C5=CC=CC=C5)(CC6=CC=CC=C6)C(=O)OC,0
"methyl (2R,3R,6R)-4-benzoyl-9-[2-(6-fluoro-1H-indol-3-yl)ethyl]-3-[(4-methoxyphenyl)methyl]-10-(pyrrolidine-1-carbonyl)-4,9-diazatricyclo[6.3.0.02,6]undeca-1(8),10-diene-3-carboxylate",COC1=CC=C(C=C1)C[C@@]2([C@@H]3[C@@H](CC4=C3C=C(N4CCC5=CNC6=C5C=CC(=C6)F)C(=O)N7CCCC7)CN2C(=O)C8=CC=CC=C8)C(=O)OC,0
"methyl (2R,3R,6R)-4-benzoyl-9-(2-hydroxyethyl)-3-[(4-methoxyphenyl)methyl]-10-(pyrrolidine-1-carbonyl)-4,9-diazatricyclo[6.3.0.02,6]undeca-1(8),10-diene-3-carboxylate",COC1=CC=C(C=C1)C[C@@]2([C@@H]3[C@@H](CC4=C3C=C(N4CCO)C(=O)N5CCCC5)CN2C(=O)C6=CC=CC=C6)C(=O)OC,0
"methyl (2R,3R,6R)-4-benzoyl-9-[2-(5-hydroxy-1H-indol-3-yl)ethyl]-3-[(4-methoxyphenyl)methyl]-10-(pyrrolidine-1-carbonyl)-4,9-diazatricyclo[6.3.0.02,6]undeca-1(8),10-diene-3-carboxylate",COC1=CC=C(C=C1)C[C@@]2([C@@H]3[C@@H](CC4=C3C=C(N4CCC5=CNC6=C5C=C(C=C6)O)C(=O)N7CCCC7)CN2C(=O)C8=CC=CC=C8)C(=O)OC,0
"methyl (2R,3R,6R)-4-benzoyl-9-[2-(3-bromo-4-methoxyphenyl)ethyl]-3-[(4-methoxyphenyl)methyl]-10-(pyrrolidine-1-carbonyl)-4,9-diazatricyclo[6.3.0.02,6]undeca-1(8),10-diene-3-carboxylate",COC1=CC=C(C=C1)C[C@@]2([C@@H]3[C@@H](CC4=C3C=C(N4CCC5=CC(=C(C=C5)OC)Br)C(=O)N6CCCC6)CN2C(=O)C7=CC=CC=C7)C(=O)OC,0
"methyl (2R,3R,6R)-4-benzoyl-9-[2-(4-hydroxy-3-methoxyphenyl)ethyl]-3-[(4-methoxyphenyl)methyl]-10-(pyrrolidine-1-carbonyl)-4,9-diazatricyclo[6.3.0.02,6]undeca-1(8),10-diene-3-carboxylate",COC1=CC=C(C=C1)C[C@@]2([C@@H]3[C@@H](CC4=C3C=C(N4CCC5=CC(=C(C=C5)O)OC)C(=O)N6CCCC6)CN2C(=O)C7=CC=CC=C7)C(=O)OC,0
"methyl (2R,3R,6R)-4-benzoyl-9-[(4-hydroxy-3-methoxyphenyl)methyl]-3-[(4-methoxyphenyl)methyl]-10-(pyrrolidine-1-carbonyl)-4,9-diazatricyclo[6.3.0.02,6]undeca-1(8),10-diene-3-carboxylate",COC1=CC=C(C=C1)C[C@@]2([C@@H]3[C@@H](CC4=C3C=C(N4CC5=CC(=C(C=C5)O)OC)C(=O)N6CCCC6)CN2C(=O)C7=CC=CC=C7)C(=O)OC,0
"methyl (2R,3R,6R)-4-benzoyl-9-[2-(3,4-dihydroxyphenyl)ethyl]-3-[(4-methoxyphenyl)methyl]-10-(pyrrolidine-1-carbonyl)-4,9-diazatricyclo[6.3.0.02,6]undeca-1(8),10-diene-3-carboxylate",COC1=CC=C(C=C1)C[C@@]2([C@@H]3[C@@H](CC4=C3C=C(N4CCC5=CC(=C(C=C5)O)O)C(=O)N6CCCC6)CN2C(=O)C7=CC=CC=C7)C(=O)OC,0
"methyl (2R,3R,6R)-4-benzoyl-3-[(4-methoxyphenyl)methyl]-9-(2-pyridin-2-ylethyl)-10-(pyrrolidine-1-carbonyl)-4,9-diazatricyclo[6.3.0.02,6]undeca-1(8),10-diene-3-carboxylate",COC1=CC=C(C=C1)C[C@@]2([C@@H]3[C@@H](CC4=C3C=C(N4CCC5=CC=CC=N5)C(=O)N6CCCC6)CN2C(=O)C7=CC=CC=C7)C(=O)OC,0
"methyl (2R,3R,6R)-4-benzoyl-9-[(2,3-difluoro-4-methylphenyl)methyl]-3-[(4-methoxyphenyl)methyl]-10-(pyrrolidine-1-carbonyl)-4,9-diazatricyclo[6.3.0.02,6]undeca-1(8),10-diene-3-carboxylate",CC1=C(C(=C(C=C1)CN2C3=C(C=C2C(=O)N4CCCC4)[C@H]5[C@@H](C3)CN([C@@]5(CC6=CC=C(C=C6)OC)C(=O)OC)C(=O)C7=CC=CC=C7)F)F,0
"methyl (2R,3R,6R)-4-benzoyl-9-[(2-bromothiophen-3-yl)methyl]-3-[(4-methoxyphenyl)methyl]-10-(pyrrolidine-1-carbonyl)-4,9-diazatricyclo[6.3.0.02,6]undeca-1(8),10-diene-3-carboxylate",COC1=CC=C(C=C1)C[C@@]2([C@@H]3[C@@H](CC4=C3C=C(N4CC5=C(SC=C5)Br)C(=O)N6CCCC6)CN2C(=O)C7=CC=CC=C7)C(=O)OC,0
"methyl (2R,3R,6R)-4-benzoyl-9-[2-(5-methoxy-1H-indol-3-yl)ethyl]-3-[(4-methoxyphenyl)methyl]-10-(pyrrolidine-1-carbonyl)-4,9-diazatricyclo[6.3.0.02,6]undeca-1(8),10-diene-3-carboxylate",COC1=CC=C(C=C1)C[C@@]2([C@@H]3[C@@H](CC4=C3C=C(N4CCC5=CNC6=C5C=C(C=C6)OC)C(=O)N7CCCC7)CN2C(=O)C8=CC=CC=C8)C(=O)OC,0
"methyl (2R,3R,6R)-4-benzoyl-9-[2-(1H-indol-3-yl)ethyl]-3-[(4-methoxyphenyl)methyl]-10-(pyrrolidine-1-carbonyl)-4,9-diazatricyclo[6.3.0.02,6]undeca-1(8),10-diene-3-carboxylate",COC1=CC=C(C=C1)C[C@@]2([C@@H]3[C@@H](CC4=C3C=C(N4CCC5=CNC6=CC=CC=C65)C(=O)N7CCCC7)CN2C(=O)C8=CC=CC=C8)C(=O)OC,0
"methyl (2R,3R,6R)-4-benzoyl-3-[(4-methoxyphenyl)methyl]-10-(pyrrolidine-1-carbonyl)-9-[(3,4,5-trifluorophenyl)methyl]-4,9-diazatricyclo[6.3.0.02,6]undeca-1(8),10-diene-3-carboxylate",COC1=CC=C(C=C1)C[C@@]2([C@@H]3[C@@H](CC4=C3C=C(N4CC5=CC(=C(C(=C5)F)F)F)C(=O)N6CCCC6)CN2C(=O)C7=CC=CC=C7)C(=O)OC,0
"methyl (2R,3R,6R)-4-benzoyl-3-benzyl-9-[(2-bromothiophen-3-yl)methyl]-10-(pyrrolidine-1-carbonyl)-4,9-diazatricyclo[6.3.0.02,6]undeca-1(8),10-diene-3-carboxylate",COC(=O)[C@]1([C@@H]2[C@@H](CC3=C2C=C(N3CC4=C(SC=C4)Br)C(=O)N5CCCC5)CN1C(=O)C6=CC=CC=C6)CC7=CC=CC=C7,0
"benzyl N-[(S)-[(1S,2R)-1-methyl-2-[(2R)-1-(methylamino)-1-oxopropan-2-yl]cyclopropyl]-phenylmethyl]carbamate",C[C@H]([C@H]1C[C@]1(C)[C@@H](C2=CC=CC=C2)NC(=O)OCC3=CC=CC=C3)C(=O)NC,0
"benzyl N-[(R)-[(1R,2S)-2-[(2R)-1-[[(2R)-1-hydroxypropan-2-yl]amino]-1-oxopropan-2-yl]-1-methylcyclopropyl]-phenylmethyl]carbamate",C[C@H](CO)NC(=O)[C@H](C)[C@@H]1C[C@@]1(C)[C@H](C2=CC=CC=C2)NC(=O)OCC3=CC=CC=C3,0
"benzyl N-[(R)-[(1R,2S)-1-methyl-2-[(2R)-1-[(5-methylfuran-2-yl)methylamino]-1-oxopropan-2-yl]cyclopropyl]-phenylmethyl]carbamate",CC1=CC=C(O1)CNC(=O)[C@H](C)[C@@H]2C[C@@]2(C)[C@H](C3=CC=CC=C3)NC(=O)OCC4=CC=CC=C4,0
"benzyl N-[(R)-[(1R,2S)-1-methyl-2-[(2R)-1-oxo-1-(pyridin-2-ylmethylamino)propan-2-yl]cyclopropyl]-phenylmethyl]carbamate",C[C@H]([C@@H]1C[C@@]1(C)[C@H](C2=CC=CC=C2)NC(=O)OCC3=CC=CC=C3)C(=O)NCC4=CC=CC=N4,0
"benzyl N-[(R)-[(1R,2S)-1-methyl-2-[(2R)-1-[(4-methylsulfonylphenyl)methylamino]-1-oxopropan-2-yl]cyclopropyl]-phenylmethyl]carbamate",C[C@H]([C@@H]1C[C@@]1(C)[C@H](C2=CC=CC=C2)NC(=O)OCC3=CC=CC=C3)C(=O)NCC4=CC=C(C=C4)S(=O)(=O)C,0
"benzyl N-[(R)-[(1R,2S)-1-methyl-2-[(2R)-1-(methylamino)-1-oxopropan-2-yl]cyclopropyl]-phenylmethyl]carbamate",C[C@H]([C@@H]1C[C@@]1(C)[C@H](C2=CC=CC=C2)NC(=O)OCC3=CC=CC=C3)C(=O)NC,0
"benzyl N-[(S)-[(1S,2R)-2-[(2R)-1-[(1,5-dimethylpyrazol-3-yl)methylamino]-1-oxopropan-2-yl]-1-methylcyclopropyl]-phenylmethyl]carbamate",CC1=CC(=NN1C)CNC(=O)[C@H](C)[C@H]2C[C@]2(C)[C@@H](C3=CC=CC=C3)NC(=O)OCC4=CC=CC=C4,0
"benzyl N-[(S)-[(1S,2R)-2-[(2R)-1-(cyclopropylmethylamino)-1-oxopropan-2-yl]-1-methylcyclopropyl]-phenylmethyl]carbamate",C[C@H]([C@H]1C[C@]1(C)[C@@H](C2=CC=CC=C2)NC(=O)OCC3=CC=CC=C3)C(=O)NCC4CC4,0
"benzyl N-[(S)-[(1S,2R)-2-[(2R)-1-[2-(1H-indol-3-yl)ethylamino]-1-oxopropan-2-yl]-1-methylcyclopropyl]-phenylmethyl]carbamate",C[C@H]([C@H]1C[C@]1(C)[C@@H](C2=CC=CC=C2)NC(=O)OCC3=CC=CC=C3)C(=O)NCCC4=CNC5=CC=CC=C54,0
"N-[(S)-[(1S,2R)-1-methyl-2-[(2R)-1-oxo-1-[(phenylmethyl)amino]propan-2-yl]cyclopropyl]-phenylmethyl]carbamic acid (phenylmethyl) ester",C[C@H]([C@H]1C[C@]1(C)[C@@H](C2=CC=CC=C2)NC(=O)OCC3=CC=CC=C3)C(=O)NCC4=CC=CC=C4,0
"benzyl N-[(S)-[(1S,2R)-2-[(2R)-1-[[(2R)-1-hydroxypropan-2-yl]amino]-1-oxopropan-2-yl]-1-methylcyclopropyl]-phenylmethyl]carbamate",C[C@H](CO)NC(=O)[C@H](C)[C@H]1C[C@]1(C)[C@@H](C2=CC=CC=C2)NC(=O)OCC3=CC=CC=C3,0
"N-[(S)-[(1S,2R)-1-methyl-2-[(2R)-1-[(5-methyl-2-furanyl)methylamino]-1-oxopropan-2-yl]cyclopropyl]-phenylmethyl]carbamic acid (phenylmethyl) ester",CC1=CC=C(O1)CNC(=O)[C@H](C)[C@H]2C[C@]2(C)[C@@H](C3=CC=CC=C3)NC(=O)OCC4=CC=CC=C4,0
"benzyl N-[(S)-[(1S,2R)-1-methyl-2-[(2R)-1-oxo-1-(pyridin-2-ylmethylamino)propan-2-yl]cyclopropyl]-phenylmethyl]carbamate",C[C@H]([C@H]1C[C@]1(C)[C@@H](C2=CC=CC=C2)NC(=O)OCC3=CC=CC=C3)C(=O)NCC4=CC=CC=N4,0
"benzyl N-[(S)-[(1S,2R)-1-methyl-2-[(2R)-1-[(4-methylsulfonylphenyl)methylamino]-1-oxopropan-2-yl]cyclopropyl]-phenylmethyl]carbamate",C[C@H]([C@H]1C[C@]1(C)[C@@H](C2=CC=CC=C2)NC(=O)OCC3=CC=CC=C3)C(=O)NCC4=CC=C(C=C4)S(=O)(=O)C,0
"benzyl N-[(R)-[(1R,2S)-2-[(2R)-1-(benzylamino)-1-oxopropan-2-yl]-1-methylcyclopropyl]-phenylmethyl]carbamate",C[C@H]([C@@H]1C[C@@]1(C)[C@H](C2=CC=CC=C2)NC(=O)OCC3=CC=CC=C3)C(=O)NCC4=CC=CC=C4,0
"benzyl N-[(R)-[(1R,2S)-2-[(2R)-1-(2-methoxyethylamino)-1-oxopropan-2-yl]-1-methylcyclopropyl]-phenylmethyl]carbamate",C[C@H]([C@@H]1C[C@@]1(C)[C@H](C2=CC=CC=C2)NC(=O)OCC3=CC=CC=C3)C(=O)NCCOC,0
"trans-methyl (1S,2S)-2-[(S)-(diphenylphosphorylamino)-phenylmethyl]cyclopropane-1-carboxylate",COC(=O)[C@H]1C[C@@H]1[C@@H](C2=CC=CC=C2)NP(=O)(C3=CC=CC=C3)C4=CC=CC=C4,0
"methyl (2R)-2-[(1S,2R)-2-methyl-2-[(R)-phenyl(phenylmethoxycarbonylamino)methyl]cyclopropyl]propanoate",C[C@H]([C@@H]1C[C@@]1(C)[C@H](C2=CC=CC=C2)NC(=O)OCC3=CC=CC=C3)C(=O)OC,0
"methyl (2R)-2-[(1R,2S)-2-methyl-2-[(S)-phenyl(phenylmethoxycarbonylamino)methyl]cyclopropyl]propanoate",C[C@H]([C@H]1C[C@]1(C)[C@@H](C2=CC=CC=C2)NC(=O)OCC3=CC=CC=C3)C(=O)OC,0
"benzyl N-[(R)-phenyl-[(1R,2R)-2-(pyridin-2-ylmethylcarbamoyl)cyclopropyl]methyl]carbamate",C1[C@H]([C@@H]1C(=O)NCC2=CC=CC=N2)[C@H](C3=CC=CC=C3)NC(=O)OCC4=CC=CC=C4,0
"benzyl N-[(R)-[(1R,2R)-2-(benzylcarbamoyl)cyclopropyl]-phenylmethyl]carbamate",C1[C@H]([C@@H]1C(=O)NCC2=CC=CC=C2)[C@H](C3=CC=CC=C3)NC(=O)OCC4=CC=CC=C4,0
"benzyl N-[(R)-[(1R,2S)-2-[(2R)-1-(1H-benzimidazol-2-ylmethylamino)-1-oxopropan-2-yl]-1-methylcyclopropyl]-phenylmethyl]carbamate",C[C@H]([C@@H]1C[C@@]1(C)[C@H](C2=CC=CC=C2)NC(=O)OCC3=CC=CC=C3)C(=O)NCC4=NC5=CC=CC=C5N4,0
"benzyl N-[(S)-[(1S,2R)-2-[(2R)-1-[[(2R)-1-hydroxy-3-phenylpropan-2-yl]amino]-1-oxopropan-2-yl]-1-methylcyclopropyl]-phenylmethyl]carbamate",C[C@H]([C@H]1C[C@]1(C)[C@@H](C2=CC=CC=C2)NC(=O)OCC3=CC=CC=C3)C(=O)N[C@H](CC4=CC=CC=C4)CO,0
"benzyl N-[(R)-[(1R,2S)-2-[(2R)-1-[[(2R)-1-hydroxy-3-phenylpropan-2-yl]amino]-1-oxopropan-2-yl]-1-methylcyclopropyl]-phenylmethyl]carbamate",C[C@H]([C@@H]1C[C@@]1(C)[C@H](C2=CC=CC=C2)NC(=O)OCC3=CC=CC=C3)C(=O)N[C@H](CC4=CC=CC=C4)CO,0
"methyl (2R,3R,6R)-4-benzoyl-10-(dimethylcarbamoyl)-9-(2-fluoroethyl)-3-[(4-fluorophenyl)methyl]-4,9-diazatricyclo[6.3.0.02,6]undeca-1(8),10-diene-3-carboxylate",CN(C)C(=O)C1=CC2=C(N1CCF)C[C@@H]3[C@H]2[C@](N(C3)C(=O)C4=CC=CC=C4)(CC5=CC=C(C=C5)F)C(=O)OC,0
"methyl (2R,3R,6R)-4-benzoyl-10-(dimethylcarbamoyl)-3-[(4-fluorophenyl)methyl]-9-(2-methoxyethyl)-4,9-diazatricyclo[6.3.0.02,6]undeca-1(8),10-diene-3-carboxylate",CN(C)C(=O)C1=CC2=C(N1CCOC)C[C@@H]3[C@H]2[C@](N(C3)C(=O)C4=CC=CC=C4)(CC5=CC=C(C=C5)F)C(=O)OC,0
"methyl (2R,3R,6R)-4-benzoyl-10-(dimethylcarbamoyl)-3-[(4-fluorophenyl)methyl]-9-[(4-methylsulfonylphenyl)methyl]-4,9-diazatricyclo[6.3.0.02,6]undeca-1(8),10-diene-3-carboxylate",CN(C)C(=O)C1=CC2=C(N1CC3=CC=C(C=C3)S(=O)(=O)C)C[C@@H]4[C@H]2[C@](N(C4)C(=O)C5=CC=CC=C5)(CC6=CC=C(C=C6)F)C(=O)OC,0
"trans-(1R,2R)-2-[(R)-(diphenylphosphorylamino)-phenylmethyl]-N-methylcyclopropane-1-carboxamide",CNC(=O)[C@@H]1C[C@H]1[C@H](C2=CC=CC=C2)NP(=O)(C3=CC=CC=C3)C4=CC=CC=C4,0
"benzyl N-[(S)-[(1S,2R)-1-methyl-2-[(2R)-1-(naphthalen-1-ylmethylamino)-1-oxopropan-2-yl]cyclopropyl]-phenylmethyl]carbamate",C[C@H]([C@H]1C[C@]1(C)[C@@H](C2=CC=CC=C2)NC(=O)OCC3=CC=CC=C3)C(=O)NCC4=CC=CC5=CC=CC=C54,0
"benzyl N-[(S)-[(1S,2R)-1-methyl-2-[(2R)-1-oxo-1-[[6-(trifluoromethyl)-3-pyridinyl]methylamino]propan-2-yl]cyclopropyl]-phenylmethyl]carbamate",C[C@H]([C@H]1C[C@]1(C)[C@@H](C2=CC=CC=C2)NC(=O)OCC3=CC=CC=C3)C(=O)NCC4=CN=C(C=C4)C(F)(F)F,0
"benzyl N-[(S)-[(1S,2R)-2-[(2R)-1-[(2,3-difluoro-4-methylphenyl)methylamino]-1-oxopropan-2-yl]-1-methylcyclopropyl]-phenylmethyl]carbamate",CC1=C(C(=C(C=C1)CNC(=O)[C@H](C)[C@H]2C[C@]2(C)[C@@H](C3=CC=CC=C3)NC(=O)OCC4=CC=CC=C4)F)F,0
"benzyl N-[(S)-[(1S,2R)-2-[(2R)-1-[(3,4-dimethoxyphenyl)methylamino]-1-oxopropan-2-yl]-1-methylcyclopropyl]-phenylmethyl]carbamate",C[C@H]([C@H]1C[C@]1(C)[C@@H](C2=CC=CC=C2)NC(=O)OCC3=CC=CC=C3)C(=O)NCC4=CC(=C(C=C4)OC)OC,0
"benzyl N-[(S)-[(1S,2R)-2-[(2R)-1-(2-methoxyethylamino)-1-oxopropan-2-yl]-1-methylcyclopropyl]-phenylmethyl]carbamate",C[C@H]([C@H]1C[C@]1(C)[C@@H](C2=CC=CC=C2)NC(=O)OCC3=CC=CC=C3)C(=O)NCCOC,0
"benzyl N-[(S)-[(1S,2R)-2-[(2R)-1-(2-fluoroethylamino)-1-oxopropan-2-yl]-1-methylcyclopropyl]-phenylmethyl]carbamate",C[C@H]([C@H]1C[C@]1(C)[C@@H](C2=CC=CC=C2)NC(=O)OCC3=CC=CC=C3)C(=O)NCCF,0
"trans-(1R,2R)-N-[(1,5-dimethylpyrazol-3-yl)methyl]-2-[(R)-(diphenylphosphorylamino)-phenylmethyl]cyclopropane-1-carboxamide",CC1=CC(=NN1C)CNC(=O)[C@@H]2C[C@H]2[C@H](C3=CC=CC=C3)NP(=O)(C4=CC=CC=C4)C5=CC=CC=C5,0
"trans-(1R,2R)-N-(cyclopropylmethyl)-2-[(R)-(diphenylphosphorylamino)-phenylmethyl]cyclopropane-1-carboxamide",C1CC1CNC(=O)[C@@H]2C[C@H]2[C@H](C3=CC=CC=C3)NP(=O)(C4=CC=CC=C4)C5=CC=CC=C5,0
"trans-(1R,2R)-2-[(R)-(diphenylphosphorylamino)-phenylmethyl]-N-[2-(1H-indol-3-yl)ethyl]cyclopropane-1-carboxamide",C1[C@H]([C@@H]1C(=O)NCCC2=CNC3=CC=CC=C32)[C@H](C4=CC=CC=C4)NP(=O)(C5=CC=CC=C5)C6=CC=CC=C6,0
"trans-(1R,2R)-N-benzyl-2-[(R)-(diphenylphosphorylamino)-phenylmethyl]cyclopropane-1-carboxamide",C1[C@H]([C@@H]1C(=O)NCC2=CC=CC=C2)[C@H](C3=CC=CC=C3)NP(=O)(C4=CC=CC=C4)C5=CC=CC=C5,0
"trans-(1R,2R)-2-[(R)-(diphenylphosphorylamino)-phenylmethyl]-N-[(5-methylfuran-2-yl)methyl]cyclopropane-1-carboxamide",CC1=CC=C(O1)CNC(=O)[C@@H]2C[C@H]2[C@H](C3=CC=CC=C3)NP(=O)(C4=CC=CC=C4)C5=CC=CC=C5,0
"trans-(1R,2R)-2-[(R)-(diphenylphosphorylamino)-phenylmethyl]-N-(pyridin-2-ylmethyl)cyclopropane-1-carboxamide",C1[C@H]([C@@H]1C(=O)NCC2=CC=CC=N2)[C@H](C3=CC=CC=C3)NP(=O)(C4=CC=CC=C4)C5=CC=CC=C5,0
"trans-(1R,2R)-2-[(R)-(diphenylphosphorylamino)-phenylmethyl]-N-[(4-methylsulfonylphenyl)methyl]cyclopropane-1-carboxamide",CS(=O)(=O)C1=CC=C(C=C1)CNC(=O)[C@@H]2C[C@H]2[C@H](C3=CC=CC=C3)NP(=O)(C4=CC=CC=C4)C5=CC=CC=C5,0
"methyl (2R,3R,6R)-4-benzoyl-10-(dimethylcarbamoyl)-3-[(4-fluorophenyl)methyl]-9-[2-(2-hydroxyethylsulfanyl)ethyl]-4,9-diazatricyclo[6.3.0.02,6]undeca-1(8),10-diene-3-carboxylate",CN(C)C(=O)C1=CC2=C(N1CCSCCO)C[C@@H]3[C@H]2[C@](N(C3)C(=O)C4=CC=CC=C4)(CC5=CC=C(C=C5)F)C(=O)OC,0
"(1S,2S)-N-[(1,5-dimethylpyrazol-3-yl)methyl]-2-[(S)-(diphenylphosphorylamino)-phenylmethyl]cyclopropane-1-carboxamide",CC1=CC(=NN1C)CNC(=O)[C@H]2C[C@@H]2[C@@H](C3=CC=CC=C3)NP(=O)(C4=CC=CC=C4)C5=CC=CC=C5,0
"trans-(1S,2S)-N-(cyclopropylmethyl)-2-[(S)-(diphenylphosphorylamino)-phenylmethyl]cyclopropane-1-carboxamide",C1CC1CNC(=O)[C@H]2C[C@@H]2[C@@H](C3=CC=CC=C3)NP(=O)(C4=CC=CC=C4)C5=CC=CC=C5,0
"trans-(1S,2S)-2-[(S)-(diphenylphosphorylamino)-phenylmethyl]-N-[2-(1H-indol-3-yl)ethyl]cyclopropane-1-carboxamide",C1[C@@H]([C@H]1C(=O)NCCC2=CNC3=CC=CC=C32)[C@@H](C4=CC=CC=C4)NP(=O)(C5=CC=CC=C5)C6=CC=CC=C6,0
"trans-(1S,2S)-N-benzyl-2-[(S)-(diphenylphosphorylamino)-phenylmethyl]cyclopropane-1-carboxamide",C1[C@@H]([C@H]1C(=O)NCC2=CC=CC=C2)[C@@H](C3=CC=CC=C3)NP(=O)(C4=CC=CC=C4)C5=CC=CC=C5,0
"trans-(1S,2S)-2-[(S)-(diphenylphosphorylamino)-phenylmethyl]-N-[(5-methylfuran-2-yl)methyl]cyclopropane-1-carboxamide",CC1=CC=C(O1)CNC(=O)[C@H]2C[C@@H]2[C@@H](C3=CC=CC=C3)NP(=O)(C4=CC=CC=C4)C5=CC=CC=C5,0
"trans-(1S,2S)-2-[(S)-(diphenylphosphorylamino)-phenylmethyl]-N-(pyridin-2-ylmethyl)cyclopropane-1-carboxamide",C1[C@@H]([C@H]1C(=O)NCC2=CC=CC=N2)[C@@H](C3=CC=CC=C3)NP(=O)(C4=CC=CC=C4)C5=CC=CC=C5,0
"trans-(1S,2S)-2-[(S)-(diphenylphosphorylamino)-phenylmethyl]-N-[(4-methylsulfonylphenyl)methyl]cyclopropane-1-carboxamide",CS(=O)(=O)C1=CC=C(C=C1)CNC(=O)[C@H]2C[C@@H]2[C@@H](C3=CC=CC=C3)NP(=O)(C4=CC=CC=C4)C5=CC=CC=C5,0
"trans-(1S,2S)-2-[(S)-(diphenylphosphorylamino)-phenylmethyl]-N-naphthalen-2-ylcyclopropane-1-carboxamide",C1[C@@H]([C@H]1C(=O)NC2=CC3=CC=CC=C3C=C2)[C@@H](C4=CC=CC=C4)NP(=O)(C5=CC=CC=C5)C6=CC=CC=C6,0
"trans-(1S,2S)-2-[(S)-(diphenylphosphorylamino)-phenylmethyl]-N-methylcyclopropane-1-carboxamide",CNC(=O)[C@H]1C[C@@H]1[C@@H](C2=CC=CC=C2)NP(=O)(C3=CC=CC=C3)C4=CC=CC=C4,0
"benzyl N-[(R)-[(1R,2S)-2-[(2R)-1-[(1,5-dimethylpyrazol-3-yl)methylamino]-1-oxopropan-2-yl]-1-methylcyclopropyl]-phenylmethyl]carbamate",CC1=CC(=NN1C)CNC(=O)[C@H](C)[C@@H]2C[C@@]2(C)[C@H](C3=CC=CC=C3)NC(=O)OCC4=CC=CC=C4,0
"benzyl N-[(R)-[(1R,2S)-2-[(2R)-1-(cyclopropylmethylamino)-1-oxopropan-2-yl]-1-methylcyclopropyl]-phenylmethyl]carbamate",C[C@H]([C@@H]1C[C@@]1(C)[C@H](C2=CC=CC=C2)NC(=O)OCC3=CC=CC=C3)C(=O)NCC4CC4,0
"benzyl N-[(R)-[(1R,2S)-2-[(2R)-1-[2-(1H-indol-3-yl)ethylamino]-1-oxopropan-2-yl]-1-methylcyclopropyl]-phenylmethyl]carbamate",C[C@H]([C@@H]1C[C@@]1(C)[C@H](C2=CC=CC=C2)NC(=O)OCC3=CC=CC=C3)C(=O)NCCC4=CNC5=CC=CC=C54,0
"methyl (2R,3R,6R)-4-benzoyl-3-benzyl-10-(dimethylcarbamoyl)-4,9-diazatricyclo[6.3.0.02,6]undeca-1(8),10-diene-3-carboxylate",CN(C)C(=O)C1=CC2=C(N1)C[C@@H]3[C@H]2[C@](N(C3)C(=O)C4=CC=CC=C4)(CC5=CC=CC=C5)C(=O)OC,0
"methyl (2R,3R,6R)-4-benzoyl-9-[[2-(hydroxymethyl)-5-methyl-4-oxo-1H-pyridin-3-yl]methyl]-3-[(4-methoxyphenyl)methyl]-10-(pyrrolidine-1-carbonyl)-4,9-diazatricyclo[6.3.0.02,6]undeca-1(8),10-diene-3-carboxylate",CC1=CNC(=C(C1=O)CN2C3=C(C=C2C(=O)N4CCCC4)[C@H]5[C@@H](C3)CN([C@@]5(CC6=CC=C(C=C6)OC)C(=O)OC)C(=O)C7=CC=CC=C7)CO,0
"methyl (2R,3R,6R)-4-benzoyl-9-[(2S)-2,3-dihydroxypropyl]-3-[(4-methoxyphenyl)methyl]-10-(pyrrolidine-1-carbonyl)-4,9-diazatricyclo[6.3.0.02,6]undeca-1(8),10-diene-3-carboxylate",COC1=CC=C(C=C1)C[C@@]2([C@@H]3[C@@H](CC4=C3C=C(N4C[C@@H](CO)O)C(=O)N5CCCC5)CN2C(=O)C6=CC=CC=C6)C(=O)OC,0
"methyl (2R,3R,6R)-4-benzoyl-3-benzyl-9-[(2S)-2,3-dihydroxypropyl]-10-(dimethylcarbamoyl)-4,9-diazatricyclo[6.3.0.02,6]undeca-1(8),10-diene-3-carboxylate",CN(C)C(=O)C1=CC2=C(N1C[C@@H](CO)O)C[C@@H]3[C@H]2[C@](N(C3)C(=O)C4=CC=CC=C4)(CC5=CC=CC=C5)C(=O)OC,0
"methyl (2R,3R,6R)-4-benzoyl-3-benzyl-10-(dimethylcarbamoyl)-9-(2-fluoroethyl)-4,9-diazatricyclo[6.3.0.02,6]undeca-1(8),10-diene-3-carboxylate",CN(C)C(=O)C1=CC2=C(N1CCF)C[C@@H]3[C@H]2[C@](N(C3)C(=O)C4=CC=CC=C4)(CC5=CC=CC=C5)C(=O)OC,0
"methyl (2R,3R,6R)-4-benzoyl-3-benzyl-10-(dimethylcarbamoyl)-9-[2-(2-hydroxyethylsulfanyl)ethyl]-4,9-diazatricyclo[6.3.0.02,6]undeca-1(8),10-diene-3-carboxylate",CN(C)C(=O)C1=CC2=C(N1CCSCCO)C[C@@H]3[C@H]2[C@](N(C3)C(=O)C4=CC=CC=C4)(CC5=CC=CC=C5)C(=O)OC,0
"methyl (2R,3R,6R)-4-benzoyl-3-benzyl-10-(dimethylcarbamoyl)-9-methyl-4,9-diazatricyclo[6.3.0.02,6]undeca-1(8),10-diene-3-carboxylate",CN1C2=C(C=C1C(=O)N(C)C)[C@H]3[C@@H](C2)CN([C@@]3(CC4=CC=CC=C4)C(=O)OC)C(=O)C5=CC=CC=C5,0
"methyl (2R,3R,6R)-4-benzoyl-3-benzyl-10-(dimethylcarbamoyl)-9-[[2-(hydroxymethyl)-5-methyl-4-oxo-1H-pyridin-3-yl]methyl]-4,9-diazatricyclo[6.3.0.02,6]undeca-1(8),10-diene-3-carboxylate",CC1=CNC(=C(C1=O)CN2C3=C(C=C2C(=O)N(C)C)[C@H]4[C@@H](C3)CN([C@@]4(CC5=CC=CC=C5)C(=O)OC)C(=O)C6=CC=CC=C6)CO,0
"methyl (2R,3R,6R)-4-benzoyl-3-benzyl-10-(dimethylcarbamoyl)-9-[(4-methylsulfonylphenyl)methyl]-4,9-diazatricyclo[6.3.0.02,6]undeca-1(8),10-diene-3-carboxylate",CN(C)C(=O)C1=CC2=C(N1CC3=CC=C(C=C3)S(=O)(=O)C)C[C@@H]4[C@H]2[C@](N(C4)C(=O)C5=CC=CC=C5)(CC6=CC=CC=C6)C(=O)OC,0
"methyl (2R,3R,6R)-4-benzoyl-3-benzyl-10-(dimethylcarbamoyl)-9-[(1,5-dimethylpyrazol-3-yl)methyl]-4,9-diazatricyclo[6.3.0.02,6]undeca-1(8),10-diene-3-carboxylate",CC1=CC(=NN1C)CN2C3=C(C=C2C(=O)N(C)C)[C@H]4[C@@H](C3)CN([C@@]4(CC5=CC=CC=C5)C(=O)OC)C(=O)C6=CC=CC=C6,0
"methyl (2R,3R,6R)-4-benzoyl-10-(dimethylcarbamoyl)-9-[(1,5-dimethylpyrazol-3-yl)methyl]-3-[(4-methoxyphenyl)methyl]-4,9-diazatricyclo[6.3.0.02,6]undeca-1(8),10-diene-3-carboxylate",CC1=CC(=NN1C)CN2C3=C(C=C2C(=O)N(C)C)[C@H]4[C@@H](C3)CN([C@@]4(CC5=CC=C(C=C5)OC)C(=O)OC)C(=O)C6=CC=CC=C6,0
"methyl (2R,3R,6R)-4-benzoyl-10-(dimethylcarbamoyl)-3-[(4-methoxyphenyl)methyl]-9-[(4-methylsulfonylphenyl)methyl]-4,9-diazatricyclo[6.3.0.02,6]undeca-1(8),10-diene-3-carboxylate",CN(C)C(=O)C1=CC2=C(N1CC3=CC=C(C=C3)S(=O)(=O)C)C[C@@H]4[C@H]2[C@](N(C4)C(=O)C5=CC=CC=C5)(CC6=CC=C(C=C6)OC)C(=O)OC,0
"methyl (2R,3R,6R)-4-benzoyl-3-benzyl-10-(dimethylcarbamoyl)-9-(2-hydroxyethyl)-4,9-diazatricyclo[6.3.0.02,6]undeca-1(8),10-diene-3-carboxylate",CN(C)C(=O)C1=CC2=C(N1CCO)C[C@@H]3[C@H]2[C@](N(C3)C(=O)C4=CC=CC=C4)(CC5=CC=CC=C5)C(=O)OC,0
"methyl (2R,3R,6R)-4-benzoyl-10-(dimethylcarbamoyl)-9-(2-hydroxyethyl)-3-[(4-methoxyphenyl)methyl]-4,9-diazatricyclo[6.3.0.02,6]undeca-1(8),10-diene-3-carboxylate",CN(C)C(=O)C1=CC2=C(N1CCO)C[C@@H]3[C@H]2[C@](N(C3)C(=O)C4=CC=CC=C4)(CC5=CC=C(C=C5)OC)C(=O)OC,0
"methyl (2R,3R,6R)-4-benzoyl-9-(2-fluoroethyl)-3-[(4-methoxyphenyl)methyl]-10-(pyrrolidine-1-carbonyl)-4,9-diazatricyclo[6.3.0.02,6]undeca-1(8),10-diene-3-carboxylate",COC1=CC=C(C=C1)C[C@@]2([C@@H]3[C@@H](CC4=C3C=C(N4CCF)C(=O)N5CCCC5)CN2C(=O)C6=CC=CC=C6)C(=O)OC,0
"methyl (2R,3R,6R)-4-benzoyl-10-(dimethylcarbamoyl)-3-[(4-methoxyphenyl)methyl]-4,9-diazatricyclo[6.3.0.02,6]undeca-1(8),10-diene-3-carboxylate",CN(C)C(=O)C1=CC2=C(N1)C[C@@H]3[C@H]2[C@](N(C3)C(=O)C4=CC=CC=C4)(CC5=CC=C(C=C5)OC)C(=O)OC,0
"methyl (2R,3R,6R)-4-benzoyl-3-benzyl-10-(dimethylcarbamoyl)-9-[2-(5-oxoimidazolidin-1-yl)ethyl]-4,9-diazatricyclo[6.3.0.02,6]undeca-1(8),10-diene-3-carboxylate",CN(C)C(=O)C1=CC2=C(N1CCN3CNCC3=O)C[C@@H]4[C@H]2[C@](N(C4)C(=O)C5=CC=CC=C5)(CC6=CC=CC=C6)C(=O)OC,0
"methyl (2R,3R,6R)-4-benzoyl-10-(dimethylcarbamoyl)-3-[(4-methoxyphenyl)methyl]-9-[2-(5-oxoimidazolidin-1-yl)ethyl]-4,9-diazatricyclo[6.3.0.02,6]undeca-1(8),10-diene-3-carboxylate",CN(C)C(=O)C1=CC2=C(N1CCN3CNCC3=O)C[C@@H]4[C@H]2[C@](N(C4)C(=O)C5=CC=CC=C5)(CC6=CC=C(C=C6)OC)C(=O)OC,0
"methyl (2R,3R,6R)-4-benzoyl-3-benzyl-10-(dimethylcarbamoyl)-9-(pyridin-2-ylmethyl)-4,9-diazatricyclo[6.3.0.02,6]undeca-1(8),10-diene-3-carboxylate",CN(C)C(=O)C1=CC2=C(N1CC3=CC=CC=N3)C[C@@H]4[C@H]2[C@](N(C4)C(=O)C5=CC=CC=C5)(CC6=CC=CC=C6)C(=O)OC,0
"methyl (2R,3R,6R)-4-benzoyl-10-(dimethylcarbamoyl)-3-[(4-methoxyphenyl)methyl]-9-(pyridin-2-ylmethyl)-4,9-diazatricyclo[6.3.0.02,6]undeca-1(8),10-diene-3-carboxylate",CN(C)C(=O)C1=CC2=C(N1CC3=CC=CC=N3)C[C@@H]4[C@H]2[C@](N(C4)C(=O)C5=CC=CC=C5)(CC6=CC=C(C=C6)OC)C(=O)OC,0
"methyl (2R,3R,6R)-4-benzoyl-3-benzyl-9-[[2-(hydroxymethyl)-5-methyl-4-oxo-1H-pyridin-3-yl]methyl]-10-(pyrrolidine-1-carbonyl)-4,9-diazatricyclo[6.3.0.02,6]undeca-1(8),10-diene-3-carboxylate",CC1=CNC(=C(C1=O)CN2C3=C(C=C2C(=O)N4CCCC4)[C@H]5[C@@H](C3)CN([C@@]5(CC6=CC=CC=C6)C(=O)OC)C(=O)C7=CC=CC=C7)CO,0
"methyl (2R,3R,6R)-4-benzoyl-3-benzyl-9-(2-methoxy-2-oxoethyl)-10-(pyrrolidine-1-carbonyl)-4,9-diazatricyclo[6.3.0.02,6]undeca-1(8),10-diene-3-carboxylate",COC(=O)CN1C2=C(C=C1C(=O)N3CCCC3)[C@H]4[C@@H](C2)CN([C@@]4(CC5=CC=CC=C5)C(=O)OC)C(=O)C6=CC=CC=C6,0
"methyl (2R,3R,6R)-4-benzoyl-3-benzyl-9-methyl-10-(pyrrolidine-1-carbonyl)-4,9-diazatricyclo[6.3.0.02,6]undeca-1(8),10-diene-3-carboxylate",CN1C2=C(C=C1C(=O)N3CCCC3)[C@H]4[C@@H](C2)CN([C@@]4(CC5=CC=CC=C5)C(=O)OC)C(=O)C6=CC=CC=C6,0
"methyl (2R,3R,6R)-4-benzoyl-3-[(4-methoxyphenyl)methyl]-9-[(4-methylsulfonylphenyl)methyl]-10-(pyrrolidine-1-carbonyl)-4,9-diazatricyclo[6.3.0.02,6]undeca-1(8),10-diene-3-carboxylate",COC1=CC=C(C=C1)C[C@@]2([C@@H]3[C@@H](CC4=C3C=C(N4CC5=CC=C(C=C5)S(=O)(=O)C)C(=O)N6CCCC6)CN2C(=O)C7=CC=CC=C7)C(=O)OC,0
"methyl (2R,3R,6R)-4-benzoyl-3-benzyl-9-[(4-methylsulfonylphenyl)methyl]-10-(pyrrolidine-1-carbonyl)-4,9-diazatricyclo[6.3.0.02,6]undeca-1(8),10-diene-3-carboxylate",COC(=O)[C@]1([C@@H]2[C@@H](CC3=C2C=C(N3CC4=CC=C(C=C4)S(=O)(=O)C)C(=O)N5CCCC5)CN1C(=O)C6=CC=CC=C6)CC7=CC=CC=C7,0
"methyl (2R,3R,6R)-4-benzoyl-9-[2-(2-hydroxyethylsulfanyl)ethyl]-3-[(4-methoxyphenyl)methyl]-10-(pyrrolidine-1-carbonyl)-4,9-diazatricyclo[6.3.0.02,6]undeca-1(8),10-diene-3-carboxylate",COC1=CC=C(C=C1)C[C@@]2([C@@H]3[C@@H](CC4=C3C=C(N4CCSCCO)C(=O)N5CCCC5)CN2C(=O)C6=CC=CC=C6)C(=O)OC,0
"methyl (2R,3R,6R)-4-benzoyl-3-benzyl-9-[2-(2-hydroxyethylsulfanyl)ethyl]-10-(pyrrolidine-1-carbonyl)-4,9-diazatricyclo[6.3.0.02,6]undeca-1(8),10-diene-3-carboxylate",COC(=O)[C@]1([C@@H]2[C@@H](CC3=C2C=C(N3CCSCCO)C(=O)N4CCCC4)CN1C(=O)C5=CC=CC=C5)CC6=CC=CC=C6,0
"Methyl (2R,3R,6R)-4-benzoyl-3-[(4-fluorophenyl)methyl]-9-(2-methoxyethyl)-10-(pyrrolidine-1-carbonyl)-4,9-diazatricyclo[6.3.0.02,6]undeca-1(8),10-diene-3-carboxylate",COCCN1C2=C(C=C1C(=O)N3CCCC3)[C@H]4[C@@H](C2)CN([C@@]4(CC5=CC=C(C=C5)F)C(=O)OC)C(=O)C6=CC=CC=C6,0
"methyl (2R,3R,6R)-4-benzoyl-10-(dimethylcarbamoyl)-9-[(1,5-dimethylpyrazol-3-yl)methyl]-3-[(4-fluorophenyl)methyl]-4,9-diazatricyclo[6.3.0.02,6]undeca-1(8),10-diene-3-carboxylate",CC1=CC(=NN1C)CN2C3=C(C=C2C(=O)N(C)C)[C@H]4[C@@H](C3)CN([C@@]4(CC5=CC=C(C=C5)F)C(=O)OC)C(=O)C6=CC=CC=C6,0
"methyl (2R,3R,6R)-4-benzoyl-10-(dimethylcarbamoyl)-3-[(4-fluorophenyl)methyl]-9-[[2-(hydroxymethyl)-5-methyl-4-oxo-1H-pyridin-3-yl]methyl]-4,9-diazatricyclo[6.3.0.02,6]undeca-1(8),10-diene-3-carboxylate",CC1=CNC(=C(C1=O)CN2C3=C(C=C2C(=O)N(C)C)[C@H]4[C@@H](C3)CN([C@@]4(CC5=CC=C(C=C5)F)C(=O)OC)C(=O)C6=CC=CC=C6)CO,0
"methyl (2R,3R,6R)-4-benzoyl-10-(dimethylcarbamoyl)-3-[(4-fluorophenyl)methyl]-9-(2-hydroxyethyl)-4,9-diazatricyclo[6.3.0.02,6]undeca-1(8),10-diene-3-carboxylate",CN(C)C(=O)C1=CC2=C(N1CCO)C[C@@H]3[C@H]2[C@](N(C3)C(=O)C4=CC=CC=C4)(CC5=CC=C(C=C5)F)C(=O)OC,0
"methyl (2R,3R,6R)-4-benzoyl-10-(dimethylcarbamoyl)-3-[(4-fluorophenyl)methyl]-4,9-diazatricyclo[6.3.0.02,6]undeca-1(8),10-diene-3-carboxylate",CN(C)C(=O)C1=CC2=C(N1)C[C@@H]3[C@H]2[C@](N(C3)C(=O)C4=CC=CC=C4)(CC5=CC=C(C=C5)F)C(=O)OC,0
"methyl (2R,3R,6R)-4-benzoyl-3-[(4-fluorophenyl)methyl]-9-[[2-(hydroxymethyl)-5-methyl-4-oxo-1H-pyridin-3-yl]methyl]-10-(pyrrolidine-1-carbonyl)-4,9-diazatricyclo[6.3.0.02,6]undeca-1(8),10-diene-3-carboxylate",CC1=CNC(=C(C1=O)CN2C3=C(C=C2C(=O)N4CCCC4)[C@H]5[C@@H](C3)CN([C@@]5(CC6=CC=C(C=C6)F)C(=O)OC)C(=O)C7=CC=CC=C7)CO,0
"methyl (2R,3R,6R)-4-benzoyl-3-[(4-fluorophenyl)methyl]-9-(pyridin-2-ylmethyl)-10-(pyrrolidine-1-carbonyl)-4,9-diazatricyclo[6.3.0.02,6]undeca-1(8),10-diene-3-carboxylate",COC(=O)[C@]1([C@@H]2[C@@H](CC3=C2C=C(N3CC4=CC=CC=N4)C(=O)N5CCCC5)CN1C(=O)C6=CC=CC=C6)CC7=CC=C(C=C7)F,0
"methyl (2R,3R,6R)-4-benzoyl-3-[(4-fluorophenyl)methyl]-9-(2-methoxy-2-oxoethyl)-10-(pyrrolidine-1-carbonyl)-4,9-diazatricyclo[6.3.0.02,6]undeca-1(8),10-diene-3-carboxylate",COC(=O)CN1C2=C(C=C1C(=O)N3CCCC3)[C@H]4[C@@H](C2)CN([C@@]4(CC5=CC=C(C=C5)F)C(=O)OC)C(=O)C6=CC=CC=C6,0
"methyl (2R,3R,6R)-4-benzoyl-3-[(4-fluorophenyl)methyl]-9-(2-hydroxyethyl)-10-(pyrrolidine-1-carbonyl)-4,9-diazatricyclo[6.3.0.02,6]undeca-1(8),10-diene-3-carboxylate",COC(=O)[C@]1([C@@H]2[C@@H](CC3=C2C=C(N3CCO)C(=O)N4CCCC4)CN1C(=O)C5=CC=CC=C5)CC6=CC=C(C=C6)F,0
"methyl (2R,3R,6R)-4-benzoyl-9-benzyl-3-[(4-fluorophenyl)methyl]-10-(pyrrolidine-1-carbonyl)-4,9-diazatricyclo[6.3.0.02,6]undeca-1(8),10-diene-3-carboxylate",COC(=O)[C@]1([C@@H]2[C@@H](CC3=C2C=C(N3CC4=CC=CC=C4)C(=O)N5CCCC5)CN1C(=O)C6=CC=CC=C6)CC7=CC=C(C=C7)F,0
"methyl (2R,3R,6R)-4-benzoyl-3-[(4-fluorophenyl)methyl]-9-[(5-methylfuran-2-yl)methyl]-10-(pyrrolidine-1-carbonyl)-4,9-diazatricyclo[6.3.0.02,6]undeca-1(8),10-diene-3-carboxylate",CC1=CC=C(O1)CN2C3=C(C=C2C(=O)N4CCCC4)[C@H]5[C@@H](C3)CN([C@@]5(CC6=CC=C(C=C6)F)C(=O)OC)C(=O)C7=CC=CC=C7,0
"methyl (2R,3R,6R)-4-benzoyl-3-[(4-fluorophenyl)methyl]-10-(pyrrolidine-1-carbonyl)-9-[[6-(trifluoromethyl)-3-pyridinyl]methyl]-4,9-diazatricyclo[6.3.0.02,6]undeca-1(8),10-diene-3-carboxylate",COC(=O)[C@]1([C@@H]2[C@@H](CC3=C2C=C(N3CC4=CN=C(C=C4)C(F)(F)F)C(=O)N5CCCC5)CN1C(=O)C6=CC=CC=C6)CC7=CC=C(C=C7)F,0
"methyl (2R,3R,6R)-4-benzoyl-9-[(6-fluoro-4H-1,3-benzodioxin-8-yl)methyl]-3-[(4-fluorophenyl)methyl]-10-(pyrrolidine-1-carbonyl)-4,9-diazatricyclo[6.3.0.02,6]undeca-1(8),10-diene-3-carboxylate",COC(=O)[C@]1([C@@H]2[C@@H](CC3=C2C=C(N3CC4=CC(=CC5=C4OCOC5)F)C(=O)N6CCCC6)CN1C(=O)C7=CC=CC=C7)CC8=CC=C(C=C8)F,0
"(2S,3R,4R)-2-phenyl-3-piperidin-1-yl-4-[(15S)-15-tetracyclo[6.6.2.02,7.09,14]hexadeca-2,4,6,9,11,13-hexaenyl]thietane 1,1-dioxide",C1CCN(CC1)[C@@H]2[C@H](S(=O)(=O)[C@H]2C3=CC=CC=C3)[C@H]4CC5C6=CC=CC=C6C4C7=CC=CC=C57,0
"methyl (2R,3R,6R)-4-benzoyl-3-[(4-fluorophenyl)methyl]-9-[2-(5-oxoimidazolidin-1-yl)ethyl]-10-(pyrrolidine-1-carbonyl)-4,9-diazatricyclo[6.3.0.02,6]undeca-1(8),10-diene-3-carboxylate",COC(=O)[C@]1([C@@H]2[C@@H](CC3=C2C=C(N3CCN4CNCC4=O)C(=O)N5CCCC5)CN1C(=O)C6=CC=CC=C6)CC7=CC=C(C=C7)F,0
"methyl (2R,3R,6R)-4-benzoyl-9-[2-(3,4-dihydroxyphenyl)ethyl]-3-[(4-fluorophenyl)methyl]-10-(pyrrolidine-1-carbonyl)-4,9-diazatricyclo[6.3.0.02,6]undeca-1(8),10-diene-3-carboxylate",COC(=O)[C@]1([C@@H]2[C@@H](CC3=C2C=C(N3CCC4=CC(=C(C=C4)O)O)C(=O)N5CCCC5)CN1C(=O)C6=CC=CC=C6)CC7=CC=C(C=C7)F,0
"methyl (2R,3R,6R)-4-benzoyl-3-[(4-fluorophenyl)methyl]-9-(2-pyridin-2-ylethyl)-10-(pyrrolidine-1-carbonyl)-4,9-diazatricyclo[6.3.0.02,6]undeca-1(8),10-diene-3-carboxylate",COC(=O)[C@]1([C@@H]2[C@@H](CC3=C2C=C(N3CCC4=CC=CC=N4)C(=O)N5CCCC5)CN1C(=O)C6=CC=CC=C6)CC7=CC=C(C=C7)F,0
"methyl (2R,3R,6R)-4-benzoyl-9-(2-fluoroethyl)-3-[(4-fluorophenyl)methyl]-10-(pyrrolidine-1-carbonyl)-4,9-diazatricyclo[6.3.0.02,6]undeca-1(8),10-diene-3-carboxylate",COC(=O)[C@]1([C@@H]2[C@@H](CC3=C2C=C(N3CCF)C(=O)N4CCCC4)CN1C(=O)C5=CC=CC=C5)CC6=CC=C(C=C6)F,0
"methyl (2R,3R,6R)-4-benzoyl-3-[(4-fluorophenyl)methyl]-9-[2-(2-hydroxyethylsulfanyl)ethyl]-10-(pyrrolidine-1-carbonyl)-4,9-diazatricyclo[6.3.0.02,6]undeca-1(8),10-diene-3-carboxylate",COC(=O)[C@]1([C@@H]2[C@@H](CC3=C2C=C(N3CCSCCO)C(=O)N4CCCC4)CN1C(=O)C5=CC=CC=C5)CC6=CC=C(C=C6)F,0
"methyl (2R,3R,6R)-4-benzoyl-9-[(1,5-dimethylpyrazol-3-yl)methyl]-3-[(4-fluorophenyl)methyl]-10-(pyrrolidine-1-carbonyl)-4,9-diazatricyclo[6.3.0.02,6]undeca-1(8),10-diene-3-carboxylate",CC1=CC(=NN1C)CN2C3=C(C=C2C(=O)N4CCCC4)[C@H]5[C@@H](C3)CN([C@@]5(CC6=CC=C(C=C6)F)C(=O)OC)C(=O)C7=CC=CC=C7,0
"methyl (2R,3R,6R)-4-benzoyl-9-[(2S)-2,3-dihydroxypropyl]-3-[(4-fluorophenyl)methyl]-10-(pyrrolidine-1-carbonyl)-4,9-diazatricyclo[6.3.0.02,6]undeca-1(8),10-diene-3-carboxylate",COC(=O)[C@]1([C@@H]2[C@@H](CC3=C2C=C(N3C[C@@H](CO)O)C(=O)N4CCCC4)CN1C(=O)C5=CC=CC=C5)CC6=CC=C(C=C6)F,0
"methyl (2R,3R,6R)-4-benzoyl-9-(2-methoxyethyl)-3-[(4-methoxyphenyl)methyl]-10-(pyrrolidine-1-carbonyl)-4,9-diazatricyclo[6.3.0.02,6]undeca-1(8),10-diene-3-carboxylate",COCCN1C2=C(C=C1C(=O)N3CCCC3)[C@H]4[C@@H](C2)CN([C@@]4(CC5=CC=C(C=C5)OC)C(=O)OC)C(=O)C6=CC=CC=C6,0
"methyl (3R,3aR)-2-benzoyl-3-[(4-fluorophenyl)methyl]-4-methylidene-5-oxo-1,3a-dihydrocyclopenta[c]pyrrole-3-carboxylate",COC(=O)[C@]1([C@H]2C(=C)C(=O)C=C2CN1C(=O)C3=CC=CC=C3)CC4=CC=C(C=C4)F,0
"methyl (3R,3aR)-2-benzoyl-3-[(4-methoxyphenyl)methyl]-4-methylidene-5-oxo-1,3a-dihydrocyclopenta[c]pyrrole-3-carboxylate",COC1=CC=C(C=C1)C[C@@]2([C@H]3C(=C)C(=O)C=C3CN2C(=O)C4=CC=CC=C4)C(=O)OC,0
"methyl (2R,3R,6R)-4-benzoyl-9-[(1,5-dimethylpyrazol-3-yl)methyl]-3-[(4-methoxyphenyl)methyl]-10-(pyrrolidine-1-carbonyl)-4,9-diazatricyclo[6.3.0.02,6]undeca-1(8),10-diene-3-carboxylate",CC1=CC(=NN1C)CN2C3=C(C=C2C(=O)N4CCCC4)[C@H]5[C@@H](C3)CN([C@@]5(CC6=CC=C(C=C6)OC)C(=O)OC)C(=O)C7=CC=CC=C7,0
"methyl (2R,3R,6R)-4-benzoyl-3-[(4-methoxyphenyl)methyl]-9-[2-(2-methyl-4-nitroimidazol-1-yl)ethyl]-10-(pyrrolidine-1-carbonyl)-4,9-diazatricyclo[6.3.0.02,6]undeca-1(8),10-diene-3-carboxylate",CC1=NC(=CN1CCN2C3=C(C=C2C(=O)N4CCCC4)[C@H]5[C@@H](C3)CN([C@@]5(CC6=CC=C(C=C6)OC)C(=O)OC)C(=O)C7=CC=CC=C7)[N+](=O)[O-],0
N-phenyl-6-pyridin-3-ylquinazolin-4-amine,C1=CC=C(C=C1)NC2=NC=NC3=C2C=C(C=C3)C4=CN=CC=C4,0
5-(Furan-3-yl)-4-(4-methylpiperazin-1-yl)pyrimidine,CN1CCN(CC1)C2=NC=NC=C2C3=COC=C3,0
"(5R)-N-(3-cyanophenyl)-9-(3,5-dimethyl-1,2-oxazole-4-carbonyl)-2,9-diazaspiro[4.5]decane-2-carboxamide",CC1=C(C(=NO1)C)C(=O)N2CCC[C@]3(C2)CCN(C3)C(=O)NC4=CC=CC(=C4)C#N,0
2-[4-[2-(5-methoxy-1H-indol-3-yl)ethylamino]quinazolin-6-yl]benzonitrile,COC1=CC2=C(C=C1)NC=C2CCNC3=NC=NC4=C3C=C(C=C4)C5=CC=CC=C5C#N,0
"4-[4-[(2,4-dimethoxyphenyl)methylamino]pyrimidin-2-yl]-N,N-dimethylbenzamide",CN(C)C(=O)C1=CC=C(C=C1)C2=NC=CC(=N2)NCC3=C(C=C(C=C3)OC)OC,0
2-(3-Methoxyphenyl)-4-(4-methylpiperazin-1-yl)quinazoline,CN1CCN(CC1)C2=NC(=NC3=CC=CC=C32)C4=CC(=CC=C4)OC,0
8-[(4-Fluorophenyl)methyl]-2-methoxy-6-thiophen-2-ylpteridin-7-one,COC1=NC=C2C(=N1)N(C(=O)C(=N2)C3=CC=CS3)CC4=CC=C(C=C4)F,0
8-[(3-Methoxyphenyl)methyl]-6-methyl-2-phenoxypteridin-7-one,CC1=NC2=CN=C(N=C2N(C1=O)CC3=CC(=CC=C3)OC)OC4=CC=CC=C4,0
"N,N-dimethyl-4-[4-(4-methylpiperazin-1-yl)pyrimidin-5-yl]benzamide",CN1CCN(CC1)C2=NC=NC=C2C3=CC=C(C=C3)C(=O)N(C)C,0
N-methyl-6-(2-methylphenyl)quinazolin-4-amine,CC1=CC=CC=C1C2=CC3=C(C=C2)N=CN=C3NC,0
"(2-Phenyl-2,9-diazaspiro[5.5]undecan-9-yl)-pyrazin-2-ylmethanone",C1CC2(CCN(CC2)C(=O)C3=NC=CN=C3)CN(C1)C4=CC=CC=C4,0
N-phenyl-2-pyridin-3-ylquinazolin-4-amine,C1=CC=C(C=C1)NC2=NC(=NC3=CC=CC=C32)C4=CN=CC=C4,0
6-(2-methoxyphenyl)-N-(pyridin-3-ylmethyl)quinazolin-4-amine,COC1=CC=CC=C1C2=CC3=C(C=C2)N=CN=C3NCC4=CN=CC=C4,0
N-(2-methoxyethyl)-6-(2-methoxyphenyl)quinazolin-4-amine,COCCNC1=NC=NC2=C1C=C(C=C2)C3=CC=CC=C3OC,0
2-Anilino-8-(4-methoxyphenyl)-6-methylpteridin-7-one,CC1=NC2=CN=C(N=C2N(C1=O)C3=CC=C(C=C3)OC)NC4=CC=CC=C4,0
"pyrazin-2-yl-[(5S)-2-pyridin-4-yl-2,7-diazaspiro[4.5]decan-7-yl]methanone",C1C[C@@]2(CCN(C2)C3=CC=NC=C3)CN(C1)C(=O)C4=NC=CN=C4,0
"(5S)-7-(benzenesulfonyl)-N-(3-cyanophenyl)-2,7-diazaspiro[4.5]decane-2-carboxamide",C1C[C@@]2(CCN(C2)C(=O)NC3=CC=CC(=C3)C#N)CN(C1)S(=O)(=O)C4=CC=CC=C4,0
2-(4-Methoxyphenoxy)-8-(4-methoxyphenyl)-6-methylpteridin-7-one,CC1=NC2=CN=C(N=C2N(C1=O)C3=CC=C(C=C3)OC)OC4=CC=C(C=C4)OC,0
2-(furan-3-yl)-N-(furan-2-ylmethyl)-N-methylquinazolin-4-amine,CN(CC1=CC=CO1)C2=NC(=NC3=CC=CC=C32)C4=COC=C4,0
2-[4-(dimethylamino)phenyl]-N-[2-(5-methoxy-1H-indol-3-yl)ethyl]pyrimidin-4-amine,CN(C)C1=CC=C(C=C1)C2=NC=CC(=N2)NCCC3=CNC4=C3C=C(C=C4)OC,0
2-Anilino-8-(2-methoxyethyl)-6-methylpteridin-7-one,CC1=NC2=CN=C(N=C2N(C1=O)CCOC)NC3=CC=CC=C3,0
"[(5S)-2-benzhydryl-2,7-diazaspiro[4.5]decan-7-yl]-(thiadiazol-4-yl)methanone",C1C[C@@]2(CCN(C2)C(C3=CC=CC=C3)C4=CC=CC=C4)CN(C1)C(=O)C5=CSN=N5,0
N-[(5-methylpyrazin-2-yl)methyl]-6-[2-(trifluoromethyl)phenyl]quinazolin-4-amine,CC1=CN=C(C=N1)CNC2=NC=NC3=C2C=C(C=C3)C4=CC=CC=C4C(F)(F)F,0
8-(2-Methoxyethyl)-2-(4-methoxyphenoxy)-6-phenylpteridin-7-one,COCCN1C2=NC(=NC=C2N=C(C1=O)C3=CC=CC=C3)OC4=CC=C(C=C4)OC,0
8-[(4-Fluorophenyl)methyl]-6-methyl-2-morpholin-4-ylpteridin-7-one,CC1=NC2=CN=C(N=C2N(C1=O)CC3=CC=C(C=C3)F)N4CCOCC4,0
N-[(3-methylphenyl)methyl]-5-[2-(trifluoromethyl)phenyl]pyrimidin-4-amine,CC1=CC(=CC=C1)CNC2=NC=NC=C2C3=CC=CC=C3C(F)(F)F,0
"4-[[9-[3,5-Bis(trifluoromethyl)benzoyl]-2,9-diazaspiro[5.5]undecan-2-yl]methyl]benzonitrile",C1CC2(CCN(CC2)C(=O)C3=CC(=CC(=C3)C(F)(F)F)C(F)(F)F)CN(C1)CC4=CC=C(C=C4)C#N,0
3-[4-(Pyridin-3-ylmethylamino)pyrimidin-2-yl]benzonitrile,C1=CC(=CC(=C1)C2=NC=CC(=N2)NCC3=CN=CC=C3)C#N,0
3-[6-(1-Methylindol-3-yl)-7-oxo-2-piperazin-1-ylpteridin-8-yl]propanenitrile,CN1C=C(C2=CC=CC=C21)C3=NC4=CN=C(N=C4N(C3=O)CCC#N)N5CCNCC5,0
2-(Ethylamino)-8-(4-methoxyphenyl)-6-phenylpteridin-7-one,CCNC1=NC=C2C(=N1)N(C(=O)C(=N2)C3=CC=CC=C3)C4=CC=C(C=C4)OC,0
6-(3-Chlorophenyl)-8-(4-methoxyphenyl)pteridin-7-one,COC1=CC=C(C=C1)N2C3=NC=NC=C3N=C(C2=O)C4=CC(=CC=C4)Cl,0
"[(5S)-2-benzyl-2,7-diazaspiro[4.5]decan-7-yl]-pyridin-4-ylmethanone",C1C[C@@]2(CCN(C2)CC3=CC=CC=C3)CN(C1)C(=O)C4=CC=NC=C4,0
2-(2-methylphenyl)-N-pyridin-4-ylquinazolin-4-amine,CC1=CC=CC=C1C2=NC3=CC=CC=C3C(=N2)NC4=CC=NC=C4,0
"(1-Methylpyrrol-2-yl)-[2-(3-phenylphenyl)-2,9-diazaspiro[5.5]undecan-9-yl]methanone",CN1C=CC=C1C(=O)N2CCC3(CCCN(C3)C4=CC=CC(=C4)C5=CC=CC=C5)CC2,0
N-benzyl-6-(3-methoxyphenyl)pyrimidin-4-amine,COC1=CC=CC(=C1)C2=CC(=NC=N2)NCC3=CC=CC=C3,0
"[(5S)-2-pyridin-4-yl-2,7-diazaspiro[4.5]decan-7-yl]-(thiadiazol-4-yl)methanone",C1C[C@@]2(CCN(C2)C3=CC=NC=C3)CN(C1)C(=O)C4=CSN=N4,0
8-[(2-Chlorophenyl)methyl]-6-(2-phenylethyl)pteridin-7-one,C1=CC=C(C=C1)CCC2=NC3=CN=CN=C3N(C2=O)CC4=CC=CC=C4Cl,0
6-(2-methoxyphenyl)-N-phenylquinazolin-4-amine,COC1=CC=CC=C1C2=CC3=C(C=C2)N=CN=C3NC4=CC=CC=C4,0
N-[3-[4-[(3-methylphenyl)methylamino]pyrimidin-2-yl]phenyl]methanesulfonamide,CC1=CC(=CC=C1)CNC2=NC(=NC=C2)C3=CC(=CC=C3)NS(=O)(=O)C,0
2-(4-methoxyphenoxy)-8-[[(2R)-oxolan-2-yl]methyl]-6-phenylpteridin-7-one,COC1=CC=C(C=C1)OC2=NC=C3C(=N2)N(C(=O)C(=N3)C4=CC=CC=C4)C[C@H]5CCCO5,0
6-(2-chlorophenyl)-N-(2-morpholin-4-ylethyl)quinazolin-4-amine,C1COCCN1CCNC2=NC=NC3=C2C=C(C=C3)C4=CC=CC=C4Cl,0
2-(2-chlorophenyl)-N-(thiophen-2-ylmethyl)pyrimidin-4-amine,C1=CC=C(C(=C1)C2=NC=CC(=N2)NCC3=CC=CS3)Cl,0
"(5R)-9-(3,5-dimethyl-1,2-oxazole-4-carbonyl)-N-(3-fluorophenyl)-2,9-diazaspiro[4.5]decane-2-carboxamide",CC1=C(C(=NO1)C)C(=O)N2CCC[C@]3(C2)CCN(C3)C(=O)NC4=CC(=CC=C4)F,0
6-(3-Chlorophenyl)-8-[(3-methoxyphenyl)methyl]pteridin-7-one,COC1=CC=CC(=C1)CN2C3=NC=NC=C3N=C(C2=O)C4=CC(=CC=C4)Cl,0
N-[3-[4-[(2-methoxyphenyl)methylamino]pyrimidin-5-yl]phenyl]methanesulfonamide,COC1=CC=CC=C1CNC2=NC=NC=C2C3=CC(=CC=C3)NS(=O)(=O)C,0
N-[3-(4-anilinoquinazolin-2-yl)phenyl]methanesulfonamide,CS(=O)(=O)NC1=CC=CC(=C1)C2=NC3=CC=CC=C3C(=N2)NC4=CC=CC=C4,0
"(5R)-N-phenyl-9-(thiadiazole-4-carbonyl)-2,9-diazaspiro[4.5]decane-2-carboxamide",C1C[C@@]2(CCN(C2)C(=O)NC3=CC=CC=C3)CN(C1)C(=O)C4=CSN=N4,0
2-(2-Methylphenyl)-4-(4-methylpiperazin-1-yl)quinazoline,CC1=CC=CC=C1C2=NC3=CC=CC=C3C(=N2)N4CCN(CC4)C,0
6-(3-methoxyphenyl)-N-[(2-methoxyphenyl)methyl]pyrimidin-4-amine,COC1=CC=CC(=C1)C2=CC(=NC=N2)NCC3=CC=CC=C3OC,0
8-Cyclopropyl-6-(4-methoxyphenyl)-2-piperazin-1-ylpteridin-7-one,COC1=CC=C(C=C1)C2=NC3=CN=C(N=C3N(C2=O)C4CC4)N5CCNCC5,0
8-[(3-Methoxyphenyl)methyl]-2-(4-methylpiperazin-1-yl)-6-thiophen-2-ylpteridin-7-one,CN1CCN(CC1)C2=NC=C3C(=N2)N(C(=O)C(=N3)C4=CC=CS4)CC5=CC(=CC=C5)OC,0
"4-[4-[2-(1H-imidazol-5-yl)ethylamino]pyrimidin-5-yl]-N,N-dimethylbenzamide",CN(C)C(=O)C1=CC=C(C=C1)C2=CN=CN=C2NCCC3=CN=CN3,0
"N-phenyl-9-(thiadiazole-4-carbonyl)-2,9-diazaspiro[5.5]undecane-2-carboxamide",C1CC2(CCN(CC2)C(=O)C3=CSN=N3)CN(C1)C(=O)NC4=CC=CC=C4,0
2-(2-methylphenyl)-N-(2-morpholin-4-ylethyl)quinazolin-4-amine,CC1=CC=CC=C1C2=NC3=CC=CC=C3C(=N2)NCCN4CCOCC4,0
"N-benzyl-6-(3,5-dimethyl-1,2-oxazol-4-yl)quinazolin-4-amine",CC1=C(C(=NO1)C)C2=CC3=C(C=C2)N=CN=C3NCC4=CC=CC=C4,0
"6-(3,5-Difluorophenyl)-2-methoxy-8-[(3-methoxyphenyl)methyl]pteridin-7-one",COC1=CC=CC(=C1)CN2C3=NC(=NC=C3N=C(C2=O)C4=CC(=CC(=C4)F)F)OC,0
N-cyclopropyl-2-(furan-3-yl)quinazolin-4-amine,C1CC1NC2=NC(=NC3=CC=CC=C32)C4=COC=C4,0
8-Cyclopropyl-6-(4-fluorophenyl)-2-(4-methoxyphenoxy)pteridin-7-one,COC1=CC=C(C=C1)OC2=NC=C3C(=N2)N(C(=O)C(=N3)C4=CC=C(C=C4)F)C5CC5,0
N-[3-[4-(2-morpholin-4-ylethylamino)quinazolin-6-yl]phenyl]methanesulfonamide,CS(=O)(=O)NC1=CC=CC(=C1)C2=CC3=C(C=C2)N=CN=C3NCCN4CCOCC4,0
6-(2-chlorophenyl)-N-[(3-methylphenyl)methyl]pyrimidin-4-amine,CC1=CC(=CC=C1)CNC2=NC=NC(=C2)C3=CC=CC=C3Cl,0
"2-(1,3-benzodioxol-5-yl)-N-(2-morpholin-4-ylethyl)quinazolin-4-amine",C1COCCN1CCNC2=NC(=NC3=CC=CC=C32)C4=CC5=C(C=C4)OCO5,0
"9-(Benzenesulfonyl)-2-(pyridin-4-ylmethyl)-2,9-diazaspiro[5.5]undecane",C1CC2(CCN(CC2)S(=O)(=O)C3=CC=CC=C3)CN(C1)CC4=CC=NC=C4,0
3-[4-[(5-Methylpyrazin-2-yl)methylamino]pyrimidin-5-yl]benzonitrile,CC1=CN=C(C=N1)CNC2=NC=NC=C2C3=CC=CC(=C3)C#N,0
N-[(2-methoxyphenyl)methyl]-5-pyridin-3-ylpyrimidin-4-amine,COC1=CC=CC=C1CNC2=NC=NC=C2C3=CN=CC=C3,0
N-[(2-methoxyphenyl)methyl]-6-pyridin-3-ylquinazolin-4-amine,COC1=CC=CC=C1CNC2=NC=NC3=C2C=C(C=C3)C4=CN=CC=C4,0
"(5S)-7-(benzenesulfonyl)-2-pyridin-4-yl-2,7-diazaspiro[4.5]decane",C1C[C@@]2(CCN(C2)C3=CC=NC=C3)CN(C1)S(=O)(=O)C4=CC=CC=C4,0
5-(2-chlorophenyl)-N-[(2-methoxyphenyl)methyl]pyrimidin-4-amine,COC1=CC=CC=C1CNC2=NC=NC=C2C3=CC=CC=C3Cl,0
4-Imidazol-1-yl-5-pyridin-3-ylpyrimidine,C1=CC(=CN=C1)C2=CN=CN=C2N3C=CN=C3,0
6-(2-chlorophenyl)-N-(2-furanylmethyl)-N-methyl-4-quinazolinamine,CN(CC1=CC=CO1)C2=NC=NC3=C2C=C(C=C3)C4=CC=CC=C4Cl,0
"[2-(3-Phenylphenyl)-2,7-diazaspiro[3.5]nonan-7-yl]-pyridin-4-ylmethanone",C1CN(CCC12CN(C2)C3=CC=CC(=C3)C4=CC=CC=C4)C(=O)C5=CC=NC=C5,0
6-[2-[(dimethylamino)methyl]phenyl]-N-[(2-methoxyphenyl)methyl]quinazolin-4-amine,CN(C)CC1=CC=CC=C1C2=CC3=C(C=C2)N=CN=C3NCC4=CC=CC=C4OC,0
"N-[(2,4-dimethoxyphenyl)methyl]-5-(furan-3-yl)pyrimidin-4-amine",COC1=CC(=C(C=C1)CNC2=NC=NC=C2C3=COC=C3)OC,0
"pyrazin-2-yl-[(5S)-2-pyridin-2-yl-2,7-diazaspiro[4.5]decan-7-yl]methanone",C1C[C@@]2(CCN(C2)C3=CC=CC=N3)CN(C1)C(=O)C4=NC=CN=C4,0
8-[(4-Fluorophenyl)methyl]-2-phenylmethoxypteridin-7-one,C1=CC=C(C=C1)COC2=NC=C3C(=N2)N(C(=O)C=N3)CC4=CC=C(C=C4)F,0
2-Methoxy-6-thiophen-2-yl-8-(thiophen-2-ylmethyl)pteridin-7-one,COC1=NC=C2C(=N1)N(C(=O)C(=N2)C3=CC=CS3)CC4=CC=CS4,0
"[2-(2-Methylpropyl)-2,9-diazaspiro[5.5]undecan-9-yl]-pyrazin-2-ylmethanone",CC(C)CN1CCCC2(C1)CCN(CC2)C(=O)C3=NC=CN=C3,0
N-[2-(5-methoxy-1H-indol-3-yl)ethyl]-6-[2-(trifluoromethyl)phenyl]pyrimidin-4-amine,COC1=CC2=C(C=C1)NC=C2CCNC3=NC=NC(=C3)C4=CC=CC=C4C(F)(F)F,0
"2-(3,5-dimethyl-1,2-oxazol-4-yl)-N-[2-(5-methoxy-1H-indol-3-yl)ethyl]pyrimidin-4-amine",CC1=C(C(=NO1)C)C2=NC=CC(=N2)NCCC3=CNC4=C3C=C(C=C4)OC,0
N-(2-methoxyethyl)-2-[2-(trifluoromethyl)phenyl]quinazolin-4-amine,COCCNC1=NC(=NC2=CC=CC=C21)C3=CC=CC=C3C(F)(F)F,0
3-[6-(4-Chlorophenyl)-2-(4-methoxyphenoxy)-7-oxopteridin-8-yl]propanenitrile,COC1=CC=C(C=C1)OC2=NC=C3C(=N2)N(C(=O)C(=N3)C4=CC=C(C=C4)Cl)CCC#N,0
N-(furan-2-ylmethyl)-N-methyl-2-pyridin-3-ylquinazolin-4-amine,CN(CC1=CC=CO1)C2=NC(=NC3=CC=CC=C32)C4=CN=CC=C4,0
2-[4-(dimethylamino)phenyl]-N-methylquinazolin-4-amine,CNC1=NC(=NC2=CC=CC=C21)C3=CC=C(C=C3)N(C)C,0
"(5S)-7-(benzenesulfonyl)-2-[[3,5-bis(trifluoromethyl)phenyl]methyl]-2,7-diazaspiro[4.5]decane",C1C[C@@]2(CCN(C2)CC3=CC(=CC(=C3)C(F)(F)F)C(F)(F)F)CN(C1)S(=O)(=O)C4=CC=CC=C4,0
2-[4-(dimethylamino)phenyl]-N-[2-(1H-imidazol-5-yl)ethyl]quinazolin-4-amine,CN(C)C1=CC=C(C=C1)C2=NC3=CC=CC=C3C(=N2)NCCC4=CN=CN4,0
2-(2-methoxyphenyl)-N-(thiophen-2-ylmethyl)pyrimidin-4-amine,COC1=CC=CC=C1C2=NC=CC(=N2)NCC3=CC=CS3,0
5-(2-methoxyphenyl)-N-(2-morpholin-4-ylethyl)pyrimidin-4-amine,COC1=CC=CC=C1C2=CN=CN=C2NCCN3CCOCC3,0
3-[6-[2-(5-methoxy-1H-indol-3-yl)ethylamino]pyrimidin-4-yl]benzonitrile,COC1=CC2=C(C=C1)NC=C2CCNC3=NC=NC(=C3)C4=CC=CC(=C4)C#N,0
"5-(3,5-dimethyl-1,2-oxazol-4-yl)-N-[2-(5-methoxy-1H-indol-3-yl)ethyl]pyrimidin-4-amine",CC1=C(C(=NO1)C)C2=CN=CN=C2NCCC3=CNC4=C3C=C(C=C4)OC,0
"(1-methylpyrrol-2-yl)-[(5S)-2-pyridin-4-yl-2,7-diazaspiro[4.5]decan-7-yl]methanone",CN1C=CC=C1C(=O)N2CCC[C@]3(C2)CCN(C3)C4=CC=NC=C4,0
"(5R)-9-(furan-2-carbonyl)-N-(4-methoxyphenyl)-2,9-diazaspiro[4.5]decane-2-carboxamide",COC1=CC=C(C=C1)NC(=O)N2CC[C@]3(C2)CCCN(C3)C(=O)C4=CC=CO4,0
"N-(3-fluorophenyl)-9-(4-methoxybenzoyl)-2,9-diazaspiro[5.5]undecane-2-carboxamide",COC1=CC=C(C=C1)C(=O)N2CCC3(CCCN(C3)C(=O)NC4=CC(=CC=C4)F)CC2,0
3-[2-(4-Methoxyphenoxy)-6-(1-methylindol-3-yl)-7-oxopteridin-8-yl]propanenitrile,CN1C=C(C2=CC=CC=C21)C3=NC4=CN=C(N=C4N(C3=O)CCC#N)OC5=CC=C(C=C5)OC,0
"6-(3,5-dimethylisoxazol-4-yl)-N-(pyridin-3-ylmethyl)quinazolin-4-amine",CC1=C(C(=NO1)C)C2=CC3=C(C=C2)N=CN=C3NCC4=CN=CC=C4,0
5-(3-methoxyphenyl)-N-[(2-methoxyphenyl)methyl]pyrimidin-4-amine,COC1=CC=CC(=C1)C2=CN=CN=C2NCC3=CC=CC=C3OC,0
N-(4-fluorophenyl)-5-[2-(trifluoromethyl)phenyl]pyrimidin-4-amine,C1=CC=C(C(=C1)C2=CN=CN=C2NC3=CC=C(C=C3)F)C(F)(F)F,0
N-[2-[[2-[3-(methanesulfonamido)phenyl]quinazolin-4-yl]amino]ethyl]acetamide,CC(=O)NCCNC1=NC(=NC2=CC=CC=C21)C3=CC(=CC=C3)NS(=O)(=O)C,0
5-[2-[(dimethylamino)methyl]phenyl]-N-[(3-methylphenyl)methyl]pyrimidin-4-amine,CC1=CC(=CC=C1)CNC2=NC=NC=C2C3=CC=CC=C3CN(C)C,0
6-(3-Fluorophenyl)-8-[2-(2-methoxyphenyl)ethyl]pteridin-7-one,COC1=CC=CC=C1CCN2C3=NC=NC=C3N=C(C2=O)C4=CC(=CC=C4)F,0
2-(3-methoxyphenyl)-N-(thiophen-2-ylmethyl)quinazolin-4-amine,COC1=CC=CC(=C1)C2=NC3=CC=CC=C3C(=N2)NCC4=CC=CS4,0
N-[2-(1H-imidazol-5-yl)ethyl]-5-(2-methoxyphenyl)pyrimidin-4-amine,COC1=CC=CC=C1C2=CN=CN=C2NCCC3=CN=CN3,0
8-[(4-Fluorophenyl)methyl]-2-(4-methylpiperazin-1-yl)-6-(2-phenylethyl)pteridin-7-one,CN1CCN(CC1)C2=NC=C3C(=N2)N(C(=O)C(=N3)CCC4=CC=CC=C4)CC5=CC=C(C=C5)F,0
"N,N-dimethyl-4-[4-(pyridin-3-ylmethylamino)quinazolin-6-yl]benzamide",CN(C)C(=O)C1=CC=C(C=C1)C2=CC3=C(C=C2)N=CN=C3NCC4=CN=CC=C4,0
N-cyclopropyl-2-[2-(trifluoromethyl)phenyl]quinazolin-4-amine,C1CC1NC2=NC(=NC3=CC=CC=C32)C4=CC=CC=C4C(F)(F)F,0
"9-(Benzenesulfonyl)-2-phenyl-2,9-diazaspiro[5.5]undecane",C1CC2(CCN(CC2)S(=O)(=O)C3=CC=CC=C3)CN(C1)C4=CC=CC=C4,0
3-(4-Piperazin-1-ylquinazolin-2-yl)benzonitrile,C1CN(CCN1)C2=NC(=NC3=CC=CC=C32)C4=CC=CC(=C4)C#N,0
"(5R)-9-[3,5-bis(trifluoromethyl)benzoyl]-N-(4-methoxyphenyl)-2,9-diazaspiro[4.5]decane-2-carboxamide",COC1=CC=C(C=C1)NC(=O)N2CC[C@]3(C2)CCCN(C3)C(=O)C4=CC(=CC(=C4)C(F)(F)F)C(F)(F)F,0
"N,N-dimethyl-4-[6-[(3-methylphenyl)methylamino]pyrimidin-4-yl]benzamide",CC1=CC(=CC=C1)CNC2=NC=NC(=C2)C3=CC=C(C=C3)C(=O)N(C)C,0
"6-(2-methoxyphenyl)-N,N-dimethylquinazolin-4-amine",CN(C)C1=NC=NC2=C1C=C(C=C2)C3=CC=CC=C3OC,0
"N-benzyl-5-(3,5-dimethyl-1,2-oxazol-4-yl)pyrimidin-4-amine",CC1=C(C(=NO1)C)C2=CN=CN=C2NCC3=CC=CC=C3,0
N-[3-[4-(dimethylamino)quinazolin-6-yl]phenyl]methanesulfonamide,CN(C)C1=NC=NC2=C1C=C(C=C2)C3=CC(=CC=C3)NS(=O)(=O)C,0
"[(5S)-2-[(2-methoxyphenyl)methyl]-2,7-diazaspiro[4.5]decan-7-yl]-pyridin-4-ylmethanone",COC1=CC=CC=C1CN2CC[C@]3(C2)CCCN(C3)C(=O)C4=CC=NC=C4,0
3-[4-(Dimethylamino)quinazolin-6-yl]benzonitrile,CN(C)C1=NC=NC2=C1C=C(C=C2)C3=CC=CC(=C3)C#N,0
N-[(3-methylphenyl)methyl]-6-(3-pyridinyl)-4-quinazolinamine,CC1=CC(=CC=C1)CNC2=NC=NC3=C2C=C(C=C3)C4=CN=CC=C4,0
"N,N-dimethyl-4-[4-[(3-methylphenyl)methylamino]quinazolin-6-yl]benzamide",CC1=CC(=CC=C1)CNC2=NC=NC3=C2C=C(C=C3)C4=CC=C(C=C4)C(=O)N(C)C,0
6-(4-Fluorophenyl)-8-[(3-methoxyphenyl)methyl]-2-piperazin-1-ylpteridin-7-one,COC1=CC=CC(=C1)CN2C3=NC(=NC=C3N=C(C2=O)C4=CC=C(C=C4)F)N5CCNCC5,0
2-[4-(Cyclopropylamino)quinazolin-6-yl]benzonitrile,C1CC1NC2=NC=NC3=C2C=C(C=C3)C4=CC=CC=C4C#N,0
"N-(3-cyanophenyl)-7-(4-methoxybenzoyl)-2,7-diazaspiro[3.5]nonane-2-carboxamide",COC1=CC=C(C=C1)C(=O)N2CCC3(CC2)CN(C3)C(=O)NC4=CC=CC(=C4)C#N,0
"6-(3,5-dimethyl-1,2-oxazol-4-yl)-N-[(3-methylphenyl)methyl]pyrimidin-4-amine",CC1=CC(=CC=C1)CNC2=NC=NC(=C2)C3=C(ON=C3C)C,0
5-[4-(dimethylamino)phenyl]-N-(furan-2-ylmethyl)-N-methylpyrimidin-4-amine,CN(C)C1=CC=C(C=C1)C2=CN=CN=C2N(C)CC3=CC=CO3,0
3-[4-[2-(5-methoxy-1H-indol-3-yl)ethylamino]pyrimidin-5-yl]benzonitrile,COC1=CC2=C(C=C1)NC=C2CCNC3=NC=NC=C3C4=CC=CC(=C4)C#N,0
"N-[(2,4-dimethoxyphenyl)methyl]-5-[2-(trifluoromethyl)phenyl]pyrimidin-4-amine",COC1=CC(=C(C=C1)CNC2=NC=NC=C2C3=CC=CC=C3C(F)(F)F)OC,0
2-Methoxy-6-phenyl-8-(2-phenylethyl)pteridin-7-one,COC1=NC=C2C(=N1)N(C(=O)C(=N2)C3=CC=CC=C3)CCC4=CC=CC=C4,0
6-(2-methoxyphenyl)-N-[(2-methoxyphenyl)methyl]pyrimidin-4-amine,COC1=CC=CC=C1CNC2=NC=NC(=C2)C3=CC=CC=C3OC,0
"N-[(2,4-dimethoxyphenyl)methyl]-6-[4-(dimethylamino)phenyl]quinazolin-4-amine",CN(C)C1=CC=C(C=C1)C2=CC3=C(C=C2)N=CN=C3NCC4=C(C=C(C=C4)OC)OC,0
"(4-Methoxyphenyl)-(2-phenyl-2,9-diazaspiro[5.5]undecan-9-yl)methanone",COC1=CC=C(C=C1)C(=O)N2CCC3(CCCN(C3)C4=CC=CC=C4)CC2,0
2-(Ethylamino)-8-[(4-fluorophenyl)methyl]-6-thiophen-2-ylpteridin-7-one,CCNC1=NC=C2C(=N1)N(C(=O)C(=N2)C3=CC=CS3)CC4=CC=C(C=C4)F,0
"Furan-2-yl-[9-(pyridin-4-ylmethyl)-3,9-diazaspiro[5.5]undecan-3-yl]methanone",C1CN(CCC12CCN(CC2)C(=O)C3=CC=CO3)CC4=CC=NC=C4,0
"9-[3,5-bis(trifluoromethyl)benzoyl]-N-propan-2-yl-2,9-diazaspiro[5.5]undecane-2-carboxamide",CC(C)NC(=O)N1CCCC2(C1)CCN(CC2)C(=O)C3=CC(=CC(=C3)C(F)(F)F)C(F)(F)F,0
6-(1-Methylindol-3-yl)-2-(4-methylpiperazin-1-yl)-8-(2-phenylethyl)pteridin-7-one,CN1CCN(CC1)C2=NC=C3C(=N2)N(C(=O)C(=N3)C4=CN(C5=CC=CC=C54)C)CCC6=CC=CC=C6,0
8-Cyclopropyl-6-(4-fluorophenyl)-2-piperazin-1-ylpteridin-7-one,C1CC1N2C3=NC(=NC=C3N=C(C2=O)C4=CC=C(C=C4)F)N5CCNCC5,0
N-phenyl-5-[2-(trifluoromethyl)phenyl]pyrimidin-4-amine,C1=CC=C(C=C1)NC2=NC=NC=C2C3=CC=CC=C3C(F)(F)F,0
3-[4-[(3-Methylphenyl)methylamino]pyrimidin-2-yl]benzonitrile,CC1=CC(=CC=C1)CNC2=NC(=NC=C2)C3=CC=CC(=C3)C#N,0
2-(3-methoxyphenyl)-N-pyridin-4-ylquinazolin-4-amine,COC1=CC=CC(=C1)C2=NC3=CC=CC=C3C(=N2)NC4=CC=NC=C4,0
8-[2-(2-Methoxyphenyl)ethyl]-6-(2-phenylethyl)pteridin-7-one,COC1=CC=CC=C1CCN2C3=NC=NC=C3N=C(C2=O)CCC4=CC=CC=C4,0
"[2-[[3,5-Bis(trifluoromethyl)phenyl]methyl]-2,9-diazaspiro[5.5]undecan-9-yl]-(thiadiazol-4-yl)methanone",C1CC2(CCN(CC2)C(=O)C3=CSN=N3)CN(C1)CC4=CC(=CC(=C4)C(F)(F)F)C(F)(F)F,0
"(1R,2S)-4,4-dimethyl-1,2-dimorpholin-4-yl-1-phenylpentan-3-one",CC(C)(C)C(=O)[C@H]([C@@H](C1=CC=CC=C1)N2CCOCC2)N3CCOCC3,0
6-[(pyridin-3-ylmethyl)sulfanyl]-7H-purine,C1=CC(=CN=C1)CSC2=NC=NC3=C2NC=N3,0
"7H-Purine, 6-[(4-pyridinylmethyl)thio]-",C1=CN=CC=C1CSC2=NC=NC3=C2NC=N3,0
(1S)-2-bis(4-methylphenoxy)phosphoryl-1H-isoquinoline-1-carbonitrile,CC1=CC=C(C=C1)OP(=O)(N2C=CC3=CC=CC=C3[C@H]2C#N)OC4=CC=C(C=C4)C,0
2-[(2R)-1-benzoyl-2H-quinolin-2-yl]-1-phenylethanone,C1=CC=C(C=C1)C(=O)C[C@@H]2C=CC3=CC=CC=C3N2C(=O)C4=CC=CC=C4,0
"(8R,9R,10S,11S,13R,14R,17S)-17-(2-amino-1,3-thiazol-4-yl)-11-hydroxy-10,13-dimethyl-1,2,6,7,8,9,11,12,14,15,16,17-dodecahydrocyclopenta[a]phenanthren-3-one;4-bromobenzenesulfonic acid",C[C@@]12CCC(=O)C=C1CC[C@H]3[C@H]2[C@H](C[C@@]4([C@@H]3CC[C@@H]4C5=CSC(=N5)N)C)O.C1=CC(=CC=C1S(=O)(=O)O)Br,0
"(4R)-4-[(3S,5S,8S,9R,10R,13S,14R,17S)-3-hydroxy-10,13-dimethyl-2,3,4,5,6,7,8,9,11,12,14,15,16,17-tetradecahydro-1H-cyclopenta[a]phenanthren-17-yl]pentanehydrazide",C[C@H](CCC(=O)NN)[C@@H]1CC[C@H]2[C@]1(CC[C@@H]3[C@@H]2CC[C@@H]4[C@]3(CC[C@@H](C4)O)C)C,0
"(1S,2S)-N,N'-dimethyl-1,2-dipyridin-4-ylethane-1,2-diamine",CN[C@@H](C1=CC=NC=C1)[C@H](C2=CC=NC=C2)NC,0
"4-[(11S)-11H-indeno[1,2-b]quinolin-11-yl]morpholine",C1COCCN1[C@H]2C3=CC=CC=C3C4=NC5=CC=CC=C5C=C24,0
2-[2-[(2S)-piperidin-2-yl]ethyl]quinoline,C1CCN[C@@H](C1)CCC2=NC3=CC=CC=C3C=C2,0
"1H-Purin-2-amine, 6-[[(2-nitrophenyl)methyl]thio]-",C1=CC=C(C(=C1)CSC2=NC(=NC3=C2NC=N3)N)[N+](=O)[O-],0
2-((2-amino-9H-purin-6-yl)thio)-1-(4-bromophenyl)ethanone,C1=CC(=CC=C1C(=O)CSC2=NC(=NC3=C2NC=N3)N)Br,0
"(1S,2R,4R,6S,8R,9S,11R,12S,13R)-12-fluoro-11-hydroxy-8-(2-hydroxyacetyl)-6,9,13-trimethyl-6-phenyl-5,7-dioxapentacyclo[10.8.0.02,9.04,8.013,18]icosa-14,17-dien-16-one",C[C@]12C[C@H]([C@@]3([C@H]([C@H]1C[C@@H]4[C@@]2(O[C@@](O4)(C)C5=CC=CC=C5)C(=O)CO)CCC6=CC(=O)C=C[C@]63C)F)O,0
"(2R)-2-(naphthalen-2-ylamino)-1,2-diphenylethanone",C1=CC=C(C=C1)[C@H](C(=O)C2=CC=CC=C2)NC3=CC4=CC=CC=C4C=C3,0
N-benzyl-5-[2-(trifluoromethyl)phenyl]pyrimidin-4-amine,C1=CC=C(C=C1)CNC2=NC=NC=C2C3=CC=CC=C3C(F)(F)F,0
"[(1R,3S)-2,2-dimethyl-3-(2-methylprop-1-enyl)cyclopropyl]methyl 6-chloro-1,3-benzodioxole-5-carboxylate",CC(=C[C@H]1[C@H](C1(C)C)COC(=O)C2=CC3=C(C=C2Cl)OCO3)C,0
"(6-Chloro-1,3-benzodioxol-5-YL)methyl (1RS,3SR)-2,2-dimethyl-3-(2-methylprop-1-enyl)cyclopropanecarboxylate",CC(=C[C@H]1[C@H](C1(C)C)C(=O)OCC2=CC3=C(C=C2Cl)OCO3)C,0
"2-[(4-hydroxy-3-methylphenyl)[(1Z)-3-methyl-4-oxocyclohexa-2,5-dien-1-ylidene]methyl]benzoic acid",CC1=C/C(=C(/C2=CC(=C(C=C2)O)C)\C3=CC=CC=C3C(=O)O)/C=CC1=O,0
2-(Dimethylamino)-8-[(3-methoxyphenyl)methyl]-6-methylpteridin-7-one,CC1=NC2=CN=C(N=C2N(C1=O)CC3=CC(=CC=C3)OC)N(C)C,0
N-[3-(4-morpholin-4-ylquinazolin-6-yl)phenyl]methanesulfonamide,CS(=O)(=O)NC1=CC=CC(=C1)C2=CC3=C(C=C2)N=CN=C3N4CCOCC4,0
"5-(3,5-dimethyl-1,2-oxazol-4-yl)-N-methylpyrimidin-4-amine",CC1=C(C(=NO1)C)C2=CN=CN=C2NC,0
8-[(3-Methoxyphenyl)methyl]-2-phenylmethoxypteridin-7-one,COC1=CC=CC(=C1)CN2C(=O)C=NC3=CN=C(N=C32)OCC4=CC=CC=C4,0
3-[4-(Pyridin-3-ylmethylamino)quinazolin-6-yl]benzonitrile,C1=CC(=CC(=C1)C2=CC3=C(C=C2)N=CN=C3NCC4=CN=CC=C4)C#N,0
"9-Methylsulfonyl-2-(3-phenylphenyl)-2,9-diazaspiro[5.5]undecane",CS(=O)(=O)N1CCC2(CCCN(C2)C3=CC=CC(=C3)C4=CC=CC=C4)CC1,0
"(2-Benzhydryl-2,9-diazaspiro[5.5]undecan-9-yl)-pyrazin-2-ylmethanone",C1CC2(CCN(CC2)C(=O)C3=NC=CN=C3)CN(C1)C(C4=CC=CC=C4)C5=CC=CC=C5,0
2-(2-chlorophenyl)-N-[2-(5-methoxy-1H-indol-3-yl)ethyl]pyrimidin-4-amine,COC1=CC2=C(C=C1)NC=C2CCNC3=NC(=NC=C3)C4=CC=CC=C4Cl,0
2-(4-Methylpiperazin-1-yl)-6-thiophen-2-yl-8-(thiophen-2-ylmethyl)pteridin-7-one,CN1CCN(CC1)C2=NC=C3C(=N2)N(C(=O)C(=N3)C4=CC=CS4)CC5=CC=CS5,0
"4-[4-[(2-methoxyphenyl)methylamino]quinazolin-6-yl]-N,N-dimethylbenzamide",CN(C)C(=O)C1=CC=C(C=C1)C2=CC3=C(C=C2)N=CN=C3NCC4=CC=CC=C4OC,0
6-(1-Methylindol-3-yl)-8-phenylpteridin-7-one,CN1C=C(C2=CC=CC=C21)C3=NC4=CN=CN=C4N(C3=O)C5=CC=CC=C5,0
N-[(thiophen-2-yl)methyl]-2-[2-(trifluoromethyl)phenyl]quinazolin-4-amine,C1=CC=C(C(=C1)C2=NC3=CC=CC=C3C(=N2)NCC4=CC=CS4)C(F)(F)F,0
"6-(3,5-Difluorophenyl)-8-[(3-methoxyphenyl)methyl]-2-(4-methylpiperazin-1-yl)pteridin-7-one",CN1CCN(CC1)C2=NC=C3C(=N2)N(C(=O)C(=N3)C4=CC(=CC(=C4)F)F)CC5=CC(=CC=C5)OC,0
N-cyclopropyl-6-[2-(trifluoromethyl)phenyl]quinazolin-4-amine,C1CC1NC2=NC=NC3=C2C=C(C=C3)C4=CC=CC=C4C(F)(F)F,0
4-Imidazol-1-yl-6-(2-methylphenyl)quinazoline,CC1=CC=CC=C1C2=CC3=C(C=C2)N=CN=C3N4C=CN=C4,0
2-(Ethylamino)-8-[(3-methoxyphenyl)methyl]-6-phenylpteridin-7-one,CCNC1=NC=C2C(=N1)N(C(=O)C(=N2)C3=CC=CC=C3)CC4=CC(=CC=C4)OC,0
N-[3-[4-[(5-methylpyrazin-2-yl)methylamino]pyrimidin-5-yl]phenyl]methanesulfonamide,CC1=CN=C(C=N1)CNC2=NC=NC=C2C3=CC(=CC=C3)NS(=O)(=O)C,0
6-(4-Methoxyphenyl)-8-phenyl-2-piperazin-1-ylpteridin-7-one,COC1=CC=C(C=C1)C2=NC3=CN=C(N=C3N(C2=O)C4=CC=CC=C4)N5CCNCC5,0
"6-(3,5-Difluorophenyl)-2-methoxy-8-(thiophen-2-ylmethyl)pteridin-7-one",COC1=NC=C2C(=N1)N(C(=O)C(=N2)C3=CC(=CC(=C3)F)F)CC4=CC=CS4,0
"6-(3,5-Difluorophenyl)-2-piperazin-1-yl-8-(thiophen-2-ylmethyl)pteridin-7-one",C1CN(CCN1)C2=NC=C3C(=N2)N(C(=O)C(=N3)C4=CC(=CC(=C4)F)F)CC5=CC=CS5,0
N-benzyl-2-(3-methoxyphenyl)quinazolin-4-amine,COC1=CC=CC(=C1)C2=NC3=CC=CC=C3C(=N2)NCC4=CC=CC=C4,0
5-(2-methoxyphenyl)-N-phenylpyrimidin-4-amine,COC1=CC=CC=C1C2=CN=CN=C2NC3=CC=CC=C3,0
6-(3-methoxyphenyl)-N-(thiophen-2-ylmethyl)-4-quinazolinamine,COC1=CC=CC(=C1)C2=CC3=C(C=C2)N=CN=C3NCC4=CC=CS4,0
6-(3-furanyl)-N-(3-pyridinylmethyl)-4-quinazolinamine,C1=CC(=CN=C1)CNC2=NC=NC3=C2C=C(C=C3)C4=COC=C4,0
N-benzyl-2-(furan-3-yl)quinazolin-4-amine,C1=CC=C(C=C1)CNC2=NC(=NC3=CC=CC=C32)C4=COC=C4,0
"9-(benzenesulfonyl)-N-(4-methoxyphenyl)-2,9-diazaspiro[5.5]undecane-2-carboxamide",COC1=CC=C(C=C1)NC(=O)N2CCCC3(C2)CCN(CC3)S(=O)(=O)C4=CC=CC=C4,0
8-(4-Methoxyphenyl)-6-methyl-2-phenoxy-7(8H)-pteridinone,CC1=NC2=CN=C(N=C2N(C1=O)C3=CC=C(C=C3)OC)OC4=CC=CC=C4,0
6-(3-methoxyphenyl)-N-[(5-methylpyrazin-2-yl)methyl]pyrimidin-4-amine,CC1=CN=C(C=N1)CNC2=NC=NC(=C2)C3=CC(=CC=C3)OC,0
8-[[(2R)-oxolan-2-yl]methyl]-2-phenoxy-6-phenylpteridin-7-one,C1C[C@@H](OC1)CN2C3=NC(=NC=C3N=C(C2=O)C4=CC=CC=C4)OC5=CC=CC=C5,0
"4-[[(5S)-7-(pyrazine-2-carbonyl)-2,7-diazaspiro[4.5]decan-2-yl]methyl]benzonitrile",C1C[C@@]2(CCN(C2)CC3=CC=C(C=C3)C#N)CN(C1)C(=O)C4=NC=CN=C4,0
"N-[3-[4-[(2,4-dimethoxyphenyl)methylamino]quinazolin-6-yl]phenyl]methanesulfonamide",COC1=CC(=C(C=C1)CNC2=NC=NC3=C2C=C(C=C3)C4=CC(=CC=C4)NS(=O)(=O)C)OC,0
"[(5S)-2-benzyl-2,7-diazaspiro[4.5]decan-7-yl]-(4-methoxyphenyl)methanone",COC1=CC=C(C=C1)C(=O)N2CCC[C@]3(C2)CCN(C3)CC4=CC=CC=C4,0
6-(3-methoxyphenyl)-N-[(3-methylphenyl)methyl]pyrimidin-4-amine,CC1=CC(=CC=C1)CNC2=NC=NC(=C2)C3=CC(=CC=C3)OC,0
"[3,5-bis(trifluoromethyl)phenyl]-[(5S)-2-(2-methylpropyl)-2,7-diazaspiro[4.5]decan-7-yl]methanone",CC(C)CN1CC[C@]2(C1)CCCN(C2)C(=O)C3=CC(=CC(=C3)C(F)(F)F)C(F)(F)F,0
6-[4-(dimethylamino)phenyl]-N-(furan-2-ylmethyl)-N-methylquinazolin-4-amine,CN(C)C1=CC=C(C=C1)C2=CC3=C(C=C2)N=CN=C3N(C)CC4=CC=CO4,0
N-[3-[4-(thiophen-2-ylmethylamino)pyrimidin-5-yl]phenyl]methanesulfonamide,CS(=O)(=O)NC1=CC=CC(=C1)C2=CN=CN=C2NCC3=CC=CS3,0
3-[4-[Furan-2-ylmethyl(methyl)amino]pyrimidin-2-yl]benzonitrile,CN(CC1=CC=CO1)C2=NC(=NC=C2)C3=CC=CC(=C3)C#N,0
"N-cyclopropyl-2-(3,5-dimethyl-1,2-oxazol-4-yl)pyrimidin-4-amine",CC1=C(C(=NO1)C)C2=NC=CC(=N2)NC3CC3,0
"4-[4-[2-(5-methoxy-1H-indol-3-yl)ethylamino]pyrimidin-5-yl]-N,N-dimethylbenzamide",CN(C)C(=O)C1=CC=C(C=C1)C2=CN=CN=C2NCCC3=CNC4=C3C=C(C=C4)OC,0
"6-(1,3-benzodioxol-5-yl)-N-[(2-methoxyphenyl)methyl]quinazolin-4-amine",COC1=CC=CC=C1CNC2=NC=NC3=C2C=C(C=C3)C4=CC5=C(C=C4)OCO5,0
6-(2-methoxyphenyl)-N-[(2-methoxyphenyl)methyl]quinazolin-4-amine,COC1=CC=CC=C1CNC2=NC=NC3=C2C=C(C=C3)C4=CC=CC=C4OC,0
8-[(4-Fluorophenyl)methyl]-6-phenyl-2-piperazin-1-ylpteridin-7-one,C1CN(CCN1)C2=NC=C3C(=N2)N(C(=O)C(=N3)C4=CC=CC=C4)CC5=CC=C(C=C5)F,0
N-[(2-methoxyphenyl)methyl]-5-[2-(trifluoromethyl)phenyl]pyrimidin-4-amine,COC1=CC=CC=C1CNC2=NC=NC=C2C3=CC=CC=C3C(F)(F)F,0
"2-(3,5-dimethyl-1,2-oxazol-4-yl)-N-pyridin-4-ylquinazolin-4-amine",CC1=C(C(=NO1)C)C2=NC3=CC=CC=C3C(=N2)NC4=CC=NC=C4,0
6-(furan-3-yl)-N-[2-(5-methoxy-1H-indol-3-yl)ethyl]quinazolin-4-amine,COC1=CC2=C(C=C1)NC=C2CCNC3=NC=NC4=C3C=C(C=C4)C5=COC=C5,0
2-pyridin-3-yl-N-(pyridin-3-ylmethyl)quinazolin-4-amine,C1=CC=C2C(=C1)C(=NC(=N2)C3=CN=CC=C3)NCC4=CN=CC=C4,0
N-(2-methoxyethyl)-6-[2-(trifluoromethyl)phenyl]quinazolin-4-amine,COCCNC1=NC=NC2=C1C=C(C=C2)C3=CC=CC=C3C(F)(F)F,0
N-(furan-2-ylmethyl)-6-(3-methoxyphenyl)-N-methylpyrimidin-4-amine,CN(CC1=CC=CO1)C2=NC=NC(=C2)C3=CC(=CC=C3)OC,0
2-(Furan-3-yl)-4-imidazol-1-ylquinazoline,C1=CC=C2C(=C1)C(=NC(=N2)C3=COC=C3)N4C=CN=C4,0
"benzyl N-[(R)-[(1R,2S)-2-[(2R)-1-[(3,4-dimethoxyphenyl)methylamino]-1-oxopropan-2-yl]-1-methylcyclopropyl]-phenylmethyl]carbamate",C[C@H]([C@@H]1C[C@@]1(C)[C@H](C2=CC=CC=C2)NC(=O)OCC3=CC=CC=C3)C(=O)NCC4=CC(=C(C=C4)OC)OC,0
6-(4-Chlorophenyl)-8-[2-(2-methoxyphenyl)ethyl]pteridin-7-one,COC1=CC=CC=C1CCN2C3=NC=NC=C3N=C(C2=O)C4=CC=C(C=C4)Cl,0
"2-Benzhydryl-2,9-diazaspiro[5.5]undecane",C1CC2(CCNCC2)CN(C1)C(C3=CC=CC=C3)C4=CC=CC=C4,0
5-(2-methoxyphenyl)-N-(pyridin-3-ylmethyl)pyrimidin-4-amine,COC1=CC=CC=C1C2=CN=CN=C2NCC3=CN=CC=C3,0
3-[2-(4-Methoxyphenoxy)-7-oxo-6-(2-phenylethyl)pteridin-8-yl]propanenitrile,COC1=CC=C(C=C1)OC2=NC=C3C(=N2)N(C(=O)C(=N3)CCC4=CC=CC=C4)CCC#N,0
6-(2-Methoxyphenyl)-4-piperazin-1-ylquinazoline,COC1=CC=CC=C1C2=CC3=C(C=C2)N=CN=C3N4CCNCC4,0
6-(2-Methylphenyl)-4-(4-methylpiperazin-1-yl)quinazoline,CC1=CC=CC=C1C2=CC3=C(C=C2)N=CN=C3N4CCN(CC4)C,0
2-(2-Chlorophenyl)-4-imidazol-1-ylpyrimidine,C1=CC=C(C(=C1)C2=NC=CC(=N2)N3C=CN=C3)Cl,0
"9-(Benzenesulfonyl)-2-pyridin-2-yl-2,9-diazaspiro[5.5]undecane",C1CC2(CCN(CC2)S(=O)(=O)C3=CC=CC=C3)CN(C1)C4=CC=CC=N4,0
3-[7-Oxo-2-phenoxy-6-(2-phenylethyl)pteridin-8-yl]propanenitrile,C1=CC=C(C=C1)CCC2=NC3=CN=C(N=C3N(C2=O)CCC#N)OC4=CC=CC=C4,0
6-(2-methylphenyl)-N-[(5-methylpyrazin-2-yl)methyl]quinazolin-4-amine,CC1=CC=CC=C1C2=CC3=C(C=C2)N=CN=C3NCC4=NC=C(N=C4)C,0
"[(5S)-2-benzyl-2,7-diazaspiro[4.5]decan-7-yl]-(3,5-dimethyl-1,2-oxazol-4-yl)methanone",CC1=C(C(=NO1)C)C(=O)N2CCC[C@]3(C2)CCN(C3)CC4=CC=CC=C4,0
"2-(3-Phenylphenyl)-2,9-diazaspiro[5.5]undecane",C1CC2(CCNCC2)CN(C1)C3=CC=CC(=C3)C4=CC=CC=C4,0
"methyl 4-[(E,4R)-4-methyl-5-[(5-methylfuran-2-yl)methylamino]-5-oxo-1-(phenylmethoxycarbonylamino)-2-pyridin-3-ylpent-2-enyl]benzoate",CC1=CC=C(O1)CNC(=O)[C@H](C)/C=C(\C2=CN=CC=C2)/C(C3=CC=C(C=C3)C(=O)OC)NC(=O)OCC4=CC=CC=C4,0
"methyl 4-[(E,4R)-5-[[(2R)-1-hydroxy-3-phenylpropan-2-yl]amino]-4-methyl-5-oxo-1-(phenylmethoxycarbonylamino)-2-pyridin-3-ylpent-2-enyl]benzoate",C[C@H](/C=C(\C1=CN=CC=C1)/C(C2=CC=C(C=C2)C(=O)OC)NC(=O)OCC3=CC=CC=C3)C(=O)N[C@H](CC4=CC=CC=C4)CO,0
"methyl 4-[(E,4R)-4-methyl-5-oxo-1-(phenylmethoxycarbonylamino)-2-pyridin-3-yl-5-(pyridin-3-ylmethylamino)pent-2-enyl]benzoate",C[C@H](/C=C(\C1=CN=CC=C1)/C(C2=CC=C(C=C2)C(=O)OC)NC(=O)OCC3=CC=CC=C3)C(=O)NCC4=CN=CC=C4,0
"methyl 4-[(E,4R)-5-(1,3-benzothiazol-2-ylmethylamino)-4-methyl-5-oxo-1-(phenylmethoxycarbonylamino)-2-pyridin-3-ylpent-2-enyl]benzoate",C[C@H](/C=C(\C1=CN=CC=C1)/C(C2=CC=C(C=C2)C(=O)OC)NC(=O)OCC3=CC=CC=C3)C(=O)NCC4=NC5=CC=CC=C5S4,0
"methyl 4-[(E,4R)-4-methyl-5-[methyl(pyridin-3-ylmethyl)amino]-5-oxo-1-(phenylmethoxycarbonylamino)-2-pyridin-3-ylpent-2-enyl]benzoate",C[C@H](/C=C(\C1=CN=CC=C1)/C(C2=CC=C(C=C2)C(=O)OC)NC(=O)OCC3=CC=CC=C3)C(=O)N(C)CC4=CN=CC=C4,0
"methyl 4-[(E,4R)-5-(2-fluoroethylamino)-4-methyl-5-oxo-1-(phenylmethoxycarbonylamino)-2-pyridin-3-ylpent-2-enyl]benzoate",C[C@H](/C=C(\C1=CN=CC=C1)/C(C2=CC=C(C=C2)C(=O)OC)NC(=O)OCC3=CC=CC=C3)C(=O)NCCF,0
"methyl 4-[(E,4R)-5-(4-methoxyanilino)-4-methyl-5-oxo-1-(phenylmethoxycarbonylamino)-2-pyridin-3-ylpent-2-enyl]benzoate",C[C@H](/C=C(\C1=CN=CC=C1)/C(C2=CC=C(C=C2)C(=O)OC)NC(=O)OCC3=CC=CC=C3)C(=O)NC4=CC=C(C=C4)OC,0
"methyl 4-[(E,4R)-5-(cyclohexylamino)-4-methyl-5-oxo-1-(phenylmethoxycarbonylamino)-2-pyridin-3-ylpent-2-enyl]benzoate",C[C@H](/C=C(\C1=CN=CC=C1)/C(C2=CC=C(C=C2)C(=O)OC)NC(=O)OCC3=CC=CC=C3)C(=O)NC4CCCCC4,0
"methyl 4-[(E,4R)-4-methyl-5-oxo-1-(phenylmethoxycarbonylamino)-5-[(4-phenylphenyl)methylamino]-2-pyridin-3-ylpent-2-enyl]benzoate",C[C@H](/C=C(\C1=CN=CC=C1)/C(C2=CC=C(C=C2)C(=O)OC)NC(=O)OCC3=CC=CC=C3)C(=O)NCC4=CC=C(C=C4)C5=CC=CC=C5,0
"methyl 4-[(E,4R)-4-methyl-5-[(5-methyl-1,2-oxazol-3-yl)methylamino]-5-oxo-1-(phenylmethoxycarbonylamino)-2-pyridin-3-ylpent-2-enyl]benzoate",CC1=CC(=NO1)CNC(=O)[C@H](C)/C=C(\C2=CN=CC=C2)/C(C3=CC=C(C=C3)C(=O)OC)NC(=O)OCC4=CC=CC=C4,0
"methyl 4-[(E,4R)-5-[(3,5-difluorophenyl)methylamino]-4-methyl-5-oxo-1-(phenylmethoxycarbonylamino)-2-pyridin-3-ylpent-2-enyl]benzoate",C[C@H](/C=C(\C1=CN=CC=C1)/C(C2=CC=C(C=C2)C(=O)OC)NC(=O)OCC3=CC=CC=C3)C(=O)NCC4=CC(=CC(=C4)F)F,0
"methyl 4-[(E,4R)-5-[(3,4-dimethoxyphenyl)methylamino]-4-methyl-5-oxo-1-(phenylmethoxycarbonylamino)-2-pyridin-3-ylpent-2-enyl]benzoate",C[C@H](/C=C(\C1=CN=CC=C1)/C(C2=CC=C(C=C2)C(=O)OC)NC(=O)OCC3=CC=CC=C3)C(=O)NCC4=CC(=C(C=C4)OC)OC,0
"methyl 4-[(E,4R)-5-(benzylamino)-4-methyl-5-oxo-1-(phenylmethoxycarbonylamino)-2-pyridin-3-ylpent-2-enyl]benzoate",C[C@H](/C=C(\C1=CN=CC=C1)/C(C2=CC=C(C=C2)C(=O)OC)NC(=O)OCC3=CC=CC=C3)C(=O)NCC4=CC=CC=C4,0
"methyl 4-[(E,4R)-4-methyl-5-oxo-1-(phenylmethoxycarbonylamino)-2-pyridin-3-yl-5-(pyridin-4-ylmethylamino)pent-2-enyl]benzoate",C[C@H](/C=C(\C1=CN=CC=C1)/C(C2=CC=C(C=C2)C(=O)OC)NC(=O)OCC3=CC=CC=C3)C(=O)NCC4=CC=NC=C4,0
"Benzyl 3-[6-[[2-(butylamino)-1-(4-hydroxyphenyl)-2-oxoethyl]-hexylamino]-6-oxohexyl]-4-methyl-2-oxo-6-(4-phenylphenyl)-1,6-dihydropyrimidine-5-carboxylate",CCCCCCN(C(C1=CC=C(C=C1)O)C(=O)NCCCC)C(=O)CCCCCN2C(=C(C(NC2=O)C3=CC=C(C=C3)C4=CC=CC=C4)C(=O)OCC5=CC=CC=C5)C,0
"methyl 4-[(E,4R)-4-methyl-5-[(1-methylbenzimidazol-2-yl)methylamino]-5-oxo-1-(phenylmethoxycarbonylamino)-2-pyridin-3-ylpent-2-enyl]benzoate",C[C@H](/C=C(\C1=CN=CC=C1)/C(C2=CC=C(C=C2)C(=O)OC)NC(=O)OCC3=CC=CC=C3)C(=O)NCC4=NC5=CC=CC=C5N4C,0
"methyl 4-[(E,4R)-5-anilino-4-methyl-5-oxo-1-(phenylmethoxycarbonylamino)-2-pyridin-3-ylpent-2-enyl]benzoate",C[C@H](/C=C(\C1=CN=CC=C1)/C(C2=CC=C(C=C2)C(=O)OC)NC(=O)OCC3=CC=CC=C3)C(=O)NC4=CC=CC=C4,0
"methyl 4-[(E,4R)-5-(cyclopropylmethylamino)-4-methyl-5-oxo-1-(phenylmethoxycarbonylamino)-2-pyridin-3-ylpent-2-enyl]benzoate",C[C@H](/C=C(\C1=CN=CC=C1)/C(C2=CC=C(C=C2)C(=O)OC)NC(=O)OCC3=CC=CC=C3)C(=O)NCC4CC4,0
"methyl 4-[(E,4R)-5-(2-methoxyethylamino)-4-methyl-5-oxo-1-(phenylmethoxycarbonylamino)-2-pyridin-3-ylpent-2-enyl]benzoate",C[C@H](/C=C(\C1=CN=CC=C1)/C(C2=CC=C(C=C2)C(=O)OC)NC(=O)OCC3=CC=CC=C3)C(=O)NCCOC,0
"methyl 4-[(E,4R)-5-[2-(1H-indol-3-yl)ethylamino]-4-methyl-5-oxo-1-(phenylmethoxycarbonylamino)-2-pyridin-3-ylpent-2-enyl]benzoate",C[C@H](/C=C(\C1=CN=CC=C1)/C(C2=CC=C(C=C2)C(=O)OC)NC(=O)OCC3=CC=CC=C3)C(=O)NCCC4=CNC5=CC=CC=C54,0
"methyl 4-[(E,4R)-4-methyl-5-[(4-methylsulfonylphenyl)methylamino]-5-oxo-1-(phenylmethoxycarbonylamino)-2-pyridin-3-ylpent-2-enyl]benzoate",C[C@H](/C=C(\C1=CN=CC=C1)/C(C2=CC=C(C=C2)C(=O)OC)NC(=O)OCC3=CC=CC=C3)C(=O)NCC4=CC=C(C=C4)S(=O)(=O)C,0
"methyl 4-[(E,4R)-5-[(3-hydroxy-4-methoxyphenyl)methylamino]-4-methyl-5-oxo-1-(phenylmethoxycarbonylamino)-2-pyridin-3-ylpent-2-enyl]benzoate",C[C@H](/C=C(\C1=CN=CC=C1)/C(C2=CC=C(C=C2)C(=O)OC)NC(=O)OCC3=CC=CC=C3)C(=O)NCC4=CC(=C(C=C4)OC)O,0
"methyl 4-[(E,4R)-5-[benzyl(methyl)amino]-4-methyl-5-oxo-1-(phenylmethoxycarbonylamino)-2-pyridin-3-ylpent-2-enyl]benzoate",C[C@H](/C=C(\C1=CN=CC=C1)/C(C2=CC=C(C=C2)C(=O)OC)NC(=O)OCC3=CC=CC=C3)C(=O)N(C)CC4=CC=CC=C4,0
"methyl 4-[(E,4R)-5-(dimethylamino)-4-methyl-5-oxo-1-(phenylmethoxycarbonylamino)-2-pyridin-3-ylpent-2-enyl]benzoate",C[C@H](/C=C(\C1=CN=CC=C1)/C(C2=CC=C(C=C2)C(=O)OC)NC(=O)OCC3=CC=CC=C3)C(=O)N(C)C,0
"methyl 4-[(Z,4R)-5-[(3,4-dimethoxyphenyl)methylamino]-2-fluoro-4-methyl-5-oxo-1-(phenylmethoxycarbonylamino)pent-2-enyl]benzoate",C[C@H](/C=C(/C(C1=CC=C(C=C1)C(=O)OC)NC(=O)OCC2=CC=CC=C2)\F)C(=O)NCC3=CC(=C(C=C3)OC)OC,0
"methyl 4-[(Z,4R)-2-fluoro-4-methyl-5-oxo-1-(phenylmethoxycarbonylamino)-5-[(4-phenylphenyl)methylamino]pent-2-enyl]benzoate",C[C@H](/C=C(/C(C1=CC=C(C=C1)C(=O)OC)NC(=O)OCC2=CC=CC=C2)\F)C(=O)NCC3=CC=C(C=C3)C4=CC=CC=C4,0
"methyl 4-[(Z,4R)-2-fluoro-4-methyl-5-oxo-1-(phenylmethoxycarbonylamino)-5-(pyridin-3-ylmethylamino)pent-2-enyl]benzoate",C[C@H](/C=C(/C(C1=CC=C(C=C1)C(=O)OC)NC(=O)OCC2=CC=CC=C2)\F)C(=O)NCC3=CN=CC=C3,0
"Benzyl 3-[6-[[2-(butylamino)-1-[3-methoxycarbonyl-4-(2-methoxy-2-oxoethoxy)phenyl]-2-oxoethyl]-(2-phenylethyl)amino]-6-oxohexyl]-4-methyl-2-oxo-6-(4-phenylphenyl)-1,6-dihydropyrimidine-5-carboxylate",CCCCNC(=O)C(C1=CC(=C(C=C1)OCC(=O)OC)C(=O)OC)N(CCC2=CC=CC=C2)C(=O)CCCCCN3C(=C(C(NC3=O)C4=CC=C(C=C4)C5=CC=CC=C5)C(=O)OCC6=CC=CC=C6)C,0
1-acetyl-N-[[3-fluoro-5-(trifluoromethyl)phenyl]methyl]-5-methyl-2H-pyrrole-5-carboxamide,CC(=O)N1CC=CC1(C)C(=O)NCC2=CC(=CC(=C2)F)C(F)(F)F,0
1-benzoyl-N-[(5-methylfuran-2-yl)methyl]-5-(2-methylpropyl)-2H-pyrrole-5-carboxamide,CC1=CC=C(O1)CNC(=O)C2(C=CCN2C(=O)C3=CC=CC=C3)CC(C)C,0
1-benzoyl-N-[2-(1H-indol-3-yl)ethyl]-5-(2-methylpropyl)-2H-pyrrole-5-carboxamide,CC(C)CC1(C=CCN1C(=O)C2=CC=CC=C2)C(=O)NCCC3=CNC4=CC=CC=C43,0
1-benzoyl-N-(cyclopropylmethyl)-5-(2-methylpropyl)-2H-pyrrole-5-carboxamide,CC(C)CC1(C=CCN1C(=O)C2=CC=CC=C2)C(=O)NCC3CC3,0
1-benzoyl-5-(2-methylpropyl)-N-(2-morpholin-4-ylethyl)-2H-pyrrole-5-carboxamide,CC(C)CC1(C=CCN1C(=O)C2=CC=CC=C2)C(=O)NCCN3CCOCC3,0
1-acetyl-N-[2-(1H-indol-3-yl)ethyl]-5-(2-methylpropyl)-2H-pyrrole-5-carboxamide,CC(C)CC1(C=CCN1C(=O)C)C(=O)NCCC2=CNC3=CC=CC=C32,0
1-acetyl-N-[[3-fluoro-5-(trifluoromethyl)phenyl]methyl]-5-(2-methylpropyl)-2H-pyrrole-5-carboxamide,CC(C)CC1(C=CCN1C(=O)C)C(=O)NCC2=CC(=CC(=C2)F)C(F)(F)F,0
"Benzyl 3-[6-[[2-(butylamino)-1-[3-methoxycarbonyl-4-(2-methoxy-2-oxoethoxy)phenyl]-2-oxoethyl]-hexylamino]-6-oxohexyl]-6-(4-cyclohexylphenyl)-4-methyl-2-oxo-1,6-dihydropyrimidine-5-carboxylate",CCCCCCN(C(C1=CC(=C(C=C1)OCC(=O)OC)C(=O)OC)C(=O)NCCCC)C(=O)CCCCCN2C(=C(C(NC2=O)C3=CC=C(C=C3)C4CCCCC4)C(=O)OCC5=CC=CC=C5)C,0
"Benzyl 3-[6-[[2-(butylamino)-1-[3-methoxycarbonyl-4-(2-methoxy-2-oxoethoxy)phenyl]-2-oxoethyl]-hexylamino]-6-oxohexyl]-6-cyclopropyl-4-methyl-2-oxo-1,6-dihydropyrimidine-5-carboxylate",CCCCCCN(C(C1=CC(=C(C=C1)OCC(=O)OC)C(=O)OC)C(=O)NCCCC)C(=O)CCCCCN2C(=C(C(NC2=O)C3CC3)C(=O)OCC4=CC=CC=C4)C,0
"Benzyl 3-[6-[[2-(butylamino)-1-[4-(2-methoxy-2-oxoethoxy)phenyl]-2-oxoethyl]-hexylamino]-6-oxohexyl]-4-methyl-2-oxo-6-(4-phenylphenyl)-1,6-dihydropyrimidine-5-carboxylate",CCCCCCN(C(C1=CC=C(C=C1)OCC(=O)OC)C(=O)NCCCC)C(=O)CCCCCN2C(=C(C(NC2=O)C3=CC=C(C=C3)C4=CC=CC=C4)C(=O)OCC5=CC=CC=C5)C,0
"Benzyl 3-[6-[[2-(butylamino)-1-(4-hydroxy-3-methoxycarbonylphenyl)-2-oxoethyl]-hexylamino]-6-oxohexyl]-4-methyl-2-oxo-6-(4-phenylphenyl)-1,6-dihydropyrimidine-5-carboxylate",CCCCCCN(C(C1=CC(=C(C=C1)O)C(=O)OC)C(=O)NCCCC)C(=O)CCCCCN2C(=C(C(NC2=O)C3=CC=C(C=C3)C4=CC=CC=C4)C(=O)OCC5=CC=CC=C5)C,0
"Benzyl 3-[6-[[2-(butylamino)-1-[3-methoxycarbonyl-4-(2-methoxy-2-oxoethoxy)phenyl]-2-oxoethyl]-(2-pyridin-2-ylethyl)amino]-6-oxohexyl]-4-methyl-2-oxo-6-(4-phenylphenyl)-1,6-dihydropyrimidine-5-carboxylate",CCCCNC(=O)C(C1=CC(=C(C=C1)OCC(=O)OC)C(=O)OC)N(CCC2=CC=CC=N2)C(=O)CCCCCN3C(=C(C(NC3=O)C4=CC=C(C=C4)C5=CC=CC=C5)C(=O)OCC6=CC=CC=C6)C,0
"Benzyl 3-[6-[[2-(butylamino)-1-[3-methoxycarbonyl-4-(2-methoxy-2-oxoethoxy)phenyl]-2-oxoethyl]-(pyridin-2-ylmethyl)amino]-6-oxohexyl]-4-methyl-2-oxo-6-(4-phenylphenyl)-1,6-dihydropyrimidine-5-carboxylate",CCCCNC(=O)C(C1=CC(=C(C=C1)OCC(=O)OC)C(=O)OC)N(CC2=CC=CC=N2)C(=O)CCCCCN3C(=C(C(NC3=O)C4=CC=C(C=C4)C5=CC=CC=C5)C(=O)OCC6=CC=CC=C6)C,0
"methyl 4-[(Z,4R)-2-fluoro-4-methyl-5-[(5-methyl-1,2-oxazol-3-yl)methylamino]-5-oxo-1-(phenylmethoxycarbonylamino)pent-2-enyl]benzoate",CC1=CC(=NO1)CNC(=O)[C@H](C)/C=C(/C(C2=CC=C(C=C2)C(=O)OC)NC(=O)OCC3=CC=CC=C3)\F,0
"Benzyl 3-[6-[benzyl-[2-(butylamino)-1-[3-methoxycarbonyl-4-(2-methoxy-2-oxoethoxy)phenyl]-2-oxoethyl]amino]-6-oxohexyl]-4-methyl-2-oxo-6-(4-phenylphenyl)-1,6-dihydropyrimidine-5-carboxylate",CCCCNC(=O)C(C1=CC(=C(C=C1)OCC(=O)OC)C(=O)OC)N(CC2=CC=CC=C2)C(=O)CCCCCN3C(=C(C(NC3=O)C4=CC=C(C=C4)C5=CC=CC=C5)C(=O)OCC6=CC=CC=C6)C,0
"Benzyl 3-[6-[[2-(butylamino)-1-[3-methoxycarbonyl-4-(2-methoxy-2-oxoethoxy)phenyl]-2-oxoethyl]-hexylamino]-6-oxohexyl]-6-cyclohexyl-4-methyl-2-oxo-1,6-dihydropyrimidine-5-carboxylate",CCCCCCN(C(C1=CC(=C(C=C1)OCC(=O)OC)C(=O)OC)C(=O)NCCCC)C(=O)CCCCCN2C(=C(C(NC2=O)C3CCCCC3)C(=O)OCC4=CC=CC=C4)C,0
"Benzyl 4-([1,1'-biphenyl]-2-yl)-1-(6-((2-(butylamino)-1-(4-(2-methoxy-2-oxoethoxy)-3-(methoxycarbonyl)phenyl)-2-oxoethyl)(hexyl)amino)-6-oxohexyl)-6-methyl-2-oxo-1,2,3,4-tetrahydropyrimidine-5-carboxylate",CCCCCCN(C(C1=CC(=C(C=C1)OCC(=O)OC)C(=O)OC)C(=O)NCCCC)C(=O)CCCCCN2C(=C(C(NC2=O)C3=CC=CC=C3C4=CC=CC=C4)C(=O)OCC5=CC=CC=C5)C,0
"Benzyl 3-[6-[[2-(butylamino)-1-[3-methoxycarbonyl-4-(2-methoxy-2-oxoethoxy)phenyl]-2-oxoethyl]-hexylamino]-6-oxohexyl]-4-methyl-6-naphthalen-2-yl-2-oxo-1,6-dihydropyrimidine-5-carboxylate",CCCCCCN(C(C1=CC(=C(C=C1)OCC(=O)OC)C(=O)OC)C(=O)NCCCC)C(=O)CCCCCN2C(=C(C(NC2=O)C3=CC4=CC=CC=C4C=C3)C(=O)OCC5=CC=CC=C5)C,0
"Benzyl 3-[6-[[2-(butylamino)-1-[3-methoxycarbonyl-4-(2-methoxy-2-oxoethoxy)phenyl]-2-oxoethyl]-hexylamino]-6-oxohexyl]-4-methyl-6-(4-nitrophenyl)-2-oxo-1,6-dihydropyrimidine-5-carboxylate",CCCCCCN(C(C1=CC(=C(C=C1)OCC(=O)OC)C(=O)OC)C(=O)NCCCC)C(=O)CCCCCN2C(=C(C(NC2=O)C3=CC=C(C=C3)[N+](=O)[O-])C(=O)OCC4=CC=CC=C4)C,0
"Benzyl 3-[6-[[2-(butylamino)-1-[3-methoxycarbonyl-4-(2-methoxy-2-oxoethoxy)phenyl]-2-oxoethyl]-hexylamino]-6-oxohexyl]-6-(4-chlorophenyl)-4-methyl-2-oxo-1,6-dihydropyrimidine-5-carboxylate",CCCCCCN(C(C1=CC(=C(C=C1)OCC(=O)OC)C(=O)OC)C(=O)NCCCC)C(=O)CCCCCN2C(=C(C(NC2=O)C3=CC=C(C=C3)Cl)C(=O)OCC4=CC=CC=C4)C,0
"Benzyl 3-[6-[[2-(butylamino)-1-[3-methoxycarbonyl-4-(2-methoxy-2-oxoethoxy)phenyl]-2-oxoethyl]-hexylamino]-6-oxohexyl]-4-methyl-6-(3-nitrophenyl)-2-oxo-1,6-dihydropyrimidine-5-carboxylate",CCCCCCN(C(C1=CC(=C(C=C1)OCC(=O)OC)C(=O)OC)C(=O)NCCCC)C(=O)CCCCCN2C(=C(C(NC2=O)C3=CC(=CC=C3)[N+](=O)[O-])C(=O)OCC4=CC=CC=C4)C,0
"Benzyl 3-[6-[[2-(butylamino)-1-[3-methoxycarbonyl-4-(2-methoxy-2-oxoethoxy)phenyl]-2-oxoethyl]-hexylamino]-6-oxohexyl]-6-(4-tert-butylphenyl)-4-methyl-2-oxo-1,6-dihydropyrimidine-5-carboxylate",CCCCCCN(C(C1=CC(=C(C=C1)OCC(=O)OC)C(=O)OC)C(=O)NCCCC)C(=O)CCCCCN2C(=C(C(NC2=O)C3=CC=C(C=C3)C(C)(C)C)C(=O)OCC4=CC=CC=C4)C,0
"Benzyl 3-[6-[[2-(butylamino)-1-[3-methoxycarbonyl-4-(2-methoxy-2-oxoethoxy)phenyl]-2-oxoethyl]-hexylamino]-6-oxohexyl]-4-methyl-2-oxo-6-[4-(trifluoromethyl)phenyl]-1,6-dihydropyrimidine-5-carboxylate",CCCCCCN(C(C1=CC(=C(C=C1)OCC(=O)OC)C(=O)OC)C(=O)NCCCC)C(=O)CCCCCN2C(=C(C(NC2=O)C3=CC=C(C=C3)C(F)(F)F)C(=O)OCC4=CC=CC=C4)C,0
"Benzyl 3-[6-[[2-(butylamino)-2-oxo-1-(4-phenylphenyl)ethyl]-(2-morpholin-4-ylethyl)amino]-6-oxohexyl]-4-methyl-6-(4-nitrophenyl)-2-oxo-1,6-dihydropyrimidine-5-carboxylate",CCCCNC(=O)C(C1=CC=C(C=C1)C2=CC=CC=C2)N(CCN3CCOCC3)C(=O)CCCCCN4C(=C(C(NC4=O)C5=CC=C(C=C5)[N+](=O)[O-])C(=O)OCC6=CC=CC=C6)C,0
"6-[4-Methyl-2-oxo-5-phenylmethoxycarbonyl-6-(2-phenylphenyl)-1,6-dihydropyrimidin-3-yl]hexanoic acid",CC1=C(C(NC(=O)N1CCCCCC(=O)O)C2=CC=CC=C2C3=CC=CC=C3)C(=O)OCC4=CC=CC=C4,0
"Benzyl 3-[6-[[1-(butylamino)-1-oxopropan-2-yl]-hexylamino]-6-oxohexyl]-4-methyl-2-oxo-6-(4-phenylphenyl)-1,6-dihydropyrimidine-5-carboxylate",CCCCCCN(C(C)C(=O)NCCCC)C(=O)CCCCCN1C(=C(C(NC1=O)C2=CC=C(C=C2)C3=CC=CC=C3)C(=O)OCC4=CC=CC=C4)C,0
N-[2-(1H-indol-3-yl)ethyl]-2-methyl-3-phenylpropanamide,CC(CC1=CC=CC=C1)C(=O)NCCC2=CNC3=CC=CC=C32,0
"methyl 4-[(E,4R)-5-(1,3-benzothiazol-2-ylmethylamino)-2,4-dimethyl-5-oxo-1-(phenylmethoxycarbonylamino)pent-2-enyl]benzoate",C[C@H](/C=C(\C)/C(C1=CC=C(C=C1)C(=O)OC)NC(=O)OCC2=CC=CC=C2)C(=O)NCC3=NC4=CC=CC=C4S3,0
"methyl 4-[(E,4R)-2,4-dimethyl-5-[(5-methyl-2-phenyltriazol-4-yl)methylamino]-5-oxo-1-(phenylmethoxycarbonylamino)pent-2-enyl]benzoate",CC1=NN(N=C1CNC(=O)[C@H](C)/C=C(\C)/C(C2=CC=C(C=C2)C(=O)OC)NC(=O)OCC3=CC=CC=C3)C4=CC=CC=C4,0
"methyl 4-[(E,4R)-2,4-dimethyl-5-[(5-methyl-1,2-oxazol-3-yl)methylamino]-5-oxo-1-(phenylmethoxycarbonylamino)pent-2-enyl]benzoate",CC1=CC(=NO1)CNC(=O)[C@H](C)/C=C(\C)/C(C2=CC=C(C=C2)C(=O)OC)NC(=O)OCC3=CC=CC=C3,0
"methyl 4-[(E,4R)-5-[(3,5-difluorophenyl)methylamino]-2,4-dimethyl-5-oxo-1-(phenylmethoxycarbonylamino)pent-2-enyl]benzoate",C[C@H](/C=C(\C)/C(C1=CC=C(C=C1)C(=O)OC)NC(=O)OCC2=CC=CC=C2)C(=O)NCC3=CC(=CC(=C3)F)F,0
"methyl 4-[(E,4R)-2,4-dimethyl-5-[methyl(pyridin-3-ylmethyl)amino]-5-oxo-1-(phenylmethoxycarbonylamino)pent-2-enyl]benzoate",C[C@H](/C=C(\C)/C(C1=CC=C(C=C1)C(=O)OC)NC(=O)OCC2=CC=CC=C2)C(=O)N(C)CC3=CN=CC=C3,0
"methyl 4-[(E,4R)-2,4-dimethyl-5-(4-methylpiperazin-1-yl)-5-oxo-1-(phenylmethoxycarbonylamino)pent-2-enyl]benzoate",C[C@H](/C=C(\C)/C(C1=CC=C(C=C1)C(=O)OC)NC(=O)OCC2=CC=CC=C2)C(=O)N3CCN(CC3)C,0
"methyl 4-[(E,4R)-5-(cyclohexylamino)-2,4-dimethyl-5-oxo-1-(phenylmethoxycarbonylamino)pent-2-enyl]benzoate",C[C@H](/C=C(\C)/C(C1=CC=C(C=C1)C(=O)OC)NC(=O)OCC2=CC=CC=C2)C(=O)NC3CCCCC3,0
"methyl 4-[(E,4R)-5-[(1,5-dimethylpyrazol-3-yl)methylamino]-4-methyl-5-oxo-1-(phenylmethoxycarbonylamino)pent-2-enyl]benzoate",CC1=CC(=NN1C)CNC(=O)[C@H](C)/C=C/C(C2=CC=C(C=C2)C(=O)OC)NC(=O)OCC3=CC=CC=C3,0
"methyl 4-[(E,4R)-5-[benzyl(methyl)amino]-4-methyl-5-oxo-1-(phenylmethoxycarbonylamino)pent-2-enyl]benzoate",C[C@H](/C=C/C(C1=CC=C(C=C1)C(=O)OC)NC(=O)OCC2=CC=CC=C2)C(=O)N(C)CC3=CC=CC=C3,0
2-methyl-N-[(5-methyl-2-phenyltriazol-4-yl)methyl]-3-phenylpropanamide,CC1=NN(N=C1CNC(=O)C(C)CC2=CC=CC=C2)C3=CC=CC=C3,0
"N-[(1,5-dimethylpyrazol-3-yl)methyl]-2-methyl-3-phenylpropanamide",CC1=CC(=NN1C)CNC(=O)C(C)CC2=CC=CC=C2,0
"methyl 4-[(E,4R)-5-(benzylamino)-4-methyl-5-oxo-1-(phenylmethoxycarbonylamino)pent-2-enyl]benzoate",C[C@H](/C=C/C(C1=CC=C(C=C1)C(=O)OC)NC(=O)OCC2=CC=CC=C2)C(=O)NCC3=CC=CC=C3,0
N-[(2R)-1-hydroxy-3-phenylpropan-2-yl]-2-methyl-3-phenylpropanamide,CC(CC1=CC=CC=C1)C(=O)N[C@H](CC2=CC=CC=C2)CO,0
"methyl 4-[(E,4R)-2,4-dimethyl-5-oxo-1-(phenylmethoxycarbonylamino)-5-(pyridin-3-ylmethylamino)pent-2-enyl]benzoate",C[C@H](/C=C(\C)/C(C1=CC=C(C=C1)C(=O)OC)NC(=O)OCC2=CC=CC=C2)C(=O)NCC3=CN=CC=C3,0
N-(2-hydroxyethyl)-2-methyl-3-phenylpropanamide,CC(CC1=CC=CC=C1)C(=O)NCCO,0
"8-methoxy-11H-indeno[1,2-b]quinoline",COC1=CC2=CC3=C(C4=CC=CC=C4C3)N=C2C=C1,0
"12-methyl-11H-indolizino[1,2-b]quinolin-9-one",CC1=C2CN3C(=O)C=CC=C3C2=NC4=CC=CC=C14,0
"16,18-Dioxa-2-azapentacyclo[11.7.0.03,11.04,9.015,19]icosa-1,3(11),4,6,8,12,14,19-octaene",C1C2=CC=CC=C2C3=C1C=C4C=C5C(=CC4=N3)OCO5,0
"9-Benzyl-6,6-dimethyl-4-phenyl-11-(2-phenylethyl)-1,11-diazatricyclo[7.3.0.03,7]dodeca-3,7-diene-5,10,12-trione",CC1(C2=CC3(C(=O)N(C(=O)N3CC2=C(C1=O)C4=CC=CC=C4)CCC5=CC=CC=C5)CC6=CC=CC=C6)C,0
"(1R,2S)-2-methyl-9-phenyl-4-(2-phenylethyl)-11-propan-2-ylidene-4,6-diazatricyclo[6.3.0.02,6]undec-8-ene-3,5,10-trione",CC(=C1[C@H]2C(=C(C1=O)C3=CC=CC=C3)CN4[C@@]2(C(=O)N(C4=O)CCC5=CC=CC=C5)C)C,0
"6,6-Dimethyl-4-phenyl-11-(2-phenylethyl)-9-[[4-(trifluoromethyl)phenyl]methyl]-1,11-diazatricyclo[7.3.0.03,7]dodeca-3,7-diene-5,10,12-trione",CC1(C2=CC3(C(=O)N(C(=O)N3CC2=C(C1=O)C4=CC=CC=C4)CCC5=CC=CC=C5)CC6=CC=C(C=C6)C(F)(F)F)C,0
"9-[(4-Fluorophenyl)methyl]-6,6-dimethyl-4-phenyl-11-(2-phenylethyl)-1,11-diazatricyclo[7.3.0.03,7]dodeca-3,7-diene-5,10,12-trione",CC1(C2=CC3(C(=O)N(C(=O)N3CC2=C(C1=O)C4=CC=CC=C4)CCC5=CC=CC=C5)CC6=CC=C(C=C6)F)C,0
"methyl 3-benzyl-5-methyl-6-oxo-7-phenyl-2,5-dihydro-1H-cyclopenta[c]pyridine-3-carboxylate",CC1C2=CC(NCC2=C(C1=O)C3=CC=CC=C3)(CC4=CC=CC=C4)C(=O)OC,0
"methyl 3-benzyl-5-methyl-6-oxo-7-propan-2-yl-2,5-dihydro-1H-cyclopenta[c]pyridine-3-carboxylate",CC1C2=CC(NCC2=C(C1=O)C(C)C)(CC3=CC=CC=C3)C(=O)OC,0
"methyl 5-methyl-6-oxo-7-pentyl-3-propyl-2,5-dihydro-1H-cyclopenta[c]pyridine-3-carboxylate",CCCCCC1=C2CNC(C=C2C(C1=O)C)(CCC)C(=O)OC,0
"methyl 3,5-dimethyl-6-oxo-7-pentyl-2,5-dihydro-1H-cyclopenta[c]pyridine-3-carboxylate",CCCCCC1=C2CNC(C=C2C(C1=O)C)(C)C(=O)OC,0
"methyl 4-[(Z,4R)-5-anilino-2-iodo-4-methyl-5-oxo-1-(phenylmethoxycarbonylamino)pent-2-enyl]benzoate",C[C@H](/C=C(/C(C1=CC=C(C=C1)C(=O)OC)NC(=O)OCC2=CC=CC=C2)\I)C(=O)NC3=CC=CC=C3,0
"methyl 4-[(Z,4R)-5-[(3,5-difluorophenyl)methylamino]-2-fluoro-4-methyl-5-oxo-1-(phenylmethoxycarbonylamino)pent-2-enyl]benzoate",C[C@H](/C=C(/C(C1=CC=C(C=C1)C(=O)OC)NC(=O)OCC2=CC=CC=C2)\F)C(=O)NCC3=CC(=CC(=C3)F)F,0
"methyl 4-[(Z,4R)-2-fluoro-4-methyl-5-(2-morpholin-4-ylethylamino)-5-oxo-1-(phenylmethoxycarbonylamino)pent-2-enyl]benzoate",C[C@H](/C=C(/C(C1=CC=C(C=C1)C(=O)OC)NC(=O)OCC2=CC=CC=C2)\F)C(=O)NCCN3CCOCC3,0
"methyl 4-[(Z,4R)-5-(cyclohexylamino)-2-fluoro-4-methyl-5-oxo-1-(phenylmethoxycarbonylamino)pent-2-enyl]benzoate",C[C@H](/C=C(/C(C1=CC=C(C=C1)C(=O)OC)NC(=O)OCC2=CC=CC=C2)\F)C(=O)NC3CCCCC3,0
"methyl 4-[(Z,4R)-5-(1,3-benzothiazol-2-ylmethylamino)-2-fluoro-4-methyl-5-oxo-1-(phenylmethoxycarbonylamino)pent-2-enyl]benzoate",C[C@H](/C=C(/C(C1=CC=C(C=C1)C(=O)OC)NC(=O)OCC2=CC=CC=C2)\F)C(=O)NCC3=NC4=CC=CC=C4S3,0
"methyl 4-[(Z,4R)-2-fluoro-5-[[(2R)-1-hydroxy-3-phenylpropan-2-yl]amino]-4-methyl-5-oxo-1-(phenylmethoxycarbonylamino)pent-2-enyl]benzoate",C[C@H](/C=C(/C(C1=CC=C(C=C1)C(=O)OC)NC(=O)OCC2=CC=CC=C2)\F)C(=O)N[C@H](CC3=CC=CC=C3)CO,0
"methyl 4-[(Z,4R)-2-fluoro-5-(4-methoxyanilino)-4-methyl-5-oxo-1-(phenylmethoxycarbonylamino)pent-2-enyl]benzoate",C[C@H](/C=C(/C(C1=CC=C(C=C1)C(=O)OC)NC(=O)OCC2=CC=CC=C2)\F)C(=O)NC3=CC=C(C=C3)OC,0
"methyl 4-[(Z,4R)-2-fluoro-5-(2-hydroxyethylamino)-4-methyl-5-oxo-1-(phenylmethoxycarbonylamino)pent-2-enyl]benzoate",C[C@H](/C=C(/C(C1=CC=C(C=C1)C(=O)OC)NC(=O)OCC2=CC=CC=C2)\F)C(=O)NCCO,0
"methyl 4-[(Z,4R)-2-fluoro-5-[2-(5-methoxy-1H-indol-3-yl)ethylamino]-4-methyl-5-oxo-1-(phenylmethoxycarbonylamino)pent-2-enyl]benzoate",C[C@H](/C=C(/C(C1=CC=C(C=C1)C(=O)OC)NC(=O)OCC2=CC=CC=C2)\F)C(=O)NCCC3=CNC4=C3C=C(C=C4)OC,0
"methyl 4-[(Z,4R)-2-fluoro-4-methyl-5-[methyl(pyridin-3-ylmethyl)amino]-5-oxo-1-(phenylmethoxycarbonylamino)pent-2-enyl]benzoate",C[C@H](/C=C(/C(C1=CC=C(C=C1)C(=O)OC)NC(=O)OCC2=CC=CC=C2)\F)C(=O)N(C)CC3=CN=CC=C3,0
"methyl 4-[(Z,4R)-2-iodo-4-methyl-5-oxo-1-(phenylmethoxycarbonylamino)-5-(pyridin-4-ylmethylamino)pent-2-enyl]benzoate",C[C@H](/C=C(/C(C1=CC=C(C=C1)C(=O)OC)NC(=O)OCC2=CC=CC=C2)\I)C(=O)NCC3=CC=NC=C3,0
"methyl 4-[(Z,4R)-2-iodo-4-methyl-5-[(5-methylfuran-2-yl)methylamino]-5-oxo-1-(phenylmethoxycarbonylamino)pent-2-enyl]benzoate",CC1=CC=C(O1)CNC(=O)[C@H](C)/C=C(/C(C2=CC=C(C=C2)C(=O)OC)NC(=O)OCC3=CC=CC=C3)\I,0
"methyl 4-[(Z,4R)-5-[(3-hydroxy-4-methoxyphenyl)methylamino]-2-iodo-4-methyl-5-oxo-1-(phenylmethoxycarbonylamino)pent-2-enyl]benzoate",C[C@H](/C=C(/C(C1=CC=C(C=C1)C(=O)OC)NC(=O)OCC2=CC=CC=C2)\I)C(=O)NCC3=CC(=C(C=C3)OC)O,0
"methyl 4-[(Z,4R)-5-(cyclopropylmethylamino)-2-iodo-4-methyl-5-oxo-1-(phenylmethoxycarbonylamino)pent-2-enyl]benzoate",C[C@H](/C=C(/C(C1=CC=C(C=C1)C(=O)OC)NC(=O)OCC2=CC=CC=C2)\I)C(=O)NCC3CC3,0
1-acetyl-N-[[3-fluoro-5-(trifluoromethyl)phenyl]methyl]-2-methyl-1-azaspiro[4.5]dec-3-ene-2-carboxamide,CC(=O)N1C(C=CC12CCCCC2)(C)C(=O)NCC3=CC(=CC(=C3)F)C(F)(F)F,0
"methyl 4-[(E,4R)-5-[[(2R)-1-hydroxypropan-2-yl]amino]-4-methyl-5-oxo-1-(phenylmethoxycarbonylamino)pent-2-enyl]benzoate",C[C@H](CO)NC(=O)[C@H](C)/C=C/C(C1=CC=C(C=C1)C(=O)OC)NC(=O)OCC2=CC=CC=C2,0
"methyl 4-[(E,4R)-5-(ethylamino)-4-methyl-5-oxo-1-(phenylmethoxycarbonylamino)pent-2-enyl]benzoate",CCNC(=O)[C@H](C)/C=C/C(C1=CC=C(C=C1)C(=O)OC)NC(=O)OCC2=CC=CC=C2,0
"methyl 4-[(E,4R)-5-[[(2R)-1-hydroxy-3-phenylpropan-2-yl]amino]-2,4-dimethyl-5-oxo-1-(phenylmethoxycarbonylamino)pent-2-enyl]benzoate",C[C@H](/C=C(\C)/C(C1=CC=C(C=C1)C(=O)OC)NC(=O)OCC2=CC=CC=C2)C(=O)N[C@H](CC3=CC=CC=C3)CO,0
"methyl 4-[(E,4R)-5-(4-methoxyanilino)-2,4-dimethyl-5-oxo-1-(phenylmethoxycarbonylamino)pent-2-enyl]benzoate",C[C@H](/C=C(\C)/C(C1=CC=C(C=C1)C(=O)OC)NC(=O)OCC2=CC=CC=C2)C(=O)NC3=CC=C(C=C3)OC,0
"methyl 4-[(E,4R)-5-(2-hydroxyethylamino)-2,4-dimethyl-5-oxo-1-(phenylmethoxycarbonylamino)pent-2-enyl]benzoate",C[C@H](/C=C(\C)/C(C1=CC=C(C=C1)C(=O)OC)NC(=O)OCC2=CC=CC=C2)C(=O)NCCO,0
"methyl 4-[(E,4R)-4-methyl-5-oxo-1-(phenylmethoxycarbonylamino)-5-(2-pyrrolidin-1-ylethylamino)pent-2-enyl]benzoate",C[C@H](/C=C/C(C1=CC=C(C=C1)C(=O)OC)NC(=O)OCC2=CC=CC=C2)C(=O)NCCN3CCCC3,0
"methyl 4-[(E,4R)-4-methyl-5-(methylamino)-5-oxo-1-(phenylmethoxycarbonylamino)pent-2-enyl]benzoate",C[C@H](/C=C/C(C1=CC=C(C=C1)C(=O)OC)NC(=O)OCC2=CC=CC=C2)C(=O)NC,0
"methyl 4-[(E,4R)-2,4-dimethyl-5-(2-morpholin-4-ylethylamino)-5-oxo-1-(phenylmethoxycarbonylamino)pent-2-enyl]benzoate",C[C@H](/C=C(\C)/C(C1=CC=C(C=C1)C(=O)OC)NC(=O)OCC2=CC=CC=C2)C(=O)NCCN3CCOCC3,0
"methyl 4-[(E,4R)-5-[2-(5-methoxy-1H-indol-3-yl)ethylamino]-2,4-dimethyl-5-oxo-1-(phenylmethoxycarbonylamino)pent-2-enyl]benzoate",C[C@H](/C=C(\C)/C(C1=CC=C(C=C1)C(=O)OC)NC(=O)OCC2=CC=CC=C2)C(=O)NCCC3=CNC4=C3C=C(C=C4)OC,0
"methyl 4-[(E,4R)-5-[2-(1H-indol-3-yl)ethylamino]-4-methyl-5-oxo-1-(phenylmethoxycarbonylamino)pent-2-enyl]benzoate",C[C@H](/C=C/C(C1=CC=C(C=C1)C(=O)OC)NC(=O)OCC2=CC=CC=C2)C(=O)NCCC3=CNC4=CC=CC=C43,0
"methyl 4-[(E,4R)-5-[(3-hydroxy-4-methoxyphenyl)methylamino]-4-methyl-5-oxo-1-(phenylmethoxycarbonylamino)pent-2-enyl]benzoate",C[C@H](/C=C/C(C1=CC=C(C=C1)C(=O)OC)NC(=O)OCC2=CC=CC=C2)C(=O)NCC3=CC(=C(C=C3)OC)O,0
2-methyl-3-phenyl-N-(pyridin-4-ylmethyl)propanamide,CC(CC1=CC=CC=C1)C(=O)NCC2=CC=NC=C2,0
"(1S)-1-[(1S,2S)-2-butylcyclopropyl]-N-diphenylphosphoryl-1-[1-(2-phenylprop-2-enyl)cyclopropyl]methanamine",CCCC[C@H]1C[C@@H]1[C@@H](C2(CC2)CC(=C)C3=CC=CC=C3)NP(=O)(C4=CC=CC=C4)C5=CC=CC=C5,0
Clenbuterol Hydrochloride,CC(C)(C)NCC(C1=CC(=C(C(=C1)Cl)N)Cl)O.Cl,0
Pharmakon1600-01503223,C1=CC=C2C(=C1)C=C(C(=C2CC3=C(C(=CC4=CC=CC=C43)C(=O)O)O)O)C(=O)O.C1=CC(=CC(=C1)N)C(=C2C=CC(=N)C=C2)C3=CC(=CC=C3)N,0
Fendiline Hydrochloride,CC(C1=CC=CC=C1)NCCC(C2=CC=CC=C2)C3=CC=CC=C3.Cl,0
Ethaverine Hydrochloride,CCOC1=C(C=C(C=C1)CC2=NC=CC3=CC(=C(C=C32)OCC)OCC)OCC.Cl,0
Pharmakon1600-00300565,CN1CC(C[C@@H]2C1CC3=CN(C4=CC=CC2=C34)C)CNC(=O)OCC5=CC=CC=C5,0
"benzyl N-[(R)-[(1R,2S)-1-methyl-2-[(2R)-1-(naphthalen-2-ylamino)-1-oxopropan-2-yl]cyclopropyl]-phenylmethyl]carbamate",C[C@H]([C@@H]1C[C@@]1(C)[C@H](C2=CC=CC=C2)NC(=O)OCC3=CC=CC=C3)C(=O)NC4=CC5=CC=CC=C5C=C4,0
"benzyl N-[(S)-[(1S,2R)-1-methyl-2-[(2R)-1-(naphthalen-2-ylamino)-1-oxopropan-2-yl]cyclopropyl]-phenylmethyl]carbamate",C[C@H]([C@H]1C[C@]1(C)[C@@H](C2=CC=CC=C2)NC(=O)OCC3=CC=CC=C3)C(=O)NC4=CC5=CC=CC=C5C=C4,0
N-diphenylphosphoryl-1-[1-(2-phenylprop-2-enyl)cyclopropyl]methanamine,C=C(CC1(CC1)CNP(=O)(C2=CC=CC=C2)C3=CC=CC=C3)C4=CC=CC=C4,0
N-diphenylphosphoryl-1-[1-(2-phenylprop-2-enyl)cyclopropyl]ethanamine,CC(C1(CC1)CC(=C)C2=CC=CC=C2)NP(=O)(C3=CC=CC=C3)C4=CC=CC=C4,0
Methyl 4-[3-[(diphenylphosphorylamino)-phenylmethyl]-1-bicyclo[1.1.0]butanyl]benzoate,COC(=O)C1=CC=C(C=C1)C23CC2(C3)C(C4=CC=CC=C4)NP(=O)(C5=CC=CC=C5)C6=CC=CC=C6,0
N-[4-[[2-(tert-butylamino)-1-(4-iodophenyl)-2-oxoethyl]-(2-morpholin-4-ylethyl)amino]-4-oxobutyl]benzamide,CC(C)(C)NC(=O)C(C1=CC=C(C=C1)I)N(CCN2CCOCC2)C(=O)CCCNC(=O)C3=CC=CC=C3,0
"6,7-Bis[(2,2-dimethyl-1,3-dioxolan-4-yl)methylsulfanyl]quinoline-5,8-dione",CC1(OCC(O1)CSC2=C(C(=O)C3=C(C2=O)C=CC=N3)SCC4COC(O4)(C)C)C,0
"6-Chloro-7-(indan-1-ylamino)-quinoline-5,8-dione",C1CC2=CC=CC=C2C1NC3=C(C(=O)C4=C(C3=O)N=CC=C4)Cl,0
"Disodium 4,4'-diisothiocyanato-2,2'-stilbenedisulfonate, (E)-",C1=CC(=C(C=C1N=C=S)S(=O)(=O)[O-])/C=C/C2=C(C=C(C=C2)N=C=S)S(=O)(=O)[O-].[Na+].[Na+],0
"methyl (2S)-3-phenyl-2-[[(1S,2S)-2-[(S)-phenyl(phenylmethoxycarbonylamino)methyl]cyclopropanecarbonyl]amino]propanoate",COC(=O)[C@H](CC1=CC=CC=C1)NC(=O)[C@H]2C[C@@H]2[C@@H](C3=CC=CC=C3)NC(=O)OCC4=CC=CC=C4,0
"benzyl N-[(R)-phenyl-[(1R,2R)-2-[[(1S)-1-phenylethyl]carbamoyl]cyclopropyl]methyl]carbamate",C[C@@H](C1=CC=CC=C1)NC(=O)[C@@H]2C[C@H]2[C@H](C3=CC=CC=C3)NC(=O)OCC4=CC=CC=C4,0
"benzyl N-[(R)-[(1R,2R)-1-methyl-2-(propan-2-ylcarbamoyl)cyclopropyl]-phenylmethyl]carbamate",CC(C)NC(=O)[C@@H]1C[C@@]1(C)[C@H](C2=CC=CC=C2)NC(=O)OCC3=CC=CC=C3,0
"benzyl N-[(R)-phenyl-[(1R,2R)-2-(propan-2-ylcarbamoyl)cyclopropyl]methyl]carbamate",CC(C)NC(=O)[C@@H]1C[C@H]1[C@H](C2=CC=CC=C2)NC(=O)OCC3=CC=CC=C3,0
"(E,1R)-4-[tert-butyl(diphenyl)silyl]oxy-N-diphenylphosphoryl-3-methyl-1-phenylbut-2-en-1-amine",C/C(=C\[C@H](C1=CC=CC=C1)NP(=O)(C2=CC=CC=C2)C3=CC=CC=C3)/CO[Si](C4=CC=CC=C4)(C5=CC=CC=C5)C(C)(C)C,0
"(E,1R)-N-diphenylphosphoryl-3-methyl-1-phenylhept-2-en-1-amine",CCCC/C(=C/[C@H](C1=CC=CC=C1)NP(=O)(C2=CC=CC=C2)C3=CC=CC=C3)/C,0
"methyl (2S)-1-[(1S,2S)-2-[(S)-phenyl(phenylmethoxycarbonylamino)methyl]cyclopropanecarbonyl]pyrrolidine-2-carboxylate",COC(=O)[C@@H]1CCCN1C(=O)[C@H]2C[C@@H]2[C@@H](C3=CC=CC=C3)NC(=O)OCC4=CC=CC=C4,0
"benzyl N-[(S)-[(1S,2S)-2-(dimethylcarbamoyl)cyclopropyl]-phenylmethyl]carbamate",CN(C)C(=O)[C@H]1C[C@@H]1[C@@H](C2=CC=CC=C2)NC(=O)OCC3=CC=CC=C3,0
"trans-methyl (1R,2R)-2-methyl-2-[(R)-phenyl(phenylmethoxycarbonylamino)methyl]cyclopropane-1-carboxylate",C[C@]1(C[C@H]1C(=O)OC)[C@H](C2=CC=CC=C2)NC(=O)OCC3=CC=CC=C3,0
"methyl (2S)-2-[[(1S,2S)-1-methyl-2-[(R)-phenyl(phenylmethoxycarbonylamino)methyl]cyclopropanecarbonyl]amino]-3-phenylpropanoate",C[C@@]1(C[C@@H]1[C@H](C2=CC=CC=C2)NC(=O)OCC3=CC=CC=C3)C(=O)N[C@@H](CC4=CC=CC=C4)C(=O)OC,0
"benzyl N-[2-[[(S)-[(1R,2R)-2-[1-(dimethylamino)ethenyl]-2-methylcyclopropyl]-phenylmethyl]amino]-2-oxoethyl]carbamate",C[C@]1(C[C@H]1[C@@H](C2=CC=CC=C2)NC(=O)CNC(=O)OCC3=CC=CC=C3)C(=C)N(C)C,0
"benzyl N-[(S)-[(1R,2R)-2-methyl-2-[[(S)-[(1R,2R)-2-methyl-2-(methylcarbamoyl)cyclopropyl]-phenylmethyl]carbamoyl]cyclopropyl]-phenylmethyl]carbamate",C[C@]1(C[C@H]1[C@@H](C2=CC=CC=C2)NC(=O)[C@@]3(C[C@H]3[C@@H](C4=CC=CC=C4)NC(=O)OCC5=CC=CC=C5)C)C(=O)NC,0
3-phenyl-N-[(E)-1-phenylhept-2-enyl]propanamide,CCCC/C=C/C(C1=CC=CC=C1)NC(=O)CCC2=CC=CC=C2,0
"N-[[(1R,2R)-2-butylcyclopropyl]-[4-(trifluoromethyl)phenyl]methyl]benzamide",CCCC[C@@H]1C[C@H]1C(C2=CC=C(C=C2)C(F)(F)F)NC(=O)C3=CC=CC=C3,0
"N-[[(1R,2R)-2-butylcyclopropyl]-(4-phenylphenyl)methyl]quinoline-8-sulfonamide",CCCC[C@@H]1C[C@H]1C(C2=CC=C(C=C2)C3=CC=CC=C3)NS(=O)(=O)C4=CC=CC5=C4N=CC=C5,0
"methyl 4-[benzamido-[(1R,2R)-2-butylcyclopropyl]methyl]benzoate",CCCC[C@@H]1C[C@H]1C(C2=CC=C(C=C2)C(=O)OC)NC(=O)C3=CC=CC=C3,0
"N-[[(1R,2R)-2-butylcyclopropyl]-[4-(trifluoromethyl)phenyl]methyl]thiophene-2-carboxamide",CCCC[C@@H]1C[C@H]1C(C2=CC=C(C=C2)C(F)(F)F)NC(=O)C3=CC=CS3,0
"N-[[(1R,2R)-2-butylcyclopropyl]-(4-phenylphenyl)methyl]furan-2-carboxamide",CCCC[C@@H]1C[C@H]1C(C2=CC=C(C=C2)C3=CC=CC=C3)NC(=O)C4=CC=CO4,0
"N-[[(1R,2R)-2-butylcyclopropyl]-phenylmethyl]benzamide",CCCC[C@@H]1C[C@H]1C(C2=CC=CC=C2)NC(=O)C3=CC=CC=C3,0
"methyl 4-[[(1R,2R)-2-butylcyclopropyl]-(furan-2-carbonylamino)methyl]benzoate",CCCC[C@@H]1C[C@H]1C(C2=CC=C(C=C2)C(=O)OC)NC(=O)C3=CC=CO3,0
methyl 4-[(E)-1-[(2-phenylacetyl)amino]-2-propylhex-2-enyl]benzoate,CCC/C=C(\CCC)/C(C1=CC=C(C=C1)C(=O)OC)NC(=O)CC2=CC=CC=C2,0
methyl 4-[(E)-1-[(4-methoxycarbonylbenzoyl)amino]-2-propylhex-2-enyl]benzoate,CCC/C=C(\CCC)/C(C1=CC=C(C=C1)C(=O)OC)NC(=O)C2=CC=C(C=C2)C(=O)OC,0
prop-2-ynyl N-[(E)-1-phenylhept-2-enyl]carbamate,CCCC/C=C/C(C1=CC=CC=C1)NC(=O)OCC#C,0
[3-(trifluoromethyl)phenyl] N-[(E)-1-phenylhept-2-enyl]carbamate,CCCC/C=C/C(C1=CC=CC=C1)NC(=O)OC2=CC=CC(=C2)C(F)(F)F,0
N-[(E)-1-phenylhept-2-enyl]thiophene-2-carboxamide,CCCC/C=C/C(C1=CC=CC=C1)NC(=O)C2=CC=CS2,0
"2,2-dimethyl-N-[(E)-1-phenylhept-2-enyl]propanamide",CCCC/C=C/C(C1=CC=CC=C1)NC(=O)C(C)(C)C,0
"1-[(4S,6S)-4-[(1S,2S)-2-butylcyclopropyl]-6-(3-methoxyphenyl)-5-azaspiro[2.4]heptan-5-yl]ethanone",CCCC[C@H]1C[C@@H]1[C@H]2C3(CC3)C[C@H](N2C(=O)C)C4=CC(=CC=C4)OC,0
N-[(E)-1-phenylhept-2-enyl]benzamide,CCCC/C=C/C(C1=CC=CC=C1)NC(=O)C2=CC=CC=C2,0
methyl 4-[(E)-2-propyl-1-(thiophen-2-ylsulfonylamino)hex-2-enyl]benzoate,CCC/C=C(\CCC)/C(C1=CC=C(C=C1)C(=O)OC)NS(=O)(=O)C2=CC=CS2,0
"methyl 4-[(E)-1-(2,2-dimethylpropanoylamino)-2-propylhex-2-enyl]benzoate",CCC/C=C(\CCC)/C(C1=CC=C(C=C1)C(=O)OC)NC(=O)C(C)(C)C,0
"trans-(1R,2R)-2-[(R)-(diphenylphosphorylamino)-phenylmethyl]-N-[(2R)-1-hydroxypropan-2-yl]cyclopropane-1-carboxamide",C[C@H](CO)NC(=O)[C@@H]1C[C@H]1[C@H](C2=CC=CC=C2)NP(=O)(C3=CC=CC=C3)C4=CC=CC=C4,0
"Methyl 4-benzoyl-3-benzyl-10-(pyrrolidine-1-carbonyl)-9-[[4-(trifluoromethoxy)phenyl]methyl]-4,9-diazatricyclo[6.3.0.02,6]undeca-1(8),10-diene-3-carboxylate",COC(=O)C1(C2C(CC3=C2C=C(N3CC4=CC=C(C=C4)OC(F)(F)F)C(=O)N5CCCC5)CN1C(=O)C6=CC=CC=C6)CC7=CC=CC=C7,0
(Z)-2-(1-naphthyl)-3-(4-pyridyl)prop-2-enamide,C1=CC=C2C(=C1)C=CC=C2/C(=C/C3=CC=NC=C3)/C(=O)N,0
(R)-pyridin-4-yl-[(3E)-3-(pyridin-4-ylmethylidene)inden-1-yl]methanol,C1=CC=C\2C(=C1)C(=C/C2=C\C3=CC=NC=C3)[C@@H](C4=CC=NC=C4)O,0
6-[(Z)-3-phenylprop-2-enyl]sulfanyl-7H-purin-2-amine,C1=CC=C(C=C1)/C=C\CSC2=NC(=NC3=C2NC=N3)N,0
"(2E)-3-(2H-1,3-Benzodioxol-5-yl)-1-(thiophen-2-yl)prop-2-en-1-one",C1OC2=C(O1)C=C(C=C2)/C=C/C(=O)C3=CC=CS3,0
3-(4-Hydroxyphenyl)-1-(thiophen-2-yl)prop-2-en-1-one,C1=CSC(=C1)C(=O)/C=C/C2=CC=C(C=C2)O,0
"2-Cyano-3-(2,4-dimethoxyphenyl)prop-2-enamide",COC1=CC(=C(C=C1)/C=C(\C#N)/C(=O)N)OC,0
"2',4'-Dihydroxy-4-methoxychalcone",COC1=CC=C(C=C1)/C=C/C(=O)C2=C(C=C(C=C2)O)O,0
"(2R,5R)-1-acetyl-2-benzyl-N-[[3-fluoro-5-(trifluoromethyl)phenyl]methyl]-5-methyl-2H-pyrrole-5-carboxamide",CC(=O)N1[C@@H](C=C[C@]1(C)C(=O)NCC2=CC(=CC(=C2)F)C(F)(F)F)CC3=CC=CC=C3,0
"(2R,5R)-1-acetyl-5-benzyl-2-methyl-N-(2-morpholin-4-ylethyl)-2H-pyrrole-5-carboxamide",C[C@@H]1C=C[C@](N1C(=O)C)(CC2=CC=CC=C2)C(=O)NCCN3CCOCC3,0
"(2R,5R)-1-acetyl-5-benzyl-N-[[3-fluoro-5-(trifluoromethyl)phenyl]methyl]-2-methyl-2H-pyrrole-5-carboxamide",C[C@@H]1C=C[C@](N1C(=O)C)(CC2=CC=CC=C2)C(=O)NCC3=CC(=CC(=C3)F)C(F)(F)F,0
"(2R,5R)-1-benzoyl-5-benzyl-N-[2-(1H-indol-3-yl)ethyl]-2-methyl-2H-pyrrole-5-carboxamide",C[C@@H]1C=C[C@](N1C(=O)C2=CC=CC=C2)(CC3=CC=CC=C3)C(=O)NCCC4=CNC5=CC=CC=C54,0
"(2R,5R)-1-benzoyl-5-benzyl-N-(cyclopropylmethyl)-2-methyl-2H-pyrrole-5-carboxamide",C[C@@H]1C=C[C@](N1C(=O)C2=CC=CC=C2)(CC3=CC=CC=C3)C(=O)NCC4CC4,0
"(2R,5R)-1-benzoyl-5-benzyl-2-methyl-N-(2-morpholin-4-ylethyl)-2H-pyrrole-5-carboxamide",C[C@@H]1C=C[C@](N1C(=O)C2=CC=CC=C2)(CC3=CC=CC=C3)C(=O)NCCN4CCOCC4,0
"methyl (2R,5R)-2-benzyl-1,5-dimethyl-2H-pyrrole-5-carboxylate",C[C@@]1(C=C[C@H](N1C)CC2=CC=CC=C2)C(=O)OC,0
1-benzoyl-N-[3-[[3-chloro-5-(trifluoromethyl)-2-pyridinyl]amino]propyl]-2-methyl-1-azaspiro[4.5]dec-3-ene-2-carboxamide,CC1(C=CC2(N1C(=O)C3=CC=CC=C3)CCCCC2)C(=O)NCCCNC4=C(C=C(C=N4)C(F)(F)F)Cl,0
1-benzoyl-N-(cyclopropylmethyl)-2-methyl-1-azaspiro[4.5]dec-3-ene-2-carboxamide,CC1(C=CC2(N1C(=O)C3=CC=CC=C3)CCCCC2)C(=O)NCC4CC4,0
1-benzoyl-2-methyl-N-(2-morpholin-4-ylethyl)-1-azaspiro[4.5]dec-3-ene-2-carboxamide,CC1(C=CC2(N1C(=O)C3=CC=CC=C3)CCCCC2)C(=O)NCCN4CCOCC4,0
1-benzoyl-N-[[3-fluoro-5-(trifluoromethyl)phenyl]methyl]-2-methyl-1-azaspiro[4.5]dec-3-ene-2-carboxamide,CC1(C=CC2(N1C(=O)C3=CC=CC=C3)CCCCC2)C(=O)NCC4=CC(=CC(=C4)F)C(F)(F)F,0
1-benzoyl-N-(2-methoxyethyl)-2-methyl-1-azaspiro[4.5]dec-3-ene-2-carboxamide,CC1(C=CC2(N1C(=O)C3=CC=CC=C3)CCCCC2)C(=O)NCCOC,0
"(2R,5R)-1-acetyl-2-benzyl-5-methyl-N-[(5-methylfuran-2-yl)methyl]-2H-pyrrole-5-carboxamide",CC1=CC=C(O1)CNC(=O)[C@]2(C=C[C@H](N2C(=O)C)CC3=CC=CC=C3)C,0
"(2R,5R)-1-acetyl-2-benzyl-5-methyl-N-(2-morpholin-4-ylethyl)-2H-pyrrole-5-carboxamide",CC(=O)N1[C@@H](C=C[C@]1(C)C(=O)NCCN2CCOCC2)CC3=CC=CC=C3,0
"(2R,5R)-1-acetyl-5-benzyl-2-methyl-N-[(5-methylfuran-2-yl)methyl]-2H-pyrrole-5-carboxamide",C[C@@H]1C=C[C@](N1C(=O)C)(CC2=CC=CC=C2)C(=O)NCC3=CC=C(O3)C,0
1-acetyl-2-methyl-N-(pyridin-2-ylmethyl)-1-azaspiro[4.5]dec-3-ene-2-carboxamide,CC(=O)N1C(C=CC12CCCCC2)(C)C(=O)NCC3=CC=CC=N3,0
1-acetyl-2-methyl-N-(2-morpholin-4-ylethyl)-1-azaspiro[4.5]dec-3-ene-2-carboxamide,CC(=O)N1C(C=CC12CCCCC2)(C)C(=O)NCCN3CCOCC3,0
"(2R,5R)-1-benzoyl-2-benzyl-N-[3-[[3-chloro-5-(trifluoromethyl)-2-pyridinyl]amino]propyl]-5-methyl-2H-pyrrole-5-carboxamide",C[C@@]1(C=C[C@H](N1C(=O)C2=CC=CC=C2)CC3=CC=CC=C3)C(=O)NCCCNC4=C(C=C(C=N4)C(F)(F)F)Cl,0
"(2R,5R)-1-benzoyl-2-benzyl-N-[2-(1H-indol-3-yl)ethyl]-5-methyl-2H-pyrrole-5-carboxamide",C[C@@]1(C=C[C@H](N1C(=O)C2=CC=CC=C2)CC3=CC=CC=C3)C(=O)NCCC4=CNC5=CC=CC=C54,0
"(2R,5R)-1-benzoyl-2-benzyl-N-(cyclopropylmethyl)-5-methyl-2H-pyrrole-5-carboxamide",C[C@@]1(C=C[C@H](N1C(=O)C2=CC=CC=C2)CC3=CC=CC=C3)C(=O)NCC4CC4,0
"(2R,5R)-1-benzoyl-2-benzyl-5-methyl-N-(2-morpholin-4-ylethyl)-2H-pyrrole-5-carboxamide",C[C@@]1(C=C[C@H](N1C(=O)C2=CC=CC=C2)CC3=CC=CC=C3)C(=O)NCCN4CCOCC4,0
"(2R,5R)-1-benzoyl-2-benzyl-N-[[3-fluoro-5-(trifluoromethyl)phenyl]methyl]-5-methyl-2H-pyrrole-5-carboxamide",C[C@@]1(C=C[C@H](N1C(=O)C2=CC=CC=C2)CC3=CC=CC=C3)C(=O)NCC4=CC(=CC(=C4)F)C(F)(F)F,0
"(2R,5R)-1-benzoyl-2-benzyl-N-(2-methoxyethyl)-5-methyl-2H-pyrrole-5-carboxamide",C[C@@]1(C=C[C@H](N1C(=O)C2=CC=CC=C2)CC3=CC=CC=C3)C(=O)NCCOC,0
1-benzoyl-N-[2-(1H-indol-3-yl)ethyl]-5-methyl-2H-pyrrole-5-carboxamide,CC1(C=CCN1C(=O)C2=CC=CC=C2)C(=O)NCCC3=CNC4=CC=CC=C43,0
1-benzoyl-N-[[4-(dimethylamino)phenyl]methyl]-5-methyl-2H-pyrrole-5-carboxamide,CC1(C=CCN1C(=O)C2=CC=CC=C2)C(=O)NCC3=CC=C(C=C3)N(C)C,0
methyl 2-[(1-benzoyl-5-methyl-2H-pyrrole-5-carbonyl)amino]acetate,CC1(C=CCN1C(=O)C2=CC=CC=C2)C(=O)NCC(=O)OC,0
methyl 5-[[3-fluoro-5-(trifluoromethyl)phenyl]methylcarbamoyl]-5-methyl-2H-pyrrole-1-carboxylate,CC1(C=CCN1C(=O)OC)C(=O)NCC2=CC(=CC(=C2)F)C(F)(F)F,0
"methyl 4-[(R)-benzamido-[(1R,2R)-1,2-dipropylcyclopropyl]methyl]benzoate",CCC[C@@H]1C[C@@]1(CCC)[C@H](C2=CC=C(C=C2)C(=O)OC)NC(=O)C3=CC=CC=C3,0
"[(4S,6S)-4-[(1S,2S)-2-butylcyclopropyl]-5-diphenylphosphoryl-6-phenyl-5-azaspiro[2.4]heptan-6-yl]methanol",CCCC[C@H]1C[C@@H]1[C@H]2C3(CC3)C[C@@](N2P(=O)(C4=CC=CC=C4)C5=CC=CC=C5)(CO)C6=CC=CC=C6,0
"(4S,7S)-4-[(1S,2S)-2-butylcyclopropyl]-5-diphenylphosphoryl-7-phenyl-5-azaspiro[2.5]octan-7-ol",CCCC[C@H]1C[C@@H]1[C@H]2C3(CC3)C[C@@](CN2P(=O)(C4=CC=CC=C4)C5=CC=CC=C5)(C6=CC=CC=C6)O,0
"(1S)-1-[(1S,2S)-2-butylcyclopropyl]-N-diphenylphosphoryl-1-[1-[2-(3-methoxyphenyl)prop-2-enyl]cyclopropyl]methanamine",CCCC[C@H]1C[C@@H]1[C@@H](C2(CC2)CC(=C)C3=CC(=CC=C3)OC)NP(=O)(C4=CC=CC=C4)C5=CC=CC=C5,0
"trans-methyl (1R,2R)-2-[(R)-(diphenylphosphorylamino)-phenylmethyl]-2-methylcyclopropane-1-carboxylate",C[C@]1(C[C@H]1C(=O)OC)[C@H](C2=CC=CC=C2)NP(=O)(C3=CC=CC=C3)C4=CC=CC=C4,0
"(1R)-1-[(1R,2S)-2-[2-[tert-butyl(diphenyl)silyl]oxyethyl]-1-methylcyclopropyl]-N-diphenylphosphoryl-1-phenylmethanamine",C[C@]1(C[C@H]1CCO[Si](C2=CC=CC=C2)(C3=CC=CC=C3)C(C)(C)C)[C@H](C4=CC=CC=C4)NP(=O)(C5=CC=CC=C5)C6=CC=CC=C6,0
"2-[(1S,2R)-2-[(R)-(diphenylphosphorylamino)-phenylmethyl]-2-methylcyclopropyl]ethanol",C[C@]1(C[C@H]1CCO)[C@H](C2=CC=CC=C2)NP(=O)(C3=CC=CC=C3)C4=CC=CC=C4,0
"benzyl N-[(S)-[(1R,2R)-2-methyl-2-[[(S)-[(1R,2R)-2-methyl-2-[[(S)-[(1R,2R)-2-methyl-2-[[(S)-[(1R,2R)-2-methyl-2-(methylcarbamoyl)cyclopropyl]-phenylmethyl]carbamoyl]cyclopropyl]-phenylmethyl]carbamoyl]cyclopropyl]-phenylmethyl]carbamoyl]cyclopropyl]-phenylmethyl]carbamate",C[C@]1(C[C@H]1[C@@H](C2=CC=CC=C2)NC(=O)[C@@]3(C[C@H]3[C@@H](C4=CC=CC=C4)NC(=O)[C@@]5(C[C@H]5[C@@H](C6=CC=CC=C6)NC(=O)[C@@]7(C[C@H]7[C@@H](C8=CC=CC=C8)NC(=O)OCC9=CC=CC=C9)C)C)C)C(=O)NC,0
"methyl (2S)-2-[[(1R,2R)-1-methyl-2-[(S)-phenyl(phenylmethoxycarbonylamino)methyl]cyclopropanecarbonyl]amino]-3-phenylpropanoate",C[C@]1(C[C@H]1[C@@H](C2=CC=CC=C2)NC(=O)OCC3=CC=CC=C3)C(=O)N[C@@H](CC4=CC=CC=C4)C(=O)OC,0
"trans-methyl (1R,2R)-2-[(S)-[(4-bromobenzoyl)amino]-phenylmethyl]-1-methylcyclopropane-1-carboxylate",C[C@]1(C[C@H]1[C@@H](C2=CC=CC=C2)NC(=O)C3=CC=C(C=C3)Br)C(=O)OC,0
"benzyl N-[(R)-[(1R,2R)-2-(methylcarbamoyl)cyclopropyl]-phenylmethyl]carbamate",CNC(=O)[C@@H]1C[C@H]1[C@H](C2=CC=CC=C2)NC(=O)OCC3=CC=CC=C3,0
"benzyl N-[(R)-[(1R,2R)-2-(dimethylcarbamoyl)cyclopropyl]-phenylmethyl]carbamate",CN(C)C(=O)[C@@H]1C[C@H]1[C@H](C2=CC=CC=C2)NC(=O)OCC3=CC=CC=C3,0
"methyl 4-[(R)-[(1R,2R)-1,2-dipropylcyclopropyl]-(phenoxycarbonylamino)methyl]benzoate",CCC[C@@H]1C[C@@]1(CCC)[C@H](C2=CC=C(C=C2)C(=O)OC)NC(=O)OC3=CC=CC=C3,0
"methyl 3-benzyl-5-methyl-6-oxo-7-pentyl-2,5-dihydro-1H-cyclopenta[c]pyridine-3-carboxylate",CCCCCC1=C2CNC(C=C2C(C1=O)C)(CC3=CC=CC=C3)C(=O)OC,0
"methyl 4-[(R)-(diphenylphosphorylamino)-[(1R,2R)-1,2-dipropylcyclopropyl]methyl]benzoate",CCC[C@@H]1C[C@@]1(CCC)[C@H](C2=CC=C(C=C2)C(=O)OC)NP(=O)(C3=CC=CC=C3)C4=CC=CC=C4,0
"benzyl N-[(S)-[(1R,2R)-2-[(2S)-2-[[2-[[(S)-[(1R,2R)-2-(dimethylcarbamoyl)-2-methylcyclopropyl]-phenylmethyl]amino]-2-oxoethyl]carbamoyl]pyrrolidine-1-carbonyl]-2-methylcyclopropyl]-phenylmethyl]carbamate",C[C@]1(C[C@H]1[C@@H](C2=CC=CC=C2)NC(=O)OCC3=CC=CC=C3)C(=O)N4CCC[C@H]4C(=O)NCC(=O)N[C@@H]([C@@H]5C[C@@]5(C)C(=O)N(C)C)C6=CC=CC=C6,0
"ethyl N-[2-[(1R,2S)-2-[(S)-(diphenylphosphorylamino)-[1-(2-phenylprop-2-enyl)cyclopropyl]methyl]cyclopropyl]ethyl]-N-(4-methylphenyl)sulfonylcarbamate",CCOC(=O)N(CC[C@H]1C[C@@H]1[C@@H](C2(CC2)CC(=C)C3=CC=CC=C3)NP(=O)(C4=CC=CC=C4)C5=CC=CC=C5)S(=O)(=O)C6=CC=C(C=C6)C,0
"trans-methyl (1R,2R)-2-[(R)-[(4-bromobenzoyl)amino]-phenylmethyl]cyclopropane-1-carboxylate",COC(=O)[C@@H]1C[C@H]1[C@H](C2=CC=CC=C2)NC(=O)C3=CC=C(C=C3)Br,0
"(1R)-N-diphenylphosphoryl-1-[(1R,2S)-2-ethenyl-1-methylcyclopropyl]-1-phenylmethanamine",C[C@]1(C[C@H]1C=C)[C@H](C2=CC=CC=C2)NP(=O)(C3=CC=CC=C3)C4=CC=CC=C4,0
"(1R)-1-[(1R,2R)-2-butylcyclopropyl]-N-diphenylphosphoryl-1-(2-methoxyphenyl)methanamine",CCCC[C@@H]1C[C@H]1[C@H](C2=CC=CC=C2OC)NP(=O)(C3=CC=CC=C3)C4=CC=CC=C4,0
"(E,1R)-N-diphenylphosphoryl-1-(2-methoxyphenyl)hept-2-en-1-amine",CCCC/C=C/[C@H](C1=CC=CC=C1OC)NP(=O)(C2=CC=CC=C2)C3=CC=CC=C3,0
"methyl (2R,5R)-5-benzyl-5-[3-[[3-chloro-5-(trifluoromethyl)pyridin-2-yl]amino]propylcarbamoyl]-2-methyl-2H-pyrrole-1-carboxylate",C[C@@H]1C=C[C@](N1C(=O)OC)(CC2=CC=CC=C2)C(=O)NCCCNC3=C(C=C(C=N3)C(F)(F)F)Cl,0
"methyl (2R,5R)-5-benzyl-2-methyl-5-(methylcarbamoyl)-2H-pyrrole-1-carboxylate",C[C@@H]1C=C[C@](N1C(=O)OC)(CC2=CC=CC=C2)C(=O)NC,0
"methyl (2R,5R)-2-benzyl-5-methyl-5-(pyridin-2-ylmethylcarbamoyl)-2H-pyrrole-1-carboxylate",C[C@@]1(C=C[C@H](N1C(=O)OC)CC2=CC=CC=C2)C(=O)NCC3=CC=CC=N3,0
"methyl (2R,5R)-2-benzyl-5-[[4-(dimethylamino)phenyl]methylcarbamoyl]-5-methyl-2H-pyrrole-1-carboxylate",C[C@@]1(C=C[C@H](N1C(=O)OC)CC2=CC=CC=C2)C(=O)NCC3=CC=C(C=C3)N(C)C,0
"methyl (2R,5R)-2-benzyl-5-[(2-methoxy-2-oxoethyl)carbamoyl]-5-methyl-2H-pyrrole-1-carboxylate",C[C@@]1(C=C[C@H](N1C(=O)OC)CC2=CC=CC=C2)C(=O)NCC(=O)OC,0
"3-(1,2,5,6-Tetrahydro-4-pyridyl)-5-propoxypyrrolo(3,2-b)pyridine",CCCOC1=NC2=C(C=C1)NC=C2C3=CCNCC3,0
Cfm-2,COC1=C(C=C2C(=C1)CC(=O)NN=C2C3=CC=C(C=C3)N)OC,0
"12-[(2,4-dimethoxyphenyl)carbonyl]-6a,6b,10,11,11a,12-hexahydro-8,11-epoxyoxepino[4',5':3,4]pyrrolo[1,2-a]quinolin-7(8H)-one",COC1=CC(=C(C=C1)C(=O)C2C3C4COC(O4)C(=O)C3C5N2C6=CC=CC=C6C=C5)OC,0
2-(2-(5-Bromo-1H-indol-3-yl)ethyl)-3-(3-(1-methylethoxy)phenyl)-4-(3H)-quinazolinone,CC(C)OC1=CC=CC(=C1)N2C(=NC3=CC=CC=C3C2=O)CCC4=CNC5=C4C=C(C=C5)Br,0
"1,2,12,12a-Tetrahydro-2-(1-(hydroxymethyl)ethenyl)-8,9-dimethoxy(1)benzopyrano(3,4-b)furo(2,3-h)(1)benzopyran-6(6aH)-one",COC1=C(C=C2C(=C1)C3C(CO2)OC4=C(C3=O)C=CC5=C4CC(O5)C(=C)CO)OC,0
SB-408124,CC1=CC(=C2C=C(C=C(C2=N1)F)F)NC(=O)NC3=CC=C(C=C3)N(C)C,0
"8-Hydroxy-7-phenylfuro[3,2-f]chromen-9-one",C1=CC=C(C=C1)C2=C(C(=O)C3=C(O2)C=CC4=C3C=CO4)O,0
Acacetin diacetate,CC(=O)OC1=CC2=C(C(=C1)OC(=O)C)C(=O)C=C(O2)C3=CC=C(C=C3)OC,0
AM-630,CC1=C(C2=C(N1CCN3CCOCC3)C=C(C=C2)I)C(=O)C4=CC=C(C=C4)OC,0
Azovan Blue,CC1=C(C=CC(=C1)C2=CC(=C(C=C2)N=NC3=C(C4=C(C=C3)C(=CC(=C4N)S(=O)(=O)[O-])S(=O)(=O)[O-])O)C)N=NC5=C(C6=C(C=C5)C(=CC(=C6N)S(=O)(=O)[O-])S(=O)(=O)[O-])O,0
"1-[2-[4-(4-Fluorobenzoyl)piperidin-1-yl]ethyl]-3,3-dimethylindol-2-one",CC1(C2=CC=CC=C2N(C1=O)CCN3CCC(CC3)C(=O)C4=CC=C(C=C4)F)C,0
Sch-79797,CC(C)C1=CC=C(C=C1)CN2C=CC3=C2C=CC4=C3C(=NC(=N4)NC5CC5)N,0
Iik7,CCCC(=O)NCCC1=C2C3=CC=CC=C3CN2C4=C1C=C(C=C4)OC,0
Chicago Sky Blue,COC1=C(C=CC(=C1)C2=CC(=C(C=C2)N=NC3=C(C4=C(C=C3)C(=CC(=C4N)S(=O)(=O)[O-])S(=O)(=O)[O-])O)OC)N=NC5=C(C6=C(C=C5)C(=CC(=C6N)S(=O)(=O)[O-])S(=O)(=O)[O-])O,0
MK886 sodium,CC(C)C1=CC2=C(C=C1)N(C(=C2SC(C)(C)C)CC(C)(C)C(=O)[O-])CC3=CC=C(C=C3)Cl.[Na+],0
"Deoxysappanone B 7,4'-dimethyl ether",COC1=CC2=C(C=C1)C(=O)C(CO2)CC3=CC(=C(C=C3)OC)O,0
2-Phenylmelatonin,CC(=O)NCCC1=C(NC2=C1C=C(C=C2)OC)C3=CC=CC=C3,0
"2-[5-chloro-2-(4-chlorophenyl)-1H-indol-3-yl]-N,N-dihexylacetamide",CCCCCCN(CCCCCC)C(=O)CC1=C(NC2=C1C=C(C=C2)Cl)C3=CC=C(C=C3)Cl,0
"22-Hydroxy-6,7-dimethoxy-18,18-dimethyl-10,13,17-trioxapentacyclo[12.8.0.03,12.04,9.016,21]docosa-1(14),4,6,8,15,19,21-heptaen-2-one",CC1(C=CC2=C(C3=C(C=C2O1)OC4COC5=CC(=C(C=C5C4C3=O)OC)OC)O)C,0
D-64131,COC1=CC2=C(C=C1)NC(=C2)C(=O)C3=CC=CC=C3,0
Nnc 63-0532,COC(=O)CN1CN(C2(C1=O)CCN(CC2)CC3=CC4=CC=CC=C4C=C3)C5=CC=CC=C5,0
"[2-(2-Cyclopropylmethoxy-phenoxy)-ethyl]-[2-(1H-indol-3-yl)-1,1-dimethyl-ethyl]-amine",CC(C)(CC1=CNC2=C1C=C(C=C2)Cl)NCCOC3=CC=CC=C3OCC4CC4,0
Isokobusone,CC1(CC2C1CCC(=C)C(CCC2=O)O)C,0
"(1,2,9,10-tetramethoxy-6-methyl-5,6,6a,7-tetrahydro-4H-dibenzo[de,g]quinolin-3-yl)methanol",CN1CCC2=C(C(=C(C3=C2C1CC4=CC(=C(C=C43)OC)OC)OC)OC)CO,0
"2-(3,4-diacetyloxyphenyl)-4-oxo-7-[3,4,5-triacetyloxy-6-(acetyloxymethyl)(2H-3,4,5,6-tetrahydropyran-2-yloxy)]chromen-5-yl acetate",CC(=O)OCC1C(C(C(C(O1)OC2=CC3=C(C(=C2)OC(=O)C)C(=O)C=C(O3)C4=CC(=C(C=C4)OC(=O)C)OC(=O)C)OC(=O)C)OC(=O)C)OC(=O)C,0
Mrs-1523,CCCC1=C(C(=NC(=C1C(=O)SCC)CC)C2=CC=CC=C2)C(=O)OCCC,0
Ptaeroxylin,CC1=CCC2=C(C=C3C(=C2O)C(=O)C=C(O3)C)OC1,0
Cgp-7930,CC(C)(C)C1=CC(=CC(=C1O)C(C)(C)C)CC(C)(C)CO,0
Kaempferol,C1=CC(=CC=C1C2=C(C(=O)C3=C(C=C(C=C3O2)O)O)O)O,0
Vitamin D3,C[C@H](CCCC(C)C)[C@H]1CC[C@@H]\2[C@@]1(CCC/C2=C\C=C/3\C[C@H](CCC3=C)O)C,0
Luteolin,C1=CC(=C(C=C1C2=CC(=O)C3=C(C=C(C=C3O2)O)O)O)O,0
Apigenin,C1=CC(=CC=C1C2=CC(=O)C3=C(C=C(C=C3O2)O)O)O,0
Acacetin,COC1=CC=C(C=C1)C2=CC(=O)C3=C(C=C(C=C3O2)O)O,0
Biochanin A,COC1=CC=C(C=C1)C2=COC3=CC(=CC(=C3C2=O)O)O,0
Bergaptol,C1=CC(=O)OC2=CC3=C(C=CO3)C(=C21)O,0
Quercetin,C1=CC(=C(C=C1C2=C(C(=O)C3=C(C=C(C=C3O2)O)O)O)O)O,0
Desmethoxyyangonin,COC1=CC(=O)OC(=C1)/C=C/C2=CC=CC=C2,0
6-Iodonordihydrocapsaicin,CCCCCCCCC(=O)NCC1=CC(=C(C=C1I)O)OC,0
RS-39604,COC1=CC(=CC(=C1)COC2=CC(=C(C=C2C(=O)CCC3CCN(CC3)CCNS(=O)(=O)C)Cl)N)OC,0
Propyl pyrazole triol,CCCC1=C(N(N=C1C2=CC=C(C=C2)O)C3=CC=C(C=C3)O)C4=CC=C(C=C4)O,0
"(2-Azepan-1-yl-ethyl)-[2-(3,4-dichloro-phenyl)-ethyl]-methyl-amine",CN(CCC1=CC(=C(C=C1)Cl)Cl)CCN2CCCCCC2,0
"1-Propanone, 1-(2,4-dihydroxyphenyl)-2-(4-methoxyphenyl)-",CC(C1=CC=C(C=C1)OC)C(=O)C2=C(C=C(C=C2)O)O,0
1-(4-Fluorophenyl)-3-(3-(4-fluorophenyl)-3-hydroxypropyl)-4-(4-hydroxyphenyl)azetidin-2-one,C1=CC(=CC=C1C2C(C(=O)N2C3=CC=C(C=C3)F)CCC(C4=CC=C(C=C4)F)O)O,0
"8-(2-(4-Hydroxy-6-oxotetrahydro-2H-pyran-2-yl)ethyl)-3,7-dimethyl-1,2,3,7,8,8a-hexahydro-1-naphthalenyl 2,2-dimethylbutanoate",CCC(C)(C)C(=O)OC1CC(C=C2C1C(C(C=C2)C)CCC3CC(CC(=O)O3)O)C,0
Gangleoidin acetate,CC1=C2C(=C(C(=C1Cl)OC(=O)C)Cl)OC3=C(C(=C(C=C3OC2=O)OC)C(=O)OC)C,0
Deoxysappanone B trimethyl ether,COC1=CC2=C(C=C1)C(=O)C(CO2)CC3=CC(=C(C=C3)OC)OC,0
12a-HYDROXY-5-DEOXYDEHYDROMUNDUSERONE,COC1=CC2=C(C=C1)C=C3C4=CC(=C(C=C4OCC3(O2)O)OC)OC,0
LY 367265,C1CC2=C3C(=CC=C2)N(S(=O)(=O)N3C1)CCN4CCC(=CC4)C5=CNC6=C5C=CC(=C6)F,0
"2-(4-aminophenyl)-3-methoxy-N-[(3-methoxyphenyl)methyl]imidazo[1,2-b]pyridazin-6-amine",COC1=CC=CC(=C1)CNC2=NN3C(=NC(=C3OC)C4=CC=C(C=C4)N)C=C2,0
Sericetin diacetate,CC(=CCC1=C2C(=C(C3=C1OC(C=C3)(C)C)OC(=O)C)C(=O)C(=C(O2)C4=CC=CC=C4)OC(=O)C)C,0
"3-[(3,4-dimethoxyphenyl)methyl]-7-methoxy-3,4-dihydro-2H-chromen-4-ol",COC1=CC2=C(C=C1)C(C(CO2)CC3=CC(=C(C=C3)OC)OC)O,0
Gangaleoidin,CC1=C2C(=C(C(=C1Cl)O)Cl)OC3=C(C(=C(C=C3OC2=O)OC)C(=O)OC)C,0
1-[2-[4-Methoxy-3-[3-(4-methoxyphenyl)propoxy]phenyl]ethyl]imidazole,COC1=CC=C(C=C1)CCCOC2=C(C=CC(=C2)CCN3C=CN=C3)OC,0
"4-(4-(1,3-Benzodioxol-5-yl)-5-(2-pyridinyl)-1H-imidazol-2-yl)benzamide",C1OC2=C(O1)C=C(C=C2)C3=C(NC(=N3)C4=CC=C(C=C4)C(=O)N)C5=CC=CC=N5,0
"trans-methyl (1S,2S)-2-[(S)-[(2,5-dimethylpyrazole-3-carbonyl)amino]-phenylmethyl]cyclopropane-1-carboxylate",CC1=NN(C(=C1)C(=O)N[C@@H]([C@H]2C[C@@H]2C(=O)OC)C3=CC=CC=C3)C,0
"2,5-dimethyl-N-[(R)-[(1R,2S)-1-methyl-2-[(2R)-1-(naphthalen-2-ylamino)-1-oxopropan-2-yl]cyclopropyl]-phenylmethyl]pyrazole-3-carboxamide",CC1=NN(C(=C1)C(=O)N[C@@H](C2=CC=CC=C2)[C@@]3(C[C@H]3[C@@H](C)C(=O)NC4=CC5=CC=CC=C5C=C4)C)C,0
"N-[(R)-[(1R,2S)-1-methyl-2-[(2R)-1-(naphthalen-2-ylamino)-1-oxopropan-2-yl]cyclopropyl]-phenylmethyl]pyrazine-2-carboxamide",C[C@H]([C@@H]1C[C@@]1(C)[C@H](C2=CC=CC=C2)NC(=O)C3=NC=CN=C3)C(=O)NC4=CC5=CC=CC=C5C=C4,0
"N-[(R)-[(1R,2S)-1-methyl-2-[(2R)-1-(naphthalen-2-ylamino)-1-oxopropan-2-yl]cyclopropyl]-phenylmethyl]benzamide",C[C@H]([C@@H]1C[C@@]1(C)[C@H](C2=CC=CC=C2)NC(=O)C3=CC=CC=C3)C(=O)NC4=CC5=CC=CC=C5C=C4,0
"(2R)-2-[(1R,2S)-2-[(S)-(diphenylphosphorylamino)-phenylmethyl]-2-methylcyclopropyl]-N-naphthalen-2-ylpropanamide",C[C@H]([C@H]1C[C@]1(C)[C@@H](C2=CC=CC=C2)NP(=O)(C3=CC=CC=C3)C4=CC=CC=C4)C(=O)NC5=CC6=CC=CC=C6C=C5,0
"(2R)-2-[(1R,2S)-2-[(S)-benzenesulfonamido(phenyl)methyl]-2-methylcyclopropyl]-N-(2-naphthalenyl)propanamide",C[C@H]([C@H]1C[C@]1(C)[C@@H](C2=CC=CC=C2)NS(=O)(=O)C3=CC=CC=C3)C(=O)NC4=CC5=CC=CC=C5C=C4,0
"(4-fluorophenyl) N-[(S)-[(1S,2R)-1-methyl-2-[(2R)-1-(naphthalen-2-ylamino)-1-oxopropan-2-yl]cyclopropyl]-phenylmethyl]carbamate",C[C@H]([C@H]1C[C@]1(C)[C@@H](C2=CC=CC=C2)NC(=O)OC3=CC=C(C=C3)F)C(=O)NC4=CC5=CC=CC=C5C=C4,0
"N-[(S)-[(1S,2R)-1-methyl-2-[(2R)-1-(naphthalen-2-ylamino)-1-oxopropan-2-yl]cyclopropyl]-phenylmethyl]pyridine-3-carboxamide",C[C@H]([C@H]1C[C@]1(C)[C@@H](C2=CC=CC=C2)NC(=O)C3=CN=CC=C3)C(=O)NC4=CC5=CC=CC=C5C=C4,0
"2,5-dimethyl-N-[(S)-[(1S,2R)-1-methyl-2-[(2R)-1-(2-naphthalenylamino)-1-oxopropan-2-yl]cyclopropyl]-phenylmethyl]-3-pyrazolecarboxamide",CC1=NN(C(=C1)C(=O)N[C@H](C2=CC=CC=C2)[C@]3(C[C@@H]3[C@@H](C)C(=O)NC4=CC5=CC=CC=C5C=C4)C)C,0
"N-[(S)-[(1S,2R)-1-methyl-2-[(2R)-1-(naphthalen-2-ylamino)-1-oxopropan-2-yl]cyclopropyl]-phenylmethyl]pyrazine-2-carboxamide",C[C@H]([C@H]1C[C@]1(C)[C@@H](C2=CC=CC=C2)NC(=O)C3=NC=CN=C3)C(=O)NC4=CC5=CC=CC=C5C=C4,0
"5-methyl-N-[(S)-[(1S,2R)-1-methyl-2-[(2R)-1-(2-naphthalenylamino)-1-oxopropan-2-yl]cyclopropyl]-phenylmethyl]-3-isoxazolecarboxamide",CC1=CC(=NO1)C(=O)N[C@H](C2=CC=CC=C2)[C@]3(C[C@@H]3[C@@H](C)C(=O)NC4=CC5=CC=CC=C5C=C4)C,0
"trans-methyl (1S,2S)-2-[(S)-benzenesulfonamido(phenyl)methyl]cyclopropane-1-carboxylate",COC(=O)[C@H]1C[C@@H]1[C@@H](C2=CC=CC=C2)NS(=O)(=O)C3=CC=CC=C3,0
"trans-methyl (1S,2S)-2-[(S)-[(4-fluorophenoxy)carbonylamino]-phenylmethyl]cyclopropane-1-carboxylate",COC(=O)[C@H]1C[C@@H]1[C@@H](C2=CC=CC=C2)NC(=O)OC3=CC=C(C=C3)F,0
"trans-methyl (1S,2S)-2-[(S)-phenyl-(pyridine-3-carbonylamino)methyl]cyclopropane-1-carboxylate",COC(=O)[C@H]1C[C@@H]1[C@@H](C2=CC=CC=C2)NC(=O)C3=CN=CC=C3,0
"N-[(R)-[(1R,2S)-1-methyl-2-[(2R)-1-(naphthalen-2-ylamino)-1-oxopropan-2-yl]cyclopropyl]-phenylmethyl]pyridine-3-carboxamide",C[C@H]([C@@H]1C[C@@]1(C)[C@H](C2=CC=CC=C2)NC(=O)C3=CN=CC=C3)C(=O)NC4=CC5=CC=CC=C5C=C4,0
"trans-methyl (1R,2R)-2-[(R)-benzenesulfonamido(phenyl)methyl]cyclopropane-1-carboxylate",COC(=O)[C@@H]1C[C@H]1[C@H](C2=CC=CC=C2)NS(=O)(=O)C3=CC=CC=C3,0
"trans-methyl (1R,2R)-2-[(R)-[(4-fluorophenoxy)carbonylamino]-phenylmethyl]cyclopropane-1-carboxylate",COC(=O)[C@@H]1C[C@H]1[C@H](C2=CC=CC=C2)NC(=O)OC3=CC=C(C=C3)F,0
"trans-methyl (1R,2R)-2-[(R)-phenyl-(pyridine-3-carbonylamino)methyl]cyclopropane-1-carboxylate",COC(=O)[C@@H]1C[C@H]1[C@H](C2=CC=CC=C2)NC(=O)C3=CN=CC=C3,0
"trans-methyl (1R,2R)-2-[(R)-[(2,5-dimethylpyrazole-3-carbonyl)amino]-phenylmethyl]cyclopropane-1-carboxylate",CC1=NN(C(=C1)C(=O)N[C@H]([C@@H]2C[C@H]2C(=O)OC)C3=CC=CC=C3)C,0
"(2R)-2-[(1S,2R)-2-[(R)-amino(phenyl)methyl]-2-methylcyclopropyl]-N-naphthalen-2-ylpropanamide",C[C@H]([C@@H]1C[C@@]1(C)[C@H](C2=CC=CC=C2)N)C(=O)NC3=CC4=CC=CC=C4C=C3,0
"methyl N-[(S)-[(1S,2R)-1-methyl-2-[(2R)-1-(naphthalen-2-ylamino)-1-oxopropan-2-yl]cyclopropyl]-phenylmethyl]carbamate",C[C@H]([C@H]1C[C@]1(C)[C@@H](C2=CC=CC=C2)NC(=O)OC)C(=O)NC3=CC4=CC=CC=C4C=C3,0
"trans-(1S,2S)-2-[(S)-(diphenylphosphorylamino)-phenylmethyl]-N-(naphthalen-1-ylmethyl)cyclopropane-1-carboxamide",C1[C@@H]([C@H]1C(=O)NCC2=CC=CC3=CC=CC=C32)[C@@H](C4=CC=CC=C4)NP(=O)(C5=CC=CC=C5)C6=CC=CC=C6,0
"trans-(1S,2S)-N-[(2,3-difluoro-4-methylphenyl)methyl]-2-[(S)-(diphenylphosphorylamino)-phenylmethyl]cyclopropane-1-carboxamide",CC1=C(C(=C(C=C1)CNC(=O)[C@H]2C[C@@H]2[C@@H](C3=CC=CC=C3)NP(=O)(C4=CC=CC=C4)C5=CC=CC=C5)F)F,0
"trans-(1S,2S)-N-[(3,4-dimethoxyphenyl)methyl]-2-[(S)-(diphenylphosphorylamino)-phenylmethyl]cyclopropane-1-carboxamide",COC1=C(C=C(C=C1)CNC(=O)[C@H]2C[C@@H]2[C@@H](C3=CC=CC=C3)NP(=O)(C4=CC=CC=C4)C5=CC=CC=C5)OC,0
"trans-(1S,2S)-2-[(S)-(diphenylphosphorylamino)-phenylmethyl]-N-(2-methoxyethyl)cyclopropane-1-carboxamide",COCCNC(=O)[C@H]1C[C@@H]1[C@@H](C2=CC=CC=C2)NP(=O)(C3=CC=CC=C3)C4=CC=CC=C4,0
"trans-(1S,2S)-2-[(S)-(diphenylphosphorylamino)-phenylmethyl]-N-(2-fluoroethyl)cyclopropane-1-carboxamide",C1[C@@H]([C@H]1C(=O)NCCF)[C@@H](C2=CC=CC=C2)NP(=O)(C3=CC=CC=C3)C4=CC=CC=C4,0
"benzyl N-[(R)-[(1R,2S)-2-[(2R)-1-[(2,3-difluoro-4-methylphenyl)methylamino]-1-oxopropan-2-yl]-1-methylcyclopropyl]-phenylmethyl]carbamate",CC1=C(C(=C(C=C1)CNC(=O)[C@H](C)[C@@H]2C[C@@]2(C)[C@H](C3=CC=CC=C3)NC(=O)OCC4=CC=CC=C4)F)F,0
"(2R)-2-[(1S,2R)-2-[(R)-[(5-chloro-1,3-dimethylpyrazol-4-yl)sulfonylamino]-phenylmethyl]-2-methylcyclopropyl]-N-naphthalen-2-ylpropanamide",CC1=NN(C(=C1S(=O)(=O)N[C@@H](C2=CC=CC=C2)[C@@]3(C[C@H]3[C@@H](C)C(=O)NC4=CC5=CC=CC=C5C=C4)C)Cl)C,0
RS-100329,CC1=CNC(=O)N(C1=O)CCCN2CCN(CC2)C3=CC=CC=C3OCC(F)(F)F,0
Cgp13501,CC(C)(C)C1=CC(=CC(=C1O)C(C)(C)C)CC(C)(C)C=O,0
"(3,4-Dihydroxy-5-nitrophenyl)(2-fluorophenyl)methanone",C1=CC=C(C(=C1)C(=O)C2=CC(=C(C(=C2)O)O)[N+](=O)[O-])F,0
Robustone methyl ether,CC1(C=CC2=C(O1)C=C3C(=C2OC)C(=O)C(=CO3)C4=CC5=C(C=C4)OCO5)C,0
N-pentanoyl-2-benzyltryptamine,CCCCC(=O)NCCC1=C(NC2=CC=CC=C21)CC3=CC=CC=C3,0
"2-(3,4-dimethoxyphenyl)-8-iodo-5,7-dimethoxy-3,4-dihydro-2H-chromen-3-ol",COC1=C(C=C(C=C1)C2C(CC3=C(O2)C(=C(C=C3OC)OC)I)O)OC,0
"8-benzyl-9,10-dimethoxy-5,8-dihydro-6H-[1,3]dioxolo[4,5-g]isoquino[3,2-a]isoquinoline",COC1=C(C2=C(C=C1)C=C3C4=CC5=C(C=C4CCN3C2CC6=CC=CC=C6)OCO5)OC,0
GW-7647,CC(C)(C(=O)O)SC1=CC=C(C=C1)CCN(CCCCC2CCCCC2)C(=O)NC3CCCCC3,0
"1,8-Dinitro-4,5-dihydroxyanthraquinone",C1=CC(=C2C(=C1[N+](=O)[O-])C(=O)C3=C(C=CC(=C3C2=O)O)[N+](=O)[O-])O,0
"2-(3,4-Bis(acetoxy)phenyl)-3,4-dihydro-2H-1-benzopyran-3,5,7-triyltriacetate",CC(=O)OC1CC2=C(C=C(C=C2OC(=O)C)OC(=O)C)OC1C3=CC(=C(C=C3)OC(=O)C)OC(=O)C,0
2-Methoxy-5 (6)epoxy-tetrahydrocaryophyllene,CC1(CC2C1CCC3(C(O3)CCC2(C)OC)C)C,0
SB 204741,CC1=NSC(=C1)NC(=O)NC2=CC3=C(C=C2)N(C=C3)C,0
Linolenic Acid,CC/C=C\C/C=C\C/C=C\CCCCCCCC(=O)O,0
"3-chloro-N-[(R)-[(1R,2S)-1-methyl-2-[(2R)-1-(naphthalen-2-ylamino)-1-oxopropan-2-yl]cyclopropyl]-phenylmethyl]pyridine-4-carboxamide",C[C@H]([C@@H]1C[C@@]1(C)[C@H](C2=CC=CC=C2)NC(=O)C3=C(C=NC=C3)Cl)C(=O)NC4=CC5=CC=CC=C5C=C4,0
methyl 2-[phenyl-[[(2S)-pyrrolidine-2-carbonyl]amino]methyl]cyclopropane-1-carboxylate,COC(=O)C1CC1C(C2=CC=CC=C2)NC(=O)[C@@H]3CCCN3,0
"(2R)-2-[(1R,2S)-2-methyl-2-[(S)-(naphthalen-2-ylsulfonylamino)-phenylmethyl]cyclopropyl]-N-naphthalen-2-ylpropanamide",C[C@H]([C@H]1C[C@]1(C)[C@@H](C2=CC=CC=C2)NS(=O)(=O)C3=CC4=CC=CC=C4C=C3)C(=O)NC5=CC6=CC=CC=C6C=C5,0
"trans-methyl (1S,2S)-2-[(S)-(naphthalen-2-ylsulfonylamino)-phenylmethyl]cyclopropane-1-carboxylate",COC(=O)[C@H]1C[C@@H]1[C@@H](C2=CC=CC=C2)NS(=O)(=O)C3=CC4=CC=CC=C4C=C3,0
"trans-methyl (1R,2R)-2-[(R)-(naphthalen-2-ylsulfonylamino)-phenylmethyl]cyclopropane-1-carboxylate",COC(=O)[C@@H]1C[C@H]1[C@H](C2=CC=CC=C2)NS(=O)(=O)C3=CC4=CC=CC=C4C=C3,0
methyl 2-[phenyl-[[(2R)-piperidine-2-carbonyl]amino]methyl]cyclopropane-1-carboxylate,COC(=O)C1CC1C(C2=CC=CC=C2)NC(=O)[C@H]3CCCCN3,0
"(2R)-2-[(1R,2S)-2-[(S)-acetamido(phenyl)methyl]-2-methylcyclopropyl]-N-naphthalen-2-ylpropanamide",C[C@H]([C@H]1C[C@]1(C)[C@@H](C2=CC=CC=C2)NC(=O)C)C(=O)NC3=CC4=CC=CC=C4C=C3,0
"(2R)-2-[(1R,2S)-2-methyl-2-[(S)-phenyl-[(4-phenylphenyl)sulfonylamino]methyl]cyclopropyl]-N-naphthalen-2-ylpropanamide",C[C@H]([C@H]1C[C@]1(C)[C@@H](C2=CC=CC=C2)NS(=O)(=O)C3=CC=C(C=C3)C4=CC=CC=C4)C(=O)NC5=CC6=CC=CC=C6C=C5,0
"(2R)-2-[(1S,2R)-2-[(R)-acetamido(phenyl)methyl]-2-methylcyclopropyl]-N-naphthalen-2-ylpropanamide",C[C@H]([C@@H]1C[C@@]1(C)[C@H](C2=CC=CC=C2)NC(=O)C)C(=O)NC3=CC4=CC=CC=C4C=C3,0
"trans-methyl (1S,2S)-2-[(S)-phenyl-[(4-phenylphenyl)sulfonylamino]methyl]cyclopropane-1-carboxylate",COC(=O)[C@H]1C[C@@H]1[C@@H](C2=CC=CC=C2)NS(=O)(=O)C3=CC=C(C=C3)C4=CC=CC=C4,0
"(3R)-3-[(1S,2R)-2-[(R)-(diphenylphosphorylamino)-phenylmethyl]-2-methylcyclopropyl]-1-naphthalen-2-ylbutan-2-one",C[C@H]([C@@H]1C[C@@]1(C)[C@H](C2=CC=CC=C2)NP(=O)(C3=CC=CC=C3)C4=CC=CC=C4)C(=O)CC5=CC6=CC=CC=C6C=C5,0
"(2R)-2-[(1S,2R)-2-[(R)-benzenesulfonamido(phenyl)methyl]-2-methylcyclopropyl]-N-naphthalen-2-ylpropanamide",C[C@H]([C@@H]1C[C@@]1(C)[C@H](C2=CC=CC=C2)NS(=O)(=O)C3=CC=CC=C3)C(=O)NC4=CC5=CC=CC=C5C=C4,0
CID 5388964,C1CC1C(C2CC2)NC3=NCCO3.C(=C/C(=O)O)\C(=O)O,0
"1-propan-2-yl-12-trimethylsilyl-11H-indolizino[1,2-b]quinolin-9-one",CC(C)C1=C2C(=CC=C1)N=C3C(=C2[Si](C)(C)C)CN4C3=CC=CC4=O,0
"4-propan-2-yl-12-trimethylsilyl-11H-indolizino[1,2-b]quinolin-9-one",CC(C)C1=CC=CC2=C1N=C3C(=C2[Si](C)(C)C)CN4C3=CC=CC4=O,0
"12-[tert-butyl(dimethyl)silyl]-1-propan-2-yl-11H-indolizino[1,2-b]quinolin-9-one",CC(C)C1=C2C(=CC=C1)N=C3C(=C2[Si](C)(C)C(C)(C)C)CN4C3=CC=CC4=O,0
"1-ethyl-12-trimethylsilyl-11H-indolizino[1,2-b]quinolin-9-one",CCC1=C2C(=CC=C1)N=C3C(=C2[Si](C)(C)C)CN4C3=CC=CC4=O,0
"12-[tert-butyl(dimethyl)silyl]-2-phenylmethoxy-11H-indolizino[1,2-b]quinolin-9-one",CC(C)(C)[Si](C)(C)C1=C2CN3C(=O)C=CC=C3C2=NC4=C1C=C(C=C4)OCC5=CC=CC=C5,0
"12-[tert-butyl(dimethyl)silyl]-2,3-dimethoxy-11H-indolizino[1,2-b]quinolin-9-one",CC(C)(C)[Si](C)(C)C1=C2CN3C(=O)C=CC=C3C2=NC4=CC(=C(C=C41)OC)OC,0
"N-[(Z)-pyridin-3-ylmethylideneamino]-5H-[1,2,4]triazino[5,6-b]indol-3-amine",C1=CC=C2C(=C1)C3=C(N2)N=C(N=N3)N/N=C\C4=CN=CC=C4,0
"(2E)-3-(4-Bromophenyl)-N,N-dimethyl-3-(3-pyridinyl)-2-propen-1-amine",CN(C)C/C=C(\C1=CC=C(C=C1)Br)/C2=CN=CC=C2,0
N-[(Z)-pyridin-3-ylmethylideneamino]pyridin-2-amine,C1=CC=NC(=C1)N/N=C\C2=CN=CC=C2,0
7-hydroxy-3-(2-methoxyphenyl)-4H-chromen-4-one,COC1=CC=CC=C1C2=COC3=C(C2=O)C=CC(=C3)O,0
7-Hydroxy-3-methylflavone,CC1=C(OC2=C(C1=O)C=CC(=C2)O)C3=CC=CC=C3,0
"7,3'-Dihydroxyflavone",C1=CC(=CC(=C1)O)C2=CC(=O)C3=C(O2)C=C(C=C3)O,0
Nifuroxazide EP Impurity E,C1=CC(=CC=C1C(=O)N/N=C\C2=CC=C(O2)[N+](=O)[O-])O,0
"12-ethyl-4-propan-2-yl-11H-indolizino[1,2-b]quinolin-9-one",CCC1=C2C=CC=C(C2=NC3=C1CN4C3=CC=CC4=O)C(C)C,0
"4-methoxy-N-[(E)-(3,3,6,8-tetramethyl-1-oxo-4H-naphthalen-2-ylidene)amino]benzamide",CC1=CC(=C2C(=C1)CC(/C(=N\NC(=O)C3=CC=C(C=C3)OC)/C2=O)(C)C)C,0
"2',3-Dihydroxy-4,4',6'-trimethoxychalcone",COC1=C(C=C(C=C1)/C=C/C(=O)C2=C(C=C(C=C2OC)OC)O)O,0
"5,7-Dihydroxyisoflavone",C1=CC=C(C=C1)C2=COC3=CC(=CC(=C3C2=O)O)O,0
Fusarium toxin,CC1CCCC(=O)CCC/C=C/C2=C(C(=CC(=C2)O)O)C(=O)O1,0
"Fluvoxamine, (Z)-",COCCCC/C(=N/OCCN)/C1=CC=C(C=C1)C(F)(F)F,0
(E)-1-(2-Hydroxy-4-Methoxyphenyl)-3-(4-Methoxyphenyl)Prop-2-En-1-One,COC1=CC=C(C=C1)/C=C/C(=O)C2=C(C=C(C=C2)OC)O,0
"2-Propen-1-one, 1-(2-hydroxyphenyl)-3-(4-hydroxyphenyl)-",C1=CC=C(C(=C1)C(=O)/C=C/C2=CC=C(C=C2)O)O,0
"5,7-Dihydroxy-4-methylcoumarin",CC1=CC(=O)OC2=CC(=CC(=C12)O)O,0
"(2E,3Z)-2,3-bis[amino-(2-aminophenyl)sulfanylmethylidene]butanedinitrile",C1=CC=C(C(=C1)N)S/C(=C(\C#N)/C(=C(/N)\SC2=CC=CC=C2N)/C#N)/N,0
Davitin,CC(C)C(C)/C=C/C(C)C1CCC\2C1(CCC/C2=C\C=C\3/CC(CCC3=C)O)C,0
3-[4-(Dimethylamino)benzylidene]indolin-2-one,CN(C)C1=CC=C(C=C1)/C=C/2\C3=CC=CC=C3NC2=O,0
"3-{2-[7-(1,5-Dimethylhexyl)-6-methylbicyclo[4.3.0]non-2-ylidene]ethylidene}-4-methylenecyclohexan-1-ol",CC(C)CCCC(C)C1CCC\2C1(CCC/C2=C\C=C\3/CC(CCC3=C)O)C,0
"tert-butyl (1S,5R,11R,15R)-12-[[4-fluoro-2-(trifluoromethyl)phenyl]methoxy]-6,7-bis(hydroxymethyl)-1,5-dimethyl-13-oxa-2-azatetracyclo[6.6.2.04,16.011,15]hexadec-4(16)-ene-2-carboxylate",C[C@@H]1C(C(C2CC[C@@H]3[C@@H]4C2=C1CN([C@@]4(COC3OCC5=C(C=C(C=C5)F)C(F)(F)F)C)C(=O)OC(C)(C)C)CO)CO,0
"methyl 3,5-dimethyl-6-oxo-7-phenyl-2,5-dihydro-1H-cyclopenta[c]pyridine-3-carboxylate",CC1C2=CC(NCC2=C(C1=O)C3=CC=CC=C3)(C)C(=O)OC,0
"Methyl 4-benzoyl-9-[(3,5-difluorophenyl)methyl]-3,7-dimethyl-10-propyl-4,9-diazatricyclo[6.3.0.02,6]undeca-1(8),10-diene-3-carboxylate",CCCC1=CC2=C(N1CC3=CC(=CC(=C3)F)F)C(C4C2C(N(C4)C(=O)C5=CC=CC=C5)(C)C(=O)OC)C,0
"Methyl 4-benzoyl-9-[(3-chlorophenyl)methyl]-3,7-dimethyl-10-propyl-4,9-diazatricyclo[6.3.0.02,6]undeca-1(8),10-diene-3-carboxylate",CCCC1=CC2=C(N1CC3=CC(=CC=C3)Cl)C(C4C2C(N(C4)C(=O)C5=CC=CC=C5)(C)C(=O)OC)C,0
"Methyl 4-benzoyl-9-(2-hydroxyethyl)-3,7-dimethyl-10-propyl-4,9-diazatricyclo[6.3.0.02,6]undeca-1(8),10-diene-3-carboxylate",CCCC1=CC2=C(N1CCO)C(C3C2C(N(C3)C(=O)C4=CC=CC=C4)(C)C(=O)OC)C,0
"Methyl 4-benzoyl-9-[(4-methoxyphenyl)methyl]-3,7-dimethyl-10-propyl-4,9-diazatricyclo[6.3.0.02,6]undeca-1(8),10-diene-3-carboxylate",CCCC1=CC2=C(N1CC3=CC=C(C=C3)OC)C(C4C2C(N(C4)C(=O)C5=CC=CC=C5)(C)C(=O)OC)C,0
"Methyl 4-benzoyl-9-(furan-2-ylmethyl)-3,7-dimethyl-10-propyl-4,9-diazatricyclo[6.3.0.02,6]undeca-1(8),10-diene-3-carboxylate",CCCC1=CC2=C(N1CC3=CC=CO3)C(C4C2C(N(C4)C(=O)C5=CC=CC=C5)(C)C(=O)OC)C,0
"Methyl 4-benzoyl-9-[2-(4-chlorophenyl)ethyl]-3,7-dimethyl-10-propyl-4,9-diazatricyclo[6.3.0.02,6]undeca-1(8),10-diene-3-carboxylate",CCCC1=CC2=C(N1CCC3=CC=C(C=C3)Cl)C(C4C2C(N(C4)C(=O)C5=CC=CC=C5)(C)C(=O)OC)C,0
"Methyl 4-benzoyl-3,7-dimethyl-9-[(4-methylphenyl)methyl]-10-propyl-4,9-diazatricyclo[6.3.0.02,6]undeca-1(8),10-diene-3-carboxylate",CCCC1=CC2=C(N1CC3=CC=C(C=C3)C)C(C4C2C(N(C4)C(=O)C5=CC=CC=C5)(C)C(=O)OC)C,0
"tert-butyl (1S,5R,11R,15R)-12-[[4-fluoro-2-(trifluoromethyl)phenyl]methoxy]-6,7-bis(methoxymethyl)-1,5-dimethyl-13-oxa-2-azatetracyclo[6.6.2.04,16.011,15]hexadec-4(16)-ene-2-carboxylate",C[C@@H]1C(C(C2CC[C@@H]3[C@@H]4C2=C1CN([C@@]4(COC3OCC5=C(C=C(C=C5)F)C(F)(F)F)C)C(=O)OC(C)(C)C)COC)COC,0
"tert-butyl (1S,5R,11R,15R)-6,7-bis(methoxymethyl)-12-[(4-methoxyphenyl)methoxy]-1,5-dimethyl-13-oxa-2-azatetracyclo[6.6.2.04,16.011,15]hexadec-4(16)-ene-2-carboxylate",C[C@@H]1C(C(C2CC[C@@H]3[C@@H]4C2=C1CN([C@@]4(COC3OCC5=CC=C(C=C5)OC)C)C(=O)OC(C)(C)C)COC)COC,0
"tert-butyl (9R,13S,17R,21R)-9-ethyl-16-[[4-fluoro-2-(trifluoromethyl)phenyl]methoxy]-13-methyl-5-oxo-4,6,15-trioxa-12-azapentacyclo[11.6.2.02,8.010,20.017,21]henicos-10(20)-ene-12-carboxylate",CC[C@@H]1C2COC(=O)OCC2C3CC[C@@H]4[C@@H]5C3=C1CN([C@@]5(COC4OCC6=C(C=C(C=C6)F)C(F)(F)F)C)C(=O)OC(C)(C)C,0
"tert-butyl (9R,13S,17R,21R)-16-[[4-fluoro-2-(trifluoromethyl)phenyl]methoxy]-9,13-dimethyl-5-oxo-4,6,15-trioxa-12-azapentacyclo[11.6.2.02,8.010,20.017,21]henicos-10(20)-ene-12-carboxylate",C[C@@H]1C2COC(=O)OCC2C3CC[C@@H]4[C@@H]5C3=C1CN([C@@]5(COC4OCC6=C(C=C(C=C6)F)C(F)(F)F)C)C(=O)OC(C)(C)C,0
"tert-butyl (1S,5R,11R,15R)-6,7-bis(acetyloxymethyl)-12-[[4-fluoro-2-(trifluoromethyl)phenyl]methoxy]-1,5-dimethyl-13-oxa-2-azatetracyclo[6.6.2.04,16.011,15]hexadec-4(16)-ene-2-carboxylate",C[C@@H]1C(C(C2CC[C@@H]3[C@@H]4C2=C1CN([C@@]4(COC3OCC5=C(C=C(C=C5)F)C(F)(F)F)C)C(=O)OC(C)(C)C)COC(=O)C)COC(=O)C,0
(Z)-4-[(7-fluoro-9-oxofluoren-2-yl)amino]-4-oxobut-2-enoic acid,C1=CC2=C(C=C1NC(=O)/C=C\C(=O)O)C(=O)C3=C2C=CC(=C3)F,0
"tert-butyl (1S,5R,11R,15R)-6,7-bis(hydroxymethyl)-12-[(4-methoxyphenyl)methoxy]-1,5-dimethyl-13-oxa-2-azatetracyclo[6.6.2.04,16.011,15]hexadec-4(16)-ene-2-carboxylate",C[C@@H]1C(C(C2CC[C@@H]3[C@@H]4C2=C1CN([C@@]4(COC3OCC5=CC=C(C=C5)OC)C)C(=O)OC(C)(C)C)CO)CO,0
"9-Ethyl-8-methylsulfanyl-1,3-dihydrofuro[3,4-b]quinoline",CCC1=C2COCC2=NC3=C1C(=CC=C3)SC,0
"9-Ethyl-7-methoxy-1,3-dihydrofuro[3,4-b]quinoline",CCC1=C2COCC2=NC3=C1C=C(C=C3)OC,0
"4-propan-2-yl-11H-indolizino[1,2-b]quinolin-9-one",CC(C)C1=CC=CC2=CC3=C(C4=CC=CC(=O)N4C3)N=C21,0
N-(4-methoxyphenyl)-7-phenylhept-6-ynamide,COC1=CC=C(C=C1)NC(=O)CCCCC#CC2=CC=CC=C2,0
"2,4-Diethyl-6-methoxy-2,3-dihydrofuro[2,3-b]quinoline",CCC1CC2=C(C3=C(C=CC(=C3)OC)N=C2O1)CC,0
"11-butyl-6H-indolo[2,3-b]quinoline",CCCCC1=C2C3=CC=CC=C3NC2=NC4=CC=CC=C41,0
"12-[tert-butyl(dimethyl)silyl]-2-methoxy-11H-indolizino[1,2-b]quinolin-9-one",CC(C)(C)[Si](C)(C)C1=C2CN3C(=O)C=CC=C3C2=NC4=C1C=C(C=C4)OC,0
6-(2-Aminophenyl)hex-5-yn-1-ol,C1=CC=C(C(=C1)C#CCCCCO)N,0
2-(2-hex-1-ynylphenyl)-N-phenylacetamide,CCCCC#CC1=CC=CC=C1CC(=O)NC2=CC=CC=C2,0
CID 5459422,COC1=CC2=C(C=C1)N=C3CCCC3=C2C4=CC=CC=C4,0
"12-ethyl-1-propan-2-yl-11H-indolizino[1,2-b]quinolin-9-one",CCC1=C2CN3C(=O)C=CC=C3C2=NC4=CC=CC(=C41)C(C)C,0
Tricetin,C1=C(C=C(C(=C1O)O)O)C2=CC(=O)C3=C(C=C(C=C3O2)O)O,0
Dexmedetomidine,CC1=C(C(=CC=C1)[C@H](C)C2=CN=CN2)C,0
SU 9516,COC1=CC\2=C(C=C1)NC(=O)/C2=C\C3=CN=CN3,0
IC261,COC1=CC(=C(C(=C1)OC)/C=C/2\C3=CC=CC=C3NC2=O)OC,0
Fenretinide,CC1=C(C(CCC1)(C)C)/C=C/C(=C/C=C/C(=C/C(=O)NC2=CC=C(C=C2)O)/C)/C,0
(S)-blebbistatin,CC1=CC2=C(C=C1)N=C3[C@](C2=O)(CCN3C4=CC=CC=C4)O,0
"(9-acetyloxy-8,8-dimethyl-2-oxo-9,10-dihydropyrano[2,3-f]chromen-10-yl) (E)-2-methylbut-2-enoate",C/C=C(\C)/C(=O)OC1C(C(OC2=C1C3=C(C=C2)C=CC(=O)O3)(C)C)OC(=O)C,0
"(2E)-3-(3,4-Dimethoxyphenyl)-1-(2-thienyl)-2-propen-1-one",COC1=C(C=C(C=C1)/C=C/C(=O)C2=CC=CS2)OC,0
Toxaphene,C=C1C(C2(C(C(C1(C2(Cl)Cl)Cl)Cl)Cl)Cl)(CCl)CCl,0
Mercury(2+) dichloride,[Cl-].[Cl-].[Hg+2],0
N-Oleoyldopamine,CCCCCCCC/C=C\CCCCCCCC(=O)NCCC1=CC(=C(C=C1)O)O,0
Caffeyl alcohol,C1=CC(=C(C=C1/C=C/CO)O)O,0
Tectochrysin,COC1=CC(=C2C(=C1)OC(=CC2=O)C3=CC=CC=C3)O,0
Trans-flupenthixol,C1CN(CCN1CC/C=C/2\C3=CC=CC=C3SC4=C2C=C(C=C4)C(F)(F)F)CCO,0
Olvanil,CCCCCCCC/C=C\CCCCCCCC(=O)NCC1=CC(=C(C=C1)O)OC,0
Galangin,C1=CC=C(C=C1)C2=C(C(=O)C3=C(C=C(C=C3O2)O)O)O,0
Fisetin,C1=CC(=C(C=C1C2=C(C(=O)C3=C(O2)C=C(C=C3)O)O)O)O,0
Chrysin,C1=CC=C(C=C1)C2=CC(=O)C3=C(C=C(C=C3O2)O)O,0
Baicalein,C1=CC=C(C=C1)C2=CC(=O)C3=C(O2)C=C(C(=C3O)O)O,0
Zearalenone,C[C@H]1CCCC(=O)CCC/C=C/C2=C(C(=CC(=C2)O)O)C(=O)O1,0
(+)-Methysticin,COC1=CC(=O)O[C@H](C1)/C=C/C2=CC3=C(C=C2)OCO3,0
Harman,CC1=NC=CC2=C1NC3=CC=CC=C23,0
Oxymetholone,C[C@]12CC[C@H]3[C@H]([C@@H]1CC[C@]2(C)O)CC[C@@H]4[C@@]3(C/C(=C/O)/C(=O)C4)C,0
Budesonide,CCCC1O[C@@H]2C[C@H]3[C@@H]4CCC5=CC(=O)C=C[C@@]5([C@H]4[C@H](C[C@@]3([C@@]2(O1)C(=O)CO)C)O)C,0
Genistein,C1=CC(=CC=C1C2=COC3=CC(=CC(=C3C2=O)O)O)O,0
"2',4,4',6'-Tetrahydroxychalcone",C1=CC(=CC=C1/C=C/C(=O)C2=C(C=C(C=C2O)O)O)O,0
Harmine,CC1=NC=CC2=C1NC3=C2C=CC(=C3)OC,0
"N2-[(1R,2S)-2-Aminocyclohexyl]-N6-(3-chlorophenyl)-9-ethyl-9H-purine-2,6-diamine",CCN1C=NC2=C(N=C(N=C21)N[C@@H]3CCCC[C@H]3N)NC4=CC(=CC=C4)Cl,0
Tocris-0427,CC(C)C[C@H]1C(=O)N2CCC[C@@H]2[C@]3(N1C(=O)[C@](O3)(C(C)C)NC(=O)[C@H]4CN([C@@H]5CC6=C(NC7=CC=CC(=C67)C5=C4)Br)C)O,0
"(2E)-3-(2,4-dimethoxyphenyl)-1-(thiophen-2-yl)prop-2-en-1-one",COC1=CC(=C(C=C1)/C=C/C(=O)C2=CC=CS2)OC,0
Tyrphostin AG 808,C1=CC=C2C(=C1)C(=CN2)/C=C(\C#N)/C(=O)C3=CC(=C(C=C3)O)O,0
Tyrphostin AG 537,C1=CC(=C(C=C1/C=C(/C(=O)NCCCNC(=O)/C(=C/C2=CC(=C(C=C2)O)O)/C#N)\C#N)O)O,0
AG-490,C1=CC=C(C=C1)CNC(=O)/C(=C/C2=CC(=C(C=C2)O)O)/C#N,0
AG 556,C1=CC=C(C=C1)CCCCNC(=O)/C(=C/C2=CC(=C(C=C2)O)O)/C#N,0
Tyrphostin AG 698,C1=CC=C(C=C1)CCNC(=O)/C(=C/C2=CC(=C(C=C2)O)O)/C#N,0
Tyrphostin B44,C[C@H](C1=CC=CC=C1)NC(=O)/C(=C/C2=CC(=C(C=C2)O)O)/C#N,0
AG 494,C1=CC=C(C=C1)NC(=O)/C(=C/C2=CC(=C(C=C2)O)O)/C#N,0
Tyrphostin AG 555,C1=CC=C(C=C1)CCCNC(=O)/C(=C/C2=CC(=C(C=C2)O)O)/C#N,0
Tyrphostin Ag 835,C[C@@H](C1=CC=CC=C1)NC(=O)/C(=C/C2=CC(=C(C=C2)O)O)/C#N,0
AG-538,C1=CC(=C(C=C1/C=C(\C#N)/C(=O)C2=CC(=C(C=C2)O)O)O)O,0
"2-(1H-benzimidazol-2-yl)-4-phenyl-1,3-thiazole",C1=CC=C(C=C1)C2=CSC(=N2)C3=NC4=CC=CC=C4N3,0
"2-dimethylamino-4,5,6,7-tetrabromo-1H-benzimidazole",CN(C)C1=NC2=C(N1)C(=C(C(=C2Br)Br)Br)Br,0
"5,7,2'-Trihydroxyflavone",C1=CC=C(C(=C1)C2=CC(=O)C3=C(C=C(C=C3O2)O)O)O,0
Pratol,COC1=CC=C(C=C1)C2=CC(=O)C3=C(O2)C=C(C=C3)O,0
"(3R)-6,7-dimethoxy-3-(4-methoxy-6-methyl-7,8-dihydro-5H-[1,3]dioxolo[4,5-g]isoquinolin-5-yl)-3H-2-benzofuran-1-one",CN1CCC2=CC3=C(C(=C2C1[C@H]4C5=C(C(=C(C=C5)OC)OC)C(=O)O4)OC)OCO3,0
Isoeugenitol,CC1=CC(=O)C2=C(C=C(C(=C2O1)C)O)O,0
8-Geranyloxypsoralen,CC(=CCC/C(=C/COC1=C2C(=CC3=C1OC=C3)C=CC(=O)O2)/C)C,0
Ro 04-6790,CNC1=CC(=NC(=N1)NC)NS(=O)(=O)C2=CC=C(C=C2)N,0
SU6656,CN(C)S(=O)(=O)C1=CC\2=C(C=C1)NC(=O)/C2=C\C3=CC4=C(N3)CCCC4,0
ML 10302,COC1=CC(=C(C=C1C(=O)OCCN2CCCCC2)Cl)N,0
L-168049,CCCOC1=C(C=C(C=C1)Br)C2=C(NC(=C2)C3=CC=C(C=C3)Cl)C4=CC=NC=C4,0
4-((6-Methoxy-2-(4-methoxyphenyl)-1-benzofuran-3-yl)carbonyl)benzonitrile,COC1=CC=C(C=C1)C2=C(C3=C(O2)C=C(C=C3)OC)C(=O)C4=CC=C(C=C4)C#N,0
K185,CCCC(=O)NCCC1=C2C3=CC=CC=C3CCCN2C4=C1C=C(C=C4)OC,0
n-(3-Oxotetrahydrothiophen-2-yl)acetamide,CC(=O)NC1C(=O)CCS1,1
"2,8-Dimethyl-6-[4-(4-methylpiperazin-1-yl)piperidin-1-yl]-9-propylpurine",CCCN1C(=NC2=C1N=C(N=C2N3CCC(CC3)N4CCN(CC4)C)C)C,1
Dicamba,COC1=C(C=CC(=C1C(=O)O)Cl)Cl,1
"2,3,4,5,6-Pentachlorophenyl (4-chloro-2-methylphenoxy)acetate",CC1=C(C=CC(=C1)Cl)OCC(=O)OC2=C(C(=C(C(=C2Cl)Cl)Cl)Cl)Cl,1
Lactic Acid,CC(C(=O)O)O,1
"Furan-2-yl-[9-(2-methylpropyl)-3,9-diazaspiro[5.5]undecan-3-yl]methanone",CC(C)CN1CCC2(CC1)CCN(CC2)C(=O)C3=CC=CO3,1
Pirfenidone,CC1=CN(C(=O)C=C1)C2=CC=CC=C2,1
Prestwick-13C05,CO[C@H]1[C@H](C[C@H]2CN3CCC4=C([C@@H]3C[C@H]2[C@@H]1C(=O)O)NC5=C4C=CC(=C5)OC)O,1
"(3S)-1,3-diphenyl-3-piperidin-1-ylpropan-1-one",C1CCN(CC1)[C@@H](CC(=O)C2=CC=CC=C2)C3=CC=CC=C3,1
2-(Benzoylamino)-2-methylmalonic acid,CC(C(=O)O)(C(=O)O)NC(=O)C1=CC=CC=C1,1
"7-hydroxy-7-methyl-2,3-dihydro-1H-pyrrolo[1,2-b]isoquinoline-6,8-dione",CC1(C(=O)C=C2C=C3CCCN3C=C2C1=O)O,1
"5-ethyl-5-(2-(ethylamino)ethyl)-2,4,6(1H,3H,5H)-pyrimidinetrione",CCC1(C(=O)NC(=O)NC1=O)CCNCC,1
Methacrylamide,CC(=C)C(=O)N,1
"2-[(2S,3R,4R)-3-(carboxymethyl)-2-methylpiperidin-4-yl]acetic acid",C[C@H]1[C@@H]([C@H](CCN1)CC(=O)O)CC(=O)O,1
"N-phenyl-7-(pyrazine-2-carbonyl)-2,7-diazaspiro[3.5]nonane-2-carboxamide",C1CN(CCC12CN(C2)C(=O)NC3=CC=CC=C3)C(=O)C4=NC=CN=C4,1
(R)-bambuterol,CC(C)(C)NC[C@@H](C1=CC(=CC(=C1)OC(=O)N(C)C)OC(=O)N(C)C)O,1
"Pyridin-4-yl-(2-pyridin-2-yl-2,9-diazaspiro[5.5]undecan-9-yl)methanone",C1CC2(CCN(CC2)C(=O)C3=CC=NC=C3)CN(C1)C4=CC=CC=N4,1
"(2S)-1-(1,3-benzodioxol-5-ylmethyl)pyrrolidine-2-carboxamide",C1C[C@H](N(C1)CC2=CC3=C(C=C2)OCO3)C(=O)N,1
"Benzenepropanoic acid, alpha-(phenylmethyl)-",C1=CC=C(C=C1)CC(CC2=CC=CC=C2)C(=O)O,1
6-(2-chlorophenyl)-N-(2-morpholin-4-ylethyl)pyrimidin-4-amine,C1COCCN1CCNC2=NC=NC(=C2)C3=CC=CC=C3Cl,1
"Methyl 2-(4-phenylphenyl)-2,7-diazaspiro[3.5]nonane-7-carboxylate",COC(=O)N1CCC2(CC1)CN(C2)C3=CC=C(C=C3)C4=CC=CC=C4,1
"GINKGETIN, K salt",COC1=C(C=C(C=C1)C2=CC(=O)C3=C(C=C(C=C3O2)OC)O)C4=C(C=C(C5=C4OC(=CC5=O)C6=CC=C(C=C6)[O-])O)O.[K+],1
1-Octene,CCCCCCC=C,1
Tramiprosate Sodium,C(CN)CS(=O)(=O)[O-].[Na+],1
"(1S,2S,4R,5S,7S,8S,9R,10S,13R,16S,17R)-11-ethyl-13-methyl-6-methylidene-11-azahexacyclo[7.7.2.15,8.01,10.02,8.013,17]nonadecane-4,7,16-triol",CCN1C[C@@]2(CC[C@@H]([C@]34[C@@H]2C[C@@H]([C@@H]31)[C@@]56[C@@H]4C[C@H]([C@@H](C5)C(=C)[C@@H]6O)O)O)C,1
"(2-Benzyl-2,7-diazaspiro[3.5]nonan-7-yl)-pyrazin-2-ylmethanone",C1CN(CCC12CN(C2)CC3=CC=CC=C3)C(=O)C4=NC=CN=C4,1
"4-Anilino-2,2-dimethyl-4-oxobutanoic acid",CC(C)(CC(=O)NC1=CC=CC=C1)C(=O)O,1
5-(Thiadiazol-4-yl)thiadiazole-4-carboxylic acid,C1=C(N=NS1)C2=C(N=NS2)C(=O)O,1
4-Chlorobenzoic Acid,C1=CC(=CC=C1C(=O)O)Cl,1
"methyl (Z,5R,6S,7Z)-7-[2-[(2S,3S,6R)-3-acetyloxy-2-(acetyloxymethyl)-3,6-dihydro-2H-pyran-6-yl]ethoxyimino]-6-methoxy-5-methylhept-3-enoate",C[C@H](/C=C\CC(=O)OC)[C@@H](/C=N\OCC[C@@H]1C=C[C@@H]([C@@H](O1)COC(=O)C)OC(=O)C)OC,1
Imipramine Hydrochloride,CN(C)CCCN1C2=CC=CC=C2CCC3=CC=CC=C31.Cl,1
"(8S,9S,10S,13S,14S,17S)-17-acetyl-10,13-dimethyl-1,2,8,9,11,12,14,15,16,17-decahydrocyclopenta[a]phenanthren-3-one",CC(=O)[C@H]1CC[C@@H]2[C@@]1(CC[C@H]3[C@H]2C=CC4=CC(=O)CC[C@@]34C)C,1
3-Methyl-3-phenylglutaric acid,CC(CC(=O)O)(CC(=O)O)C1=CC=CC=C1,1
7-[(Z)-2-(6-ethoxy-1-methylquinolin-1-ium-2-yl)ethenyl]-5-methylquinolin-8-ol,CCOC1=CC2=C(C=C1)[N+](=C(C=C2)/C=C\C3=C(C4=C(C=CC=N4)C(=C3)C)O)C,1
"methyl (2S,3aS,4R,5R,6R,7aR)-3a,4,5,6-tetrahydroxy-1-[(4-morpholin-4-ylphenyl)methyl]-3,4,5,6,7,7a-hexahydro-2H-indole-2-carboxylate",COC(=O)[C@@H]1C[C@@]2([C@H](N1CC3=CC=C(C=C3)N4CCOCC4)C[C@H]([C@H]([C@H]2O)O)O)O,1
"2,6-Dioxo-1,3,5,7-adamantanetetracarboxylic acid",C1C2(CC3(CC(C2=O)(CC1(C3=O)C(=O)O)C(=O)O)C(=O)O)C(=O)O,1
4-Chlorophenol,C1=CC(=CC=C1O)Cl,1
"methyl (2S,3aS,4R,5R,6R,7aR)-1-[(2,5-difluorophenyl)methyl]-3a,4,5,6-tetrahydroxy-3,4,5,6,7,7a-hexahydro-2H-indole-2-carboxylate",COC(=O)[C@@H]1C[C@@]2([C@H](N1CC3=C(C=CC(=C3)F)F)C[C@H]([C@H]([C@H]2O)O)O)O,1
"3,5-Dibromo-4-((8-hydroxy-5-quinolinyl)diazenyl)benzenesulfonamide",C1=CC2=C(C=CC(=C2N=C1)O)N=NC3=C(C=C(C=C3Br)S(=O)(=O)N)Br,1
"(2R,3R)-2,3-dibromo-2-methylbutanedioic acid",C[C@]([C@@H](C(=O)O)Br)(C(=O)O)Br,1
7-[(R)-phenyl-(pyridin-2-ylamino)methyl]quinolin-8-ol,C1=CC=C(C=C1)[C@H](C2=C(C3=C(C=CC=N3)C=C2)O)NC4=CC=CC=N4,1
N-(furan-2-ylmethyl)-6-(2-methoxyphenyl)-N-methylpyrimidin-4-amine,CN(CC1=CC=CO1)C2=NC=NC(=C2)C3=CC=CC=C3OC,1
7-Methoxy-4H-chromen-4-one,COC1=CC2=C(C=C1)C(=O)C=CO2,1
Lopac-M-166,C1C[C@@H](N[C@H](C1)CCN)CCN,1
"ethyl N-[(Z)-[(3aS,5aS,8R,9S,9aS,9bS)-8,9-dihydroxy-1,3-dioxo-2-[[(2S)-oxolan-2-yl]methyl]-4,5,5a,7,8,9,9a,9b-octahydro-3aH-benzo[e]isoindol-6-ylidene]amino]carbamate",CCOC(=O)N/N=C\1/C[C@H]([C@H]([C@H]2[C@@H]1CC[C@H]3[C@H]2C(=O)N(C3=O)C[C@@H]4CCCO4)O)O,1
"4-[(9-Methylsulfonyl-2,9-diazaspiro[5.5]undecan-2-yl)methyl]benzonitrile",CS(=O)(=O)N1CCC2(CCCN(C2)CC3=CC=C(C=C3)C#N)CC1,1
"1,2-Dibromoethane",C(CBr)Br,1
"(2R,4aR,6aS,6aR,14aS)-10,11-dihydroxy-2,4a,6a,6a,9,14a-hexamethyl-3,4,5,6,8,13,14,14b-octahydro-1H-picene-2-carboxylic acid",CC1=C2CC=C3[C@](C2=CC(=C1O)O)(CC[C@@]4([C@]3(CC[C@]5(C4C[C@](CC5)(C)C(=O)O)C)C)C)C,1
beta-BUTYROLACTONE,CC1CC(=O)O1,1
Meprobamate,CCCC(C)(COC(=O)N)COC(=O)N,1
Niguldipine,CC1=C([C@@H](C(=C(N1)C)C(=O)OCCCN2CCC(CC2)(C3=CC=CC=C3)C4=CC=CC=C4)C5=CC(=CC=C5)[N+](=O)[O-])C(=O)OC,1
"(2R,4R,6R,8S)-2,4,6,8-tetraphenyl-3,7-diazabicyclo[3.3.1]nonan-9-one",C1=CC=C(C=C1)[C@H]2C3[C@@H](N[C@@H](C(C3=O)[C@@H](N2)C4=CC=CC=C4)C5=CC=CC=C5)C6=CC=CC=C6,1
2-Hydroxyethyl acrylate,C=CC(=O)OCCO,1
"[(5S,7aS,12bR)-5-methyl-1,2,3,4,6,7,12,12b-octahydroindolo[2,3-a]quinolizin-5-ium-12a-id-7a-yl] acetate",CC(=O)O[C@]12CC[N@@+]3(CCCC[C@@H]3[C-]1NC4=CC=CC=C24)C,1
"[(3R)-1-methyl-1-azoniabicyclo[2.2.2]octan-3-yl] 2-hydroxy-2,2-diphenylacetate",C[N+]12CCC(CC1)[C@H](C2)OC(=O)C(C3=CC=CC=C3)(C4=CC=CC=C4)O,1
(2-Benzylphenyl)(2-naphthyl)methanimine,C1=CC=C(C=C1)CC2=CC=CC=C2C(=N)C3=CC4=CC=CC=C4C=C3,1
N-(3-Chlorophenyl)imidodicarbonimidic diamide,C1=CC(=CC(=C1)Cl)N=C(N)N=C(N)N,1
"N-[(1-ethylpyrrolidin-2-yl)methyl]-2,8-dimethyl-9-propylpurin-6-amine",CCCN1C(=NC2=C(N=C(N=C21)C)NCC3CCCN3CC)C,1
"7H-Benzo[e]perimidine-4-carboxamide, N-(9,10-dihydro-9,10-dioxo-1-anthracenyl)-7-oxo-",C1=CC=C2C(=C1)C3=NC=NC4=C(C=CC(=C43)C2=O)C(=O)NC5=CC=CC6=C5C(=O)C7=CC=CC=C7C6=O,1
3-[2-(Ethylamino)-6-methyl-7-oxopteridin-8-yl]propanenitrile,CCNC1=NC=C2C(=N1)N(C(=O)C(=N2)C)CCC#N,1
(R)-pindolol,CC(C)NC[C@H](COC1=CC=CC2=C1C=CN2)O,1
"Alfuzosin, (S)-",CN(CCCNC(=O)[C@@H]1CCCO1)C2=NC3=CC(=C(C=C3C(=N2)N)OC)OC,1
"(5R,10R,13R)-10,13-dimethyl-2,3,4,5,6,7,8,9,11,12,14,15,16,17-tetradecahydro-1H-cyclopenta[a]phenanthrene-3,17-diol",C[C@@]12CCC(C[C@H]1CCC3C2CC[C@@]4(C3CCC4O)C)O,1
Azanide;platinum;bis(pyridine-4-carboxylic acid),C1=CN=CC=C1C(=O)O.C1=CN=CC=C1C(=O)O.[NH2-].[NH2-].[Pt],1
"7-hydroxy-6-[(2R,3S,4R,5S,6S)-3,4,5-trihydroxy-6-(hydroxymethyl)oxan-2-yl]oxychromen-2-one",C1=CC(=O)OC2=CC(=C(C=C21)O[C@@H]3[C@H]([C@@H]([C@@H]([C@@H](O3)CO)O)O)O)O,1
N-(3-(aminomethyl)benzyl)acetamidine,CC(=NCC1=CC=CC(=C1)CN)N,1
Oxotremorine,C1CCN(C1)CC#CCN2CCCC2=O,1
(R)-Mepenzolate,C[N+]1(CCC[C@H](C1)OC(=O)C(C2=CC=CC=C2)(C3=CC=CC=C3)O)C,1
"ethyl (2R,3R,3aR,11bS)-2-hydroxy-2,3,3a,11b-tetrahydro-1H-cyclopenta[l]phenanthrene-3-carboxylate",CCOC(=O)[C@H]1[C@@H](C[C@H]2[C@H]1C3=CC=CC=C3C4=CC=CC=C24)O,1
"(2R,3R,4S,5R)-2-(8-chloro-6-hydroxy-9H-purin-9-yl)-5-(hydroxymethyl)oxolane-3,4-diol",C1=NC2=C(C(=O)N1)N=C(N2C3C(C(C(O3)CO)O)O)Cl,1
Phenyl glycidyl ether,C1C(O1)COC2=CC=CC=C2,1
Spermidine,C(CCNCCCN)CN,1
methyl (1S)-1-[(methoxycarbonylamino)-(3-methylphenyl)methyl]-2-oxocyclopentane-1-carboxylate,CC1=CC(=CC=C1)C([C@]2(CCCC2=O)C(=O)OC)NC(=O)OC,1
metoclopramide hydrochloride anhydrous,CCN(CC)CCNC(=O)C1=CC(=C(C=C1OC)N)Cl.Cl,1
Ro 25-6981,C[C@@H](CN1CCC(CC1)CC2=CC=CC=C2)[C@H](C3=CC=C(C=C3)O)O,1
Perphenazine,C1CN(CCN1CCCN2C3=CC=CC=C3SC4=C2C=C(C=C4)Cl)CCO,1
"(3S)-3-[2-(3,4-dimethoxyphenyl)ethyl]-3,6-dimethyl-2,4-dihydropyrano[3,2-g][1,3]benzoxazin-3-ium-8-one",CC1=CC(=O)OC2=C1C=C3C[N@+](COC3=C2)(C)CCC4=CC(=C(C=C4)OC)OC,1
"(1S)-1-[[(2S,3S,11bR)-3-ethyl-9,10-dimethoxy-2,3,4,6,7,11b-hexahydro-1H-benzo[a]quinolizin-2-yl]methyl]-7-methoxy-1,2,3,4-tetrahydroisoquinolin-6-ol;heptahydrate;dihydrochloride",CC[C@@H]1CN2CCC3=CC(=C(C=C3[C@H]2C[C@@H]1C[C@H]4C5=CC(=C(C=C5CCN4)O)OC)OC)OC.O.O.O.O.O.O.O.Cl.Cl,1
N-Methylanthranilic acid,CNC1=CC=CC=C1C(=O)O,1
"(2S,3R,4S,5S)-2-(7-aminotriazolo[4,5-d]pyrimidin-2-yl)-5-(hydroxymethyl)oxolane-3,4-diol",C1=NC2=NN(N=C2C(=N1)N)[C@@H]3[C@@H]([C@@H]([C@@H](O3)CO)O)O,1
4-(2-Naphthyl)butanoic acid,C1=CC=C2C=C(C=CC2=C1)CCCC(=O)O,1
(Bis(2-methyl-2-propenyl)amino)acetonitrile,CC(=C)CN(CC#N)CC(=C)C,1
Butyl Acrylate,CCCCOC(=O)C=C,1
N-(((9H-Fluoren-9-yl)methoxy)carbonyl)leucine,CC(C)CC(C(=O)O)NC(=O)OCC1C2=CC=CC=C2C3=CC=CC=C13,1
2-(4-(Acetylamino)phenyl)benzo[g]quinoline-4-carboxylic acid,CC(=O)NC1=CC=C(C=C1)C2=NC3=CC4=CC=CC=C4C=C3C(=C2)C(=O)O,1
"(2S)-3-(2-aminoethylamino)propane-1,2-diol",C(CNC[C@@H](CO)O)N,1
"1,2-Dimethylnaphthalene",CC1=C(C2=CC=CC=C2C=C1)C,1
N-(10-methoxy-9-phenanthryl)acetamide,CC(=O)NC1=C(C2=CC=CC=C2C3=CC=CC=C31)OC,1
P-Anisidine,COC1=CC=C(C=C1)N,1
"rel-(2R,3R)-2,3-Dibromobutanedioic acid",[C@H]([C@@H](C(=O)O)Br)(C(=O)O)Br,1
methyl N-[1-(3-methylphenyl)-3-oxobutyl]carbamate,CC1=CC(=CC=C1)C(CC(=O)C)NC(=O)OC,1
N-piperidin-4-yl-5-pyridin-3-ylpyrimidin-4-amine,C1CNCCC1NC2=NC=NC=C2C3=CN=CC=C3,1
(2R)-3-amino-2-[(4-methylphenyl)sulfonylamino]propanoic acid,CC1=CC=C(C=C1)S(=O)(=O)N[C@H](CN)C(=O)O,1
17-Octadecynoic acid,C#CCCCCCCCCCCCCCCCC(=O)O,1
"2-((1,1-Dimethylethoxy)methyl)oxirane",CC(C)(C)OCC1CO1,1
"(1R,9R)-7,15-diazatetracyclo[7.7.1.02,7.010,15]heptadecane;sulfuric acid",C1CCN2C[C@H]3C[C@@H](C2C1)CN4C3CCCC4.OS(=O)(=O)O,1
5-(6-Aminopurin-9-Yl)-2-(Hydroxymethyl)Oxolan-3-Ol,C1C(C(OC1N2C=NC3=C(N=CN=C32)N)CO)O,1
(S)-Baclofen,C1=CC(=CC=C1[C@H](CC(=O)O)CN)Cl,1
"Phenyl 9-benzyl-3,9-diazaspiro[5.5]undecane-3-carboxylate",C1CN(CCC12CCN(CC2)C(=O)OC3=CC=CC=C3)CC4=CC=CC=C4,1
4-[(Carboxymethyl)amino]benzoic acid,C1=CC(=CC=C1C(=O)O)NCC(=O)O,1
"[(10S,13S)-17-(5-ethyl-6-methylheptan-2-yl)-10,13-dimethyl-2,3,4,7,8,9,11,12,14,15,16,17-dodecahydro-1H-cyclopenta[a]phenanthren-3-yl] acetate",CCC(CCC(C)C1CCC2[C@]1(CCC3C2CC=C4[C@]3(CCC(C4)OC(=O)C)C)C)C(C)C,1
"6-(3,5-dimethyl-1,2-oxazol-4-yl)-N-(2-methoxyethyl)pyrimidin-4-amine",CC1=C(C(=NO1)C)C2=CC(=NC=N2)NCCOC,1
"(1S,5R)-8-Methyl-8-Azabicyclo(3.2.1)Octan-3-Ol",CN1[C@@H]2CC[C@H]1CC(C2)O,1
"methyl (5S)-2-benzhydryl-2,7-diazaspiro[4.5]decane-7-carboxylate",COC(=O)N1CCC[C@]2(C1)CCN(C2)C(C3=CC=CC=C3)C4=CC=CC=C4,1
6-(4-Methoxyphenyl)-8-methyl-2-(4-methylpiperazin-1-yl)pteridin-7-one,CN1CCN(CC1)C2=NC=C3C(=N2)N(C(=O)C(=N3)C4=CC=C(C=C4)OC)C,1
Lopac-A-1784,C1=CC(=CC=C1C(=O)N[C@H](CCC(=O)O)C(=O)O)NCC2=CN=C3C(=N2)C(=NC(=N3)N)N,1
2-Chloroadenosine,C1=NC2=C(N=C(N=C2N1[C@H]3[C@@H]([C@@H]([C@H](O3)CO)O)O)Cl)N,1
"(2,4-Dichlorophenyl)methyl carbamimidothioate;3,4,6-trichloro-2-nitrophenol",C1=CC(=C(C=C1Cl)Cl)CSC(=N)N.C1=C(C(=C(C(=C1Cl)Cl)[N+](=O)[O-])O)Cl,1
"(2-Benzyl-2,9-diazaspiro[5.5]undecan-9-yl)-(thiadiazol-4-yl)methanone",C1CC2(CCN(CC2)C(=O)C3=CSN=N3)CN(C1)CC4=CC=CC=C4,1
"(3aR,5aS,8R,9S,9aR,9bS)-8,9-dihydroxy-2-[[(2S)-oxolan-2-yl]methyl]-4,5,5a,7,8,9,9a,9b-octahydro-3aH-benzo[e]isoindole-1,3,6-trione",C1C[C@H](OC1)CN2C(=O)[C@@H]3CC[C@H]4[C@H]([C@@H]3C2=O)[C@@H]([C@@H](CC4=O)O)O,1
(-)-Carteolol,CC(C)(C)NC[C@@H](COC1=CC=CC2=C1CCC(=O)N2)O,1
Tocris-0900,CNC1=C2C(=NC=N1)N(C=N2)[C@H]3C[C@@H]([C@@H](O3)COP(=O)(O)O)OP(=O)(O)O.N.N.N.N,1
"L-741,626",C1CN(CCC1(C2=CC=C(C=C2)Cl)O)CC3=CNC4=CC=CC=C43,1
1-(1-Methyl-2-propoxyethoxy)2-propanol,CCCOCC(C)OCC(C)O,1
Glutathione (GSH),C(CC(=O)N[C@@H](CS)C(=O)NCC(=O)O)C(C(=O)O)N,1
3-Amino-4-hydroxybenzenesulfonic acid,C1=CC(=C(C=C1S(=O)(=O)O)N)O,1
N-Ethyl-N-benzylaniline,CCN(CC1=CC=CC=C1)C2=CC=CC=C2,1
Benzethonium,CC(C)(C)CC(C)(C)C1=CC=C(C=C1)OCCOCC[N+](C)(C)CC2=CC=CC=C2,1
"[(17S)-17-acetyl-6,10,13-trimethyl-3-oxo-2,8,9,11,12,14,15,16-octahydro-1H-cyclopenta[a]phenanthren-17-yl] acetate",CC1=CC2C3CC[C@](C3(CCC2C4(C1=CC(=O)CC4)C)C)(C(=O)C)OC(=O)C,1
Levocabastin,C[C@H]1CN(CC[C@]1(C2=CC=CC=C2)C(=O)O)C3CCC(CC3)(C#N)C4=CC=C(C=C4)F,1
"(3S,11bS)-tetrabenazine",CC(C)C[C@H]1CN2CCC3=CC(=C(C=C3[C@@H]2CC1=O)OC)OC,1
"3,5-Dimethyl-4-(6-piperazin-1-ylpyrimidin-4-yl)-1,2-oxazole",CC1=C(C(=NO1)C)C2=CC(=NC=N2)N3CCNCC3,1
Colchicine,CC(=O)N[C@H]1CCC2=CC(=C(C(=C2C3=CC=C(C(=O)C=C13)OC)OC)OC)OC,1
"(9-Benzhydryl-3,9-diazaspiro[5.5]undecan-3-yl)-(furan-2-yl)methanone",C1CN(CCC12CCN(CC2)C(=O)C3=CC=CO3)C(C4=CC=CC=C4)C5=CC=CC=C5,1
N-(N-benzylpiperidin-4-yl)-4-iodobenzamide,C1CN(CCC1NC(=O)C2=CC=C(C=C2)I)CC3=CC=CC=C3,1
Benzylurea,C1=CC=C(C=C1)CNC(=O)N,1
Formanilide,C1=CC=C(C=C1)NC=O,1
Isopropenyl acetate,CC(=C)OC(=O)C,1
(4-(((4-Chlorobenzyl)thio)methyl)phenyl)(hydroxy)azane oxide,C1=CC(=CC=C1CSCC2=CC=C(C=C2)Cl)[N+](=O)[O-],1
"Phenyl 2-pyridin-2-yl-2,7-diazaspiro[3.5]nonane-7-carboxylate",C1CN(CCC12CN(C2)C3=CC=CC=N3)C(=O)OC4=CC=CC=C4,1
"14-propyl-14H-dibenzo[a,j]xanthene",CCCC1C2=C(C=CC3=CC=CC=C32)OC4=C1C5=CC=CC=C5C=C4,1
Bromodichloroacetic Acid,C(=O)(C(Cl)(Cl)Br)O,1
"2,4,5-Trichloro-6-methoxypyrimidine;4,5,6-trichloro-2-methoxypyrimidine",COC1=C(C(=NC(=N1)Cl)Cl)Cl.COC1=NC(=C(C(=N1)Cl)Cl)Cl,1
2-Morpholin-4-yl-6-(2-phenylethyl)-8-(thiophen-2-ylmethyl)pteridin-7-one,C1COCCN1C2=NC=C3C(=N2)N(C(=O)C(=N3)CCC4=CC=CC=C4)CC5=CC=CS5,1
Hexachloroethane,C(C(Cl)(Cl)Cl)(Cl)(Cl)Cl,1
Jnj16259685,COC1CCC(CC1)C(=O)C2=CC3=CC4=C(N=C3C=C2)OCCC4,1
[(1S)-1-amino-3-methylsulfanylpropyl]-methylphosphinic acid,CP(=O)([C@@H](CCSC)N)O,1
"ethyl (2E)-7-hydroxy-6-methoxy-2,8-dimethylnona-2,8-dienoate",CCOC(=O)/C(=C/CCC(C(C(=C)C)O)OC)/C,1
methyl (1S)-1-[(methoxycarbonylamino)-phenylmethyl]-2-oxocyclopentane-1-carboxylate,COC(=O)[C@@]1(CCCC1=O)C(C2=CC=CC=C2)NC(=O)OC,1
"9-acetyl-N-(3-cyanophenyl)-2,9-diazaspiro[5.5]undecane-2-carboxamide",CC(=O)N1CCC2(CCCN(C2)C(=O)NC3=CC=CC(=C3)C#N)CC1,1
2-(2-Amino-9-propyl-purin-6-YL)sulfanylacetic acid,CCCN1C=NC2=C1N=C(N=C2SCC(=O)O)N,1
"2-Methoxy-1-(9-phenyl-3,9-diazaspiro[5.5]undecan-3-yl)ethanone",COCC(=O)N1CCC2(CCN(CC2)C3=CC=CC=C3)CC1,1
D-Thyroxine,C1=C(C=C(C(=C1I)OC2=CC(=C(C(=C2)I)O)I)I)C[C@H](C(=O)O)N,1
"(3aR,5aS,9R,9aR,9bS)-9-hydroxy-2-(3-phenoxyphenyl)-4,5,5a,9,9a,9b-hexahydro-3aH-benzo[e]isoindole-1,3,6-trione",C1C[C@@H]2[C@H]([C@H]3[C@H]1C(=O)C=C[C@H]3O)C(=O)N(C2=O)C4=CC(=CC=C4)OC5=CC=CC=C5,1
Catechin,C1[C@@H]([C@H](OC2=CC(=CC(=C21)O)O)C3=CC(=C(C=C3)O)O)O,1
(1-Methylhexyl)ammonium sulphate,CCCCCC(C)N.OS(=O)(=O)O,1
"(3S)-4,4,4-trifluoro-3-hydroxy-1-[(3S,5S,8R,9S,10R,13R,14R,17S)-3-hydroxy-10,13-dimethyl-2,3,4,5,6,7,8,9,11,12,14,15,16,17-tetradecahydro-1H-cyclopenta[a]phenanthren-17-yl]butan-1-one",C[C@@]12CC[C@@H](C[C@@H]1CC[C@@H]3[C@@H]2CC[C@@]4([C@@H]3CC[C@@H]4C(=O)C[C@@H](C(F)(F)F)O)C)O,1
"1,4-bis(1H-imidazol-2-ylmethyl)piperazine",C1CN(CCN1CC2=NC=CN2)CC3=NC=CN3,1
"(3aR,5aS,9R,9aR,9bS)-2-tert-butyl-9-hydroxy-4,5,5a,9,9a,9b-hexahydro-3aH-benzo[e]isoindole-1,3,6-trione",CC(C)(C)N1C(=O)[C@@H]2CC[C@H]3[C@H]([C@@H]2C1=O)[C@@H](C=CC3=O)O,1
Acetanilide,CC(=O)NC1=CC=CC=C1,1
4-(Naphthalen-2-ylamino)-4-oxobutanoic acid,C1=CC=C2C=C(C=CC2=C1)NC(=O)CCC(=O)O,1
M-Xylene,CC1=CC(=CC=C1)C,1
methyl (Z)-3-(benzylamino)-2-[(3-fluorophenyl)-(methoxycarbonylamino)methyl]but-2-enoate,C/C(=C(\C(C1=CC(=CC=C1)F)NC(=O)OC)/C(=O)OC)/NCC2=CC=CC=C2,1
"2-(Isobornyloxy)-1,1-dimethylethylamine",C[C@]12CC[C@@H](C1(C)C)C[C@@H]2OCC(C)(C)N,1
(S)-Hydroxyzine,C1CN(CCN1CCOCCO)[C@@H](C2=CC=CC=C2)C3=CC=C(C=C3)Cl,1
"(1R)-15-methyl-6-azatetracyclo[8.6.0.01,6.02,13]hexadecan-11-one;perchloric acid",CC1CC2CC(=O)C3CCCN4[C@]3(C1)C2CCC4.OCl(=O)(=O)=O,1
"2,4,5-Trichloronitrobenzene",C1=C(C(=CC(=C1Cl)Cl)Cl)[N+](=O)[O-],1
Ro 19-4603,CC(C)(C)OC(=O)C1=C2CN(C(=O)C3=C(N2C=N1)C=CS3)C,1
Cytidine,C1=CN(C(=O)N=C1N)[C@H]2[C@@H]([C@@H]([C@H](O2)CO)O)O,1
Cgp 52432,CCOC(OCC)P(=O)(CCCNCC1=CC(=C(C=C1)Cl)Cl)O,1
2-Phenylvaline,CC(C)[C@@](C1=CC=CC=C1)(C(=O)O)N,1
Tocris-0921,CN1CC[C@]2(CC3=NC4=CC=CC=C4C=C3C[C@H]2C1)C5=CC(=CC=C5)O,1
"(2R,5S)-6-[[(2S)-2-amino-2-(4-hydroxyphenyl)acetyl]amino]-3,3-dimethyl-7-oxo-4-thia-1-azabicyclo[3.2.0]heptane-2-carboxylic acid",CC1([C@H](N2[C@@H](S1)C(C2=O)NC(=O)[C@H](C3=CC=C(C=C3)O)N)C(=O)O)C,1
Midodrine Hydrochloride,COC1=CC(=C(C=C1)OC)C(CNC(=O)CN)O.Cl,1
"4-[[7-[3,5-Bis(trifluoromethyl)benzoyl]-2,7-diazaspiro[3.5]nonan-2-yl]methyl]benzonitrile",C1CN(CCC12CN(C2)CC3=CC=C(C=C3)C#N)C(=O)C4=CC(=CC(=C4)C(F)(F)F)C(F)(F)F,1
Sulfaquinoxaline,C1=CC=C2C(=C1)N=CC(=N2)NS(=O)(=O)C3=CC=C(C=C3)N,1
"1-[(3aR,4S,6R,6aS)-6-(hydroxymethyl)-2,2-diphenyl-3a,4,6,6a-tetrahydrofuro[3,4-d][1,3,2]dioxastannol-4-yl]-4-aminopyrimidin-2-one",C1=CC=C(C=C1)[Sn]2(O[C@H]3[C@H](O[C@@H]([C@@H]3O2)N4C=CC(=NC4=O)N)CO)C5=CC=CC=C5,1
"sodium (2S,3S,4R)-4-[(2S,5S,7R,8R,9S)-2-[(2S,5R)-5-ethyl-5-[(2S,3R,5R)-5-[(2R,3R,5S,6S)-6-hydroxy-6-(hydroxymethyl)-3,5-dimethyloxan-2-yl]-3-methyloxolan-2-yl]oxolan-2-yl]-7-hydroxy-2,8-dimethyl-1,10-dioxaspiro[4.5]decan-9-yl]-3-methoxy-2-methylpentanoate",CC[C@@]1(CC[C@H](O1)[C@@]2(CC[C@]3(O2)C[C@H]([C@H]([C@H](O3)[C@H](C)[C@@H]([C@H](C)C(=O)[O-])OC)C)O)C)[C@@H]4[C@@H](C[C@@H](O4)[C@H]5[C@@H](C[C@@H]([C@](O5)(CO)O)C)C)C.[Na+],1
methyl (2S)-1-[(2S)-3-hydroxy-2-methylpropanoyl]pyrrolidine-2-carboxylate,C[C@@H](CO)C(=O)N1CCC[C@H]1C(=O)OC,1
[[amino-[(E)-pyridin-2-ylmethylideneamino]azanidylmethylidene]-lambda4-sulfanylidene]iron;sulfuric acid,C1=CC=NC(=C1)/C=N/[N-]C(=S=[Fe])N.OS(=O)(=O)O,1
Carnitine Chloride,C[N+](C)(C)CC(CC(=O)O)O.[Cl-],1
(2S)-2-nitrobutane-1-sulfonic acid,CC[C@@H](CS(=O)(=O)O)[N+](=O)[O-],1
"(4R,4aS,5aS,6S,12aS)-4-(dimethylamino)-1,6,10,11,12a-pentahydroxy-6-methyl-3,12-dioxo-N-(pyrrolidin-1-ylmethyl)-4,4a,5,5a-tetrahydrotetracene-2-carboxamide",C[C@@]1([C@H]2C[C@H]3[C@H](C(=O)C(=C([C@@]3(C(=O)C2=C(C4=C1C=CC=C4O)O)O)O)C(=O)NCN5CCCC5)N(C)C)O,1
"(1R,3S,5R,7R,8Z,12S,14Z,18Z,22S,24S,25R,26R)-22-[(2S,3S,4R,5S,6S)-4-amino-3,5-dihydroxy-6-methyloxan-2-yl]oxy-1,3,26-trihydroxy-12-methyl-10-oxo-6,11,28-trioxatricyclo[22.3.1.05,7]octacosa-8,14,16,18,20-pentaene-25-carboxylic acid",C[C@H]1C/C=C\C=C/C=C\C=C[C@H](C[C@H]2[C@@H]([C@@H](C[C@](O2)(C[C@H](C[C@@H]3[C@H](O3)/C=C\C(=O)O1)O)O)O)C(=O)O)O[C@@H]4[C@H]([C@@H]([C@@H]([C@@H](O4)C)O)N)O,1
Ethyl Acetate,CCOC(=O)C,1
"Inosine, 6-thio-",C1=NC(=S)C2=C(N1)N(C=N2)C3C(C(C(O3)CO)O)O,1
"[(3S)-5,7-dibenzoyloxy-2-(3,4-dibenzoyloxyphenyl)-3,4-dihydro-2H-chromen-3-yl] benzoate",C1[C@@H](C(OC2=C1C(=CC(=C2)OC(=O)C3=CC=CC=C3)OC(=O)C4=CC=CC=C4)C5=CC(=C(C=C5)OC(=O)C6=CC=CC=C6)OC(=O)C7=CC=CC=C7)OC(=O)C8=CC=CC=C8,1
"4-[(3S,5S,8S,9R,10R,13S,14S,17S)-14-hydroxy-10,13-dimethyl-3-[(2R,3S,4S,5S,6R)-3,4,5-trihydroxy-6-(hydroxymethyl)oxan-2-yl]oxy-1,2,3,4,5,6,7,8,9,11,12,15,16,17-tetradecahydrocyclopenta[a]phenanthren-17-yl]-2H-furan-5-one",C[C@@]12CC[C@@H](C[C@@H]1CC[C@H]3[C@H]2CC[C@@]4([C@@]3(CC[C@@H]4C5=CCOC5=O)O)C)O[C@H]6[C@H]([C@H]([C@@H]([C@H](O6)CO)O)O)O,1
"1-(2-Benzyl-2,9-diazaspiro[5.5]undecan-9-yl)-2-methoxyethanone",COCC(=O)N1CCC2(CCCN(C2)CC3=CC=CC=C3)CC1,1
"(9-Benzhydryl-3,9-diazaspiro[5.5]undecan-3-yl)-(1-methylpyrrol-2-yl)methanone",CN1C=CC=C1C(=O)N2CCC3(CCN(CC3)C(C4=CC=CC=C4)C5=CC=CC=C5)CC2,1
Tocris-1240,C1=CC(=CC(=C1)NC(=O)NC2=CC=CC(=C2)C(=O)NC3=C4C(=CC(=CC4=C(C=C3)S(=O)(=O)[O-])S(=O)(=O)[O-])S(=O)(=O)[O-])C(=O)NC5=C6C(=CC(=CC6=C(C=C5)S(=O)(=O)[O-])S(=O)(=O)[O-])S(=O)(=O)[O-],1
"[(1S,8S,12R)-7-(furan-3-yl)-1,8,12,17,17-pentamethyl-5,16-dioxo-3,6,14-trioxahexacyclo[9.9.0.02,4.02,8.012,18.013,15]icosan-20-yl] acetate",CC(=O)OC1CC2[C@@](C3[C@@]1(C45C(O4)C(=O)OC([C@@]5(CC3)C)C6=COC=C6)C)(C7C(O7)C(=O)C2(C)C)C,1
(2-Aminoethyl)isothiourea,C(CSC(=N)N)N,1
1-[(S)-bromo(carboxy)methyl]-4-methylcyclohexane-1-carboxylic acid,CC1CCC(CC1)([C@@H](C(=O)O)Br)C(=O)O,1
Piperidin-2-imine,C1CCN=C(C1)N,1
"(10S,13S)-17-(5-ethyl-6-methylheptan-2-yl)-10,13-dimethyl-2,3,4,7,8,9,11,12,14,15,16,17-dodecahydro-1H-cyclopenta[a]phenanthren-3-ol",CCC(CCC(C)C1CCC2[C@]1(CCC3C2CC=C4[C@]3(CCC(C4)O)C)C)C(C)C,1
"(2S)-1-[(2R,3R)-2,3-dimethylaziridin-1-yl]-3-(2-nitroimidazol-1-yl)propan-2-ol",C[C@@H]1[C@H](N1C[C@@H](CN2C=CN=C2[N+](=O)[O-])O)C,1
Flavone-8-Acetic Acid,C1=CC=C(C=C1)C2=CC(=O)C3=CC=CC(=C3O2)CC(=O)O,1
"(1S,2R,6R,11S,13S,14S)-4-ethyl-14-hydroxy-12-oxa-4-azatetracyclo[7.5.0.02,6.011,13]tetradec-8-ene-3,5,10-trione",CCN1C(=O)[C@@H]2CC=C3[C@H]([C@H]2C1=O)[C@@H]([C@H]4[C@@H](C3=O)O4)O,1
N-cyclohexyl-2-methyl-9-[(1-methylpiperidin-4-yl)methyl]-8-phenylpurin-6-amine,CC1=NC(=C2C(=N1)N(C(=N2)C3=CC=CC=C3)CC4CCN(CC4)C)NC5CCCCC5,1
N-Acetyl-L-Cysteine,CC(=O)N[C@@H](CS)C(=O)O,1
Tocris-1009,CC[C@](C1=CC=C(C=C1)C(=O)O)(C(=O)O)N,1
2-(Dimethylamino)-6-(4-methoxyphenyl)-8-(2-phenylethyl)pteridin-7-one,CN(C)C1=NC=C2C(=N1)N(C(=O)C(=N2)C3=CC=C(C=C3)OC)CCC4=CC=CC=C4,1
Epinine,CNCCC1=CC(=C(C=C1)O)O,1
3-Chlorobenzotrifluoride,C1=CC(=CC(=C1)Cl)C(F)(F)F,1
2-(4-(6-amino-9H-purin-8-yl)-1-piperazinyl)ethanol,C1CN(CCN1CCO)C2=NC3=NC=NC(=C3N2)N,1
"2-[(Z)-(2,6-dichlorophenyl)methylideneamino]guanidine",C1=CC(=C(C(=C1)Cl)/C=N\N=C(N)N)Cl,1
"(2R)-3-(dimethylamino)-2-methyl-1,1-diphenylpropan-1-ol",C[C@H](CN(C)C)C(C1=CC=CC=C1)(C2=CC=CC=C2)O,1
"(5R)-9-acetyl-N-(3-cyanophenyl)-2,9-diazaspiro[4.5]decane-2-carboxamide",CC(=O)N1CCC[C@]2(C1)CCN(C2)C(=O)NC3=CC=CC(=C3)C#N,1
N-(furan-2-ylmethyl)-N-methyl-6-(2-methylphenyl)pyrimidin-4-amine,CC1=CC=CC=C1C2=CC(=NC=N2)N(C)CC3=CC=CO3,1
Selegiline,C[C@H](CC1=CC=CC=C1)N(C)CC#C,1
Suxibuzone,CCCCC1(C(=O)N(N(C1=O)C2=CC=CC=C2)C3=CC=CC=C3)COC(=O)CCC(=O)O,1
Tocris-1260,CC[C@@H](C)[C@@H]1[C@H](CC[C@@]2(O1)C[C@@H]3C[C@@H](O2)C/C=C(\[C@@H]([C@H](/C=C\C=C4CO[C@H]5[C@@]4([C@@H](C=C([C@H]5O)C)C(=O)O3)O)C)O[C@@H]6C[C@@H]([C@@H]([C@@H](O6)C)O[C@@H]7C[C@@H]([C@H]([C@@H](O7)C)O)OC)OC)/C)C.C[C@H]1CC[C@]2(C[C@@H]3C[C@@H](O2)C/C=C(\[C@@H]([C@H](/C=C\C=C4CO[C@H]5[C@@]4([C@@H](C=C([C@H]5O)C)C(=O)O3)O)C)O[C@@H]6C[C@@H]([C@@H]([C@@H](O6)C)O[C@@H]7C[C@@H]([C@H]([C@@H](O7)C)O)OC)OC)/C)O[C@@H]1C(C)C,1
3-Iodo-L-Tyrosine,C1=CC(=C(C=C1C[C@@H](C(=O)O)N)I)O,1
"methyl (Z,5R,6S,7Z)-6-methoxy-5-methyl-7-[(1S)-1-[3-(2,4,6-trimethylphenyl)-1,2-oxazol-5-yl]ethoxy]iminohept-3-enoate",CC1=CC(=C(C(=C1)C)C2=NOC(=C2)[C@H](C)O/N=C\[C@H]([C@H](C)/C=C\CC(=O)OC)OC)C,1
"(3R)-1-methyl-3-phenylpyrrolidine-2,5-dione",CN1C(=O)C[C@@H](C1=O)C2=CC=CC=C2,1
(E)-2-(cyclopropanecarbonyl)-3-(pyridin-2-ylamino)prop-2-enenitrile,C1CC1C(=O)/C(=C/NC2=CC=CC=N2)/C#N,1
"4-(6-anilinopyrimidin-4-yl)-N,N-dimethylbenzamide",CN(C)C(=O)C1=CC=C(C=C1)C2=CC(=NC=N2)NC3=CC=CC=C3,1
"2-(4'-(4-Carboxy-6-chloro-2-quinolinyl)[1,1'-biphenyl]-4-yl)-6-chloro-4-quinolinecarboxylic acid",C1=CC(=CC=C1C2=CC=C(C=C2)C3=NC4=C(C=C(C=C4)Cl)C(=C3)C(=O)O)C5=NC6=C(C=C(C=C6)Cl)C(=C5)C(=O)O,1
Triamterene,C1=CC=C(C=C1)C2=NC3=C(N=C(N=C3N=C2N)N)N,1
Benzyl 1-aminocyclopentanecarboxylate 4-methylbenzenesulfonate,CC1=CC=C(C=C1)S(=O)(=O)O.C1CCC(C1)(C(=O)OCC2=CC=CC=C2)N,1
2-[2-[(dimethylamino)methyl]phenyl]-N-[(5-methylpyrazin-2-yl)methyl]pyrimidin-4-amine,CC1=CN=C(C=N1)CNC2=NC(=NC=C2)C3=CC=CC=C3CN(C)C,1
2-[2-[(dimethylamino)methyl]phenyl]-N-(2-methoxyethyl)pyrimidin-4-amine,CN(C)CC1=CC=CC=C1C2=NC=CC(=N2)NCCOC,1
Strophanthidin (Corchorin),C[C@]12CCC3C([C@]1(CC[C@@H]2C4=CC(=O)OC4)O)CC[C@]5([C@@]3(CC[C@@H](C5)O)C=O)O,1
Metformin,CN(C)C(=N)N=C(N)N,1
"2,4-Hexadienal",C/C=C/C=C/C=O,1
6-(4-Chlorophenyl)-8-cyclopropyl-2-(4-methylpiperazin-1-yl)pteridin-7-one,CN1CCN(CC1)C2=NC=C3C(=N2)N(C(=O)C(=N3)C4=CC=C(C=C4)Cl)C5CC5,1
"1-[(6aR)-6-[3-(dimethylamino)propoxy]-2,2-dimethyl-3a,5,6,6a-tetrahydrofuro[2,3-d][1,3]dioxol-5-yl]ethane-1,2-diol;hydrochloride",CC1(O[C@@H]2C(C(OC2O1)C(CO)O)OCCCN(C)C)C.Cl,1
"1,5-dideoxy-1,5-((2-hydroxyethyl)imino)-D-glucitol",C1C(C(C(C(N1CCO)CO)O)O)O,1
"(2R,3S)-2-amino-3-methylpentanedioic acid",C[C@@H](CC(=O)O)[C@H](C(=O)O)N,1
8-Hydroxyadenine,C1=NC(=C2C(=N1)NC(=O)N2)N,1
2-[(1S)-1-hydroxy-3-phenylmethoxypropyl]cyclohex-2-en-1-one,C1CC=C(C(=O)C1)[C@H](CCOCC2=CC=CC=C2)O,1
Propentofylline,CCCN1C=NC2=C1C(=O)N(C(=O)N2C)CCCCC(=O)C,1
"potassium 3-[(8R,9S,10S,13R,14R,17S)-17-hydroxy-10,13-dimethyl-3-oxo-2,8,9,11,12,14,15,16-octahydro-1H-cyclopenta[a]phenanthren-17-yl]propanoate",C[C@@]12CCC(=O)C=C1C=C[C@@H]3[C@@H]2CC[C@@]4([C@@H]3CC[C@@]4(CCC(=O)[O-])O)C.[K+],1
Geraniol,CC(=CCC/C(=C/CO)/C)C,1
"Methionine sulfoxide, DL-",CS(=O)CCC(C(=O)O)N,1
Oxybuprocaine,CCCCOC1=C(C=CC(=C1)C(=O)OCCN(CC)CC)N,1
Tanshinone Iia,CC1=COC2=C1C(=O)C(=O)C3=C2C=CC4=C3CCCC4(C)C,1
"(3aS,5aR,6Z,8R,9S,9aS,9bS)-6-[(2E)-3,7-dimethylocta-2,6-dienoxy]imino-2-ethyl-8,9-dihydroxy-4,5,5a,7,8,9,9a,9b-octahydro-3aH-benzo[e]isoindole-1,3-dione",CCN1C(=O)[C@H]2CC[C@@H]\3[C@@H]([C@@H]2C1=O)[C@@H]([C@@H](C/C3=N/OC/C=C(\C)/CCC=C(C)C)O)O,1
Fluometuron,CN(C)C(=O)NC1=CC=CC(=C1)C(F)(F)F,1
5-Chlorothiophene-2-boronic acid,B(C1=CC=C(S1)Cl)(O)O,1
Monomethyl glutarate,COC(=O)CCCC(=O)O,1
[3-amino-4-[(2R)-2-hydroxypropoxy]phenyl]arsonic acid,C[C@H](COC1=C(C=C(C=C1)[As](=O)(O)O)N)O,1
Benzyl acetone,CC(=O)CCC1=CC=CC=C1,1
2-Methylbenzoic acid,CC1=CC=CC=C1C(=O)O,1
"piperazine;(4R)-4-[(3S,5R,7S,8R,9R,10R,12R,13S,14R,17R)-3,7,12-trihydroxy-10,13-dimethyl-2,3,4,5,6,7,8,9,11,12,14,15,16,17-tetradecahydro-1H-cyclopenta[a]phenanthren-17-yl]pentanoic acid",C[C@H](CCC(=O)O)[C@H]1CC[C@H]2[C@]1([C@@H](C[C@@H]3[C@H]2[C@H](C[C@@H]4[C@]3(CC[C@@H](C4)O)C)O)O)C.C1CNCCN1,1
Tocris-1259,C1[C@H]([C@H]([C@H]([C@H](N1)CO)O)O)O,1
"(8S,9R,13S)-19-fluoro-11-hydroxy-8-(2-hydroxyacetyl)-6,6,9,13-tetramethyl-5,7-dioxapentacyclo[10.8.0.02,9.04,8.013,18]icos-17-en-16-one",C[C@@]12CCC(=O)C=C1C(CC3C2C(C[C@@]4(C3CC5[C@]4(OC(O5)(C)C)C(=O)CO)C)O)F,1
Lopac-A-024,CNC(=O)[C@H]1[C@@H]([C@@H]([C@@H](O1)N2C=NC3=C(N=CN=C32)N)O)O,1
Lopac-R-7150,C[C@@H](CN1CCC(CC1)CC2=CC=CC=C2)[C@@H](C3=CC=C(C=C3)O)O,1
Lopac-C-141,CCNC(=O)[C@H]1[C@H]([C@H]([C@@H](O1)N2C=NC3=C(N=C(N=C32)NCCC4=CC=C(C=C4)CCC(=O)O)N)O)O,1
"2-(4,5-dihydro-1H-imidazol-2-yl)quinoxaline",C1CN=C(N1)C2=NC3=CC=CC=C3N=C2,1
"Pirbuterol, (R)-",CC(C)(C)NC[C@H](C1=NC(=C(C=C1)O)CO)O,1
"[(5,7-Dichloroquinolin-8-yl)oxy]acetic acid",C1=CC2=C(C(=C(C=C2Cl)Cl)OCC(=O)O)N=C1,1
Ziram,CN(C)C(=S)[S-].CN(C)C(=S)[S-].[Zn+2],1
"3,5-Bis(dimethylaminomethyl)-1,3,5-thiadiazinane-2-thione",CN(C)CN1CN(C(=S)SC1)CN(C)C,1
Benzenesulfonic acid;2-[1-(pyridin-2-ylmethyl)pyrrolidin-1-ium-1-yl]acetonitrile,C1CC[N+](C1)(CC#N)CC2=CC=CC=N2.C1=CC=C(C=C1)S(=O)(=O)O,1
"2-methoxy-1-[(5S)-2-[(2-methoxyphenyl)methyl]-2,7-diazaspiro[4.5]decan-7-yl]ethanone",COCC(=O)N1CCC[C@]2(C1)CCN(C2)CC3=CC=CC=C3OC,1
"Methyl 9-[(3-cyanophenyl)carbamoyl]-3,9-diazaspiro[5.5]undecane-3-carboxylate",COC(=O)N1CCC2(CCN(CC2)C(=O)NC3=CC=CC(=C3)C#N)CC1,1
N-[(Z)-(3-hydroxyphenyl)methylideneamino]pyridine-4-carboxamide,C1=CC(=CC(=C1)O)/C=N\NC(=O)C2=CC=NC=C2,1
CID 6604472,C[C@@H](CC1=CC=CC=C1)NCCC(C2=CC=CC=C2)C3=CC=CC=C3.C[C@@H](C(=O)O)O,1
2-methyl-3-phenyl-N-(pyridin-2-ylmethyl)propanamide,CC(CC1=CC=CC=C1)C(=O)NCC2=CC=CC=N2,1
"(2S,5R,6R)-6-[[(2S)-2-amino-2-phenylacetyl]amino]-3,3-dimethyl-7-oxo-4-thia-1-azabicyclo[3.2.0]heptane-2-carboxylic acid;trihydrate",CC1([C@@H](N2[C@H](S1)[C@@H](C2=O)NC(=O)[C@H](C3=CC=CC=C3)N)C(=O)O)C.O.O.O,1
"(4aR,10aR)-4a-methyl-2,3,4,9,10,10a-hexahydro-1H-phenanthren-2-ol",C[C@@]12CCC(C[C@H]1CCC3=CC=CC=C23)O,1
"4-Amino-5-(((4-methylphenyl)sulfonyl)oxy)-2,7-naphthalenedisulfonic acid",CC1=CC=C(C=C1)S(=O)(=O)OC2=CC(=CC3=CC(=CC(=C32)N)S(=O)(=O)O)S(=O)(=O)O,1
N-[3-[5-methoxy-2-(nitrosomethyl)phenyl]-3-oxopropyl]acetamide,CC(=O)NCCC(=O)C1=C(C=CC(=C1)OC)CN=O,1
"5-Amino-1-[3,4-dihydroxy-5-(hydroxymethyl)oxolan-2-yl]imidazole-4-carboxamide",C1=NC(=C(N1C2C(C(C(O2)CO)O)O)N)C(=O)N,1
(2Z)-2-hydroxyimino-3-quinolin-4-ylpropanoic acid,C1=CC=C2C(=C1)C(=CC=N2)C/C(=N/O)/C(=O)O,1
"(13R)-13-methyl-6,7,8,9,11,12,14,15,16,17-decahydrocyclopenta[a]phenanthrene-3,17-diol",C[C@@]12CCC3C(C1CCC2O)CCC4=C3C=CC(=C4)O,1
(2E)-3-phenyl-1-(thiophen-2-yl)prop-2-en-1-one,C1=CC=C(C=C1)/C=C/C(=O)C2=CC=CS2,1
Lopac-B-2515,CCCC[S@@](=N)(=O)CC[C@H](C(=O)O)N,1
Dexamisole,C1CSC2=N[C@@H](CN21)C3=CC=CC=C3,1
"Adenine, 9,9'ethylenebis(N,N-dimethyl-",CN(C)C1=NC=NC2=C1N=CN2CCN3C=NC4=C3N=CN=C4N(C)C,1
5-Bromo-7-[(4-phenylpiperazin-1-yl)methyl]quinolin-8-ol,C1CN(CCN1CC2=CC(=C3C=CC=NC3=C2O)Br)C4=CC=CC=C4,1
Irigenin trimethyl ether,COC1=CC(=CC(=C1OC)OC)C2=COC3=CC(=C(C(=C3C2=O)OC)OC)OC,1
"{[(2S,3S,4S,5S,6R)-3,4,5-trihydroxy-6-(hydroxymethyl)oxan-2-yl]oxy}phosphonic acid",C([C@@H]1[C@H]([C@@H]([C@@H]([C@@H](O1)OP(=O)(O)O)O)O)O)O,1
"(4R)-4-[(3R,5S,8S,9R,10R,13R,14R,17R)-3-hydroxy-10,13-dimethyl-2,3,4,5,6,7,8,9,11,12,14,15,16,17-tetradecahydro-1H-cyclopenta[a]phenanthren-17-yl]pentanoic acid",C[C@H](CCC(=O)O)[C@H]1CC[C@H]2[C@@]1(CC[C@@H]3[C@@H]2CC[C@@H]4[C@]3(CC[C@H](C4)O)C)C,1
"methyl (Z,5R,6S,7Z)-7-[(2S)-3-(furan-2-ylmethoxy)-2-hydroxypropoxy]imino-6-methoxy-5-methylhept-3-enoate",C[C@H](/C=C\CC(=O)OC)[C@@H](/C=N\OC[C@H](COCC1=CC=CO1)O)OC,1
(S)-[2-(4-chlorophenyl)quinolin-4-yl]-[(2S)-piperidin-2-yl]methanol,C1CCN[C@@H](C1)[C@H](C2=CC(=NC3=CC=CC=C32)C4=CC=C(C=C4)Cl)O,1
"N,N-dimethyl-3-(2-methyl-6-morpholin-4-yl-8-phenylpurin-9-yl)propan-1-amine",CC1=NC2=C(C(=N1)N3CCOCC3)N=C(N2CCCN(C)C)C4=CC=CC=C4,1
"As,As'-(1,2-Diazenediyldi-4,1-phenylene)bis(arsonic acid)",C1=CC(=CC=C1N=NC2=CC=C(C=C2)[As](=O)(O)O)[As](=O)(O)O,1
2-(4-((5-(hydroxy(oxido)amino)-1-methyl-1H-imidazol-2-yl)methyl)-1-piperazinyl)ethanol,CN1C(=CN=C1CN2CCN(CC2)CCO)[N+](=O)[O-],1
"6-Methyl-7,8-dihydro-[1,3]dioxolo[4,5-g]isoquinolin-6-ium",C[N+]1=CC2=CC3=C(C=C2CC1)OCO3,1
"[2-[(8R,9S,10S,11S,13S,14R,16R,17R)-9-fluoro-11,17-dihydroxy-10,13,16-trimethyl-3-oxo-6,7,8,11,12,14,15,16-octahydrocyclopenta[a]phenanthren-17-yl]-2-oxoethyl] acetate",C[C@@H]1C[C@@H]2[C@H]3CCC4=CC(=O)C=C[C@@]4([C@@]3([C@H](C[C@@]2([C@]1(C(=O)COC(=O)C)O)C)O)F)C,1
"1-[[(3aR,4R,6R,6aR)-6-[(4S)-2,2-dimethyl-1,3-dioxolan-4-yl]-2,2-dimethyl-3a,4,6,6a-tetrahydrofuro[3,4-d][1,3]dioxol-4-yl]oxy]-6-chlorobenzotriazole",CC1(OC[C@H](O1)[C@@H]2[C@@H]3[C@H]([C@H](O2)ON4C5=C(C=CC(=C5)Cl)N=N4)OC(O3)(C)C)C,1
"3,7-Dicyclohexyl-10-hydroxy-2,4,6,8-tetrahydro-[1,3]oxazino[5,6-g][1,3]benzoxazine-5-carboxylic acid",C1CCC(CC1)N2CC3=C(C4=C(C(=C3OC2)O)OCN(C4)C5CCCCC5)C(=O)O,1
1-(3-Aminopropyl)-4-methylpiperazine,CN1CCN(CC1)CCCN,1
"(5R)-5-(morpholin-4-ylmethyl)-3-[(Z)-(5-nitrofuran-2-yl)methylideneamino]-1,3-oxazolidin-2-one",C1COCCN1C[C@@H]2CN(C(=O)O2)/N=C\C3=CC=C(O3)[N+](=O)[O-],1
"1-(3-((Dicyclohexylamino)methyl)-2,4-dihydroxyphenyl)ethanone",CC(=O)C1=C(C(=C(C=C1)O)CN(C2CCCCC2)C3CCCCC3)O,1
"(1aR,2S,7aS)-2-hydroxy-5-methyl-2,7a-dihydro-1aH-oxireno[2,3-g]isochromene-3,7-dione",CC1=CC2=C([C@@H]([C@@H]3[C@@H](C2=O)O3)O)C(=O)O1,1
Risperidone,CC1=C(C(=O)N2CCCCC2=N1)CCN3CCC(CC3)C4=NOC5=C4C=CC(=C5)F,1
Progesterone,CC(=O)[C@H]1CC[C@@H]2[C@@]1(CC[C@H]3[C@H]2CCC4=CC(=O)CC[C@]34C)C,1
"N-(5,6,7,9-Tetrahydro-1,2,3,10-tetramethoxy-9-oxobenzo(a)heptalen-7-yl)acetamide",CC(=O)NC1CCC2=CC(=C(C(=C2C3=CC=C(C(=O)C=C13)OC)OC)OC)OC,1
Quinosol,C1=CC2=C(C(=C1)O)N=CC=C2.OS(=O)(=O)O,1
"1,2,6,6,10,17,20-Heptamethyl-12-oxo-17-[(2-piperidylethyl)oxycarbonyl]pentacyclo[12.8.0.0<2,11>.0<5,10>.0<15,20>]docos-13-en-7-yl acetate",CC(=O)OC1CCC2(C(C1(C)C)CCC3(C2C(=O)C=C4C3(CCC5(C4CC(CC5)(C)C(=O)OCCN6CCCCC6)C)C)C)C,1
"(10R,13R,17R)-11,17-dihydroxy-17-(2-hydroxyacetyl)-10,13-dimethyl-2,6,7,8,9,11,12,14,15,16-decahydro-1H-cyclopenta[a]phenanthren-3-one",C[C@]12CCC(=O)C=C1CCC3C2C(C[C@@]4(C3CC[C@@]4(C(=O)CO)O)C)O,1
"trimethyl-[2-[[(1S)-1-methyl-3,4-dihydro-2H-quinolin-1-ium-1-yl]amino]ethyl]azanium",C[N@@+]1(CCCC2=CC=CC=C21)NCC[N+](C)(C)C,1
Enrofloxacin,CCN1CCN(CC1)C2=C(C=C3C(=C2)N(C=C(C3=O)C(=O)O)C4CC4)F,1
8-[(4-Fluorophenyl)methyl]-2-morpholin-4-yl-6-phenylpteridin-7-one,C1COCCN1C2=NC=C3C(=N2)N(C(=O)C(=N3)C4=CC=CC=C4)CC5=CC=C(C=C5)F,1
"(5S,6R)-3-[2-(aminomethylideneamino)ethylsulfanyl]-6-[(1S)-1-hydroxyethyl]-7-oxo-1-azabicyclo[3.2.0]hept-2-ene-2-carboxylic acid",C[C@@H]([C@H]1[C@@H]2CC(=C(N2C1=O)C(=O)O)SCCN=CN)O,1
Aminolevulinic Acid Hydrochloride,C(CC(=O)O)C(=O)CN.Cl,1
"Furan-2-yl-(2-pyridin-4-yl-2,9-diazaspiro[5.5]undecan-9-yl)methanone",C1CC2(CCN(CC2)C(=O)C3=CC=CO3)CN(C1)C4=CC=NC=C4,1
p-Menth-4(8)-en-3-one,CC1CCC(=C(C)C)C(=O)C1,1
3alpha-(6-Oxo-1-cyclohexenyl)cyclohexanone,C1CC=C(C(=O)C1)[C@@H]2CCCC(=O)C2,1
[(1R)-1-amino-2-phenylethyl]phosphonic acid,C1=CC=C(C=C1)C[C@H](N)P(=O)(O)O,1
Kynurenic Acid,C1=CC=C2C(=C1)C(=O)C=C(N2)C(=O)O,1
Acebutolol Hydrochloride,CCCC(=O)NC1=CC(=C(C=C1)OCC(CNC(C)C)O)C(=O)C.Cl,1
Dopamine,C1=CC(=C(C=C1CCN)O)O,1
Chloramphenicol,C1=CC(=CC=C1[C@H]([C@@H](CO)NC(=O)C(Cl)Cl)O)[N+](=O)[O-],1
methyl N-[[(1S)-1-acetyl-2-oxocyclopentyl]-phenylmethyl]carbamate,CC(=O)[C@]1(CCCC1=O)C(C2=CC=CC=C2)NC(=O)OC,1
6-(4-Methoxyphenyl)-2-morpholin-4-yl-8-phenylpteridin-7-one,COC1=CC=C(C=C1)C2=NC3=CN=C(N=C3N(C2=O)C4=CC=CC=C4)N5CCOCC5,1
Pentamidine Isethionate,C1=CC(=CC=C1C(=N)N)OCCCCCOC2=CC=C(C=C2)C(=N)N.C(CS(=O)(=O)O)O.C(CS(=O)(=O)O)O,1
"(1S,2R,18S,19S,22R,25S,28R,40S)-48-[(2R,3S,4R,5S,6S)-3-[(2R,4S,5S,6S)-4-amino-5-hydroxy-4,6-dimethyloxan-2-yl]oxy-4,5-dihydroxy-6-(hydroxymethyl)oxan-2-yl]oxy-22-(2-amino-2-oxoethyl)-5,15-dichloro-2,18,32,35,37-pentahydroxy-19-[[(2S)-4-methyl-2-(methylamino)pentanoyl]amino]-20,23,26,42,44-pentaoxo-7,13-dioxa-21,24,27,41,43-pentazaoctacyclo[26.14.2.23,6.214,17.18,12.129,33.010,25.034,39]pentaconta-3,5,8(48),9,11,14,16,29(45),30,32,34(39),35,37,46,49-pentadecaene-40-carboxylic acid",C[C@H]1[C@H]([C@@](C[C@H](O1)O[C@H]2[C@@H]([C@@H]([C@@H](O[C@@H]2OC3=C4C=C5C=C3OC6=C(C=C(C=C6)[C@@H]([C@@H](C(=O)N[C@@H](C(=O)N[C@@H]5C(=O)N[C@@H]7C8=CC(=C(C=C8)O)C9=C(C=C(C=C9O)O)[C@H](NC(=O)[C@H]([C@@H](C1=CC(=C(O4)C=C1)Cl)O)NC7=O)C(=O)O)CC(=O)N)NC(=O)[C@H](CC(C)C)NC)O)Cl)CO)O)O)(C)N)O,1
Diphenylpyraline,CN1CCC(CC1)OC(C2=CC=CC=C2)C3=CC=CC=C3,1
Amiloride,C1(=C(N=C(C(=N1)Cl)N)N)C(=O)N=C(N)N,1
"7-(3,5-dimethyl-1,2-oxazole-4-carbonyl)-N-(3-fluorophenyl)-2,7-diazaspiro[3.5]nonane-2-carboxamide",CC1=C(C(=NO1)C)C(=O)N2CCC3(CC2)CN(C3)C(=O)NC4=CC(=CC=C4)F,1
(-)-Homatropine,CN1[C@@H]2CC[C@H]1CC(C2)OC(=O)[C@H](C3=CC=CC=C3)O,1
Mephentermine,CC(C)(CC1=CC=CC=C1)NC,1
"trans-(1S,2S)-2-[(4-methylsulfanylphenyl)carbamoyl]cyclohexane-1-carboxylic acid",CSC1=CC=C(C=C1)NC(=O)[C@H]2CCCC[C@@H]2C(=O)O,1
"(1R,3R,4S,5S)-3-((E)-3-(3,4-Dihydroxyphenyl)Prop-2-Enoyl)Oxy-1,4,5-Trihydroxycyclohexane-1-Carboxylic Acid",C1[C@@H]([C@@H]([C@@H](C[C@]1(C(=O)O)O)OC(=O)/C=C/C2=CC(=C(C=C2)O)O)O)O,1
"4-((3-(2-(Dimethylamino)ethyl)-1H-indol-5-yl)methyl)-1,3-oxazolidin-2-one",CN(C)CCC1=CNC2=C1C=C(C=C2)CC3COC(=O)N3,1
Hexamethylene amiloride,C1CCCN(CC1)C2=NC(=C(N=C2Cl)C(=O)N=C(N)N)N,1
"(3-Fluorophenyl)-[2-(3-phenylphenyl)-2,7-diazaspiro[3.5]nonan-7-yl]methanone",C1CN(CCC12CN(C2)C3=CC=CC(=C3)C4=CC=CC=C4)C(=O)C5=CC(=CC=C5)F,1
"Platinum, tetrachlorobis(4-pyridinemethanol-N1)-, (OC-6-22)-",C1=CN=CC=C1CO.C1=CN=CC=C1CO.Cl[Pt](Cl)(Cl)Cl,1
Arpraziquantel,C1CCC(CC1)C(=O)N2C[C@H]3C4=CC=CC=C4CCN3C(=O)C2,1
"(2R,5R)-1-acetyl-5-benzyl-N,2-dimethyl-2H-pyrrole-5-carboxamide",C[C@@H]1C=C[C@](N1C(=O)C)(CC2=CC=CC=C2)C(=O)NC,1
"(1R,6S)-6-Hydroxy-5-methylidene-1-[(1R,2S)-1,2,3-trihydroxy-2-methylpropyl]-2-oxa-7,9-diazabicyclo[4.2.2]decane-8,10-dione",C[C@](CO)([C@H]([C@]12C(=O)N[C@](C(=C)CCO1)(C(=O)N2)O)O)O,1
"(3S,3aR,4R,9aR,9bS)-4-hydroxy-3,6,9-trimethyl-3,3a,4,5,9a,9b-hexahydroazuleno[4,5-b]furan-2,7-dione;hydrate",C[C@H]1[C@@H]2[C@@H](CC(=C3[C@H]([C@@H]2OC1=O)C(=CC3=O)C)C)O.O,1
8-Cyclopropyl-2-(4-methylpiperazin-1-yl)pteridin-7-one,CN1CCN(CC1)C2=NC=C3C(=N2)N(C(=O)C=N3)C4CC4,1
AJ 76,CCCN[C@@H]1CCC2=C([C@@H]1C)C=CC=C2OC,1
6-(4-Chlorophenyl)-8-methyl-2-morpholin-4-ylpteridin-7-one,CN1C2=NC(=NC=C2N=C(C1=O)C3=CC=C(C=C3)Cl)N4CCOCC4,1
QX-222,CC1=C(C(=CC=C1)C)NC(=O)C[N+](C)(C)C,1
"(2-Pyrimidin-2-yl-2,7-diazaspiro[3.5]nonan-7-yl)-(thiadiazol-4-yl)methanone",C1CN(CCC12CN(C2)C3=NC=CC=N3)C(=O)C4=CSN=N4,1
"(8R,9R,10S,13R,14S,17S)-10,13-dimethyl-17-[2-(6-methylsulfanylpurin-9-yl)acetyl]-1,2,6,7,8,9,11,12,14,15,16,17-dodecahydrocyclopenta[a]phenanthren-3-one",C[C@@]12CC[C@@H]3[C@@H]([C@@H]1CC[C@@H]2C(=O)CN4C=NC5=C4N=CN=C5SC)CCC6=CC(=O)CC[C@@]36C,1
Cysteamine Hydrochloride,C(CS)N.Cl,1
DL-Leu-DL-Ala,CC(C)CC(C(=O)NC(C)C(=O)O)N,1
4-Chloro-3-methylphenol,CC1=C(C=CC(=C1)O)Cl,1
"(1R,2R,3R,4S)-3-propoxycarbonyl-7-oxabicyclo[2.2.1]heptane-2-carboxylic acid",CCCOC(=O)[C@H]1[C@@H]2CC[C@H]([C@@H]1C(=O)O)O2,1
(4-((Benzylsulfinyl)methyl)phenyl)(hydroxy)azane oxide,C1=CC=C(C=C1)CS(=O)CC2=CC=C(C=C2)[N+](=O)[O-],1
"4-[2-(3,5-Dimethyl-1,2-oxazol-4-yl)pyrimidin-4-yl]morpholine",CC1=C(C(=NO1)C)C2=NC=CC(=N2)N3CCOCC3,1
Hexanamide,CCCCCC(=O)N,1
N-(Hydroxymethyl)nicotinamide,C1=CC(=CN=C1)C(=O)NCO,1
Cyclohexanone,C1CCC(=O)CC1,1
"Phenyl 2-phenyl-2,7-diazaspiro[3.5]nonane-7-carboxylate",C1CN(CCC12CN(C2)C3=CC=CC=C3)C(=O)OC4=CC=CC=C4,1
"9,10-Dichloro-6-(2-methylprop-2-enyl)-6-phenylchromeno[4,3-b]quinoxaline",CC(=C)CC1(C2=NC3=CC(=C(C=C3N=C2C4=CC=CC=C4O1)Cl)Cl)C5=CC=CC=C5,1
"[9-[[3,5-Bis(trifluoromethyl)phenyl]methyl]-3,9-diazaspiro[5.5]undecan-3-yl]-(3-fluorophenyl)methanone",C1CN(CCC12CCN(CC2)C(=O)C3=CC(=CC=C3)F)CC4=CC(=CC(=C4)C(F)(F)F)C(F)(F)F,1
Dexpropranolol Hydrochloride,CC(C)NC[C@H](COC1=CC=CC2=CC=CC=C21)O.Cl,1
Erysolin,CS(=O)(=O)CCCCN=C=S,1
Tocris-1062,CSC1=NC(=C2C(=N1)N(C=N2)[C@@H]3[C@H]([C@@H]([C@H](O3)COP(=O)([O-])OP(=O)([O-])OP(=O)([O-])[O-])O)O)N,1
"1-(9-Benzhydryl-3,9-diazaspiro[5.5]undecan-3-yl)-2-methoxyethanone",COCC(=O)N1CCC2(CCN(CC2)C(C3=CC=CC=C3)C4=CC=CC=C4)CC1,1
6-Chloropurine ribonucleoside,C1=NC2=C(C(=N1)Cl)N=CN2C3C(C(C(O3)CO)O)O,1
2-methyl-N-(2-(2-pyridinyl)ethyl)-1-propanamine,CC(C)CNCCC1=CC=CC=N1,1
"3(2H)-Pyridazinone, 4,5-dihydro-2-(2-benzothiazolyl)-6-phenyl-",C1CC(=O)N(N=C1C2=CC=CC=C2)C3=NC4=CC=CC=C4S3,1
Phenformin Hydrochloride,C1=CC=C(C=C1)CCN=C(N)N=C(N)N.Cl,1
3-(6-Methyl-7-oxo-2-piperazin-1-ylpteridin-8-yl)propanenitrile,CC1=NC2=CN=C(N=C2N(C1=O)CCC#N)N3CCNCC3,1
3-(2-Methoxy-7-oxopteridin-8-yl)propanenitrile,COC1=NC=C2C(=N1)N(C(=O)C=N2)CCC#N,1
2-(Ethylamino)-8-(4-methoxyphenyl)-6-methylpteridin-7-one,CCNC1=NC=C2C(=N1)N(C(=O)C(=N2)C)C3=CC=C(C=C3)OC,1
Ropinirole,CCCN(CCC)CCC1=C2CC(=O)NC2=CC=C1,1
Sulfamonomethoxine,COC1=NC=NC(=C1)NS(=O)(=O)C2=CC=C(C=C2)N,1
"1-Pentofuranosyl-1H-1,2,4-triazole-3-carboxamide",C1=NC(=NN1C2C(C(C(O2)CO)O)O)C(=O)N,1
"(3S,5R)-3-[(3S,5R)-4-hydroxy-1-methyl-3,5-diphenylpiperidin-4-yl]-1-methyl-3,5-diphenylpiperidin-4-one",CN1C[C@@H](C([C@@H](C1)C2=CC=CC=C2)([C@@]3(CN(C[C@H](C3=O)C4=CC=CC=C4)C)C5=CC=CC=C5)O)C6=CC=CC=C6,1
"(2S,3R,9S,10R)-9-hydroxy-4-methyl-11,16,18-trioxa-4-azapentacyclo[11.7.0.02,10.03,7.015,19]icosa-1(20),7,13,15(19)-tetraen-12-one",CN1CCC2=C[C@@H]([C@H]3[C@H]([C@H]21)C4=CC5=C(C=C4C(=O)O3)OCO5)O,1
"[2-[(10R,13R,17R)-11,17-dihydroxy-10,13-dimethyl-3-oxo-2,6,7,8,9,11,12,14,15,16-decahydro-1H-cyclopenta[a]phenanthren-17-yl]-2-oxoethyl] acetate",CC(=O)OCC(=O)[C@]1(CCC2[C@]1(CC(C3C2CCC4=CC(=O)CC[C@]34C)O)C)O,1
SCH-50910 free base,CC1(CO[C@@H](CN1)CC(=O)O)C,1
Ambroxol,C1CC(CCC1NCC2=C(C(=CC(=C2)Br)Br)N)O,1
"methyl (2S)-2-[[(Z,5R)-5-[(2R,3S,6R)-3-hydroxy-2-(hydroxymethyl)-3,6-dihydro-2H-pyran-6-yl]hex-3-enoyl]amino]propanoate",C[C@H](/C=C\CC(=O)N[C@@H](C)C(=O)OC)[C@H]1C=C[C@@H]([C@H](O1)CO)O,1
Tolperisone Hydrochloride,CC1=CC=C(C=C1)C(=O)C(C)CN2CCCCC2.Cl,1
Pipemidic Acid,CCN1C=C(C(=O)C2=CN=C(N=C21)N3CCNCC3)C(=O)O,1
"2-(5,11-dimethyl-6H-25-pyrido[4,3-b]carbazol-2-yl)-N,N-diethylethanamine acetate",CCN(CC)CC[N+]1=CC2=C(C3=C(C(=C2C=C1)C)NC4=CC=CC=C43)C.CC(=O)O,1
8-(2-Methoxyethyl)-6-(1-methylindol-3-yl)-2-morpholin-4-ylpteridin-7-one,CN1C=C(C2=CC=CC=C21)C3=NC4=CN=C(N=C4N(C3=O)CCOC)N5CCOCC5,1
(1R)-1-(1-benzofuran-2-yl)-3-(propan-2-ylamino)propan-1-ol,CC(C)NCC[C@H](C1=CC2=CC=CC=C2O1)O,1
Diphenylguanidine,C1=CC=C(C=C1)NC(=NC2=CC=CC=C2)N,1
"[(2S,3S,6R)-3-acetyloxy-6-[(2Z)-2-[(2S,3R,4S,5R,6R)-3,4,5-triacetyloxy-6-(acetyloxymethyl)oxan-2-yl]oxyiminoethyl]-3,6-dihydro-2H-pyran-2-yl]methyl acetate",CC(=O)OC[C@H]1[C@H](C=C[C@H](O1)C/C=N\O[C@H]2[C@@H]([C@H]([C@@H]([C@H](O2)COC(=O)C)OC(=O)C)OC(=O)C)OC(=O)C)OC(=O)C,1
"(1R,3S,5R,6S,9R,11R,15S,16S,17R,18S,33R,35S,36R,37S)-33-[(2R,3S,4R,5R,6S)-4-Amino-3,5-dihydroxy-6-methyloxan-2-yl]oxy-1,3,5,6,9,11,17,37-octahydroxy-15,16,18-trimethyl-13-oxo-14,39-dioxabicyclo[33.3.1]nonatriaconta-19,21,23,25,27,29,31-heptaene-36-carboxylic acid",C[C@H]1C=CC=CC=CC=CC=CC=CC=C[C@@H](C[C@H]2[C@@H]([C@H](C[C@](O2)(C[C@H](C[C@H]([C@H](CC[C@H](C[C@H](CC(=O)O[C@H]([C@H]([C@@H]1O)C)C)O)O)O)O)O)O)O)C(=O)O)O[C@H]3[C@H]([C@@H]([C@H]([C@@H](O3)C)O)N)O,1
Lopac-M-5501,CNC1=C2C(=NC=N1)N(C=N2)[C@H]3[C@H]([C@H]([C@@H](O3)CO)O)O,1
Spermine NONOate,C(CCN(CCCN)/[N+](=N/O)/[O-])CNCCCN,1
Alfuzosin,CN(CCCNC(=O)C1CCCO1)C2=NC3=CC(=C(C=C3C(=N2)N)OC)OC,1
4-(Aminomethyl)cyclohexanecarboxylic acid,C1CC(CCC1CN)C(=O)O,1
(S)-carisoprodol,CCC[C@@](C)(COC(=O)N)COC(=O)NC(C)C,1
"[(2S,3S,6R)-3-acetyloxy-6-[(2Z)-2-[(1S)-1-[1-[(3S,4S)-4-hydroxyoxolan-3-yl]triazol-4-yl]ethoxy]iminoethyl]-3,6-dihydro-2H-pyran-2-yl]methyl acetate",C[C@@H](C1=CN(N=N1)[C@H]2COC[C@H]2O)O/N=C\C[C@@H]3C=C[C@@H]([C@@H](O3)COC(=O)C)OC(=O)C,1
2-amino-8-bromo-9-[4-hydroxy-5-(hydroxymethyl)-3-methoxyoxolan-2-yl]-1H-purin-6-one,COC1C(C(OC1N2C3=C(C(=O)NC(=N3)N)N=C2Br)CO)O,1
"Cyclohexyl 3-(2-methyl-1,3-dioxolan-2-yl)propanoate",CC1(OCCO1)CCC(=O)OC2CCCCC2,1
"dimethyl (7S)-13-benzyl-7-hydroxy-4,12-dimethyl-3,5,8-trioxo-10-phenyl-4,9,13-triazatricyclo[7.4.0.02,6]trideca-1,11-diene-7,11-dicarboxylate",CC1=C(C(N2C(=C3C(C(=O)N(C3=O)C)[C@](C2=O)(C(=O)OC)O)N1CC4=CC=CC=C4)C5=CC=CC=C5)C(=O)OC,1
Benserazide Hydrochloride,C1=CC(=C(C(=C1CNNC(=O)C(CO)N)O)O)O.Cl,1
"(1R,5R)-6-(3-morpholin-4-ylpropyl)-8-oxa-6-azabicyclo[3.2.1]octane",C1C[C@@H]2CN([C@@H](C1)O2)CCCN3CCOCC3,1
"(9-Benzhydryl-3,9-diazaspiro[5.5]undecan-3-yl)-(3,5-dimethyl-1,2-oxazol-4-yl)methanone",CC1=C(C(=NO1)C)C(=O)N2CCC3(CCN(CC3)C(C4=CC=CC=C4)C5=CC=CC=C5)CC2,1
3-AMINO-beta-PINENE,CC1(C2CC1C(=C)C(C2)N)C.Cl,1
"Methyl 2-[(3-cyanophenyl)carbamoyl]-2,7-diazaspiro[3.5]nonane-7-carboxylate",COC(=O)N1CCC2(CC1)CN(C2)C(=O)NC3=CC=CC(=C3)C#N,1
1-(2-(5-phenyl-2H-tetraazol-2-yl)ethyl)piperidine,C1CCN(CC1)CCN2N=C(N=N2)C3=CC=CC=C3,1
"(Z)-4-(1,3-dihydropyrrolo[3,4-b]quinolin-2-yl)-4-oxobut-2-enoic acid",C1C2=CC3=CC=CC=C3N=C2CN1C(=O)/C=C\C(=O)O,1
(2-Benzimidazolylthio)-acetic acid,C1=CC=C2C(=C1)NC(=N2)SCC(=O)O,1
"2,3,4,5,6,8-Hexachlorodecane",CCC(CC(C(C(C(C(C)Cl)Cl)Cl)Cl)Cl)Cl,1
trans-Cefuroxime,CO/N=C(\C1=CC=CO1)/C(=O)N[C@H]2[C@@H]3N(C2=O)C(=C(CS3)COC(=O)N)C(=O)O,1
Amo-1618,CC1=CC(=C(C=C1[N+](C)(C)C)C(C)C)OC(=O)N2CCCCC2.[Cl-],1
3-[4-(4-Methylphenyl)piperazin-1-yl]propanoic acid,CC1=CC=C(C=C1)N2CCN(CC2)CCC(=O)O,1
Procodazole,C1=CC=C2C(=C1)NC(=N2)CCC(=O)O,1
"(Z,2R,3R)-N-[(2S)-1-(6,7-dimethyl-3,4-dihydro-2H-1,5-naphthyridin-1-yl)propan-2-yl]oxy-2,4-dimethyl-3-phenylmethoxypentan-1-imine",CC1=CC2=C(CCCN2C[C@H](C)O/N=C\[C@@H](C)[C@@H](C(C)C)OCC3=CC=CC=C3)N=C1C,1
3-Methyl-4-nitrobenzoic acid,CC1=C(C=CC(=C1)C(=O)O)[N+](=O)[O-],1
"3-(4-oxo-4H-3,1-benzoxazin-2-yl)benzyl imidothiocarbamate",C1=CC=C2C(=C1)C(=O)OC(=N2)C3=CC=CC(=C3)CSC(=N)N,1
"methyl (2S,3aS,4R,5R,6R,7aR)-3a,4,5,6-tetrahydroxy-1-(naphthalen-1-ylmethyl)-3,4,5,6,7,7a-hexahydro-2H-indole-2-carboxylate",COC(=O)[C@@H]1C[C@@]2([C@H](N1CC3=CC=CC4=CC=CC=C43)C[C@H]([C@H]([C@H]2O)O)O)O,1
Methyl Ethyl Ketone,CCC(=O)C,1
"2,4-D n-butyl ester",CCCCOC(=O)COC1=C(C=C(C=C1)Cl)Cl,1
2'-(7-Fluoro-9H-fluoren-2-ylcarbamoyl)biphenyl-2-carboxylic acid,C1C2=C(C=CC(=C2)NC(=O)C3=CC=CC=C3C4=CC=CC=C4C(=O)O)C5=C1C=C(C=C5)F,1
"9-acetyl-N-(3-fluorophenyl)-3,9-diazaspiro[5.5]undecane-3-carboxamide",CC(=O)N1CCC2(CC1)CCN(CC2)C(=O)NC3=CC(=CC=C3)F,1
2-[[(2R)-2-bromo-3-methylbutanoyl]amino]acetic acid,CC(C)[C@H](C(=O)NCC(=O)O)Br,1
3-Hydroxyaspartic acid,C(C(C(=O)O)O)(C(=O)O)N,1
Allopurinol,C1=NNC2=C1C(=O)NC=N2,1
1-Hexene,CCCCC=C,1
Leucopterin,C12=C(NC(=O)C(=O)N1)N=C(NC2=O)N,1
(2R)-2-benzylsulfanylpropanoic acid,C[C@H](C(=O)O)SCC1=CC=CC=C1,1
N-Methylaniline,CNC1=CC=CC=C1,1
"(3-Fluorophenyl)(9-(pyrimidin-2-yl)-3,9-diazaspiro[5.5]undecan-3-yl)methanone",C1CN(CCC12CCN(CC2)C(=O)C3=CC(=CC=C3)F)C4=NC=CC=N4,1
"[(1R,5S)-8-methyl-8-oxido-8-azoniabicyclo[3.2.1]octan-3-yl] (2R)-3-hydroxy-2-phenylpropanoate",C[N+]1([C@@H]2CC[C@H]1CC(C2)OC(=O)[C@@H](CO)C3=CC=CC=C3)[O-],1
3-Methoxytyramine,COC1=C(C=CC(=C1)CCN)O,1
"7-Acetyl-6-ethyl-9,10-dihydro-3,5,8-trihydroxy-9,10-dioxo-1,2-anthracenedicarboxylic acid",CCC1=C(C(=C2C(=C1O)C(=O)C3=CC(=C(C(=C3C2=O)C(=O)O)C(=O)O)O)O)C(=O)C,1
(-)-Chicoric acid,C1=CC(=C(C=C1/C=C/C(=O)O[C@@H](C(=O)O)[C@@H](OC(=O)/C=C/C2=CC(=C(C=C2)O)O)C(=O)O)O)O,1
2-(Ethylamino)-8-(2-methoxyethyl)-6-methylpteridin-7-one,CCNC1=NC=C2C(=N1)N(C(=O)C(=N2)C)CCOC,1
Butyl anthranilate,CCCCOC(=O)C1=CC=CC=C1N,1
Mrs-1706,CCCN1C2=C(C(=O)N(C1=O)CCC)NC(=N2)C3=CC=C(C=C3)OCC(=O)NC4=CC=C(C=C4)C(=O)C,1
"(3aS,5aR,6Z,8R,9S,9aS,9bS)-8,9-dihydroxy-2-(3-phenoxyphenyl)-6-phenylmethoxyimino-4,5,5a,7,8,9,9a,9b-octahydro-3aH-benzo[e]isoindole-1,3-dione",C1C[C@H]2[C@H]([C@@H]3[C@@H]1/C(=N\OCC4=CC=CC=C4)/C[C@H]([C@H]3O)O)C(=O)N(C2=O)C5=CC(=CC=C5)OC6=CC=CC=C6,1
"(3-Fluorophenyl)-[2-(2-methylpropyl)-2,7-diazaspiro[3.5]nonan-7-yl]methanone",CC(C)CN1CC2(C1)CCN(CC2)C(=O)C3=CC(=CC=C3)F,1
Lopac-W-105,C1=CN(C(=O)NC1=O)C[C@H](C(=O)O)N,1
"4-[4-[furan-2-ylmethyl(methyl)amino]pyrimidin-2-yl]-N,N-dimethylbenzamide",CN(C)C(=O)C1=CC=C(C=C1)C2=NC=CC(=N2)N(C)CC3=CC=CO3,1
Bde 47,C1=CC(=C(C=C1Br)Br)OC2=C(C=C(C=C2)Br)Br,1
Tocris-0948,C[C@@H](CC1=CC=C(C=C1)OCC(=O)[O-])NC[C@@H](C2=CC(=CC=C2)Cl)O,1
"1,3-Dimethyl-5-nitrobenzene",CC1=CC(=CC(=C1)[N+](=O)[O-])C,1
2-Chlorobenzaldehyde,C1=CC=C(C(=C1)C=O)Cl,1
2-(Ethylamino)-6-(4-fluorophenyl)-8-(2-phenylethyl)pteridin-7-one,CCNC1=NC=C2C(=N1)N(C(=O)C(=N2)C3=CC=C(C=C3)F)CCC4=CC=CC=C4,1
1-Iodo-3-nitrobenzene,C1=CC(=CC(=C1)I)[N+](=O)[O-],1
"(1,1'-Biphenyl)-2-ol",C1=CC=C(C=C1)C2=CC=CC=C2O,1
Tocris-1638,CCN(CC)CCO[C@H]1CC[C@@]2([C@@H]3CC[C@]4([C@@H]([C@@H]3CC=C2C1)CCC4=O)C)C,1
"(10R)-7,15-diazatetracyclo[7.7.1.02,7.010,15]heptadeca-2,4-dien-6-one",C1CCN2CC3CC([C@H]2C1)CN4C3=CC=CC4=O,1
"(1R,2R,3R,4S)-3-(pyridin-3-ylmethylcarbamoyl)-7-oxabicyclo[2.2.1]heptane-2-carboxylic acid",C1C[C@@H]2[C@@H]([C@H]([C@H]1O2)C(=O)NCC3=CN=CC=C3)C(=O)O,1
"(S)-[(2S,4R,5R)-5-ethenyl-1-azabicyclo[2.2.2]octan-2-yl]-quinolin-4-ylmethanol",C=C[C@H]1CN2CC[C@@H]1C[C@H]2[C@H](C3=CC=NC4=CC=CC=C34)O,1
"(1S)-2,3,4,5-Tetrahydro-1-phenyl-1H-3-benzazepine-7,8-diol",C1CNC[C@H](C2=CC(=C(C=C21)O)O)C3=CC=CC=C3,1
Muscimol,C1=C(ONC1=O)CN,1
"(1-Methylpyrrol-2-yl)-(9-pyridin-2-yl-3,9-diazaspiro[5.5]undecan-3-yl)methanone",CN1C=CC=C1C(=O)N2CCC3(CCN(CC3)C4=CC=CC=N4)CC2,1
"sodium (6R,7R)-3-[(carbamoyloxy)methyl]-7-[(2E)-2-(furan-2-yl)-2-(methoxyimino)acetamido]-8-oxo-5-thia-1-azabicyclo[4.2.0]oct-2-ene-2-carboxylate",CO/N=C(\C1=CC=CO1)/C(=O)NC2C3N(C2=O)C(=C(CS3)COC(=O)N)C(=O)[O-].[Na+],1
Bis(8-hydroxyquinoline-5-sulfonic acid);ZINC,C1=CC2=C(C=CC(=C2N=C1)O)S(=O)(=O)O.C1=CC2=C(C=CC(=C2N=C1)O)S(=O)(=O)O.[Zn],1
(-)-Linalool,CC(=CCC[C@](C)(C=C)O)C,1
(alphaR)-alpha-(1-Aminoethyl)benzenemethanol,CC([C@@H](C1=CC=CC=C1)O)N,1
8-(2-Methoxyethyl)-6-methyl-2-(4-methylpiperazin-1-yl)pteridin-7-one,CC1=NC2=CN=C(N=C2N(C1=O)CCOC)N3CCN(CC3)C,1
6-(1-Methylindol-3-yl)-2-(4-methylpiperazin-1-yl)-8-(thiophen-2-ylmethyl)pteridin-7-one,CN1CCN(CC1)C2=NC=C3C(=N2)N(C(=O)C(=N3)C4=CN(C5=CC=CC=C54)C)CC6=CC=CS6,1
(+)-Candicusine,CN1CCC2=CC(=C(C3=C2[C@H]1CC4=CC=C(C=C4)OC5=C(C=CC(=C5)C[C@@H]6C7=CC(=C(C=C7CCN6C)OC)O3)O)O)OC,1
N-Ethyl-o-crotonotoluidide,CCN(C1=CC=CC=C1C)C(=O)/C=C/C,1
"[3,5-Bis(trifluoromethyl)phenyl]-(9-methyl-3,9-diazaspiro[5.5]undecan-3-yl)methanone",CN1CCC2(CC1)CCN(CC2)C(=O)C3=CC(=CC(=C3)C(F)(F)F)C(F)(F)F,1
Indigo,C1=CC=C2C(=C1)C(=C(N2)C3=NC4=CC=CC=C4C3=O)O,1
"N-(3-fluorophenyl)-7-(furan-2-carbonyl)-2,7-diazaspiro[3.5]nonane-2-carboxamide",C1CN(CCC12CN(C2)C(=O)NC3=CC(=CC=C3)F)C(=O)C4=CC=CO4,1
Butyl Chloride,CCCCCl,1
"methyl 4-[(2S,5R)-2-phenyl-3-[(4-phenylphenyl)methyl]-6-[4-(trifluoromethyl)phenyl]-3-azatricyclo[5.1.1.01,5]nonan-7-yl]benzoate",COC(=O)C1=CC=C(C=C1)C23CC4(C2)[C@@H](C3C5=CC=C(C=C5)C(F)(F)F)CN([C@@H]4C6=CC=CC=C6)CC7=CC=C(C=C7)C8=CC=CC=C8,1
"(3aS,5aR,6Z,8R,9S,9aS,9bS)-2-ethyl-8,9-dihydroxy-6-[(1S)-1-[1-[(3S,4S)-4-hydroxyoxolan-3-yl]triazol-4-yl]ethoxy]imino-4,5,5a,7,8,9,9a,9b-octahydro-3aH-benzo[e]isoindole-1,3-dione",CCN1C(=O)[C@H]2CC[C@@H]\3[C@@H]([C@@H]2C1=O)[C@@H]([C@@H](C/C3=N/O[C@@H](C)C4=CN(N=N4)[C@H]5COC[C@H]5O)O)O,1
"Cyclazocine, (+)-",C[C@@H]1[C@@H]2CC3=C([C@]1(CCN2CC4CC4)C)C=C(C=C3)O,1
tert-Butyl hydroperoxide,CC(C)(C)OO,1
"1,3-Bis(4-chlorobenzyl)-2-(9-phenanthryl)hexahydropyrimidine",C1CN(C(N(C1)CC2=CC=C(C=C2)Cl)C3=CC4=CC=CC=C4C5=CC=CC=C53)CC6=CC=C(C=C6)Cl,1
"(1S,4S,5R)-5-ethyl-5-nitrobicyclo[2.2.1]hept-2-ene",CC[C@]1(C[C@@H]2C[C@H]1C=C2)[N+](=O)[O-].CC[C@]1(C[C@@H]2C[C@H]1C=C2)[N+](=O)[O-],1
"4-[[3-(Thiadiazole-4-carbonyl)-3,9-diazaspiro[5.5]undecan-9-yl]methyl]benzonitrile",C1CN(CCC12CCN(CC2)C(=O)C3=CSN=N3)CC4=CC=C(C=C4)C#N,1
"3,3'-(4-Isopropylbenzylidene)bis(4-hydroxycoumarin)",CC(C)C1=CC=C(C=C1)C(C2=C(C3=CC=CC=C3OC2=O)O)C4=C(C5=CC=CC=C5OC4=O)O,1
2-Methoxyaniline,COC1=CC=CC=C1N,1
"[6-(4-acetylphenyl)-3-ethoxycarbonyloxy-3,6-dihydro-2H-pyran-2-yl]methyl ethyl carbonate",CCOC(=O)OCC1C(C=CC(O1)C2=CC=C(C=C2)C(=O)C)OC(=O)OCC,1
Gaboxadol,C1CNCC2=C1C(=O)NO2,1
"Methyl 2-pyridin-2-yl-2,9-diazaspiro[5.5]undecane-9-carboxylate",COC(=O)N1CCC2(CCCN(C2)C3=CC=CC=N3)CC1,1
"2,4-Dinitrotoluene",CC1=C(C=C(C=C1)[N+](=O)[O-])[N+](=O)[O-],1
Methylbenzethonium,CC1=C(C=CC(=C1)C(C)(C)CC(C)(C)C)OCCOCC[N+](C)(C)CC2=CC=CC=C2,1
2-Benzhydrylsulfonylacetic acid,C1=CC=C(C=C1)C(C2=CC=CC=C2)S(=O)(=O)CC(=O)O,1
"1-[2-[(2-Methoxyphenyl)methyl]-2,9-diazaspiro[5.5]undecan-9-yl]ethanone",CC(=O)N1CCC2(CCCN(C2)CC3=CC=CC=C3OC)CC1,1
Ethoxyacetic acid,CCOCC(=O)O,1
Topotecan Hydrochloride,CC[C@@]1(C2=C(COC1=O)C(=O)N3CC4=CC5=C(C=CC(=C5CN(C)C)O)N=C4C3=C2)O.Cl,1
3-(N-(4-Amidosulfonylphenyl)aminomethyl)quinoline,C1=CC=C2C(=C1)C=C(C=N2)CNC3=CC=C(C=C3)S(=O)(=O)N,1
6-(4-Chlorophenyl)-2-(ethylamino)-8-phenylpteridin-7-one,CCNC1=NC=C2C(=N1)N(C(=O)C(=N2)C3=CC=C(C=C3)Cl)C4=CC=CC=C4,1
Gamma-Aminobutyric Acid,C(CC(=O)O)CN,1
Hexachlorobutadiene,C(=C(Cl)Cl)(C(=C(Cl)Cl)Cl)Cl,1
"1,2,3,4-Tetrahydro-9-acridinamine hydrochloride hydrate (1:?:?)",C1CCC2=NC3=CC=CC=C3C(=C2C1)N.O.Cl,1
Astemizole,COC1=CC=C(C=C1)CCN2CCC(CC2)NC3=NC4=CC=CC=C4N3CC5=CC=C(C=C5)F,1
2-[[9-[2-(Dimethylamino)ethyl]-2-methyl-8-phenylpurin-6-yl]amino]ethanol,CC1=NC(=C2C(=N1)N(C(=N2)C3=CC=CC=C3)CCN(C)C)NCCO,1
"3-[(Z)-(5-nitrofuran-2-yl)methylideneamino]-1,3-oxazolidin-2-one",C1COC(=O)N1/N=C\C2=CC=C(O2)[N+](=O)[O-],1
"N,N-di-n-propyldopamine",CCCN(CCC)CCC1=CC(=C(C=C1)O)O,1
"S,S'-(1,4-Phenylene-Bis(1,2-Ethanediyl))Bis-Isothiourea",C1=CC(=CC=C1CCSC(=N)N)CCSC(=N)N,1
"(1S,2R,6R,11S,13S,14S)-4-tert-butyl-14-hydroxy-12-oxa-4-azatetracyclo[7.5.0.02,6.011,13]tetradec-8-ene-3,5,10-trione",CC(C)(C)N1C(=O)[C@@H]2CC=C3[C@H]([C@H]2C1=O)[C@@H]([C@H]4[C@@H](C3=O)O4)O,1
Meticrane,CC1=CC2=C(C=C1S(=O)(=O)N)S(=O)(=O)CCC2,1
"[(4aR)-4a-methyl-2,3,4,9,10,10a-hexahydro-1H-phenanthren-2-yl] benzoate",C[C@@]12CCC(CC1CCC3=CC=CC=C23)OC(=O)C4=CC=CC=C4,1
3-(2-Hydroxyethoxy)benzoic acid,C1=CC(=CC(=C1)OCCO)C(=O)O,1
"1-benzoyl-N,5-dimethyl-2H-pyrrole-5-carboxamide",CC1(C=CCN1C(=O)C2=CC=CC=C2)C(=O)NC,1
4-Methoxyphenol,COC1=CC=C(C=C1)O,1
2-Anilino-6-(4-chlorophenyl)-8-methylpteridin-7-one,CN1C2=NC(=NC=C2N=C(C1=O)C3=CC=C(C=C3)Cl)NC4=CC=CC=C4,1
"N-(1-Oxopentyl)-N-((2'-(2H-tetrazol-5-yl)(1,1'-biphenyl)-4-yl)methyl)valine",CCCCC(=O)N(CC1=CC=C(C=C1)C2=CC=CC=C2C3=NNN=N3)C(C(C)C)C(=O)O,1
Tocris-0477,CCCCCCCCCC(=O)O[C@H](CC(=O)O)C[N+](C)(C)C,1
2-(aminosulfonyl)-9H-purine-6-sulfonic acid,C1=NC2=C(N1)C(=NC(=N2)S(=O)(=O)N)S(=O)(=O)O,1
"Methyl (Z)-3-(2,5-dihydroxyphenyl)acrylate",COC(=O)/C=C\C1=C(C=CC(=C1)O)O,1
bis(adamantan-1-amine);(Z)-but-2-enedioic acid,C1C2CC3CC1CC(C2)(C3)N.C1C2CC3CC1CC(C2)(C3)N.C(=C\C(=O)O)\C(=O)O,1
4-Phenyl-1-(4-phenylbutyl)piperidine,C1CN(CCC1C2=CC=CC=C2)CCCCC3=CC=CC=C3,1
"2,4-Dinitrophenylacetic acid",C1=CC(=C(C=C1[N+](=O)[O-])[N+](=O)[O-])CC(=O)O,1
"2-[(7-Methylsulfonyl-2,7-diazaspiro[3.5]nonan-2-yl)methyl]-1,3-thiazole",CS(=O)(=O)N1CCC2(CC1)CN(C2)CC3=NC=CS3,1
"4-[[3-(3,5-Dimethyl-1,2-oxazole-4-carbonyl)-3,9-diazaspiro[5.5]undecan-9-yl]methyl]benzonitrile",CC1=C(C(=NO1)C)C(=O)N2CCC3(CCN(CC3)CC4=CC=C(C=C4)C#N)CC2,1
6-(2-Carboxyethylthio)purine,C1=NC2=C(N1)C(=NC=N2)SCCC(=O)O,1
"[(10R,14S,23R,25R)-16,17-diacetyloxy-10,12,14,23-tetrahydroxy-6,10,19-trimethyl-13-(2-methylbutanoyloxy)-24-oxa-4-azaheptacyclo[12.12.0.02,11.04,9.015,25.018,23.019,25]hexacosan-22-yl] 2,3-dihydroxy-2-methylbutanoate",CCC(C)C(=O)OC1C(C2C(CN3CC(CCC3[C@]2(C)O)C)C4[C@@]1(C5C(C(C6[C@@]7(C(CCC6([C@]5(C4)O7)C)OC(=O)C(C)(C(C)O)O)O)OC(=O)C)OC(=O)C)O)O,1
"(2S,3S,4R,5S)-5-(6-aminopurin-9-yl)-4-azido-2-(hydroxymethyl)oxolan-3-ol",C1=NC(=C2C(=N1)N(C=N2)[C@@H]3[C@@H]([C@@H]([C@@H](O3)CO)O)N=[N+]=[N-])N,1
Pentachlorophenol,C1(=C(C(=C(C(=C1Cl)Cl)Cl)Cl)Cl)O,1
"N,N-diethyl-m-toluamide",CCN(CC)C(=O)C1=CC=CC(=C1)C,1
8-(2-Methoxyethyl)-2-piperazin-1-ylpteridin-7-one,COCCN1C(=O)C=NC2=CN=C(N=C21)N3CCNCC3,1
Sulfanilic acid,C1=CC(=CC=C1N)S(=O)(=O)O,1
"(8R,9S,10S,11S,13S,14R,16R,17S)-9-fluoro-11,16,17-trihydroxy-17-(2-hydroxyacetyl)-10,13-dimethyl-6,7,8,11,12,14,15,16-octahydrocyclopenta[a]phenanthren-3-one",C[C@]12C[C@@H]([C@@]3([C@@H]([C@H]1C[C@H]([C@@]2(C(=O)CO)O)O)CCC4=CC(=O)C=C[C@@]43C)F)O,1
DL-Acetylproline,CC(=O)N1CCCC1C(=O)O,1
Tocris-1762,C[C@]1(C(=O)C=C(O1)C(=O)O)C2=CC=CC=C2,1
6-(4-Chlorophenyl)-8-cyclopropyl-2-(ethylamino)pteridin-7-one,CCNC1=NC=C2C(=N1)N(C(=O)C(=N2)C3=CC=C(C=C3)Cl)C4CC4,1
"4-Amino-5-hydroxy-6-[[2-hydroxy-4-[3-hydroxy-4-[[5-hydroxy-3-methyl-1-(4-sulfophenyl)pyrazol-4-yl]diazenyl]phenyl]phenyl]diazenyl]naphthalene-1,3-disulfonic acid;copper",CC1=NN(C(=C1N=NC2=C(C=C(C=C2)C3=CC(=C(C=C3)N=NC4=C(C5=C(C=C4)C(=CC(=C5N)S(=O)(=O)O)S(=O)(=O)O)O)O)O)O)C6=CC=C(C=C6)S(=O)(=O)O.[Cu].[Cu],1
"7-Methylsulfonyl-2-(3-phenylphenyl)-2,7-diazaspiro[3.5]nonane",CS(=O)(=O)N1CCC2(CC1)CN(C2)C3=CC=CC(=C3)C4=CC=CC=C4,1
"(2S)-4-amino-N-[(1S,2R,3R,4R,5R)-5-amino-2-[(2S,3S,4R,5S,6S)-4-amino-3,5-dihydroxy-6-(hydroxymethyl)oxan-2-yl]oxy-4-[(2R,3S,4R,5S,6S)-6-(aminomethyl)-3,4,5-trihydroxyoxan-2-yl]oxy-3-hydroxycyclohexyl]-2-hydroxybutanamide;hydrate",C1[C@H]([C@H]([C@H]([C@@H]([C@H]1NC(=O)[C@H](CCN)O)O[C@@H]2[C@H]([C@@H]([C@@H]([C@@H](O2)CO)O)N)O)O)O[C@@H]3[C@H]([C@@H]([C@@H]([C@@H](O3)CN)O)O)O)N.O,1
"8-Cyclopropyl-6-(3,5-difluorophenyl)-2-phenoxypteridin-7-one",C1CC1N2C3=NC(=NC=C3N=C(C2=O)C4=CC(=CC(=C4)F)F)OC5=CC=CC=C5,1
"[9-(2-Methylpropyl)-3,9-diazaspiro[5.5]undecan-3-yl]-(1-methylpyrrol-2-yl)methanone",CC(C)CN1CCC2(CC1)CCN(CC2)C(=O)C3=CC=CN3C,1
"methyl (2R,3R,6R)-4-benzoyl-10-(dimethylcarbamoyl)-3-[(4-fluorophenyl)methyl]-9-[(3,4,5-trifluorophenyl)methyl]-4,9-diazatricyclo[6.3.0.02,6]undeca-1(8),10-diene-3-carboxylate",CN(C)C(=O)C1=CC2=C(N1CC3=CC(=C(C(=C3)F)F)F)C[C@@H]4[C@H]2[C@](N(C4)C(=O)C5=CC=CC=C5)(CC6=CC=C(C=C6)F)C(=O)OC,1
Acetylthiocholine,CC(=O)SCC[N+](C)(C)C,1
6(5H)-Phenanthridinone,C1=CC=C2C(=C1)C3=CC=CC=C3NC2=O,1
"[[5-(6-aminopurin-9-yl)-3,4-dihydroxyoxolan-2-yl]methoxy-hydroxyphosphoryl] [(5R)-5-(3-carbamoylpyridin-1-ium-1-yl)-3,4-dihydroxyoxolan-2-yl]methyl phosphate",C1=CC(=C[N+](=C1)[C@H]2C(C(C(O2)COP(=O)([O-])OP(=O)(O)OCC3C(C(C(O3)N4C=NC5=C(N=CN=C54)N)O)O)O)O)C(=O)N,1
Formononetin,COC1=CC=C(C=C1)C2=COC3=C(C2=O)C=CC(=C3)O,1
2-Amino-3-[(2-amino-2-carboxyethyl)sulfanylmethylsulfanyl]propanoic acid,C(C(C(=O)O)N)SCSCC(C(=O)O)N,1
"9-[4-(diethylamino)butyl]-2-methyl-N,8-diphenylpurin-6-amine",CCN(CC)CCCCN1C(=NC2=C(N=C(N=C21)C)NC3=CC=CC=C3)C4=CC=CC=C4,1
2-(Furan-2-yl)quinoline-4-carboxylic acid,C1=CC=C2C(=C1)C(=CC(=N2)C3=CC=CO3)C(=O)O,1
"(5S,10R,13R,14R)-5,14-dihydroxy-13-methyl-17-(5-oxo-2H-furan-3-yl)-3-[(2R)-3,4,5-trihydroxy-6-methyloxan-2-yl]oxy-2,3,4,6,7,8,9,11,12,15,16,17-dodecahydro-1H-cyclopenta[a]phenanthrene-10-carbaldehyde",CC1C(C(C([C@@H](O1)OC2CC[C@]3(C4CC[C@@]5(C(CC[C@]5(C4CC[C@@]3(C2)O)O)C6=CC(=O)OC6)C)C=O)O)O)O,1
Npc54264,C[C@@]12CCC(C1(C)C)CC2=O,1
"N,N,2-trimethyl-5-nitrobenzenesulfonamide",CC1=C(C=C(C=C1)[N+](=O)[O-])S(=O)(=O)N(C)C,1
Carmoxirole hydrochloride,C1CN(CC=C1C2=CC=CC=C2)CCCCC3=CNC4=C3C=C(C=C4)C(=O)O.Cl,1
"ethyl 3-[(3aS,5aS,6Z,8R,9S,9aS,9bS)-8,9-dihydroxy-1,3-dioxo-6-(phenylmethoxycarbonylhydrazinylidene)-4,5,5a,7,8,9,9a,9b-octahydro-3aH-benzo[e]isoindol-2-yl]propanoate",CCOC(=O)CCN1C(=O)[C@H]2CC[C@H]\3[C@@H]([C@@H]2C1=O)[C@@H]([C@@H](C/C3=N/NC(=O)OCC4=CC=CC=C4)O)O,1
Potassium Dichromate,[O-][Cr](=O)(=O)O[Cr](=O)(=O)[O-].[K+].[K+],1
4-Piperidinecarboxylic acid,C1CNCCC1C(=O)O,1
(1-methylpiperidin-4-yl) (2R)-2-hydroxy-5-methyl-2-phenylhex-5-en-3-ynoate,CC(=C)C#C[C@](C1=CC=CC=C1)(C(=O)OC2CCN(CC2)C)O,1
"2,3-Dichloropropene",C=C(CCl)Cl,1
Succinonitrile,C(CC#N)C#N,1
"1-(2-Phenyl-2,7-diazaspiro[3.5]nonan-7-yl)ethanone",CC(=O)N1CCC2(CC1)CN(C2)C3=CC=CC=C3,1
"3-[(3S,5S,8S,9S,10R,12R,13S,14S,17R)-3,12,14-trihydroxy-10,13-dimethyl-1,2,3,4,5,6,7,8,9,11,12,15,16,17-tetradecahydrocyclopenta[a]phenanthren-17-yl]-2H-furan-5-one",C[C@@]12CC[C@@H](C[C@@H]1CC[C@H]3[C@@H]2C[C@H]([C@]4([C@@]3(CC[C@@H]4C5=CC(=O)OC5)O)C)O)O,1
2-(p-Toluenesulfonyloxy)acetic Acid,CC1=CC=C(C=C1)S(=O)(=O)OCC(=O)O,1
"[(1S,2S,3S,4S,5S,6R,8R,9S,10R,13R,16S,17R)-11-ethyl-8,16-dihydroxy-6-methoxy-13-(methoxymethyl)-11-azahexacyclo[7.7.2.12,5.01,10.03,8.013,17]nonadecan-4-yl] acetate",CCN1C[C@]2(CC[C@@H]([C@@]34[C@@H]2C[C@@H]([C@H]31)[C@@]5(C[C@H]([C@@H]6C[C@H]4[C@H]5[C@H]6OC(=O)C)OC)O)O)COC,1
"2,2-Bis(bromomethyl)-1,3-propanediol",C(C(CO)(CBr)CBr)O,1
p-Benzenediarsonic acid,C1=CC(=CC=C1[As](=O)(O)O)[As](=O)(O)O,1
6-(3-Chlorophenyl)-8-methylpteridin-7-one,CN1C2=NC=NC=C2N=C(C1=O)C3=CC(=CC=C3)Cl,1
Camptothecin,CC[C@@]1(C2=C(COC1=O)C(=O)N3CC4=CC5=CC=CC=C5N=C4C3=C2)O,1
"cis-(1R,2S)-1-methylcyclopentane-1,2-dicarboxylic acid",C[C@]1(CCC[C@@H]1C(=O)O)C(=O)O.C[C@]1(CCC[C@@H]1C(=O)O)C(=O)O,1
"[(Z)-(3,4-dihydroxyphenyl)methylideneamino]-trimethylazanium iodide",C[N+](C)(C)/N=C\C1=CC(=C(C=C1)O)O.[I-],1
"[2-[4-Azanyl-1-methyl-2,6-bis(oxidanylidene)-3-(phenylmethyl)pyrimidin-5-yl]-2-oxidanylidene-ethyl] 2-(trifluoromethyl)quinoline-4-carboxylate",CN1C(=O)C(=C(N(C1=O)CC2=CC=CC=C2)N)C(=O)COC(=O)C3=CC(=NC4=CC=CC=C43)C(F)(F)F,1
1-Propoxy-2-propanol,CCCOCC(C)O,1
C17H28BrNO7,CN1[C@H]2CC(C[C@H]1[C@H]3[C@@H]2O3)OC(=O)[C@H](CO)C4=CC=CC=C4.O.O.O.Br,1
DL-Methylephedrine saccharinate,CC([C@@H](C1=CC=CC=C1)O)N(C)C,1
Heptanoic Acid,CCCCCCC(=O)O,1
"2-[(2,8-Dimethyl-9-propylpurin-6-yl)amino]ethanol",CCCN1C(=NC2=C(N=C(N=C21)C)NCCO)C,1
GlyTouCan:G01245BR,CC(=O)NC1C(C[C@](OC1[C@H](C(CO)O)O)(C(=O)O)O)O,1
Fenspiride Hydrochloride,C1CN(CCC12CNC(=O)O2)CCC3=CC=CC=C3.Cl,1
(2R)-1-methyl-2-(2-piperidin-1-ylethyl)piperidine,CN1CCCC[C@@H]1CCN2CCCCC2,1
"1,10-Phenanthroline",C1=CC2=C(C3=C(C=CC=N3)C=C2)N=C1,1
"(2S,3R)-2,3-dihydroxy-3-[(4R,5R)-5-(hydroxymethyl)-2-(4-methylphenyl)-1,3,2-dioxastibolan-4-yl]propanoic acid;dihydrate",CC1=CC=C(C=C1)[Sb]2O[C@@H]([C@H](O2)[C@@H]([C@@H](C(=O)O)O)O)CO.O.O,1
"(7S)-7-(Dipropylamino)-4-fluoro-5,6,7,8-tetrahydro-1-naphthalenol",CCCN(CCC)[C@H]1CCC2=C(C=CC(=C2C1)O)F,1
"(1R,2S,7S,9R,10S)-9-[(2S)-4-(dimethylamino)-3-hydroxy-6-methyloxan-2-yl]oxy-3-ethyl-2,10-dihydroxy-7-[(2R,4R)-5-hydroxy-4-methoxy-4,6-dimethyloxan-2-yl]oxy-15-(2-methoxyethoxymethyl)-2,6,8,10,12,17-hexamethyl-4,16-dioxa-14-azabicyclo[11.3.1]heptadecan-5-one",CCC1[C@]([C@H]2C(C(C(C[C@]([C@@H](C([C@@H](C(C(=O)O1)C)O[C@H]3C[C@@](C(C(O3)C)O)(C)OC)C)O[C@H]4C(C(CC(O4)C)N(C)C)O)(C)O)C)NC(O2)COCCOC)C)(C)O,1
N-(4-Chlorophenyl)guanidine,C1=CC(=CC=C1N=C(N)N)Cl,1
"2-{[(E)-[(2-Amino-1,3-thiazol-4-YL)[(2-methyl-4-oxo-1-sulfoazetidin-3-YL)carbamoyl]methylidene]amino]oxy}-2-methylpropanoic acid",CC1C(C(=O)N1S(=O)(=O)O)NC(=O)/C(=N/OC(C)(C)C(=O)O)/C2=CSC(=N2)N,1
3-(6-hydroxy-3-oxo-3H-xanthen-9-yl)-1-phenyl-2-naphthoic acid,C1=CC=C(C=C1)C2=C(C(=CC3=CC=CC=C32)C4=C5C=CC(=O)C=C5OC6=C4C=CC(=C6)O)C(=O)O,1
"(8R,9S,10S,11S,13R,14R,17S)-11,17-dihydroxy-17-(2-hydroxyacetyl)-10,13-dimethyl-2,6,7,8,9,11,12,14,15,16-decahydro-1H-cyclopenta[a]phenanthren-3-one",C[C@@]12CCC(=O)C=C1CC[C@H]3[C@@H]2[C@H](C[C@@]4([C@@H]3CC[C@]4(C(=O)CO)O)C)O,1
Butylparaben,CCCCOC(=O)C1=CC=C(C=C1)O,1
(2-Aminoethyl)phosphonic acid,C(CP(=O)(O)O)N,1
Chavicinic acid,C1OC2=C(O1)C=C(C=C2)/C=C\C=C/C(=O)O,1
"6-(3,5-Difluorophenyl)-2-morpholin-4-yl-8-(thiophen-2-ylmethyl)pteridin-7-one",C1COCCN1C2=NC=C3C(=N2)N(C(=O)C(=N3)C4=CC(=CC(=C4)F)F)CC5=CC=CS5,1
Etamsylate,CCNCC.C1=CC(=C(C=C1O)S(=O)(=O)O)O,1
Tinidazole,CCS(=O)(=O)CCN1C(=NC=C1[N+](=O)[O-])C,1
Butyl Acetate,CCCCOC(=O)C,1
Gardenin B,COC1=CC=C(C=C1)C2=CC(=O)C3=C(C(=C(C(=C3O2)OC)OC)OC)O,1
N-Methylcarbamylcholine,CNC(=O)OCC[N+](C)(C)C,1
"(1S,2R,3S,4R,5S,6S,8S,9R,10S,13R,16S,17S)-11-ethyl-6-methoxy-13-methyl-11-azahexacyclo[7.7.2.12,5.01,10.03,8.013,17]nonadecane-4,8,16-triol",CCN1C[C@@]2(CC[C@@H]([C@@]34[C@H]2C[C@H]([C@@H]31)[C@]5(C[C@@H]([C@H]6C[C@@H]4[C@H]5[C@@H]6O)OC)O)O)C,1
Procainamide Hydrochloride,CCN(CC)CCNC(=O)C1=CC=C(C=C1)N.Cl,1
3-[2-(Dimethylamino)-6-methyl-7-oxopteridin-8-yl]propanenitrile,CC1=NC2=CN=C(N=C2N(C1=O)CCC#N)N(C)C,1
"(1R,9R,10E,11R,13R,14S)-10-[(2E)-3,7-dimethylocta-2,6-dienoxy]imino-14-hydroxy-4-phenyl-12-oxa-2,4,6-triazatetracyclo[7.5.0.02,6.011,13]tetradecane-3,5-dione",CC(=CCC/C(=C/CO/N=C/1\[C@@H]2CCN3C(=O)N(C(=O)N3[C@H]2[C@@H]([C@@H]4[C@@H]1O4)O)C5=CC=CC=C5)/C)C,1
Haloperidol,C1CN(CCC1(C2=CC=C(C=C2)Cl)O)CCCC(=O)C3=CC=C(C=C3)F,1
"3-(4-(4-Chlorophenyl)cyclohexyl)-4-hydroxynaphthalene-1,2-dione",C1CC(CCC1C2=CC=C(C=C2)Cl)C3=C(C4=CC=CC=C4C(=O)C3=O)O,1
Lopac-C-3912,C1[C@H]2[C@@H]([C@H]([C@@H](O2)N3C4=NC=NC(=C4N=C3SC5=CC=C(C=C5)Cl)N)O)OP(=O)(O1)[O-].[Na+],1
(-)-2-Difluoromethylornithine,C(C[C@](C(F)F)(C(=O)O)N)CN,1
"2,4-Dimethylphenol",CC1=CC(=C(C=C1)O)C,1
2-Cyclohexen-1-one,C1CC=CC(=O)C1,1
"ethyl N-[(Z)-[(3aS,5aS,8R,9S,9aS,9bS)-2-benzyl-8,9-dihydroxy-1,3-dioxo-4,5,5a,7,8,9,9a,9b-octahydro-3aH-benzo[e]isoindol-6-ylidene]amino]carbamate",CCOC(=O)N/N=C\1/C[C@H]([C@H]([C@H]2[C@@H]1CC[C@H]3[C@H]2C(=O)N(C3=O)CC4=CC=CC=C4)O)O,1
6-(furan-3-yl)-N-piperidin-4-ylquinazolin-4-amine,C1CNCCC1NC2=NC=NC3=C2C=C(C=C3)C4=COC=C4,1
"(3aR,5aS,9R,9aR,9bS)-2-ethyl-9-hydroxy-4,5,5a,9,9a,9b-hexahydro-3aH-benzo[e]isoindole-1,3,6-trione",CCN1C(=O)[C@@H]2CC[C@H]3[C@H]([C@@H]2C1=O)[C@@H](C=CC3=O)O,1
S-Ethylisothiourea,CCSC(=N)N,1
Diaminomaleonitrile,C(#N)/C(=C(\C#N)/N)/N,1
"4-(2,4-Dichlorophenoxy)butyric acid",C1=CC(=C(C=C1Cl)Cl)OCCCC(=O)O,1
"(1S,2R,3R,4S)-3-(pyrimidin-2-ylcarbamoyl)-7-oxabicyclo[2.2.1]hept-5-ene-2-carboxylic acid",C1=CN=C(N=C1)NC(=O)[C@H]2[C@@H]3C=C[C@@H]([C@@H]2C(=O)O)O3,1
"(1S,3R,4S,7R,9R,11R,15S,16S,17S,18S,19Z,25Z,29Z,33S,35S,36R,37R)-33-[(2S,3S,4R,5S,6S)-4-amino-3,5-dihydroxy-6-methyloxan-2-yl]oxy-1,3,4,7,9,11,17,37-octahydroxy-15,16,18-trimethyl-13-oxo-14,39-dioxabicyclo[33.3.1]nonatriaconta-19,21,25,27,29,31-hexaene-36-carboxylic acid",C[C@H]1/C=C\C=CCC/C=C\C=C/C=C\C=C[C@H](C[C@H]2[C@@H]([C@@H](C[C@](O2)(C[C@H]([C@H](CC[C@H](C[C@H](C[C@H](CC(=O)O[C@H]([C@H]([C@H]1O)C)C)O)O)O)O)O)O)O)C(=O)O)O[C@@H]3[C@H]([C@@H]([C@@H]([C@@H](O3)C)O)N)O,1
"3,7-Dimethyl-1-propargylxanthine",CN1C=NC2=C1C(=O)N(C(=O)N2C)CC#C,1
"11-Bromo-1,5-dioxaspiro[5.5]undeca-7,10-dien-9-one",C1COC2(C=CC(=O)C=C2Br)OC1,1
(2-Dodecenyl)succinic anhydride,CCCCCCCCC/C=C/CC1CC(=O)OC1=O,1
Hydroxyurea,C(=O)(N)NO,1
4-Aminoantipyrine,CC1=C(C(=O)N(N1C)C2=CC=CC=C2)N,1
"P,P'-ddd",C1=CC(=CC=C1C(C2=CC=C(C=C2)Cl)C(Cl)Cl)Cl,1
"Edelfosine, (S)-",CCCCCCCCCCCCCCCCCCOC[C@@H](COP(=O)([O-])OCC[N+](C)(C)C)OC,1
"6-(3,5-dimethyl-1,2-oxazol-4-yl)-N-piperidin-4-ylpyrimidin-4-amine",CC1=C(C(=NO1)C)C2=CC(=NC=N2)NC3CCNCC3,1
"2-[2-(2-Aminoethyl)-1,3-thiazol-4-yl]-1,3-thiazole-4-carboxylic acid",C1=C(N=C(S1)CCN)C2=NC(=CS2)C(=O)O,1
Amisulpride,CCN1CCCC1CNC(=O)C2=CC(=C(C=C2OC)N)S(=O)(=O)CC,1
"3-[(5R,10R,13R,14R)-3-[(2R)-3,5-dihydroxy-4-methoxy-6-methyloxan-2-yl]oxy-14-hydroxy-10,13-dimethyl-1,2,3,4,5,6,7,8,9,11,12,15,16,17-tetradecahydrocyclopenta[a]phenanthren-17-yl]-2H-furan-5-one",CC1C(C(C([C@@H](O1)OC2CC[C@@]3([C@@H](C2)CCC4C3CC[C@]5([C@]4(CCC5C6=CC(=O)OC6)O)C)C)O)OC)O,1
3-(Diethoxyphosphorylmethyl)-4-hydroxy-4-phenylbutan-2-one,CCOP(=O)(CC(C(C1=CC=CC=C1)O)C(=O)C)OCC,1
"N1,N1-dimethyl-N3-(9H-purin-6-yl)-1,3-propanediamine",CN(C)CCCNC1=NC=NC2=C1NC=N2,1
"(+-)-2,3-Dichloro-1-propanol",C(C(CCl)Cl)O,1
2-Chloropyridine,C1=CC=NC(=C1)Cl,1
Clonidine,C1CN=C(N1)NC2=C(C=CC=C2Cl)Cl,1
"2-((E)-(2,4-Dihydroxyquinolin-3-yl)diazenyl)-N,N,5-trimethylbenzenesulfonamide",CC1=CC(=C(C=C1)N=NC2=C(C3=CC=CC=C3NC2=O)O)S(=O)(=O)N(C)C,1
"(1R,6Z,8R,9S,14Z,16R,17S,20R)-20-hydroxy-9-methoxy-8,16-dimethyl-3,11,21-trioxabicyclo[15.3.1]henicosa-6,14,18-triene-4,12-dione",C[C@@H]1/C=C\CC(=O)OC[C@@H]2[C@@H](C=C[C@H](O2)[C@@H](/C=C\CC(=O)OC[C@H]1OC)C)O,1
N5-(1-iminoethyl)-L-ornithine,CC(=NCCC[C@@H](C(=O)O)N)N,1
2-Anilino-6-(4-methoxyphenyl)-8-(thiophen-2-ylmethyl)pteridin-7-one,COC1=CC=C(C=C1)C2=NC3=CN=C(N=C3N(C2=O)CC4=CC=CS4)NC5=CC=CC=C5,1
"(3aS,5aR,6Z,8R,9S,9aS,9bS)-2-ethyl-8,9-dihydroxy-6-phenylmethoxyimino-4,5,5a,7,8,9,9a,9b-octahydro-3aH-benzo[e]isoindole-1,3-dione",CCN1C(=O)[C@H]2CC[C@@H]\3[C@@H]([C@@H]2C1=O)[C@@H]([C@@H](C/C3=N/OCC4=CC=CC=C4)O)O,1
1-(6-Chloro-2-pyridinyl)-4-piperidinamine,C1CN(CCC1N)C2=NC(=CC=C2)Cl,1
2-(Benzylthio)ethanol,C1=CC=C(C=C1)CSCCO,1
"4-(1H-Benzimidazol-2-yl)-2,2-dimethylbutanoic acid",CC(C)(CCC1=NC2=CC=CC=C2N1)C(=O)O,1
2-Palmitoylglycerol,CCCCCCCCCCCCCCCC(=O)OC(CO)CO,1
"2-[[3,5-Bis(trifluoromethyl)phenyl]methyl]-2,7-diazaspiro[3.5]nonane",C1CNCCC12CN(C2)CC3=CC(=CC(=C3)C(F)(F)F)C(F)(F)F,1
[(2S)-1-(carbamoylamino)propan-2-yl]urea,C[C@@H](CNC(=O)N)NC(=O)N,1
"methyl (Z,5S,6R)-6-(2-bromophenyl)-6-methoxy-5-methylhex-3-enoate",C[C@@H](/C=C\CC(=O)OC)[C@H](C1=CC=CC=C1Br)OC,1
2-methoxy-6-[(1R)-1-(methylamino)-2-phenylethyl]phenol,CN[C@H](CC1=CC=CC=C1)C2=C(C(=CC=C2)OC)O,1
"ethyl 3-[(1S,2R,6R,11S,13S,14S)-14-hydroxy-3,5,10-trioxo-12-oxa-4-azatetracyclo[7.5.0.02,6.011,13]tetradec-8-en-4-yl]propanoate",CCOC(=O)CCN1C(=O)[C@@H]2CC=C3[C@H]([C@H]2C1=O)[C@@H]([C@H]4[C@@H](C3=O)O4)O,1
"4-[(2S)-4,6-diamino-2-(4-chlorophenyl)-2H-1,3,5-triazin-1-yl]benzenesulfonamide",C1=CC(=CC=C1[C@H]2N=C(N=C(N2C3=CC=C(C=C3)S(=O)(=O)N)N)N)Cl,1
Tris(2-chloroethyl)amine hydrochloride,C(CCl)N(CCCl)CCCl.Cl,1
[4-[(S)-amino(carboxy)methyl]phenyl]-trimethylazanium,C[N+](C)(C)C1=CC=C(C=C1)[C@@H](C(=O)O)N,1
"4-heptyl-1,5-dimethyl-6-[(E)-non-1-enyl]bicyclo[3.2.1]oct-6-en-2-one",CCCCCCC/C=C/C1=CC2(CC1(C(CC2=O)CCCCCCC)C)C,1
2-methoxy-6-(1-methylindol-3-yl)-8-[[(2R)-oxolan-2-yl]methyl]pteridin-7-one,CN1C=C(C2=CC=CC=C21)C3=NC4=CN=C(N=C4N(C3=O)C[C@H]5CCCO5)OC,1
"N1,N1-dimethyl-N2,N2-di(2-pyridinyl)-1,2-ethanediamine",CN(C)CCN(C1=CC=CC=N1)C2=CC=CC=N2,1
gamma-D-Glutamylglycine,C(CC(=O)NCC(=O)O)[C@H](C(=O)O)N,1
Meclofenoxate Hydrochloride,CN(C)CCOC(=O)COC1=CC=C(C=C1)Cl.Cl,1
"[(2S,3S,6R)-3-[(E)-4-(2,3-diethyl-7,8-dihydro-5H-1,6-naphthyridin-6-yl)butan-2-ylideneamino]oxy-6-prop-2-enyl-3,6-dihydro-2H-pyran-2-yl]methanol",CCC1=C(N=C2CCN(CC2=C1)CC/C(=N/O[C@H]3C=C[C@H](O[C@H]3CO)CC=C)/C)CC,1
GlyTouCan:G63571CV,CC(=O)N[C@H]1C(C(C(OC1O)CO)O)O,1
"1-(2-Benzhydryl-2,7-diazaspiro[3.5]nonan-7-yl)ethanone",CC(=O)N1CCC2(CC1)CN(C2)C(C3=CC=CC=C3)C4=CC=CC=C4,1
"(2R)-2-amino-2,4-diphenylbutanoic acid",C1=CC=C(C=C1)CC[C@@](C2=CC=CC=C2)(C(=O)O)N,1
"2,4-Diethyl-5-methoxy-2,3-dihydrofuro[2,3-b]quinoline",CCC1CC2=C(C3=C(C=CC=C3OC)N=C2O1)CC,1
"7-Methylsulfonyl-2-pyridin-4-yl-2,7-diazaspiro[3.5]nonane",CS(=O)(=O)N1CCC2(CC1)CN(C2)C3=CC=NC=C3,1
"2-Amino-9-[3,4-dihydroxy-5-(hydroxymethyl)oxolan-2-yl]-8-thioxo-3,7-dihydropur in-6-one",C(C1C(C(C(O1)N2C3=C(C(=O)NC(=N3)N)NC2=S)O)O)O,1
Brinaldix,CC1CCCC(N1NC(=O)C2=CC(=C(C=C2)Cl)S(=O)(=O)N)C,1
DAU 5884 hydrochloride,CN1[C@@H]2CC[C@H]1CC(C2)OC(=O)N3CC4=CC=CC=C4NC3=O.Cl,1
"4-Methyl-7,8-bis[(methylsulfonyl)oxy]-2H-1-benzopyran-2-one",CC1=CC(=O)OC2=C1C=CC(=C2OS(=O)(=O)C)OS(=O)(=O)C,1
"(5S,7S,2R,6R)-7-hydroxy-5,9,13-trimethyl-3-oxatricyclo[8.3.0.0<2,6>]trideca-9, 12-diene-4,11-dione",C[C@H]1[C@@H]2[C@H](CC(=C3C([C@H]2OC1=O)C(=CC3=O)C)C)O,1
"trimethyl (7S)-1-benzyl-7-hydroxy-2-methyl-6-oxo-4-phenyl-4,8-dihydropyrido[1,2-a]pyrimidine-3,7,9-tricarboxylate",CC1=C(C(N2C(=C(C[C@](C2=O)(C(=O)OC)O)C(=O)OC)N1CC3=CC=CC=C3)C4=CC=CC=C4)C(=O)OC,1
"dimethyl (2R,3S,5S,6S)-4-hydroxy-1,2,6-trimethylpiperidine-3,5-dicarboxylate",C[C@@H]1[C@@H](C([C@H]([C@@H](N1C)C)C(=O)OC)O)C(=O)OC,1
(2S)-2-[(2-amino-7H-purin-6-yl)sulfanyl]pentanoic acid,CCC[C@@H](C(=O)O)SC1=NC(=NC2=C1NC=N2)N,1
Hexamethonium bromide dihydrate,C[N+](C)(C)CCCCCC[N+](C)(C)C.O.O.[Br-].[Br-],1
"(3S)-5-[(2R,3S)-2,3-dimethyloxolan-2-yl]oxy-3-methylpentan-2-one",C[C@H]1CCO[C@]1(C)OCC[C@H](C)C(=O)C,1
9-[3-(diethylamino)propyl]-N-(2-methoxyethyl)-2-methyl-8-phenylpurin-6-amine,CCN(CC)CCCN1C(=NC2=C(N=C(N=C21)C)NCCOC)C3=CC=CC=C3,1
"2,6-Dichlorobenzaldehyde",C1=CC(=C(C(=C1)Cl)C=O)Cl,1
"(1R,5S,6S,7R)-8-benzyl-4-oxo-8-azabicyclo[3.2.1]oct-2-ene-6,7-dicarboxylic acid",C1=CC=C(C=C1)CN2[C@@H]3C=CC(=O)[C@@H]2[C@H]([C@H]3C(=O)O)C(=O)O,1
"5-((4-((2,6-Dimethyl-4-pyrimidinyl)amino)phenyl)diazenyl)-8-quinolinol",CC1=CC(=NC(=N1)C)NC2=CC=C(C=C2)N=NC3=C4C=CC=NC4=C(C=C3)O,1
5-(3-(2-(3-(1H-tetraazol-5-yl)phenyl)hydrazino)phenyl)-1H-tetraazole,C1=CC(=CC(=C1)NNC2=CC=CC(=C2)C3=NNN=N3)C4=NNN=N4,1
"(2S)-7-[(2R,3S,4R,5S,6S)-4,5-dihydroxy-6-(hydroxymethyl)-3-[(2R,3S,4R,5S,6S)-3,4,5-trihydroxy-6-methyloxan-2-yl]oxyoxan-2-yl]oxy-5-hydroxy-2-(4-hydroxyphenyl)-2,3-dihydrochromen-4-one;hydrate",C[C@H]1[C@H]([C@H]([C@@H]([C@H](O1)O[C@H]2[C@@H]([C@@H]([C@@H](O[C@@H]2OC3=CC(=C4C(=O)C[C@H](OC4=C3)C5=CC=C(C=C5)O)O)CO)O)O)O)O)O.O,1
"2,2,3,3,4,4,5,5-octamethylcyclopentanone O-ethyloxime",CCON=C1C(C(C(C1(C)C)(C)C)(C)C)(C)C,1
"Phenyl 9-methyl-3,9-diazaspiro[5.5]undecane-3-carboxylate",CN1CCC2(CC1)CCN(CC2)C(=O)OC3=CC=CC=C3,1
"(3S,11S,12S)-5-(furan-3-yl)-12-hydroxy-3,11-dimethyl-6,14-dioxatetracyclo[10.2.2.02,11.03,8]hexadec-15-ene-7,13-dione",C[C@]12CCC3C(=O)OC(C[C@]3(C1C4C=C[C@]2(C(=O)O4)O)C)C5=COC=C5,1
Tocris-0622,C[C@]12CCN([C@@H]1N(C3=C2C=C(C=C3)OC(=O)NC)C)C,1
S-(phenylcarbonyl)-L-cysteine,C1=CC=C(C=C1)C(=O)SC[C@@H](C(=O)O)N,1
(-)-Stachydrine,C[N+]1(CCC[C@H]1C(=O)[O-])C,1
"4-[[3-(1-Methylpyrrole-2-carbonyl)-3,9-diazaspiro[5.5]undecan-9-yl]methyl]benzonitrile",CN1C=CC=C1C(=O)N2CCC3(CCN(CC3)CC4=CC=C(C=C4)C#N)CC2,1
"2-[3-(3-Methylbut-2-enyl)-1,4-dioxonaphthalen-2-yl]oxyacetic acid",CC(=CCC1=C(C(=O)C2=CC=CC=C2C1=O)OCC(=O)O)C,1
"2-(1,3-benzoxazol-3(2H)-ylmethyl)-5-((cyclohexylamino)methyl)-1,4-benzenediol",C1CCC(CC1)NCC2=CC(=C(C=C2O)CN3COC4=CC=CC=C43)O,1
Tocris-0803,C[C@](COP(=O)(O)O)(C(=O)O)N,1
"1,1,1-Trichloroethane",CC(Cl)(Cl)Cl,1
Veratraldehyde,COC1=C(C=C(C=C1)C=O)OC,1
Dimethyl-p-toluidine,CC1=CC=C(C=C1)N(C)C,1
1-(((1-Naphthylmethyl)thio)methyl)naphthalene,C1=CC=C2C(=C1)C=CC=C2CSCC3=CC=CC4=CC=CC=C43,1
"Doxylamine succinate, (R)-",C[C@@](C1=CC=CC=C1)(C2=CC=CC=N2)OCCN(C)C.C(CC(=O)O)C(=O)O,1
"(1S,2R,4R,8R,9R,12R,13S,16S,18S)-16-hydroxy-6-[(3S)-4-hydroxy-3-methylbutyl]-7,9,13-trimethyl-5-oxapentacyclo[10.8.0.02,9.04,8.013,18]icos-6-en-10-one",CC1=C(O[C@H]2[C@H]1[C@]3([C@H](C2)[C@H]4CC[C@H]5C[C@H](CC[C@@]5([C@@H]4CC3=O)C)O)C)CC[C@H](C)CO,1
"6-(6-Cyclopropyl-4-methyl-2-oxo-5-phenylmethoxycarbonyl-1,6-dihydropyrimidin-3-yl)hexanoic acid",CC1=C(C(NC(=O)N1CCCCCC(=O)O)C2CC2)C(=O)OCC3=CC=CC=C3,1
"2-(3,5-dimethyl-1,2-oxazol-4-yl)-N-(4-fluorophenyl)quinazolin-4-amine",CC1=C(C(=NO1)C)C2=NC3=CC=CC=C3C(=N2)NC4=CC=C(C=C4)F,1
"(6S)-5-amino-2-(aminomethyl)-6-[(2R,3S)-5-[(1S,6R)-3,5-diamino-2-[(2S)-3-amino-4,5-dihydroxy-6-(hydroxymethyl)oxan-2-yl]oxy-6-hydroxycyclohexyl]oxy-4-hydroxy-2-(hydroxymethyl)oxolan-3-yl]oxyoxane-3,4-diol;sulfuric acid",C1C([C@H]([C@@H](C(C1N)O[C@@H]2C(C(C(C(O2)CO)O)O)N)OC3C([C@@H]([C@H](O3)CO)O[C@H]4C(C(C(C(O4)CN)O)O)N)O)O)N.OS(=O)(=O)O,1
5-Phenylpyrrole-2-propionic acid,C1=CC=C(C=C1)C2=CC=C(N2)CCC(=O)O,1
"(3aS,5aS,6Z,8R,9S,9aS,9bS)-2-cyclohexyl-8,9-dihydroxy-6-phenylmethoxyimino-4,5,5a,7,8,9,9a,9b-octahydro-3aH-benzo[e]isoindole-1,3-dione",C1CCC(CC1)N2C(=O)[C@H]3CC[C@H]\4[C@@H]([C@@H]3C2=O)[C@@H]([C@@H](C/C4=N/OCC5=CC=CC=C5)O)O,1
"3-(4-Chlorophenyl)-6-(5-(hydroxy(oxido)amino)-2-furyl)-7H-[1,2,4]triazolo[3,4-b][1,3,4]thiadiazine",C1C(=NN2C(=NN=C2S1)C3=CC=C(C=C3)Cl)C4=CC=C(O4)[N+](=O)[O-],1
"(4aR,12bS)-4a,9-dihydroxy-3-prop-2-enyl-2,4,5,6,7a,13-hexahydro-1H-4,12-methanobenzofuro[3,2-e]isoquinolin-7-one;hydrochloride",C=CCN1CC[C@]23C4C(=O)CC[C@@]2(C1CC5=C3C(=C(C=C5)O)O4)O.Cl,1
2-Methyl-1-(4-methylpiperazin-1-yl)-3-phenylpropan-1-one,CC(CC1=CC=CC=C1)C(=O)N2CCN(CC2)C,1
Sodium Azide,[N-]=[N+]=[N-].[Na+],1
[(Z)-C-methyl-N-[(4-methylphenyl)sulfonylamino]carbonimidoyl]phosphonic acid,CC1=CC=C(C=C1)S(=O)(=O)N/N=C(/C)\P(=O)(O)O,1
1-Benzoyl-5-methoxy-2-methylindole-3-acetic acid,CC1=C(C2=C(N1C(=O)C3=CC=CC=C3)C=CC(=C2)OC)CC(=O)O,1
"2,4-Dichlorobenzaldehyde",C1=CC(=C(C=C1Cl)Cl)C=O,1
N-(Acetyloxy)-N-(4-chlorobenzene-1-sulfonyl)acetamide,CC(=O)N(OC(=O)C)S(=O)(=O)C1=CC=C(C=C1)Cl,1
"(1S,19E,21E,25E,27E,29E,31E)-33-(4-amino-3,5-dihydroxy-6-methyloxan-2-yl)oxy-1,3,4,7,9,11,17,37-octahydroxy-15,16,18-trimethyl-13-oxo-14,39-dioxabicyclo[33.3.1]nonatriaconta-19,21,25,27,29,31-hexaene-36-carboxylic acid",CC1/C=C/C=C/CC/C=C/C=C/C=C/C=C/C(CC2C(C(C[C@](O2)(CC(C(CCC(CC(CC(CC(=O)OC(C(C1O)C)C)O)O)O)O)O)O)O)C(=O)O)OC3C(C(C(C(O3)C)O)N)O,1
"[(E)-1-(3,4-dimethylphenyl)ethylideneamino]-trimethyl-ammonium",CC1=C(C=C(C=C1)/C(=N/[N+](C)(C)C)/C)C,1
Acetylcholine Chloride,CC(=O)OCC[N+](C)(C)C.[Cl-],1
2-Bromotoluene,CC1=CC=CC=C1Br,1
1-[4-[2-[(E)-2-(4-chlorophenyl)ethenyl]-4-hydroxyoxolan-3-yl]oxyphenyl]ethanone,CC(=O)C1=CC=C(C=C1)OC2C(COC2/C=C/C3=CC=C(C=C3)Cl)O,1
"6-(3,5-Difluorophenyl)-2-(dimethylamino)-8-methylpteridin-7-one",CN1C2=NC(=NC=C2N=C(C1=O)C3=CC(=CC(=C3)F)F)N(C)C,1
2-(3-Methoxyanilino)-8-methyl-6-phenylpteridin-7-one,CN1C2=NC(=NC=C2N=C(C1=O)C3=CC=CC=C3)NC4=CC(=CC=C4)OC,1
Acetylsalicylsalicylic acid,CC(=O)OC1=CC=CC=C1C(=O)OC2=CC=CC=C2C(=O)O,1
"[(1S,2R,6S,9R,10S,11S,12R,13R,14S,15S,16S,17S,18S,19S,22S,23R,25S)-16,17-diacetyloxy-10,12,14,23-tetrahydroxy-6,10,19-trimethyl-13-[(2S)-2-methylbutanoyl]oxy-24-oxa-4-azaheptacyclo[12.12.0.02,11.04,9.015,25.018,23.019,25]hexacosan-22-yl] (2R)-2-hydroxy-2-methylbutanoate",CC[C@H](C)C(=O)O[C@@H]1[C@@H]([C@@H]2[C@H](CN3C[C@H](CC[C@@H]3[C@@]2(C)O)C)[C@H]4[C@@]1([C@@H]5[C@@H]([C@H]([C@@H]6[C@]7([C@@]5(C4)O[C@]6([C@H](CC7)OC(=O)[C@@](C)(CC)O)O)C)OC(=O)C)OC(=O)C)O)O,1
"4-Methyl-2,6-bis(1-piperidinylmethyl)phenol",CC1=CC(=C(C(=C1)CN2CCCCC2)O)CN3CCCCC3,1
"(4-Methoxyphenyl)-(2-pyrimidin-2-yl-2,7-diazaspiro[3.5]nonan-7-yl)methanone",COC1=CC=C(C=C1)C(=O)N2CCC3(CC2)CN(C3)C4=NC=CC=N4,1
"(3,5-Dimethyl-1,2-oxazol-4-yl)-(9-pyrimidin-2-yl-3,9-diazaspiro[5.5]undecan-3-yl)methanone",CC1=C(C(=NO1)C)C(=O)N2CCC3(CCN(CC3)C4=NC=CC=N4)CC2,1
"[(2S,3R,4R,5R,6S)-6-[(Z)-[(3aR,5aR,8R,9S,9aS,9bR)-2-(2,4-difluorophenyl)-8,9-dihydroxy-1,3-dioxo-4,5,5a,7,8,9,9a,9b-octahydro-3aH-benzo[e]isoindol-6-ylidene]amino]oxy-3,4,5-triacetyloxyoxan-2-yl]methyl acetate",CC(=O)OC[C@H]1[C@H]([C@H]([C@H]([C@@H](O1)O/N=C\2/C[C@H]([C@H]([C@H]3[C@H]2CC[C@@H]4[C@@H]3C(=O)N(C4=O)C5=C(C=C(C=C5)F)F)O)O)OC(=O)C)OC(=O)C)OC(=O)C,1
"1,4-Dichloro-2-butene, (2E)-",C(/C=C/CCl)Cl,1
"2-hydroxy-6-mercapto-9-phenyl-7,9-dihydro-8H-purin-8-one",C1=CC=C(C=C1)N2C3=C(C(=S)NC(=O)N3)NC2=O,1
Probenecid,CCCN(CCC)S(=O)(=O)C1=CC=C(C=C1)C(=O)O,1
Methyl ethyl ketone peroxide,CCC(C)(OO)OOC(C)(CC)OO,1
Metaproterenol,CC(C)NCC(C1=CC(=CC(=C1)O)O)O,1
Methylergonovine Enantiomer,CC[C@H](CO)NC(=O)[C@@H]1CN([C@H]2CC3=CNC4=CC=CC(=C34)C2=C1)C,1
"4-[[3-[3,5-Bis(trifluoromethyl)benzoyl]-3,9-diazaspiro[5.5]undecan-9-yl]methyl]benzonitrile",C1CN(CCC12CCN(CC2)C(=O)C3=CC(=CC(=C3)C(F)(F)F)C(F)(F)F)CC4=CC=C(C=C4)C#N,1
"(5R)-2-[(1R,3S,4R,6S)-4,6-diamino-3-[[3-amino-6-(aminomethyl)-3,4-dihydro-2H-pyran-2-yl]oxy]-2-hydroxycyclohexyl]oxy-5-methyl-4-(methylamino)oxane-3,5-diol;sulfuric acid",C[C@@]1(COC(C(C1NC)O)O[C@@H]2[C@H](C[C@H]([C@@H](C2O)OC3C(CC=C(O3)CN)N)N)N)O.OS(=O)(=O)O,1
"[(1R,10S,11R,14R,19R,23S,25R)-1,10,11,12,14,23-hexahydroxy-6,10,19-trimethyl-24-oxa-4-azaheptacyclo[12.12.0.02,11.04,9.015,25.018,23.019,25]hexacosan-22-yl] (Z)-2-methylbut-2-enoate;sulfuric acid",C/C=C(/C)\C(=O)OC1CC[C@@]2(C3[C@@]1(O[C@@]24C[C@]5(C6CN7CC(CCC7[C@]([C@@]6(C(C[C@]5(C4CC3)O)O)O)(C)O)C)O)O)C.OS(=O)(=O)O,1
2-Anilino-8-[(3-methoxyphenyl)methyl]-6-thiophen-2-ylpteridin-7-one,COC1=CC=CC(=C1)CN2C3=NC(=NC=C3N=C(C2=O)C4=CC=CS4)NC5=CC=CC=C5,1
"1,1,1,2-Tetrabromoethane",C(C(Br)(Br)Br)Br,1
"[2-(2,6-Dimethylanilino)-2-oxoethyl]-diethyl-methylammonium",CC[N+](C)(CC)CC(=O)NC1=C(C=CC=C1C)C,1
"[2-[(1S,2S,4R,8R,9R,12S,13R,16S)-16-hydroxy-6,6,9,13-tetramethyl-5,7-dioxapentacyclo[10.8.0.02,9.04,8.013,18]icos-18-en-8-yl]-2-oxoethyl] acetate",CC(=O)OCC(=O)[C@]12[C@@H](C[C@@H]3[C@]1(CC[C@H]4[C@@H]3CC=C5[C@@]4(CC[C@@H](C5)O)C)C)OC(O2)(C)C,1
"[3,5-Bis(trifluoromethyl)phenyl]-[9-(2-methylpropyl)-3,9-diazaspiro[5.5]undecan-3-yl]methanone",CC(C)CN1CCC2(CC1)CCN(CC2)C(=O)C3=CC(=CC(=C3)C(F)(F)F)C(F)(F)F,1
2-Methyltetrahydrofuran,CC1CCCO1,1
"2-[(1S,4S,12R,13S,14R,19R,21R)-1-oxido-15-oxa-11-aza-1-azoniahexacyclo[16.3.1.04,12.04,21.05,10.013,19]docosa-5,7,9,17-tetraen-14-yl]acetic acid",C1C[N@@+]2(CC3=CCO[C@@H]([C@H]4[C@H]3C[C@@H]2[C@@]15[C@@H]4NC6=CC=CC=C56)CC(=O)O)[O-],1
"dimethyl (1S,8S)-14-benzyl-13-methyl-3,9-dioxo-11-phenyl-15-oxa-10,14-diazatetracyclo[6.6.1.01,10.02,7]pentadec-12-ene-8,12-dicarboxylate",CC1=C(C(N2C(=O)[C@@]3(C4CCCC(=O)C4[C@@]2(N1CC5=CC=CC=C5)O3)C(=O)OC)C6=CC=CC=C6)C(=O)OC,1
1-acetyl-N-(2-methoxyethyl)-5-(2-methylpropyl)-2H-pyrrole-5-carboxamide,CC(C)CC1(C=CCN1C(=O)C)C(=O)NCCOC,1
Orphenadrine Citrate,CC1=CC=CC=C1C(C2=CC=CC=C2)OCCN(C)C.C(C(=O)O)C(CC(=O)O)(C(=O)O)O,1
4-Aminoisocrotonic acid,C(/C=C\C(=O)O)N,1
"N1-(4-piperidinylmethyl)-1,2-ethanediamine",C1CNCCC1CNCCN,1
4-[(Z)-2-(2-chlorophenyl)ethenyl]quinoline,C1=CC=C(C(=C1)/C=C\C2=CC=NC3=CC=CC=C23)Cl,1
Hesperetin-7-Rutinoside,CC1C(C(C(C(O1)OCC2C(C(C(C(O2)OC3=CC(=C4C(=O)CC(OC4=C3)C5=CC(=C(C=C5)OC)O)O)O)O)O)O)O)O,1
8-Cyclopropyl-2-(dimethylamino)-6-(4-methoxyphenyl)pteridin-7-one,CN(C)C1=NC=C2C(=N1)N(C(=O)C(=N2)C3=CC=C(C=C3)OC)C4CC4,1
Tocris-1628,CCCCCCCCCCCCC(=O)N1CCCC[C@H]1CNC(=O)[C@H](CCCCN)N,1
Guanethidine,C1CCCN(CCC1)CCN=C(N)N,1
"(3R,7S,8Z,10S,11R)-11-methoxy-3,10-dimethyl-7-phenylmethoxy-1,5-dioxacyclododec-8-ene-2,6-dione",C[C@@H]1COC(=O)[C@H](/C=C\[C@@H]([C@H](COC1=O)OC)C)OCC2=CC=CC=C2,1
"1,3-Dichloro-2-propanol",C(C(CCl)O)Cl,1
D-alpha-aminoadipic acid,C(C[C@H](C(=O)O)N)CC(=O)O,1
"2-[(5R,7R)-3-hydroxy-1-adamantyl]acetic acid",C1[C@@H]2CC3(C[C@@H]1CC(C2)(C3)O)CC(=O)O,1
Pimozide,C1CN(CCC1N2C3=CC=CC=C3NC2=O)CCCC(C4=CC=C(C=C4)F)C5=CC=C(C=C5)F,1
Levodopa,C1=CC(=C(C=C1C[C@@H](C(=O)O)N)O)O,1
"(2S)-2-(1,3-dioxo-1,3-dihydro-2H-isoindol-2-yl)-3-(1H-indol-3-yl)propanoic acid",C1=CC=C2C(=C1)C(=O)N(C2=O)[C@@H](CC3=CNC4=CC=CC=C43)C(=O)O,1
Lopac-D-9891,C[C@H]1[C@H]2[C@@H]([C@H]3[C@@H](C(=O)C(=C([C@@]3(C(=O)C2=C(C4=C1C=CC=C4O)O)O)O)C(=O)N)N(C)C)O,1
"[(2S,3R,4R,5R,6S)-6-[(Z)-[(3aS,5aR,8R,9S,9aS,9bS)-2-cyclohexyl-8,9-dihydroxy-1,3-dioxo-4,5,5a,7,8,9,9a,9b-octahydro-3aH-benzo[e]isoindol-6-ylidene]amino]oxy-3,4,5-triacetyloxyoxan-2-yl]methyl acetate",CC(=O)OC[C@H]1[C@H]([C@H]([C@H]([C@@H](O1)O/N=C\2/C[C@H]([C@H]([C@H]3[C@H]2CC[C@H]4[C@H]3C(=O)N(C4=O)C5CCCCC5)O)O)OC(=O)C)OC(=O)C)OC(=O)C,1
Phenacemide,C1=CC=C(C=C1)CC(=O)NC(=O)N,1
1-Nitrobutane,CCCC[N+](=O)[O-],1
CID 6636347,CC(=NOCC1=CC=C(C=C1)C2=CN(N=N2)C[C@H](C3=CC(=CC=C3)OC)O)C,1
2-(Ethylamino)-8-methyl-6-phenylpteridin-7-one,CCNC1=NC=C2C(=N1)N(C(=O)C(=N2)C3=CC=CC=C3)C,1
"Benserazide, (S)-",C1=CC(=C(C(=C1CNNC(=O)[C@H](CO)N)O)O)O,1
Carzenide,C1=CC(=CC=C1C(=O)O)S(=O)(=O)N,1
"Cefoperazone Sodium, USP, Antibacterial.",CCN1CCN(C(=O)C1=O)C(=O)NC(C2=CC=C(C=C2)O)C(=O)NC3C4N(C3=O)C(=C(CS4)CSC5=NN=NN5C)C(=O)[O-].[Na+],1
Antipyrine,CC1=CC(=O)N(N1C)C2=CC=CC=C2,1
CID 6419892,C1=CC=C(C(=C1)C2=C3C=C(C(=O)C=C3OC4=C(C(=C(C=C24)Br)[O-])[Hg])Br)C(=O)[O-].O.O.O.O.[Na+].[Na+],1
Metoclopramide,CCN(CC)CCNC(=O)C1=CC(=C(C=C1OC)N)Cl,1
D-Azaserine,C(C(C(=O)O)N)OC(=O)C=[N+]=[N-],1
Tocris-0972,C1CC1[C@@](C2=CC=C(C=C2)P(=O)(O)O)(C(=O)O)N,1
"(3S,7Z,9R,10R,14R)-10-methoxy-3,9,14-trimethyl-1,12-dioxa-4-azacyclopentadec-7-ene-2,5,13-trione",C[C@@H]1COC(=O)[C@@H](NC(=O)C/C=C\[C@H]([C@H](COC1=O)OC)C)C,1
Ifosfamide,C1CN(P(=O)(OC1)NCCCl)CCCl,1
"N-[(Z)-2,3-dihydro-1H-inden-5-ylmethylideneamino]-2-hydroxybenzamide",C1CC2=C(C1)C=C(C=C2)/C=N\NC(=O)C3=CC=CC=C3O,1
"(10R,13R,14R)-2,3,14-trihydroxy-10,13-dimethyl-17-[(2S)-2,3,6-trihydroxy-6-methylheptan-2-yl]-2,3,4,5,9,11,12,15,16,17-decahydro-1H-cyclopenta[a]phenanthren-6-one",C[C@]12CCC3C(=CC(=O)C4[C@@]3(CC(C(C4)O)O)C)[C@]1(CCC2[C@@](C)(C(CCC(C)(C)O)O)O)O,1
"(3S,7Z,9R,10S,14S,15Z,17S,18R)-10,18-dimethoxy-3,9,17-trimethyl-14-phenylmethoxy-1,12-dioxa-4-azacyclononadeca-7,15-diene-2,5,13-trione",C[C@@H]1/C=C\CC(=O)N[C@H](C(=O)OC[C@@H]([C@H](/C=C\[C@@H](C(=O)OC[C@H]1OC)OCC2=CC=CC=C2)C)OC)C,1
Clofazimine,CC(C)N=C1C=C2C(=NC3=CC=CC=C3N2C4=CC=C(C=C4)Cl)C=C1NC5=CC=C(C=C5)Cl,1
Lopac-S-2250,C[N+]1([C@@H]2CC(C[C@H]1[C@@H]3[C@H]2O3)OC(=O)[C@@H](CO)C4=CC=CC=C4)C.[N+](=O)([O-])[O-],1
Propylene Glycol,CC(CO)O,1
2-(Ethylamino)-8-(4-methoxyphenyl)-6-(1-methylindol-3-yl)pteridin-7-one,CCNC1=NC=C2C(=N1)N(C(=O)C(=N2)C3=CN(C4=CC=CC=C43)C)C5=CC=C(C=C5)OC,1
"[(2R)-2,4-diaminobutyl]sulfanylphosphonic acid",C(CN)[C@H](CSP(=O)(O)O)N,1
Lopac-H-5752,CC(=O)[C@]1(CC[C@H]2[C@]1(CC[C@H]3[C@H]2CCC4=CC(=O)CC[C@@]34C)C)O,1
Xanthurenic Acid,C1=CC2=C(C(=C1)O)NC(=CC2=O)C(=O)O,1
"3-(4,5-dihydro-1H-imidazol-2-yl)isoquinoline",C1CN=C(N1)C2=CC3=CC=CC=C3C=N2,1
"2-(2,9-Diazaspiro[5.5]undecan-2-ylmethyl)-1,3-thiazole",C1CC2(CCNCC2)CN(C1)CC3=NC=CS3,1
Lopac-G-5168,C/C=C/1\C(=O)C[C@H]2[C@]1(CC[C@H]3[C@H]2CCC4=CC(=O)CC[C@@]34C)C,1
Epigalantamine,CN1CC[C@@]23C=C[C@H](C[C@@H]2OC4=C(C=CC(=C34)C1)OC)O,1
Gramicidin C,CC(C)CC1C(=O)NC(C(=O)N2CCCC2C(=O)NC(C(=O)NC(C(=O)NC(C(=O)NC(C(=O)N3CCCC3C(=O)NC(C(=O)NC(C(=O)N1)CCCN)C(C)C)CC4=CC=CC=C4)CC(C)C)CCCN)C(C)C)CC5=CC=CC=C5,1
4-(2-Amino-6-naphthalen-2-yl-pyrimidin-4-yl)-6-naphthalen-2-yl-pyrimidin-2-amine,C1=CC=C2C=C(C=CC2=C1)C3=CC(=NC(=N3)N)C4=NC(=NC(=C4)C5=CC6=CC=CC=C6C=C5)N,1
Propylparaben,CCCOC(=O)C1=CC=C(C=C1)O,1
"(1R,8R,15R,19S)-17-(4-phenylmethoxyphenyl)-17-aza-2-azoniapentacyclo[6.6.5.02,7.09,14.015,19]nonadeca-2,4,6,9,11,13-hexaene-16,18-dione",C1=CC=C(C=C1)COC2=CC=C(C=C2)N3C(=O)[C@@H]4[C@@H](C3=O)[C@@H]5C6=CC=CC=C6[C@@H]4C7=CC=CC=[N+]57,1
(Z)-hex-3-enediamide,C(/C=C\CC(=O)N)C(=O)N,1
"1,2-Epoxydecane",CCCCCCCCC1CO1,1
"(3aS,5aR,6Z,8R,9S,9aS,9bS)-6-[(2E)-3,7-dimethylocta-2,6-dienoxy]imino-8,9-dihydroxy-2-(3-phenoxyphenyl)-4,5,5a,7,8,9,9a,9b-octahydro-3aH-benzo[e]isoindole-1,3-dione",CC(=CCC/C(=C/CO/N=C\1/C[C@H]([C@H]([C@H]2[C@H]1CC[C@H]3[C@H]2C(=O)N(C3=O)C4=CC(=CC=C4)OC5=CC=CC=C5)O)O)/C)C,1
Sulfanilamide,C1=CC(=CC=C1N)S(=O)(=O)N,1
"2S,4R-4-Methylglutamate",C[C@H](C[C@@H](C(=O)O)N)C(=O)O,1
"2,4,6-Pyrimidinetriamine, 5-(4-phenylbutyl)-",C1=CC=C(C=C1)CCCCC2=C(N=C(N=C2N)N)N,1
"5-Hexynoic acid, 4-amino-, (R)-",C#C[C@@H](CCC(=O)O)N,1
"N-(3-fluorophenyl)-3,9-diazaspiro[5.5]undecane-3-carboxamide",C1CNCCC12CCN(CC2)C(=O)NC3=CC(=CC=C3)F,1
"(2R)-4-amino-4-methylpentan-2-ol;2,3,4,5,6-pentachlorophenol",C[C@H](CC(C)(C)N)O.C1(=C(C(=C(C(=C1Cl)Cl)Cl)Cl)Cl)O,1
Phenylacetonitrile,C1=CC=C(C=C1)CC#N,1
1-Chlorododecane,CCCCCCCCCCCCCl,1
"(6S,9S,13S)-5',7,9,13-tetramethylspiro[5-oxapentacyclo[10.8.0.02,9.04,8.013,18]icos-18-ene-6,2'-piperidine]-16-ol",CC1CC[C@]2(C(C3C(O2)CC4[C@@]3(CCC5C4CC=C6[C@]5(CCC(C6)O)C)C)C)NC1,1
(R)-2-Amino-5-phosphonopentanoic acid,C(C[C@H](C(=O)O)N)CP(=O)(O)O,1
"[(1S,2S,3Z,7S,11Z,13S,15S)-2-Hydroxy-7-methyl-5-oxo-6-oxabicyclo[11.3.0]hexadeca-3,11-dien-15-yl] 2-(dimethylamino)acetate",C[C@H]1CCC/C=C\[C@@H]2C[C@@H](C[C@@H]2[C@H](/C=C\C(=O)O1)O)OC(=O)CN(C)C,1
"3-Quinolinecarboxylic acid,1-ethyl-6,8-difluoro-1,4-dihydro-7-(3-methyl-1-piperazinyl)-4-oxo-,(s)-",CCN1C=C(C(=O)C2=CC(=C(C(=C21)F)N3CCN[C@H](C3)C)F)C(=O)O,1
"'N,N-dimethyl-N''-(3-methyl-2,6-dioxo-1,2,3,6-tetrahydropyrimidin-4-yl)imidoformamide'",CN1C(=CC(=O)NC1=O)/N=C/N(C)C,1
Acesulfame Potassium,CC1=CC(=O)[N-]S(=O)(=O)O1.[K+],1
methyl (1S)-1-[(E)-3-(furan-2-yl)-1-(methoxycarbonylamino)prop-2-enyl]-2-oxocyclopentane-1-carboxylate,COC(=O)[C@@]1(CCCC1=O)C(/C=C/C2=CC=CO2)NC(=O)OC,1
"1,10-Dioxo-5,10-dihydroanthra[9,1,2-cde]benzo[rst]pentaphene-16,17-diyl)bis (azanediyl)dianthracene-9,10-dione",C1=CC=C2C(=C1)C3=CC(=C4C5=C(C=CC(=C35)C2=O)C6=C7C4=C(C=C8C7=C(C=C6)C(=O)C9=CC=CC=C98)NC1=CC=CC2=C1C(=O)C1=CC=CC=C1C2=O)NC1=CC=CC2=C1C(=O)C1=CC=CC=C1C2=O,1
CID 6331018,C1COS(=O)(=O)C(=C(CCC(=O)O)O)S(=O)(=O)O1.[Na],1
"(2R)-2-cyclohexyl-3-(4-hydroxy-3,5-diiodophenyl)propanoic acid",C1CCC(CC1)[C@@H](CC2=CC(=C(C(=C2)I)O)I)C(=O)O,1
3-(Triphenylphosphoranyl)propanoic acid,C1=CC=C(C=C1)[P+](CCC(=O)O)(C2=CC=CC=C2)C3=CC=CC=C3,1
"Furan-2-yl-(9-pyridin-2-yl-3,9-diazaspiro[5.5]undecan-3-yl)methanone",C1CN(CCC12CCN(CC2)C(=O)C3=CC=CO3)C4=CC=CC=N4,1
"1,4-Benzoquinone dioxime",C1=CC(=CC=C1NO)N=O,1
SB 239063,COC1=NC=CC(=N1)C2=C(N=CN2C3CCC(CC3)O)C4=CC=C(C=C4)F,1
N-[[(3S)-1-benzylpyrrolidin-3-yl]methyl]quinazolin-4-amine,C1CN(C[C@@H]1CNC2=NC=NC3=CC=CC=C32)CC4=CC=CC=C4,1
"sodium 7-[(2R,4R)-4-carbamoyloxy-3-hydroxy-5-methoxy-6,6-dimethyloxan-2-yl]oxy-3-[[4-hydroxy-3-(3-methylbut-2-enyl)benzoyl]amino]-8-methyl-2-oxochromen-4-olate",CC1=C(C=CC2=C1OC(=O)C(=C2[O-])NC(=O)C3=CC(=C(C=C3)O)CC=C(C)C)O[C@H]4C([C@H](C(C(O4)(C)C)OC)OC(=O)N)O.[Na+],1
S-sulfo-L-cysteinate(1-),C([C@@H](C(=O)O)N)SS(=O)(=O)[O-],1
(R)-3-Carboxy-4-hydroxyphenylglycine,C1=CC(=C(C=C1[C@H](C(=O)O)N)C(=O)O)O,1
"N-(3-fluorophenyl)-9-(thiadiazole-4-carbonyl)-3,9-diazaspiro[5.5]undecane-3-carboxamide",C1CN(CCC12CCN(CC2)C(=O)NC3=CC(=CC=C3)F)C(=O)C4=CSN=N4,1
Mexiletine Hydrochloride,CC1=C(C(=CC=C1)C)OCC(C)N.Cl,1
"[(9R,13R,18S)-3'-bromo-5',7,9,13-tetramethyl-10-oxospiro[5-oxapentacyclo[10.8.0.02,9.04,8.013,18]icos-11-ene-6,2'-oxane]-16-yl] acetate",CC1CC(C2(C(C3C(O2)CC4[C@]3(C(=O)C=C5C4CC[C@@H]6[C@]5(CCC(C6)OC(=O)C)C)C)C)OC1)Br,1
"(1R,3S)-1-(4-hydroxybutyl)-2,3,4,9-tetrahydro-1H-pyrido[3,4-b]indole-3-carboxylic acid",C1[C@H](N[C@@H](C2=C1C3=CC=CC=C3N2)CCCCO)C(=O)O,1
"(1R,2S,12R,16S)-4-benzyl-8-ethyl-2-methyl-14-phenyl-4,6,14-triazatetracyclo[7.7.0.02,6.012,16]hexadec-8-ene-3,5,7,13,15-pentone",CCC1=C2CC[C@@H]3[C@H]([C@H]2[C@]4(C(=O)N(C(=O)N4C1=O)CC5=CC=CC=C5)C)C(=O)N(C3=O)C6=CC=CC=C6,1
2-Isobutylthiazole,CC(C)CC1=NC=CS1,1
"8-Cyclopropyl-6-(3,5-difluorophenyl)-2-(3-methoxyanilino)pteridin-7-one",COC1=CC=CC(=C1)NC2=NC=C3C(=N2)N(C(=O)C(=N3)C4=CC(=CC(=C4)F)F)C5CC5,1
"1-[(5S)-2-benzhydryl-2,7-diazaspiro[4.5]decan-7-yl]ethanone",CC(=O)N1CCC[C@]2(C1)CCN(C2)C(C3=CC=CC=C3)C4=CC=CC=C4,1
"(1R,2S,12R,16S)-4-(cyclopropylmethyl)-8-ethyl-2,14-dimethyl-4,6,14-triazatetracyclo[7.7.0.02,6.012,16]hexadec-8-ene-3,5,7,13,15-pentone",CCC1=C2CC[C@@H]3[C@H]([C@H]2[C@]4(C(=O)N(C(=O)N4C1=O)CC5CC5)C)C(=O)N(C3=O)C,1
Psoromic acid hydrate,CC1=CC(=C(C2=C1C(=O)OC3=C(O2)C(=CC(=C3C)OC)C(=O)O)C(O)O)O,1
"Butanoic acid, 4-(2,4-dichlorophenoxy)-, methyl ester",COC(=O)CCCOC1=C(C=C(C=C1)Cl)Cl,1
"(R)-1,10-Dimethoxy-6-methyl-5,6,6a,7-tetrahydro-4H-dibenzo[de,g]quinoline-2,9-diol",CN1CCC2=CC(=C(C3=C2[C@H]1CC4=CC(=C(C=C43)OC)O)OC)O,1
Lopac-F-0881,C[C@H]1[C@@H]2CC[C@]3([C@H]([C@]2(CC[C@H]1O)C)[C@@H](C[C@H]\4[C@]3(C[C@H](/C4=C(/CCC=C(C)C)\C(=O)[O-])OC(=O)C)C)O)C.[Na+],1
"2,3-Piperidinedicarboxylic acid, (2R,3R)-rel-",C1C[C@H]([C@@H](NC1)C(=O)O)C(=O)O,1
Lopac-S-159,CN1CCC2=CC(=C(C=C2[C@@H](C1)C3=CC=CC=C3)OC)OC,1
Fumaryl chloride,C(=C/C(=O)Cl)\C(=O)Cl,1
Tocris-1127,COC(=O)[C@@H]1[C@H](CC[C@@H]2[C@H]1C[C@H]3C4=C(CCN3C2)C5=CC=CC=C5N4)O,1
"(3-Fluorophenyl)-(2-phenyl-2,7-diazaspiro[3.5]nonan-7-yl)methanone",C1CN(CCC12CN(C2)C3=CC=CC=C3)C(=O)C4=CC(=CC=C4)F,1
"2-((1,3-dioxo-1,3-dihydro-2H-isoindol-2-yl)oxy)ethyl imidothiocarbamate",C1=CC=C2C(=C1)C(=O)N(C2=O)OCCSC(=N)N,1
"2,3-Dihydroxybutanedioic acid; 3-(2-amino-1-hydroxypropyl)phenol",CC(C(C1=CC(=CC=C1)O)O)N.C(C(C(=O)O)O)(C(=O)O)O,1
GlyTouCan:G91169QP,C([C@H]1[C@H]([C@H]([C@@H]([C@H](O1)O)Cl)O)O)O,1
Disopyramide Phosphate,CC(C)N(CCC(C1=CC=CC=C1)(C2=CC=CC=N2)C(=O)N)C(C)C.OP(=O)(O)O,1
8-(2-Methoxyethyl)-2-morpholin-4-yl-6-phenylpteridin-7-one,COCCN1C2=NC(=NC=C2N=C(C1=O)C3=CC=CC=C3)N4CCOCC4,1
6-[(3-fluorophenyl)methylsulfanyl]-9-[(2R)-thiolan-2-yl]purine,C1C[C@@H](SC1)N2C=NC3=C2N=CN=C3SCC4=CC(=CC=C4)F,1
Dimethyl-(3-phenyl-3-pyridin-1-ium-2-ylpropyl)azanium;propanedioate,C[NH+](C)CCC(C1=CC=CC=C1)C2=CC=CC=[NH+]2.C(C(=O)[O-])C(=O)[O-],1
Pivmecillinam,CC1([C@@H](N2[C@H](S1)[C@@H](C2=O)N=CN3CCCCCC3)C(=O)OCOC(=O)C(C)(C)C)C,1
(+-)-Brompheniramine maleate,CN(C)CCC(C1=CC=C(C=C1)Br)C2=CC=CC=N2.C(=C\C(=O)O)\C(=O)O,1
2-Acetylpyridine,CC(=O)C1=CC=CC=N1,1
"3-Bromo-1,2,4-trimethyl-5-nitrobenzene",CC1=CC(=C(C(=C1C)Br)C)[N+](=O)[O-],1
3-[2-(3-Chlorophenoxy)-6-(4-chlorophenyl)-7-oxopteridin-8-yl]propanenitrile,C1=CC(=CC(=C1)Cl)OC2=NC=C3C(=N2)N(C(=O)C(=N3)C4=CC=C(C=C4)Cl)CCC#N,1
"(9-Methyl-3,9-diazaspiro[5.5]undecan-3-yl)-pyridin-4-ylmethanone",CN1CCC2(CC1)CCN(CC2)C(=O)C3=CC=NC=C3,1
"[(2S,3S,6R)-3-acetyloxy-6-[(2Z)-2-methoxyiminoethyl]-3,6-dihydro-2H-pyran-2-yl]methyl acetate",CC(=O)OC[C@H]1[C@H](C=C[C@H](O1)C/C=N\OC)OC(=O)C,1
Epinephrine,CNC[C@@H](C1=CC(=C(C=C1)O)O)O,1
"(S,E)-2-(5-hydroxy-8,9-dihydro-5H-benzo[7]annulen-6(7H)-ylidene)acetic acid",C1CC2=CC=CC=C2[C@H](/C(=C/C(=O)O)/C1)O,1
"(1'S,2'R,6'S)-4'-ethenylspiro[1,3-dioxane-2,5'-7-oxabicyclo[4.1.0]hept-3-ene]-2'-ol",C=CC1=C[C@H]([C@H]2[C@@H](C13OCCCO3)O2)O,1
"methyl (2S,3aS,4R,5R,6R,7aR)-1-(cyclohexylmethyl)-3a,4,5,6-tetrahydroxy-3,4,5,6,7,7a-hexahydro-2H-indole-2-carboxylate",COC(=O)[C@@H]1C[C@@]2([C@H](N1CC3CCCCC3)C[C@H]([C@H]([C@H]2O)O)O)O,1
"(3aS,5aS,6Z,8R,9S,9aS,9bS)-2-tert-butyl-6-[(2E)-3,7-dimethylocta-2,6-dienoxy]imino-8,9-dihydroxy-4,5,5a,7,8,9,9a,9b-octahydro-3aH-benzo[e]isoindole-1,3-dione",CC(=CCC/C(=C/CO/N=C\1/C[C@H]([C@H]([C@H]2[C@@H]1CC[C@H]3[C@H]2C(=O)N(C3=O)C(C)(C)C)O)O)/C)C,1
(-)-Synephrine,CNC[C@@H](C1=CC=C(C=C1)O)O,1
4-(4-Phenylpiperidin-4-ylcarbonyl)morpholine hydrochloride,C1CNCCC1(C2=CC=CC=C2)C(=O)N3CCOCC3,1
4-((4-Hydroxyphenyl)diazenyl)phenylarsonic acid,C1=CC(=CC=C1N=NC2=CC=C(C=C2)[As](=O)(O)O)O,1
6-Nitro-m-toluidine,CC1=CC(=C(C=C1)[N+](=O)[O-])N,1
Naringin,C[C@H]1[C@@H]([C@H]([C@H]([C@@H](O1)O[C@@H]2[C@H]([C@@H]([C@H](O[C@H]2OC3=CC(=C4C(=O)C[C@H](OC4=C3)C5=CC=C(C=C5)O)O)CO)O)O)O)O)O,1
"(2~{S})-2-azanyl-3-(1~{H}-1,2,3,4-tetrazol-5-yl)propanoic acid",C(C1=NNN=N1)[C@@H](C(=O)O)N,1
"2-(2-Amino-6-chloropurin-9-yl)-5-(hydroxymethyl)oxolane-3,4-diol",C1=NC2=C(N1C3C(C(C(O3)CO)O)O)N=C(N=C2Cl)N,1
(R)-carbinoxamine,CN(C)CCO[C@H](C1=CC=C(C=C1)Cl)C2=CC=CC=N2,1
"5,5'-Methylenedianthranilic acid",C1=CC(=C(C=C1CC2=CC(=C(C=C2)N)C(=O)O)C(=O)O)N,1
ethyl (1S)-1-[(3-fluorophenyl)-(methoxycarbonylamino)methyl]-2-oxocyclopentane-1-carboxylate,CCOC(=O)[C@@]1(CCCC1=O)C(C2=CC(=CC=C2)F)NC(=O)OC,1
"2-((4,5-Diphenyl-1,3-oxazol-2-yl)thio)ethanamine",C1=CC=C(C=C1)C2=C(OC(=N2)SCCN)C3=CC=CC=C3,1
"6-(3,5-Difluorophenyl)-8-[(3-methoxyphenyl)methyl]-2-morpholin-4-ylpteridin-7-one",COC1=CC=CC(=C1)CN2C3=NC(=NC=C3N=C(C2=O)C4=CC(=CC(=C4)F)F)N5CCOCC5,1
"2,5-Cyclohexadiene-1,4-dione, 2,3,5,6-tetrahydroxy-, hydrate",C1(=C(C(=O)C(=C(C1=O)O)O)O)O.O,1
"[(1S,2S,4R,7S,11R)-12,14-diacetyloxy-6-(furan-3-yl)-1,7,11,15,15-pentamethyl-3-oxapentacyclo[8.8.0.02,4.02,7.011,16]octadecan-18-yl] acetate",CC(=O)OC1CC2[C@](C3[C@@]1([C@@]45[C@H](O4)CC([C@@]5(CC3)C)C6=COC=C6)C)(C(CC(C2(C)C)OC(=O)C)OC(=O)C)C,1
Succinylcholine,C[N+](C)(C)CCOC(=O)CCC(=O)OCC[N+](C)(C)C,1
Immepip,C1CNCCC1CC2=CN=CN2,1
6-(4-Chlorophenyl)-8-methyl-2-phenoxypteridin-7-one,CN1C2=NC(=NC=C2N=C(C1=O)C3=CC=C(C=C3)Cl)OC4=CC=CC=C4,1
"(1R,9S,11R,13R,14S)-14-hydroxy-4-[(1S)-1-phenylpropyl]-12-oxa-2,4,6-triazatetracyclo[7.5.0.02,6.011,13]tetradecane-3,5,10-trione",CC[C@@H](C1=CC=CC=C1)N2C(=O)N3CC[C@H]4[C@@H](N3C2=O)[C@@H]([C@@H]5[C@H](C4=O)O5)O,1
9-(2-Methylpropyl)-6-(pyridin-2-ylmethylsulfanyl)purin-2-amine,CC(C)CN1C=NC2=C1N=C(N=C2SCC3=CC=CC=N3)N,1
Beta-Alanine,C(CN)C(=O)O,1
"Cyclopentaneacetic acid, 3-oxo-2-pentyl-",CCCCCC1C(CCC1=O)CC(=O)O,1
Lopac-E-100,C[C@]12CCN([C@@H]1N(C3=C2C=C(C=C3)O)C)C,1
methyl (1S)-1-[(3-fluorophenyl)-(methoxycarbonylamino)methyl]-2-oxocyclopentane-1-carboxylate,COC(=O)[C@@]1(CCCC1=O)C(C2=CC(=CC=C2)F)NC(=O)OC,1
"5-hydroxy-2-(4-hydroxyphenyl)-7-[(2R)-3,4,5-trihydroxy-6-(hydroxymethyl)oxan-2-yl]oxychromen-4-one",C1=CC(=CC=C1C2=CC(=O)C3=C(C=C(C=C3O2)O[C@@H]4C(C(C(C(O4)CO)O)O)O)O)O,1
3-(Piperidin-2-yl)pyridine hydrochloride,C1CCNC(C1)C2=CN=CC=C2.Cl,1
"(1R,2S,5S,6S)-3-(hydroxymethyl)-4-[(Z)-prop-1-enyl]-7-oxabicyclo[4.1.0]hept-3-ene-2,5-diol",C/C=C\C1=C([C@@H]([C@@H]2[C@H]([C@H]1O)O2)O)CO,1
"2,3-Dimethylbutane",CC(C)C(C)C,1
"[(3S)-1-methylpiperidin-3-yl] 2,2-diphenylacetate",CN1CCC[C@@H](C1)OC(=O)C(C2=CC=CC=C2)C3=CC=CC=C3,1
"4-[(1S)-2-(methylamino)-1-methylsulfanylethyl]benzene-1,2-diol",CNC[C@H](C1=CC(=C(C=C1)O)O)SC,1
CID 6636366,CCOC(=O)C1=NO[C@]2(C1)C=C(C3([C@@H]4[C@H]2O4)OCCCO3)Br,1
Ethanol,CCO,1
"4-[4-(2-acetamidoethylamino)quinazolin-2-yl]-N,N-dimethylbenzamide",CC(=O)NCCNC1=NC(=NC2=CC=CC=C21)C3=CC=C(C=C3)C(=O)N(C)C,1
"(5R)-5-phenyl-3,10-dihydro-2H-imidazo[2,1-b]quinazolin-5-ol",C1CN2C(=N1)NC3=CC=CC=C3[C@@]2(C4=CC=CC=C4)O,1
8-Cyclopropyl-2-(dimethylamino)-6-methylpteridin-7-one,CC1=NC2=CN=C(N=C2N(C1=O)C3CC3)N(C)C,1
"(2R)-2-[(1S,2R)-2-methyl-2-[(R)-phenyl-[(4-phenylphenyl)sulfonylamino]methyl]cyclopropyl]-N-naphthalen-2-ylpropanamide",C[C@H]([C@@H]1C[C@@]1(C)[C@H](C2=CC=CC=C2)NS(=O)(=O)C3=CC=C(C=C3)C4=CC=CC=C4)C(=O)NC5=CC6=CC=CC=C6C=C5,1
Securinine,C1CCN2[C@H](C1)[C@]34C[C@H]2C=CC3=CC(=O)O4,1
"2,4-Dimethylaniline",CC1=CC(=C(C=C1)N)C,1
"(3S)-3,6-diamino-N-[(3R,6Z,9R,12R,15S)-3-[(4S,6S)-2-amino-4-hydroxy-1,4,5,6-tetrahydropyrimidin-6-yl]-6-[(carbamoylamino)methylidene]-9,12-bis(hydroxymethyl)-2,5,8,11,14-pentaoxo-1,4,7,10,13-pentazacyclohexadec-15-yl]hexanamide",C1[C@H](NC(=N[C@H]1O)N)[C@@H]2C(=O)NC[C@@H](C(=O)N[C@@H](C(=O)N[C@@H](C(=O)N/C(=C\NC(=O)N)/C(=O)N2)CO)CO)NC(=O)C[C@H](CCCN)N,1
Memantine Hydrochloride,CC12CC3CC(C1)(CC(C3)(C2)N)C.Cl,1
Saccharin,C1=CC=C2C(=C1)C(=O)NS2(=O)=O,1
"1-(((1-(1,3-dioxo-1,3-dihydro-2H-isoindol-2-yl)cyclopentyl)carbonyl)amino)cyclopentanecarboxylic acid",C1CCC(C1)(C(=O)NC2(CCCC2)C(=O)O)N3C(=O)C4=CC=CC=C4C3=O,1
Nocodazole,COC(=O)NC1=NC2=C(N1)C=C(C=C2)C(=O)C3=CC=CS3,1
Piroxicam,CN1C(=C(C2=CC=CC=C2S1(=O)=O)O)C(=O)NC3=CC=CC=N3,1
"[3-acetyloxy-6-(3,3-dimethylbut-1-ynyl)-3,6-dihydro-2H-pyran-2-yl]methyl acetate",CC(=O)OCC1C(C=CC(O1)C#CC(C)(C)C)OC(=O)C,1
Folic Acid,C1=CC(=CC=C1C(=O)N[C@@H](CCC(=O)O)C(=O)O)NCC2=CN=C3C(=N2)C(=O)NC(=N3)N,1
(-)-Nicotine hydrogen tartrate,CN1CCCC1C2=CN=CC=C2.C(C(C(=O)O)O)(C(=O)O)O.C(C(C(=O)O)O)(C(=O)O)O,1
2-[5-(5-pyridin-2-yl-1H-pyrazol-3-yl)-2H-pyrazol-3-yl]pyridine,C1=CC=NC(=C1)C2=CC(=NN2)C3=NNC(=C3)C4=CC=CC=N4,1
Azacytidine,C1=NC(=NC(=O)N1[C@H]2[C@@H]([C@@H]([C@H](O2)CO)O)O)N,1
"6-(3,5-Difluorophenyl)-8-phenylpteridin-7-one",C1=CC=C(C=C1)N2C3=NC=NC=C3N=C(C2=O)C4=CC(=CC(=C4)F)F,1
2-Methyl-3-(pyrrolidin-1-yl)quinoxaline,CC1=NC2=CC=CC=C2N=C1N3CCCC3,1
"(5R,10S,13S)-10,13-dimethyl-17-(6-methylheptan-2-yl)-1,2,3,4,6,7,8,9,11,12,14,15,16,17-tetradecahydrocyclopenta[a]phenanthrene-3,5,6-triol",CC(C)CCCC(C)C1CCC2[C@]1(CCC3C2CC([C@@]4([C@]3(CCC(C4)O)C)O)O)C,1
Mebhydrolin Napadisilate,CN1CCC2=C(C1)C3=CC=CC=C3N2CC4=CC=CC=C4.CN1CCC2=C(C1)C3=CC=CC=C3N2CC4=CC=CC=C4.C1=CC2=C(C=CC=C2S(=O)(=O)O)C(=C1)S(=O)(=O)O,1
6-(4-Methoxyphenyl)-8-[(3-methoxyphenyl)methyl]-2-(4-methylpiperazin-1-yl)pteridin-7-one,CN1CCN(CC1)C2=NC=C3C(=N2)N(C(=O)C(=N3)C4=CC=C(C=C4)OC)CC5=CC(=CC=C5)OC,1
"3,5-Dimethylphenol",CC1=CC(=CC(=C1)O)C,1
Tocris-0222,CC(=C)[C@H]1CN[C@@H]([C@@H]1CC(=O)O)C(=O)O,1
Neopentyl sulfite,CC(C)(C)COS(=O)OCC(C)(C)C,1
3-[8-(2-Cyanoethyl)-2-(4-methylpiperazin-1-yl)-7-oxopteridin-6-yl]benzonitrile,CN1CCN(CC1)C2=NC=C3C(=N2)N(C(=O)C(=N3)C4=CC=CC(=C4)C#N)CCC#N,1
4-Deoxypyridoxine 5'-phosphate,CC1=C(C(=NC=C1COP(=O)(O)O)C)O,1
2-[(3-Bromo-9-oxofluoren-2-yl)carbamoyl]benzoic acid,C1=CC=C2C(=C1)C3=CC(=C(C=C3C2=O)NC(=O)C4=CC=CC=C4C(=O)O)Br,1
Methyl Salicylate,COC(=O)C1=CC=CC=C1O,1
Cytidine-5'-Diphosphocholine,C[N+](C)(C)CCOP(=O)([O-])OP(=O)(O)OCC1C(C(C(O1)N2C=CC(=NC2=O)N)O)O,1
"(1R,2S,5R,6R,9R,10S,13S)-1,5,6-trimethyl-17-phenyl-16,18-diazapentacyclo[11.8.0.02,10.05,9.015,20]henicosa-15,17,19-trien-6-ol",C[C@@]12CC[C@H]3[C@@H]([C@H]1CC[C@@]2(C)O)CC[C@@H]4[C@]3(CC5=CN=C(N=C5C4)C6=CC=CC=C6)C,1
"6-Mercapto-1,2,4-triazine-3,5(2H,4H)-dione",C1(=O)C(=S)NNC(=O)N1,1
6-(2-methoxyphenyl)-N-[(5-methylpyrazin-2-yl)methyl]pyrimidin-4-amine,CC1=CN=C(C=N1)CNC2=NC=NC(=C2)C3=CC=CC=C3OC,1
"[(1R,2S,3R,5S,6S,16Z,18Z,20S,21R)-11-chloro-21-hydroxy-12,20-dimethoxy-2,5,9,16-tetramethyl-8,23-dioxo-4,24-dioxa-9,22-diazatetracyclo[19.3.1.110,14.03,5]hexacosa-10,12,14(26),16,18-pentaen-6-yl] 2-methylpropanoate",C[C@H]1[C@H]2C[C@@]([C@H](/C=C\C=C(/CC3=CC(=C(C(=C3)OC)Cl)N(C(=O)C[C@@H]([C@]4([C@@H]1O4)C)OC(=O)C(C)C)C)\C)OC)(NC(=O)O2)O,1
"(4R)-3-[(Z)-3-phenylprop-2-enyl]-4,7-dihydropurin-6-amine",C1=CC=C(C=C1)/C=C\CN2C=NC(=C3[C@@H]2N=CN3)N,1
"Acetamide, N-(3-oxo-4-isoxazolidinyl)-, (R)-",CC(=O)N[C@@H]1CONC1=O,1
2-(2-Naphthoyl)-3-(2-thioxo-1-imidazolidinyl)acrylonitrile,C1CN(C(=S)N1)/C=C(\C#N)/C(=O)C2=CC3=CC=CC=C3C=C2,1
Tocris-1044,C1=CC2=C3C(=CC(=C2C(=C1)S(=O)(=O)N)[N+](=O)[O-])N=C(C(=N3)[O-])[O-],1
Epirizole,CC1=CC(=NC(=N1)N2C(=CC(=N2)C)OC)OC,1
N-Nitrosodiphenylamine,C1=CC=C(C=C1)N(C2=CC=CC=C2)N=O,1
1-((Aminoacetyl)amino)cyclopentanecarboxylic acid,C1CCC(C1)(C(=O)O)NC(=O)CN,1
4-Vinyl-1-cyclohexene,C=CC1CCC=CC1,1
12a-HYDROXY-9-DEMETHYLMUNDUSERONE-8-CARBOXYLIC ACID,COC1=C(C=C2C(=C1)C3(C(CO2)OC4=C(C3=O)C=CC(=C4C(=O)O)O)O)OC,1
(S)-(2-phenylbenzo[h]quinolin-4-yl)-[(2S)-piperidin-2-yl]methanol,C1CCN[C@@H](C1)[C@H](C2=CC(=NC3=C2C=CC4=CC=CC=C43)C5=CC=CC=C5)O,1
6-(4-fluorophenyl)-2-morpholin-4-yl-8-[[(2R)-oxolan-2-yl]methyl]pteridin-7-one,C1C[C@@H](OC1)CN2C3=NC(=NC=C3N=C(C2=O)C4=CC=C(C=C4)F)N5CCOCC5,1
"2-[(S)-(2,2-dimethyl-1,3-dioxan-5-yl)-hydroxymethyl]cyclohex-2-en-1-one",CC1(OCC(CO1)[C@@H](C2=CCCCC2=O)O)C,1
6-(4-Chlorophenyl)-2-(ethylamino)-8-methylpteridin-7-one,CCNC1=NC=C2C(=N1)N(C(=O)C(=N2)C3=CC=C(C=C3)Cl)C,1
Prestwick-13G03,CCN[C@@]1(CCCCC1=O)C2=CC=CS2,1
3-(2-Morpholin-4-yl-7-oxopteridin-8-yl)propanenitrile,C1COCCN1C2=NC=C3C(=N2)N(C(=O)C=N3)CCC#N,1
Clopamide,C[C@@H]1CCC[C@@H](N1NC(=O)C2=CC(=C(C=C2)Cl)S(=O)(=O)N)C,1
"Fenoldopam, (S)-",C1CNC[C@H](C2=CC(=C(C(=C21)Cl)O)O)C3=CC=C(C=C3)O,1
Molsidomine,CCO/C(=N/C1=C[N+](=NO1)N2CCOCC2)/[O-],1
"6,6-Dimethyl-1-[3-(phenylsulfanylmethyl)phenyl]-1,3,5-triazine-2,4-diamine",CC1(N=C(N=C(N1C2=CC=CC(=C2)CSC3=CC=CC=C3)N)N)C,1
"(1R,17S,18R,19S)-5,7-dioxa-12-azapentacyclo[10.6.1.02,10.04,8.015,19]nonadeca-2,4(8),9,15-tetraene-17,18-diol",C1CN2CC3=CC4=C(C=C3[C@@H]5[C@H]2C1=C[C@@H]([C@@H]5O)O)OCO4,1
(2E)-2-(furan-2-ylmethylidene)butanedioic acid,C1=COC(=C1)/C=C(\CC(=O)O)/C(=O)O,1
"[3-(4-cyclopentylphenoxy)-6-phenyl-3,6-dihydro-2H-pyran-2-yl]methanol",C1CCC(C1)C2=CC=C(C=C2)OC3C=CC(OC3CO)C4=CC=CC=C4,1
"UTP, Trisodium Salt",C1=CN(C(=O)NC1=O)C2C(C(C(O2)COP(=O)([O-])OP(=O)([O-])OP(=O)(O)[O-])O)O.[Na+].[Na+].[Na+],1
"ethyl 3-[(3aS,5aS,6Z,8R,9S,9aS,9bS)-8,9-dihydroxy-1,3-dioxo-6-[(2S,3R,4R,5R,6S)-3,4,5-triacetyloxy-6-(acetyloxymethyl)oxan-2-yl]oxyimino-4,5,5a,7,8,9,9a,9b-octahydro-3aH-benzo[e]isoindol-2-yl]propanoate",CCOC(=O)CCN1C(=O)[C@H]2CC[C@H]\3[C@@H]([C@@H]2C1=O)[C@@H]([C@@H](C/C3=N/O[C@H]4[C@@H]([C@@H]([C@@H]([C@@H](O4)COC(=O)C)OC(=O)C)OC(=O)C)OC(=O)C)O)O,1
"(8S,9R,18R,19R,21R,22S)-10,20-diimino-8-iodo-1,11-diazahexacyclo[9.9.2.02,7.08,21.012,17.018,22]docosa-2,4,6,12,14,16-hexaene-9,19-diol",C1=CC=C2C(=C1)[C@@H]3[C@@H]4N2C(=N)[C@H]([C@]5([C@@H]4N(C6=CC=CC=C65)C(=N)[C@@H]3O)I)O,1
6-(4-Chlorophenyl)-2-(dimethylamino)-8-[(3-methoxyphenyl)methyl]pteridin-7-one,CN(C)C1=NC=C2C(=N1)N(C(=O)C(=N2)C3=CC=C(C=C3)Cl)CC4=CC(=CC=C4)OC,1
"(2R)-2-amino-3-[(3R)-3-ethyl-2,5-dioxopyrrolidin-1-yl]sulfanylpropanoic acid",CC[C@@H]1CC(=O)N(C1=O)SC[C@@H](C(=O)O)N,1
"(9-Benzyl-3,9-diazaspiro[5.5]undecan-3-yl)-(4-methoxyphenyl)methanone",COC1=CC=C(C=C1)C(=O)N2CCC3(CCN(CC3)CC4=CC=CC=C4)CC2,1
"1-[2-[(1-Ethoxy-1-oxidanylidene-pentan-2-yl)amino]propanoyl]-2,3,3a,4,5,6,7,7a-octahydroindole-2-carboxylic acid; 2-methylpropan-2-amine",CCCC(C(=O)OCC)NC(C)C(=O)N1C2CCCCC2CC1C(=O)O.CC(C)(C)N,1
Indium Trichloride,Cl[In](Cl)Cl,1
2-[[(2S)-azocan-2-yl]methyl]guanidine;sulfuric acid,C1CCCN[C@@H](CC1)CN=C(N)N.OS(=O)(=O)O,1
Hydroxylamine,NO,1
"Furan-2-yl(2-(pyrimidin-2-yl)-2,9-diazaspiro[5.5]undecan-9-yl)methanone",C1CC2(CCN(CC2)C(=O)C3=CC=CO3)CN(C1)C4=NC=CC=N4,1
"N-[(4-chlorophenyl)-[(1R,2S)-2-cyclohexyl-1-methylcyclopropyl]methyl]-4-phenylbenzamide",C[C@]1(C[C@H]1C2CCCCC2)C(C3=CC=C(C=C3)Cl)NC(=O)C4=CC=C(C=C4)C5=CC=CC=C5,1
"Perhexiline, (S)-",C1CCC(CC1)C(C[C@@H]2CCCCN2)C3CCCCC3,1
Tocris-0269,C[C@H](/C=C\C=C(/C)\[C@H]1CN[C@@H]([C@@H]1CC(=O)O)C(=O)O)C(=O)O,1
Nsc65650,C1=CC=NC(=C1)CNCCCO,1
"ethyl 3-[(3aS,5aR,6Z,8R,9S,9aS,9bS)-6-(ethoxycarbonylhydrazinylidene)-8,9-dihydroxy-1,3-dioxo-4,5,5a,7,8,9,9a,9b-octahydro-3aH-benzo[e]isoindol-2-yl]propanoate",CCOC(=O)CCN1C(=O)[C@H]2CC[C@@H]\3[C@@H]([C@@H]2C1=O)[C@@H]([C@@H](C/C3=N/NC(=O)OCC)O)O,1
1-benzoyl-N-methyl-5-(2-methylpropyl)-2H-pyrrole-5-carboxamide,CC(C)CC1(C=CCN1C(=O)C2=CC=CC=C2)C(=O)NC,1
"2-(3-(phenylthio)propyl)-1H-isoindole-1,3(2H)-dione",C1=CC=C(C=C1)SCCCN2C(=O)C3=CC=CC=C3C2=O,1
Flumequine,CC1CCC2=C3N1C=C(C(=O)C3=CC(=C2)F)C(=O)O,1
Triphenylphosphine,C1=CC=C(C=C1)P(C2=CC=CC=C2)C3=CC=CC=C3,1
"methyl (3Z)-3-[(2S,3R)-3-methoxy-2-methyl-2,3-dihydroinden-1-ylidene]propanoate",C[C@@H]\1[C@H](C2=CC=CC=C2/C1=C\CC(=O)OC)OC,1
"7-Hydroxy-8-[(naphthalen-1-yl)diazenyl]naphthalene-1,3-disulfonic acid",C1=CC=C2C(=C1)C=CC=C2N=NC3=C(C=CC4=CC(=CC(=C43)S(=O)(=O)O)S(=O)(=O)O)O,1
"(9-Pyridin-2-yl-3,9-diazaspiro[5.5]undecan-3-yl)-(thiadiazol-4-yl)methanone",C1CN(CCC12CCN(CC2)C(=O)C3=CSN=N3)C4=CC=CC=N4,1
DL-Dopa,C1=CC(=C(C=C1CC(C(=O)O)N)O)O,1
2-Azaniumyl-5-(ethylamino)-5-oxopentanoate,CCNC(=O)CCC(C(=O)O)N,1
"(2S)-5-[(3aS,4S,6aS)-2-oxo-1,3,3a,4,6,6a-hexahydrothieno[3,4-d]imidazol-4-yl]-2-methylpentanoic acid",C[C@@H](CCC[C@H]1[C@@H]2[C@@H](CS1)NC(=O)N2)C(=O)O,1
"2-Pyridin-2-yl-2,7-diazaspiro[3.5]nonane",C1CNCCC12CN(C2)C3=CC=CC=N3,1
TFMPP hydrochloride,C1CN(CCN1)C2=CC=CC(=C2)C(F)(F)F.Cl,1
"[(3S,4R)-3-[(5R,6S)-3,4-dihydroxy-6-methyl-5-[(2R)-3,4,5-trihydroxy-6-(hydroxymethyl)oxan-2-yl]oxyoxan-2-yl]oxy-4,5-dihydroxyoxan-2-yl] (4aR,6aR,6bS,12aR)-10-[(5R,6S)-3,4-dihydroxy-6-methyl-5-[(3R)-3,4,5-trihydroxyoxan-2-yl]oxyoxan-2-yl]oxy-5-hydroxy-2,2,6a,6b,9,9,12a-heptamethyl-1,3,4,5,6,6a,7,8,8a,10,11,12,13,14b-tetradecahydropicene-4a-carboxylate",C[C@H]1[C@@H](C(C(C(O1)O[C@H]2[C@@H](C(COC2OC(=O)[C@]34CCC(CC3C5=CCC6[C@]7(CCC(C(C7CC[C@@]6([C@]5(CC4O)C)C)(C)C)OC8C(C([C@H]([C@@H](O8)C)OC9[C@@H](C(C(CO9)O)O)O)O)O)C)(C)C)O)O)O)O)O[C@@H]1C(C(C(C(O1)CO)O)O)O,1
"(2S,4S)-4-Methylglutamic acid",C[C@@H](C[C@@H](C(=O)O)N)C(=O)O,1
"3-[(1R,3S,5S,8S,9S,10S,11S,13R,14S,17R)-1,5,11,14-tetrahydroxy-10-(hydroxymethyl)-13-methyl-3-[(2S,3S,4R,5S,6S)-3,4,5-trihydroxy-6-methyloxan-2-yl]oxy-2,3,4,6,7,8,9,11,12,15,16,17-dodecahydro-1H-cyclopenta[a]phenanthren-17-yl]-2H-furan-5-one;octahydrate",C[C@H]1[C@H]([C@H]([C@@H]([C@H](O1)O[C@H]2C[C@H]([C@]3([C@@H]4[C@H](CC[C@@]3(C2)O)[C@]5(CC[C@@H]([C@]5(C[C@@H]4O)C)C6=CC(=O)OC6)O)CO)O)O)O)O.O.O.O.O.O.O.O.O,1
"(1R,2R)-2-[(R)-(diphenylphosphorylamino)-phenylmethyl]-N-(2-naphthalenyl)-1-cyclopropanecarboxamide",C1[C@H]([C@@H]1C(=O)NC2=CC3=CC=CC=C3C=C2)[C@H](C4=CC=CC=C4)NP(=O)(C5=CC=CC=C5)C6=CC=CC=C6,1
methyl 5-methyl-5-(methylcarbamoyl)-2H-pyrrole-1-carboxylate,CC1(C=CCN1C(=O)OC)C(=O)NC,1
4-Piperazin-1-yl-2-[2-(trifluoromethyl)phenyl]pyrimidine,C1CN(CCN1)C2=NC(=NC=C2)C3=CC=CC=C3C(F)(F)F,1
Lufenuron,C1=CC(=C(C(=C1)F)C(=O)NC(=O)NC2=CC(=C(C=C2Cl)OC(C(C(F)(F)F)F)(F)F)Cl)F,1
"(4aR,9R,12aS)-10-[4,5-dihydroxy-3-[(6S)-3,4,5-trihydroxy-6-methyloxan-2-yl]oxyoxan-2-yl]oxy-9-(hydroxymethyl)-2,2,6a,6b,9,12a-hexamethyl-1,3,4,5,6,6a,7,8,8a,10,11,12,13,14b-tetradecahydropicene-4a-carboxylic acid",C[C@H]1C(C(C(C(O1)OC2C(C(COC2OC3CC[C@@]4(C([C@]3(C)CO)CCC5(C4CC=C6C5(CC[C@]7(C6CC(CC7)(C)C)C(=O)O)C)C)C)O)O)O)O)O,1
Ethyl chrysanthemate,CCOC(=O)C1C(C1(C)C)C=C(C)C,1
Sulfamerazine,CC1=NC(=NC=C1)NS(=O)(=O)C2=CC=C(C=C2)N,1
D-AP4,C(CP(=O)(O)O)[C@H](C(=O)O)N,1
"(2R,3S,5R)-2-(5-Amino-7-methyl-2,6,7,9,11-pentazatricyclo[6.3.1.04,12]dodeca-1(12),3,5,8,10-pentaen-2-yl)-5-(hydroxymethyl)oxolane-3,4-diol",CN1C2=NC=NC3=C2C(=CN3[C@H]4[C@H](C([C@H](O4)CO)O)O)C(=N1)N,1
"(4S,4aR)-3,4,8,10-tetrahydroxy-2-(hydroxymethyl)-9-methoxy-3,4,4a,10b-tetrahydro-2H-pyrano[3,2-c]isochromen-6-one",COC1=C(C=C2C(=C1O)C3[C@@H]([C@H](C(C(O3)CO)O)O)OC2=O)O,1
"N,N-dimethyl-6-(2-methylphenyl)pyrimidin-4-amine",CC1=CC=CC=C1C2=CC(=NC=N2)N(C)C,1
Ofloxacin,CC1COC2=C3N1C=C(C(=O)C3=CC(=C2N4CCN(CC4)C)F)C(=O)O,1
2-(dimethylamino)-6-(4-fluorophenyl)-8-[[(2R)-oxolan-2-yl]methyl]pteridin-7-one,CN(C)C1=NC=C2C(=N1)N(C(=O)C(=N2)C3=CC=C(C=C3)F)C[C@H]4CCCO4,1
"(9-Phenyl-3,9-diazaspiro[5.5]undecan-3-yl)-(thiadiazol-4-yl)methanone",C1CN(CCC12CCN(CC2)C(=O)C3=CSN=N3)C4=CC=CC=C4,1
Harmaline,CC1=NCCC2=C1NC3=C2C=CC(=C3)OC,1
"N-(3-fluorophenyl)-9-(pyrazine-2-carbonyl)-3,9-diazaspiro[5.5]undecane-3-carboxamide",C1CN(CCC12CCN(CC2)C(=O)NC3=CC(=CC=C3)F)C(=O)C4=NC=CN=C4,1
6-[2-[(dimethylamino)methyl]phenyl]-N-[(5-methylpyrazin-2-yl)methyl]pyrimidin-4-amine,CC1=CN=C(C=N1)CNC2=NC=NC(=C2)C3=CC=CC=C3CN(C)C,1
"Ibuprofen, (+-)-",CC(C)CC1=CC=C(C=C1)C(C)C(=O)O,1
Methyl Benzoate,COC(=O)C1=CC=CC=C1,1
5-(Hydroxymethyl-2-furoyl)glycine,C1=C(OC(=C1)C(=O)NCC(=O)O)CO,1
Nitrilotriacetic Acid,C(C(=O)O)N(CC(=O)O)CC(=O)O,1
"4-[(5S,10R,13R)-3,7,12-trihydroxy-10,13-dimethyl-2,3,4,5,6,7,8,9,11,12,14,15,16,17-tetradecahydro-1H-cyclopenta[a]phenanthren-17-yl]pentanoic acid",CC(CCC(=O)O)C1CCC2[C@@]1(C(CC3C2C(C[C@H]4[C@]3(CCC(C4)O)C)O)O)C,1
"3-(Benzenesulfonyl)-9-[(2-methoxyphenyl)methyl]-3,9-diazaspiro[5.5]undecane",COC1=CC=CC=C1CN2CCC3(CC2)CCN(CC3)S(=O)(=O)C4=CC=CC=C4,1
"[3-(2-methylphenoxy)-6-phenyl-3,6-dihydro-2H-pyran-2-yl]methanol",CC1=CC=CC=C1OC2C=CC(OC2CO)C3=CC=CC=C3,1
Methyl 3-cyano-2-hydroxy-6-(2-naphthyl)isonicotinate,COC(=O)C1=C(C(=O)NC(=C1)C2=CC3=CC=CC=C3C=C2)C#N,1
"1-[4-[3-hydroxy-2-(hydroxymethyl)-3,6-dihydro-2H-pyran-6-yl]phenyl]ethanone",CC(=O)C1=CC=C(C=C1)C2C=CC(C(O2)CO)O,1
(2S)-2-(4-arsonophenyl)-2-hydroxyacetic acid,C1=CC(=CC=C1[C@@H](C(=O)O)O)[As](=O)(O)O,1
"(1R,3S,5R,6S,9R,11R,15S,16S,17S,18S,19Z,23Z,27Z,29Z,31Z,33S,35S,36R,37R)-33-[(2S,3S,4R,5S,6S)-4-amino-3,5-dihydroxy-6-methyloxan-2-yl]oxy-1,3,5,6,9,11,17,37-octahydroxy-15,16,18-trimethyl-13-oxo-14,39-dioxabicyclo[33.3.1]nonatriaconta-19,21,23,25,27,29,31-heptaene-36-carboxylic acid",C[C@H]1/C=C\C=C/C=C\C=C/C=C\C=C/C=C\[C@H](C[C@H]2[C@@H]([C@@H](C[C@](O2)(C[C@H](C[C@H]([C@H](CC[C@H](C[C@H](CC(=O)O[C@H]([C@H]([C@H]1O)C)C)O)O)O)O)O)O)O)C(=O)O)O[C@@H]3[C@H]([C@@H]([C@@H]([C@@H](O3)C)O)N)O,1
"[2-[(9S,10R,13R,17R)-9-fluoro-11,17-dihydroxy-10,13-dimethyl-3-oxo-1,2,6,7,8,11,12,14,15,16-decahydrocyclopenta[a]phenanthren-17-yl]-2-oxoethyl] acetate",CC(=O)OCC(=O)[C@]1(CCC2[C@]1(CC([C@@]3(C2CCC4=CC(=O)CC[C@]43C)F)O)C)O,1
"7-hydroxy-6-[(2R)-3,4,5-trihydroxy-6-(hydroxymethyl)oxan-2-yl]oxychromen-2-one;methoxymethane",COC.C1=CC(=O)OC2=CC(=C(C=C21)O[C@@H]3C(C(C(C(O3)CO)O)O)O)O,1
"2-Methoxyidazoxan, (S)-",CO[C@@]1(COC2=CC=CC=C2O1)C3=NCCN3,1
N-Bromoacetamide,CC(=O)NBr,1
"1-[(2S,3S,4S,5S)-3,4-dihydroxy-5-(hydroxymethyl)oxolan-2-yl]-1H-1,2,4-triazole-3-carboxamide",C1=NC(=NN1[C@@H]2[C@H]([C@@H]([C@@H](O2)CO)O)O)C(=O)N,1
"(3AS,4R,6aS)-3-oxohexahydro-2H-pyrrolo[3,4-d]isoxazole-4-carboxylic acid",C1[C@@H]2[C@H]([C@@H](N1)C(=O)O)C(=O)NO2,1
(s)-2-Mercaptosuccinic acid,C([C@@H](C(=O)O)S)C(=O)O,1
Lopac-D-1064,CC[C@H](C)[C@@H]1CN[C@@H]([C@H]1CC(=O)O)C(=O)O,1
(4-((4-Arsonophenyl)methyl)phenyl)arsonic acid,C1=CC(=CC=C1CC2=CC=C(C=C2)[As](=O)(O)O)[As](=O)(O)O,1
Urea,C(=O)(N)N,1
"2-((4-(2-((2,2-Dicyanovinyl)amino)ethyl)-1-piperazinyl)methylene)malononitrile",C1CN(CCN1CCNC=C(C#N)C#N)C=C(C#N)C#N,1
"2-(3,4-dihydroxyphenyl)-5,7-dihydroxy-3-[(2S)-3,4,5-trihydroxy-6-methyloxan-2-yl]oxychromen-4-one",CC1C(C(C([C@@H](O1)OC2=C(OC3=CC(=CC(=C3C2=O)O)O)C4=CC(=C(C=C4)O)O)O)O)O,1
(S)-4-Carboxy-3-hydroxyphenylglycine,C1=CC(=C(C=C1[C@@H](C(=O)O)N)O)C(=O)O,1
"3,12-Dibenzyl-7,8,15,16-tetrathia-3,12-diazadispiro[5.2.5^{9}.2^{6}]hexadecane",C1CN(CCC12SSC3(CCN(CC3)CC4=CC=CC=C4)SS2)CC5=CC=CC=C5,1
"sodium (6S,7R)-3-(carbamoyloxymethyl)-7-[[(2Z)-2-(furan-2-yl)-2-methoxyiminoacetyl]amino]-8-oxo-5-thia-1-azabicyclo[4.2.0]oct-2-ene-2-carboxylate",CO/N=C(/C1=CC=CO1)\C(=O)N[C@H]2[C@H]3N(C2=O)C(=C(CS3)COC(=O)N)C(=O)[O-].[Na+],1
4-methyl-N-phenylbenzenecarboximidamide,CC1=CC=C(C=C1)C(=NC2=CC=CC=C2)N,1
N-[(7-hydroxy-4-methyl-2-oxo-2H-1-benzopyran-6-yl)methyl]sarcosine,CC1=CC(=O)OC2=C1C=C(C(=C2)O)CN(C)CC(=O)O,1
Efaroxan hydrochloride,CCC1(CC2=CC=CC=C2O1)C3=NCCN3.Cl,1
[Brit.J.Pharmacol.Chemother. 23:552 (1964)],CCC(C)C1C(=O)NC(C(=O)NC(C(=O)NC(C(=O)NC(C(=O)NCCC(C(=O)NC(C(=O)N1)CCNCS(=O)(=O)[O-])NC(=O)C(CCNCS(=O)(=O)[O-])NC(=O)C(C(C)O)NC(=O)C(CCNCS(=O)(=O)[O-])NC(=O)CCCCC(C)C)C(C)O)CCNCS(=O)(=O)[O-])CCNCS(=O)(=O)[O-])C(C)CC.[Na+].[Na+].[Na+].[Na+].[Na+],1
N-Acetylglycyl-D-glutamic acid,CC(=O)NCC(=O)N[C@H](CCC(=O)O)C(=O)O,1
"1,3-Benzodioxole-5-carboxylic acid",C1OC2=C(O1)C=C(C=C2)C(=O)O,1
"1,3,6,9-Tetrahydro-1,3-dimethyl-8-((2-(1-pyrrolidinyl)ethyl)thio)-6-thioxo-2H-purin-2-one",CN1C2=C(C(=S)N(C1=O)C)NC(=N2)SCCN3CCCC3,1
"9-(3,5-dimethyl-1,2-oxazole-4-carbonyl)-N-propan-2-yl-3,9-diazaspiro[5.5]undecane-3-carboxamide",CC1=C(C(=NO1)C)C(=O)N2CCC3(CC2)CCN(CC3)C(=O)NC(C)C,1
"7-Cyclopentyl-5-(4-phenoxy)phenyl-7H-pyrrolo(2,3-d)pyrimidin-4-ylamine",C1CCC(C1)N2C=C(C3=C(N=CN=C32)N)C4=CC=C(C=C4)OC5=CC=CC=C5,1
"2,3-Dimethylaniline",CC1=C(C(=CC=C1)N)C,1
"trans-(1S,2R)-1-benzamido-2-phenylcyclopropane-1-carboxylic acid",C1[C@@H]([C@@]1(C(=O)O)NC(=O)C2=CC=CC=C2)C3=CC=CC=C3,1
"1,4-Butanediol diglycidyl ether",C1C(O1)COCCCCOCC2CO2,1
"Benzyl alcohol, p-hydroxy-alpha-(1-((p-hydroxyphenethyl)amino)ethyl)-, hydrochloride, threo-",CC(C(C1=CC=C(C=C1)O)O)NCCC2=CC=C(C=C2)O.Cl,1
2-{[4-(Methylethyl)cyclohexyl]carbonylamino}-3-phenylpropanoic acid,CC(C)C1CCC(CC1)C(=O)NC(CC2=CC=CC=C2)C(=O)O,1
2-[(1R)-5-bromo-1-hydroxypentyl]cyclohex-2-en-1-one,C1CC=C(C(=O)C1)[C@@H](CCCCBr)O,1
"6-Hydroxy-1,3-benzoxathiol-2-one",C1=CC2=C(C=C1O)OC(=O)S2,1
4-Tert-butyl-2-((cyclohexylamino)methyl)-6-((dimethylamino)methyl)phenol,CC(C)(C)C1=CC(=C(C(=C1)CN(C)C)O)CNC2CCCCC2,1
"Furan-2-yl-[9-(4-phenylphenyl)-3,9-diazaspiro[5.5]undecan-3-yl]methanone",C1CN(CCC12CCN(CC2)C(=O)C3=CC=CO3)C4=CC=C(C=C4)C5=CC=CC=C5,1
8-Cyclopropyl-6-(4-methoxyphenyl)-2-(4-methylpiperazin-1-yl)pteridin-7-one,CN1CCN(CC1)C2=NC=C3C(=N2)N(C(=O)C(=N3)C4=CC=C(C=C4)OC)C5CC5,1
"4-[(5R,10R,13S)-3,6-dihydroxy-10,13-dimethyl-2,3,4,5,6,7,8,9,11,12,14,15,16,17-tetradecahydro-1H-cyclopenta[a]phenanthren-17-yl]pentanoic acid",CC(CCC(=O)O)C1CCC2[C@]1(CCC3C2CC([C@H]4[C@@]3(CCC(C4)O)C)O)C,1
"(2S)-1,1,1-trichloro-2-hydroxy-6-methylheptan-4-one",CC(C)CC(=O)C[C@@H](C(Cl)(Cl)Cl)O,1
trimethyl-[(R)-(5-oxocyclopenten-1-yl)-phenylmethyl]azanium,C[N+](C)(C)[C@@H](C1=CCCC1=O)C2=CC=CC=C2,1
(-)-Etodolac,CCC1=C2C(=CC=C1)C3=C(N2)[C@@](OCC3)(CC)CC(=O)O,1
methyl N-[3-oxo-1-[3-(trifluoromethyl)phenyl]butyl]carbamate,CC(=O)CC(C1=CC(=CC=C1)C(F)(F)F)NC(=O)OC,1
"Methyl 2-[(3-fluorophenyl)carbamoyl]-2,7-diazaspiro[3.5]nonane-7-carboxylate",COC(=O)N1CCC2(CC1)CN(C2)C(=O)NC3=CC(=CC=C3)F,1
(hydrazinecarbonyl)-N-(pyrimidin-2-yl)methanesulfonamide,C1=CN=C(N=C1)NS(=O)(=O)CC(=O)NN,1
3-[2-(4-Methylpiperazin-1-yl)-7-oxo-6-phenylpteridin-8-yl]propanenitrile,CN1CCN(CC1)C2=NC=C3C(=N2)N(C(=O)C(=N3)C4=CC=CC=C4)CCC#N,1
"1-(1,3-Benzodioxol-5-yl(1-piperazinyl)methyl)piperazine",C1CN(CCN1)C(C2=CC3=C(C=C2)OCO3)N4CCNCC4,1
"(2S,3S,4R,5S)-4-amino-5-(6-aminopurin-9-yl)-2-(hydroxymethyl)oxolan-3-ol",C1=NC(=C2C(=N1)N(C=N2)[C@@H]3[C@@H]([C@@H]([C@@H](O3)CO)O)N)N,1
"2-Naphthacenecarboxamide, 4-(dimethylamino)-1,4,4a,5,5a,6,11,12a-octahydro-3,5,6,10,12,12a-hexahydroxy-6-methyl-1,11-dioxo-, hydrochloride (1:1), (4S,4aR,5S,5aR,6S,12aS)-",C[C@@]1([C@H]2[C@@H]([C@H]3[C@@H](C(=O)C(=C([C@]3(C(=O)C2=C(C4=C1C=CC=C4O)O)O)O)C(=O)N)N(C)C)O)O.Cl,1
"(1R,4Z,6R,7S)-4-ethylidene-7-hydroxy-7-(hydroxymethyl)-6-methyl-2,9-dioxa-14-azatricyclo[9.5.1.014,17]heptadec-11-ene-3,8-dione",C/C=C\1/C[C@H]([C@@](C(=O)OCC2=CCN3C2[C@@H](CC3)OC1=O)(CO)O)C,1
Trichlorophenoxyacetic acid,C1=C(C(=CC(=C1Cl)Cl)Cl)OCC(=O)O,1
"N1,N12-bis(ethyl)spermine",CCNCCCNCCCCNCCCNCC,1
Lopac-N-4396,C1CC(C1)CN2CC[C@@]34[C@H]5[C@H](CC[C@@]3([C@@H]2CC6=C4C(=C(C=C6)O)O5)O)O,1
"(6S,7R)-7-[[(2S)-2-[(4-ethyl-2,3-dioxopiperazine-1-carbonyl)amino]-2-(4-hydroxyphenyl)acetyl]amino]-3-[(1-methyltetrazol-5-yl)sulfanylmethyl]-8-oxo-5-thia-1-azabicyclo[4.2.0]oct-2-ene-2-carboxylic acid;dihydrate",CCN1CCN(C(=O)C1=O)C(=O)N[C@@H](C2=CC=C(C=C2)O)C(=O)N[C@H]3[C@H]4N(C3=O)C(=C(CS4)CSC5=NN=NN5C)C(=O)O.O.O,1
Octylamine,CCCCCCCCN,1
Dimethyldipropylenetriamine,CN(C)CCCNCCCN,1
"methyl (2S,3aS,4S,5S,6S,7aR)-3a,4,5,6-tetrahydroxy-1-[(5-methylthiophen-2-yl)methyl]-3,4,5,6,7,7a-hexahydro-2H-indole-2-carboxylate",CC1=CC=C(S1)CN2[C@@H]3C[C@@H]([C@@H]([C@@H]([C@@]3(C[C@H]2C(=O)OC)O)O)O)O,1
"(10S,13S)-10,13-dimethyl-17-(6-methylheptan-2-yl)-1,2,4,7,8,9,11,12,14,15,16,17-dodecahydrocyclopenta[a]phenanthren-3-one",CC(C)CCCC(C)C1CCC2[C@]1(CCC3C2CC=C4[C@]3(CCC(=O)C4)C)C,1
Sulfamethoxazole,CC1=CC(=NO1)NS(=O)(=O)C2=CC=C(C=C2)N,1
Propofol,CC(C)C1=C(C(=CC=C1)C(C)C)O,1
"2-Methoxy-1-[2-(3-phenylphenyl)-2,7-diazaspiro[3.5]nonan-7-yl]ethanone",COCC(=O)N1CCC2(CC1)CN(C2)C3=CC=CC(=C3)C4=CC=CC=C4,1
"Pyridin-4-yl-(9-pyridin-2-yl-3,9-diazaspiro[5.5]undecan-3-yl)methanone",C1CN(CCC12CCN(CC2)C(=O)C3=CC=NC=C3)C4=CC=CC=N4,1
CID 407450,CN(C)C1=CC=C(C=C1)C(=C2C=CC(=[N+](C)C)C=C2)C3=CC=CC=C3.C(=O)(C(=O)O)O.C(=O)(C(=O)O)O,1
"(3S,4aR,6S,8aR)-Decahydro-6-(phosphonomethyl)-3-isoquinolinecarboxylic acid",C1C[C@H]2CN[C@@H](C[C@H]2C[C@H]1CP(=O)(O)O)C(=O)O,1
"2-(6-Aminopurin-9-yl)-5-(hydroxymethyl)oxolane-3,4-diol",C1=NC(=C2C(=N1)N(C=N2)C3C(C(C(O3)CO)O)O)N,1
Isobutylcarbamic acid,CC(C)CNC(=O)O,1
Ethosuximide,CCC1(CC(=O)NC1=O)C,1
Phenol Red,C1=CC=C2C(=C1)C(OS2(=O)=O)(C3=CC=C(C=C3)O)C4=CC=C(C=C4)O,1
4-Chloroaniline,C1=CC(=CC=C1N)Cl,1
methyl N-[1-(furan-2-yl)-3-oxobutyl]carbamate,CC(=O)CC(C1=CC=CO1)NC(=O)OC,1
"methyl (2R,3R,6R)-4-benzoyl-10-(dimethylcarbamoyl)-3-[(4-fluorophenyl)methyl]-9-(2-methoxy-2-oxoethyl)-4,9-diazatricyclo[6.3.0.02,6]undeca-1(8),10-diene-3-carboxylate",CN(C)C(=O)C1=CC2=C(N1CC(=O)OC)C[C@@H]3[C@H]2[C@](N(C3)C(=O)C4=CC=CC=C4)(CC5=CC=C(C=C5)F)C(=O)OC,1
2-(2-iodophenyl)-N-phenylacetamide,C1=CC=C(C=C1)NC(=O)CC2=CC=CC=C2I,1
Dibucaine Hydrochloride,CCCCOC1=NC2=CC=CC=C2C(=C1)C(=O)NCCN(CC)CC.Cl,1
methyl N-[[(1S)-1-acetyl-2-oxocyclopentyl]-(3-fluorophenyl)methyl]carbamate,CC(=O)[C@]1(CCCC1=O)C(C2=CC(=CC=C2)F)NC(=O)OC,1
Piperonal,C1OC2=C(O1)C=C(C=C2)C=O,1
[(2R)-1-amino-3-phenylpropan-2-yl]phosphonic acid,C1=CC=C(C=C1)C[C@H](CN)P(=O)(O)O,1
"methyl 4-[(5S,10R,13R)-3,12-dihydroxy-10,13-dimethyl-2,3,4,5,6,7,8,9,11,12,14,15,16,17-tetradecahydro-1H-cyclopenta[a]phenanthren-17-yl]pentanoate",CC(CCC(=O)OC)C1CCC2[C@@]1(C(CC3C2CC[C@@H]4[C@]3(CCC(C4)O)C)O)C,1
3-[6-(4-Fluorophenyl)-7-oxo-2-phenoxypteridin-8-yl]propanenitrile,C1=CC=C(C=C1)OC2=NC=C3C(=N2)N(C(=O)C(=N3)C4=CC=C(C=C4)F)CCC#N,1
Tocris-1705,C1CCC(C1)NC2=C3C(=NC(=N2)Cl)N(C=N3)[C@@H]4[C@H]([C@@H]([C@H](O4)CO)O)O,1
"[(4bR,10aR,12aR)-5-acetyloxy-1-(furan-3-yl)-4b,7,7,10a,12a-pentamethyl-3-oxo-1,5,6,6a,8,9,10,10b,11,12-decahydronaphtho[2,1-f]isochromen-8-yl] acetate",CC(=O)OC1CC[C@]2(C3CC[C@]4(C(OC(=O)C=C4[C@@]3(C(CC2C1(C)C)OC(=O)C)C)C5=COC=C5)C)C,1
"(2E,4Z)-5-[(1R)-1-hydroxy-2,6,6-trimethyl-4-oxocyclohex-2-en-1-yl]-3-methylpenta-2,4-dienoic acid",CC1=CC(=O)CC([C@@]1(/C=C\C(=C\C(=O)O)\C)O)(C)C,1
"(1R,2R,5S,6R,9R,12R,13R,16S)-N,N,6,7,13-pentamethyl-7-azapentacyclo[10.8.0.02,9.05,9.013,18]icos-18-en-16-amine",C[C@@H]1[C@H]2CC[C@H]3[C@@]2(CC[C@@H]4[C@H]3CC=C5[C@@]4(CC[C@@H](C5)N(C)C)C)CN1C,1
2-Amino-5-Nitrophenol,C1=CC(=C(C=C1[N+](=O)[O-])O)N,1
"N,N-Dipropylcarboxamidotryptamine",CCCN(CCC)CCC1=CNC2=C1C=C(C=C2)C(=O)N,1
"5-(2-oxo-hexahydro-1H-thieno(3,4-d)imidazolidin-4-yl)pentanoic acid",C1C2C(C(S1)CCCCC(=O)O)NC(=O)N2,1
"3-Benzyl-4-hydroxy-naphthalene-1,2-dione",C1=CC=C(C=C1)CC2=C(C3=CC=CC=C3C(=O)C2=O)O,1
Benzamidine,C1=CC=C(C=C1)C(=N)N,1
"(1S,6R,10E,12R,13S,14E,16E,21Z,24R)-6'-cyclohexyl-24-hydroxy-21-hydroxyimino-12-(5-hydroxy-4-methoxy-6-methyloxan-2-yl)oxy-5',11,13,22-tetramethylspiro[3,7,19-trioxatetracyclo[15.6.1.14,8.020,24]pentacosa-10,14,16,22-tetraene-6,2'-oxane]-2-one",C[C@H]1/C=C/C=C/2\COC\3[C@]2([C@H](C=C(/C3=N/O)C)C(=O)OC4CC(C/C=C(/[C@@H]1OC5CC(C(C(O5)C)O)OC)\C)O[C@]6(C4)CCC(C(O6)C7CCCCC7)C)O,1
(1-benzyl-2-methyl-1H-imidazol-5-yl)methyl imidothiocarbamate,CC1=NC=C(N1CC2=CC=CC=C2)CSC(=N)N,1
"(2S,3S,4R,5R)-5-(1,3-benzothiazol-2-yl)-2,3,4,5-tetrahydroxypentanoic acid",C1=CC=C2C(=C1)N=C(S2)[C@@H]([C@@H]([C@@H]([C@@H](C(=O)O)O)O)O)O,1
Octanoic Acid,CCCCCCCC(=O)O,1
"3,4-Dichlorophenyl isocyanate",C1=CC(=C(C=C1N=C=O)Cl)Cl,1
"3-[(3S,5R,10S,12R,13S,14S,17R)-3,12,14-trihydroxy-10,13-dimethyl-1,2,3,4,5,6,7,8,9,11,12,15,16,17-tetradecahydrocyclopenta[a]phenanthren-17-yl]-2H-furan-5-one",C[C@]12CC[C@@H](C[C@H]1CCC3C2C[C@H]([C@]4([C@@]3(CC[C@@H]4C5=CC(=O)OC5)O)C)O)O,1
1-(2-Azidoethyl)-2-methyl-5-nitroimidazole,CC1=NC=C(N1CCN=[N+]=[N-])[N+](=O)[O-],1
(2R)-2-amino-3-{[9-(4-chlorophenyl)-9H-fluoren-9-yl]sulfanyl}propanoic acid,C1=CC=C2C(=C1)C3=CC=CC=C3C2(C4=CC=C(C=C4)Cl)SC[C@@H](C(=O)O)N,1
"1-[9-(1,3-Thiazol-2-ylmethyl)-3,9-diazaspiro[5.5]undecan-3-yl]ethanone",CC(=O)N1CCC2(CCN(CC2)CC3=NC=CS3)CC1,1
"(1'S,6S,10'E,12'R,13'S,14'E,16'E,24'R)-2-butan-2-yl-21',24'-dihydroxy-12'-[5-[(2S,5S)-5-hydroxy-4-methoxy-6-methyloxan-2-yl]oxy-4-methoxy-6-methyloxan-2-yl]oxy-3,11',13',22'-tetramethylspiro[2,3-dihydropyran-6,6'-3,7,19-trioxatetracyclo[15.6.1.14,8.020,24]pentacosa-10,14,16,22-tetraene]-2'-one",CCC(C)C1C(C=C[C@@]2(O1)CC3CC(O2)C/C=C(/[C@@H]([C@H](/C=C/C=C/4\COC5[C@]4([C@H](C=C(C5O)C)C(=O)O3)O)C)OC6CC(C(C(O6)C)O[C@H]7CC([C@H](C(O7)C)O)OC)OC)\C)C,1
1-Pentene,CCCC=C,1
Dimethyl Phthalate,COC(=O)C1=CC=CC=C1C(=O)OC,1
"(3aR,5aS,8R,9S,9aR,9bS)-2-ethyl-8,9-dihydroxy-4,5,5a,7,8,9,9a,9b-octahydro-3aH-benzo[e]isoindole-1,3,6-trione",CCN1C(=O)[C@@H]2CC[C@H]3[C@H]([C@@H]2C1=O)[C@@H]([C@@H](CC3=O)O)O,1
LE 135,CC1(CCC(C2=CC3=C(C=C21)N=C(C4=CC=CC=C4N3C)C5=CC=C(C=C5)C(=O)O)(C)C)C,1
"(2-Benzyl-2,7-diazaspiro[3.5]nonan-7-yl)-(3-fluorophenyl)methanone",C1CN(CCC12CN(C2)CC3=CC=CC=C3)C(=O)C4=CC(=CC=C4)F,1
3-((2-Hydroxyethyl)sulfanyl)propan-1-ol,C(CO)CSCCO,1
Carmustine,C(CCl)NC(=O)N(CCCl)N=O,1
CID 3246495,CN1C2=NC=NC3=C2C(=CN3[C@@H]4[C@H]([C@@H]([C@@H](O4)CO)O)O)C(=N1)N,1
"2,2-Dimethyl-4-phosphonobutanoic acid",CC(C)(CCP(=O)(O)O)C(=O)O,1
Phthalylsulfathiazole,C1=CC=C(C(=C1)C(=O)NC2=CC=C(C=C2)S(=O)(=O)NC3=NC=CS3)C(=O)O,1
"(5R)-5-methylimidazolidine-2,4-dione",C[C@@H]1C(=O)NC(=O)N1,1
Estradiol,C[C@]12CC[C@H]3[C@H]([C@@H]1CC[C@@H]2O)CCC4=C3C=CC(=C4)O,1
"Citiolone, (R)-",CC(=O)N[C@@H]1CCSC1=O,1
Diisobutyl phthalate,CC(C)COC(=O)C1=CC=CC=C1C(=O)OCC(C)C,1
(Z)-3-[4-(imidazol-1-ylmethyl)phenyl]prop-2-enoic acid,C1=CC(=CC=C1CN2C=CN=C2)/C=C\C(=O)O,1
"sodium [2-(6-aminopurin-9-yl)-5-[[[[(5R)-5-(3-carbamoylpyridin-1-ium-1-yl)-3,4-dihydroxyoxolan-2-yl]methoxy-oxidophosphoryl]oxy-hydroxyphosphoryl]oxymethyl]-4-hydroxyoxolan-3-yl] hydrogen phosphate",C1=CC(=C[N+](=C1)[C@H]2C(C(C(O2)COP(=O)([O-])OP(=O)(O)OCC3C(C(C(O3)N4C=NC5=C(N=CN=C54)N)OP(=O)(O)[O-])O)O)O)C(=O)N.[Na+],1
"1-Acetyl-2-isobutyl-2,5-dihydro-1H-pyrrole-2-carboxylic acid",CC(C)CC1(C=CCN1C(=O)C)C(=O)O,1
"2-Methoxy-1-[9-(4-phenylphenyl)-3,9-diazaspiro[5.5]undecan-3-yl]ethanone",COCC(=O)N1CCC2(CCN(CC2)C3=CC=C(C=C3)C4=CC=CC=C4)CC1,1
"dimethyl (1R,2R,4R,5S)-8-methyl-3-oxo-8-azabicyclo[3.2.1]octane-2,4-dicarboxylate;oxalic acid",CN1[C@@H]2CC[C@H]1[C@H](C(=O)[C@@H]2C(=O)OC)C(=O)OC.C(=O)(C(=O)O)O,1
4-Aminoacetanilide,CC(=O)NC1=CC=C(C=C1)N,1
N-benzyl-5-[4-(dimethylamino)phenyl]pyrimidin-4-amine,CN(C)C1=CC=C(C=C1)C2=CN=CN=C2NCC3=CC=CC=C3,1
"10-Acetyl-11-hydroxy-7,7-dimethyl-2,6,6a,7,11a,11b-hexahydro-9H-pyrrolo[1',2':2,3]isoindolo[4,5,6-cd]indol-9-one",CC(=O)C1=C(C2C3C(CC4=C5C3=CNC5=CC=C4)C(N2C1=O)(C)C)O,1
(2R)-2-[(4-methoxyphenyl)methylamino]propanoic acid,C[C@H](C(=O)O)NCC1=CC=C(C=C1)OC,1
Sulmazole,COC1=C(C=CC(=C1)S(=O)C)C2=NC3=C(N2)C=CC=N3,1
Rebamipide,C1=CC=C2C(=C1)C(=CC(=O)N2)CC(C(=O)O)NC(=O)C3=CC=C(C=C3)Cl,1
"(E)-4-(4-chlorophenyl)-2,2,3-trimethylbut-3-enoic acid",C/C(=C\C1=CC=C(C=C1)Cl)/C(C)(C)C(=O)O,1
"[(10S,13S)-10,13-dimethyl-17-(6-methylheptan-2-yl)-2,3,4,7,8,9,11,12,14,15,16,17-dodecahydro-1H-cyclopenta[a]phenanthren-3-yl] acetate",CC(C)CCCC(C)C1CCC2[C@]1(CCC3C2CC=C4[C@]3(CCC(C4)OC(=O)C)C)C,1
"3-(hydroxy(oxido)amino)-2-(4-(hydroxy(oxido)amino)-2-methyl-1H-imidazol-1-yl)imidazo[1,2-a]pyridine",CC1=NC(=CN1C2=C(N3C=CC=CC3=N2)[N+](=O)[O-])[N+](=O)[O-],1
4-Hydroxy-3-methoxy-mandelic acid,COC1=C(C=CC(=C1)[C@@H](C(=O)O)O)O,1
Tegaserod,CCCCCN=C(N)N/N=C/C1=CNC2=C1C=C(C=C2)OC,1
Sulfadoxine,COC1=C(N=CN=C1OC)NS(=O)(=O)C2=CC=C(C=C2)N,1
"N,N-Dibenzyl-4-methylaniline",CC1=CC=C(C=C1)N(CC2=CC=CC=C2)CC3=CC=CC=C3,1
Deoxyuridine,C1[C@@H]([C@H](O[C@H]1N2C=CC(=O)NC2=O)CO)O,1
"(4S,4aS,5aS,6R,12aS)-4-(dimethylamino)-1,6,10,11,12a-pentahydroxy-6-methyl-3,12-dioxo-4,4a,5,5a-tetrahydrotetracene-2-carboxamide;methanesulfonic acid",C[C@]1([C@H]2C[C@H]3[C@@H](C(=O)C(=C([C@@]3(C(=O)C2=C(C4=C1C=CC=C4O)O)O)O)C(=O)N)N(C)C)O.CS(=O)(=O)O,1
"2-amino-2-methoxypropane-1,3-diol;(Z)-7-[(1S,2S,3R,5S)-3,5-dihydroxy-2-[(Z,3S)-3-hydroxyoct-1-enyl]cyclopentyl]hept-5-enoic acid",CCCCC[C@@H](/C=C\[C@@H]1[C@@H](C[C@@H]([C@H]1C/C=C\CCCC(=O)O)O)O)O.COC(CO)(CO)N,1
Hydroxyvalerenic acid,C[C@@H]1CC[C@H](C2=C(C[C@H]([C@H]12)O)C)/C=C(\C)/C(=O)O,1
8-Cyclopropyl-2-piperazin-1-ylpteridin-7-one,C1CC1N2C(=O)C=NC3=CN=C(N=C32)N4CCNCC4,1
As-(4-Azidophenyl)arsonic acid,C1=CC(=CC=C1N=[N+]=[N-])[As](=O)(O)O,1
4-methoxy-5-[(E)-2-phenylethenyl]oxolan-3-ol,COC1C(COC1/C=C/C2=CC=CC=C2)O,1
"4-Bromo-3,3,4-trimethyl-2-oxidodiazetidin-1-ium 1-oxide",CC1(C([N+](=O)N1[O-])(C)Br)C,1
"10H-Phenothiazine-10-propanamine, 2-ethyl-N,N,beta-trimethyl-, (R)-",CCC1=CC2=C(C=C1)SC3=CC=CC=C3N2C[C@H](C)CN(C)C,1
"3,7,7-Trimethylbicyclo[4.1.0]heptane-3,4-diol",CC1(C2C1CC(C(C2)O)(C)O)C,1
"3,4-Dichlorobenzoic acid",C1=CC(=C(C=C1C(=O)O)Cl)Cl,1
Pindone,CC(C)(C)C(=O)C1C(=O)C2=CC=CC=C2C1=O,1
Lauric Acid,CCCCCCCCCCCC(=O)O,1
"DIBENZ(a,h)ANTHRACENE",C1=CC=C2C(=C1)C=CC3=CC4=C(C=CC5=CC=CC=C54)C=C32,1
"[(2R,3S,4R,5S,6S)-6-[[(2S,3S,4S,5S,6S)-3,4-dihydroxy-6-(hydroxymethyl)-5-[(2R,3S,4R,5S,6S)-3,4,5-trihydroxy-6-methyloxan-2-yl]oxyoxan-2-yl]oxymethyl]-3,4,5-trihydroxyoxan-2-yl] (1R,2R,4aR,6aS,6aS,6bS,8aR,9S,10S,11R,12aR,14bR)-10,11-dihydroxy-9-(hydroxymethyl)-1,2,6a,6b,9,12a-hexamethyl-2,3,4,5,6,6a,7,8,8a,10,11,12,13,14b-tetradecahydro-1H-picene-4a-carboxylate",C[C@@H]1CC[C@]2(CC[C@@]3(C(=CC[C@@H]4[C@@]3(CC[C@@H]5[C@@]4(C[C@H]([C@H]([C@]5(C)CO)O)O)C)C)[C@H]2[C@@H]1C)C)C(=O)O[C@@H]6[C@H]([C@@H]([C@@H]([C@@H](O6)CO[C@@H]7[C@H]([C@@H]([C@@H]([C@@H](O7)CO)O[C@@H]8[C@H]([C@@H]([C@@H]([C@@H](O8)C)O)O)O)O)O)O)O)O,1
Cladribine,C1[C@@H]([C@H](O[C@H]1N2C=NC3=C(N=C(N=C32)Cl)N)CO)O,1
"methyl (Z,5S,6R)-7-hydroxy-5-methyl-6-[(4-methylphenyl)sulfonylamino]hept-3-enoate",CC1=CC=C(C=C1)S(=O)(=O)N[C@@H](CO)[C@@H](C)/C=C\CC(=O)OC,1
"3,3-Dimethyl-2-oxobutylphosphonic acid",CC(C)(C)C(=O)CP(=O)(O)O,1
4-(1-Cyanonaphthalen-2-ylamino)-4-oxobutanoic acid,C1=CC=C2C(=C1)C=CC(=C2C#N)NC(=O)CCC(=O)O,1
2-(4-Quinolinylmethylene)malonic acid,C1=CC=C2C(=C1)C(=CC=N2)C=C(C(=O)O)C(=O)O,1
"N,2-dimethyl-1-phenylpropan-2-amine;sulfuric acid",CC(C)(CC1=CC=CC=C1)NC.OS(=O)(=O)O,1
"(R,S)-2-(2-Oxo-propyl)-succinic acid diethyl ester",CCOC(=O)C[C@@H](CC(=O)C)C(=O)OCC,1
diethyl (2R)-2-[(1S)-2-oxocyclohexyl]butanedioate,CCOC(=O)C[C@H]([C@@H]1CCCCC1=O)C(=O)OCC,1
Lopac-P-0130,CC(=O)[C@@H]1CC[C@H]2[C@]1(CC[C@H]3[C@H]2CCC4=CC(=O)CC[C@@]34C)C,1
"methyl (5S)-2-pyridin-2-yl-2,7-diazaspiro[4.5]decane-7-carboxylate",COC(=O)N1CCC[C@]2(C1)CCN(C2)C3=CC=CC=N3,1
CI-907,CCOC(=O)C(CCC1=CC=CC=C1)NC(C)C(=O)N2C3CCCCC3CC2C(=O)O,1
"2-Aminobenzene-1,3,5-trisulfonamide",C1=C(C=C(C(=C1S(=O)(=O)N)N)S(=O)(=O)N)S(=O)(=O)N,1
Gaboxadol hydrochloride,C1CNCC2=C1C(=O)NO2.Cl,1
Lopac-M-5391,CC(C)NC[C@H](COC1=CC=C(C=C1)CCOC)O.CC(C)NC[C@H](COC1=CC=C(C=C1)CCOC)O.[C@@H]([C@@H](C(=O)O)O)(C(=O)O)O,1
Mefloquine carboxylic acid,C1=CC2=C(C(=C1)C(F)(F)F)N=C(C=C2C(=O)O)C(F)(F)F,1
Urapidil,CN1C(=CC(=O)N(C1=O)C)NCCCN2CCN(CC2)C3=CC=CC=C3OC,1
1-Chloro-2-propanol,CC(CCl)O,1
2-[2-[Bis(carboxymethyl)amino]ethyl-(carboxymethyl)amino]acetic acid;manganese,C(CN(CC(=O)O)CC(=O)O)N(CC(=O)O)CC(=O)O.[Mn],1
"Carbamic acid, (2-(1-piperazinyl)ethyl)dithio-",C1CN(CCN1)CCNC(=S)S,1
4-[(3-Carboxy-4-hydroxy-1-naphthyl)(oxo)acetyl]-1-hydroxy-2-naphthoic acid,C1=CC=C2C(=C1)C(=CC(=C2O)C(=O)O)C(=O)C(=O)C3=CC(=C(C4=CC=CC=C43)O)C(=O)O,1
(2S)-2-amino-3-ethylsulfanylpropanoic acid,CCSC[C@H](C(=O)O)N,1
1-tert-Butoxy-2-propanol,CC(COC(C)(C)C)O,1
2-Methylbutanoic Acid,CCC(C)C(=O)O,1
"2-[(1S)-1,2,3,4-tetrahydronaphthalen-1-yl]-4,5-dihydro-1H-imidazole",C1C[C@@H](C2=CC=CC=C2C1)C3=NCCN3,1
"4-(4-fluorophenyl)-6-[(E)-2-(4-fluorophenyl)ethenyl]-1,5-dimethylbicyclo[3.2.1]oct-6-en-2-one",CC12CC(C(CC1=O)C3=CC=C(C=C3)F)(C(=C2)/C=C/C4=CC=C(C=C4)F)C,1
"2,3-Dichlorobenzoic acid",C1=CC(=C(C(=C1)Cl)Cl)C(=O)O,1
Diethylene Glycol,C(COCCO)O,1
Benzyl Chloride,C1=CC=C(C=C1)CCl,1
2-[(1S)-1-hydroxy-2-methylpropyl]cyclohex-2-en-1-one,CC(C)[C@@H](C1=CCCCC1=O)O,1
"3-(Benzenesulfonyl)-9-(3-phenylphenyl)-3,9-diazaspiro[5.5]undecane",C1CN(CCC12CCN(CC2)S(=O)(=O)C3=CC=CC=C3)C4=CC=CC(=C4)C5=CC=CC=C5,1
"9-(3-fluorobenzoyl)-N-(3-fluorophenyl)-3,9-diazaspiro[5.5]undecane-3-carboxamide",C1CN(CCC12CCN(CC2)C(=O)NC3=CC(=CC=C3)F)C(=O)C4=CC(=CC=C4)F,1
2-Nitrodiphenylamine,C1=CC=C(C=C1)NC2=CC=CC=C2[N+](=O)[O-],1
"(4Z,6R,7R,11S,15R)-6-methoxy-7,11-dimethyl-9,13-dioxa-1-azabicyclo[13.3.0]octadec-4-ene-2,10,14-trione",C[C@@H]1COC(=O)[C@H](COC(=O)[C@H]2CCCN2C(=O)C/C=C\[C@H]1OC)C,1
"2,4-Diaminotoluene",CC1=C(C=C(C=C1)N)N,1
Famciclovir,CC(=O)OCC(CCN1C=NC2=CN=C(N=C21)N)COC(=O)C,1
"1-((4'-((1-Cyanocyclopentyl)amino)[1,1'-biphenyl]-4-yl)amino)cyclopentanecarbonitrile",C1CCC(C1)(C#N)NC2=CC=C(C=C2)C3=CC=C(C=C3)NC4(CCCC4)C#N,1
Metolachlor,CCC1=CC=CC(=C1N(C(C)COC)C(=O)CCl)C,1
"Carbamimidothioic acid, 2-(2-pyridinyl)ethyl ester",C1=CC=NC(=C1)CCSC(=N)N,1
"rel-(2R,6S)-2,6-Dimethylpiperidine",C[C@@H]1CCC[C@@H](N1)C,1
"N,N-dimethyl-4-[6-(thiophen-2-ylmethylamino)pyrimidin-4-yl]benzamide",CN(C)C(=O)C1=CC=C(C=C1)C2=CC(=NC=N2)NCC3=CC=CS3,1
"4-amino-N-(1,3-thiazol-2-ylmethyl)benzenesulfonamide",C1=CC(=CC=C1N)S(=O)(=O)NCC2=NC=CS2,1
"Pyrrolidinium, 3-(((2S)-cyclopentylhydroxyphenylacetyl)oxy)-1,1-dimethyl-, (3R)-",C[N+]1(CC[C@H](C1)OC(=O)[C@](C2CCCC2)(C3=CC=CC=C3)O)C,1
"Disopyramide, (R)-",CC(C)N(CC[C@@](C1=CC=CC=C1)(C2=CC=CC=N2)C(=O)N)C(C)C,1
(2R)-2-amino-2-ethyl-3-methylbutanoic acid,CC[C@@](C(C)C)(C(=O)O)N,1
Alpha-quinidine,C=CC1CN2CCC1CC2C(C3=CC=NC4=CC=CC=C34)O,1
Benzenesulfonyl chloride,C1=CC=C(C=C1)S(=O)(=O)Cl,1
"ethyl N-[(Z)-[(3aS,5aS,8R,9S,9aS,9bS)-2-tert-butyl-8,9-dihydroxy-1,3-dioxo-4,5,5a,7,8,9,9a,9b-octahydro-3aH-benzo[e]isoindol-6-ylidene]amino]carbamate",CCOC(=O)N/N=C\1/C[C@H]([C@H]([C@H]2[C@@H]1CC[C@H]3[C@H]2C(=O)N(C3=O)C(C)(C)C)O)O,1
N-methyliminodiacetic acid,CN(CC(=O)O)CC(=O)O,1
"2-(2-(3,5-Dihydroxy-1,2,4-triazin-6-yl)phenyl)-3,5-dioxo-2,3,4,5-tetrahydro-1,2,4-triazine-6-carboxylic acid",C1=CC=C(C(=C1)C2=NNC(=O)NC2=O)N3C(=O)NC(=O)C(=N3)C(=O)O,1
Embelin,CCCCCCCCCCCC1=C(C(=O)C=C(C1=O)O)O,1
Biphenyl,C1=CC=C(C=C1)C2=CC=CC=C2,1
"copper;bis([(1R)-1,2-dicarboxyethyl]azanide)",C([C@H](C(=O)O)[NH-])C(=O)O.C([C@H](C(=O)O)[NH-])C(=O)O.[Cu],1
"(3-Fluorophenyl)-(9-pyridin-4-yl-3,9-diazaspiro[5.5]undecan-3-yl)methanone",C1CN(CCC12CCN(CC2)C(=O)C3=CC(=CC=C3)F)C4=CC=NC=C4,1
Methyl Anthranilate,COC(=O)C1=CC=CC=C1N,1
methyl 5-(cyclopropylmethylcarbamoyl)-5-methyl-2H-pyrrole-1-carboxylate,CC1(C=CCN1C(=O)OC)C(=O)NCC2CC2,1
(2E)-3-[4-(Benzyloxy)phenyl]-1-(thiophen-2-yl)prop-2-en-1-one,C1=CC=C(C=C1)COC2=CC=C(C=C2)/C=C/C(=O)C3=CC=CS3,1
"N-(4-methoxyphenyl)-7-(thiadiazole-4-carbonyl)-2,7-diazaspiro[3.5]nonane-2-carboxamide",COC1=CC=C(C=C1)NC(=O)N2CC3(C2)CCN(CC3)C(=O)C4=CSN=N4,1
6-(4-Fluorophenyl)-8-(2-methoxyethyl)-2-morpholin-4-ylpteridin-7-one,COCCN1C2=NC(=NC=C2N=C(C1=O)C3=CC=C(C=C3)F)N4CCOCC4,1
Methyl alpha-aspartylphenylalaninate,COC(=O)C(CC1=CC=CC=C1)NC(=O)C(CC(=O)O)N,1
Clopidol,CC1=C(C(=O)C(=C(N1)C)Cl)Cl,1
6-(4-Chlorophenyl)-8-[(4-fluorophenyl)methyl]-2-morpholin-4-ylpteridin-7-one,C1COCCN1C2=NC=C3C(=N2)N(C(=O)C(=N3)C4=CC=C(C=C4)Cl)CC5=CC=C(C=C5)F,1
(alphaR)-alpha-Methyl-4-(((1S)-2-oxocyclopentyl)methyl)benzeneacetic acid,C[C@H](C1=CC=C(C=C1)C[C@@H]2CCCC2=O)C(=O)O,1
"(5R,6R)-5,6-dihydroxy-4,5,6-trimethyl-2,8-dioxa-13-azatricyclo[8.5.1.013,16]hexadec-10-ene-3,7-dione",CC1C(=O)OC2CCN3C2C(=CC3)COC(=O)[C@]([C@]1(C)O)(C)O,1
Racephenicol,CS(=O)(=O)C1=CC=C(C=C1)C(C(CO)NC(=O)C(Cl)Cl)O,1
"N,N,N-trimethylglycinium",C[N+](C)(C)CC(=O)O,1
"9-(1-methylpyrrole-2-carbonyl)-N-propan-2-yl-3,9-diazaspiro[5.5]undecane-3-carboxamide",CC(C)NC(=O)N1CCC2(CCN(CC2)C(=O)C3=CC=CN3C)CC1,1
4-((6-Methyl-2-(methylthio)-4-pyrimidinyl)amino)-2-(1-piperidinylmethyl)phenol,CC1=CC(=NC(=N1)SC)NC2=CC(=C(C=C2)O)CN3CCCCC3,1
"2,4-D-meptyl",CCCCCCC(C)OC(=O)COC1=C(C=C(C=C1)Cl)Cl,1
Cyclophosphamide Monohydrate,C1CNP(=O)(OC1)N(CCCl)CCCl.O,1
"3-(1H-pyrazolo[3,4-d]pyrimidin-4-ylamino)-1-propanol",C1=NNC2=C1C(=NC=N2)NCCCO,1
Thiodiglycol,C(CSCCO)O,1
"methyl 4-[(E,4R)-5-[(1,5-dimethylpyrazol-3-yl)methylamino]-4-methyl-5-oxo-1-(phenylmethoxycarbonylamino)-2-pyridin-3-ylpent-2-enyl]benzoate",CC1=CC(=NN1C)CNC(=O)[C@H](C)/C=C(\C2=CN=CC=C2)/C(C3=CC=C(C=C3)C(=O)OC)NC(=O)OCC4=CC=CC=C4,1
"1,2-Dibromo-3-Chloropropane",C(C(CBr)Br)Cl,1
Flufenamic Acid,C1=CC=C(C(=C1)C(=O)O)NC2=CC=CC(=C2)C(F)(F)F,1
Acyclovir,C1=NC2=C(N1COCCO)N=C(NC2=O)N,1
Tocris-1076,C[C@H]1[C@@H]([C@H]([C@@H]([C@H](O1)O[C@@H]2C[C@H]([C@@]3([C@@H]4[C@@H](CC[C@@]3(C2)O)[C@@]5(CC[C@@H]([C@]5(C[C@H]4O)C)C6=CC(=O)OC6)O)CO)O)O)O)O,1
2-Carboxy-4-(1-methylethenyl)-3-pyrrolidineacetic acid,CC(=C)C1CNC(C1CC(=O)O)C(=O)O,1
"(S)-2-amino-2-(3-oxo-2,3-dihydroisoxazol-5-yl)acetic acid",C1=C(ONC1=O)[C@@H](C(=O)O)N,1
"(4R,4aR,5aS,6R,12aS)-4-(dimethylamino)-1,6,10,11,12a-pentahydroxy-6-methyl-3,12-dioxo-N-(pyrrolidin-1-ylmethyl)-4,4a,5,5a-tetrahydrotetracene-2-carboxamide",C[C@]1([C@H]2C[C@@H]3[C@H](C(=O)C(=C([C@@]3(C(=O)C2=C(C4=C1C=CC=C4O)O)O)O)C(=O)NCN5CCCC5)N(C)C)O,1
"Phenyl 9-(3-phenylphenyl)-3,9-diazaspiro[5.5]undecane-3-carboxylate",C1CN(CCC12CCN(CC2)C(=O)OC3=CC=CC=C3)C4=CC=CC(=C4)C5=CC=CC=C5,1
Dimethyl Glutarate,COC(=O)CCCC(=O)OC,1
Levocarnitine-propionate,CCC(=O)O[C@H](CC(=O)O)C[N+](C)(C)C,1
"(3-Fluorophenyl)-(2-pyridin-2-yl-2,7-diazaspiro[3.5]nonan-7-yl)methanone",C1CN(CCC12CN(C2)C3=CC=CC=N3)C(=O)C4=CC(=CC=C4)F,1
"(2-Methyl-2,9-diazaspiro[5.5]undecan-9-yl)-(1-methylpyrrol-2-yl)methanone",CN1CCCC2(C1)CCN(CC2)C(=O)C3=CC=CN3C,1
"Phenyl 2-(2-methylpropyl)-2,7-diazaspiro[3.5]nonane-7-carboxylate",CC(C)CN1CC2(C1)CCN(CC2)C(=O)OC3=CC=CC=C3,1
"N-(3-cyanophenyl)-9-(1-methylpyrrole-2-carbonyl)-3,9-diazaspiro[5.5]undecane-3-carboxamide",CN1C=CC=C1C(=O)N2CCC3(CC2)CCN(CC3)C(=O)NC4=CC=CC(=C4)C#N,1
"R-(+)-8-chloro-2,3,4,5-tetrahydro-3-methyl-5-phenyl-1H-3-benzazepine-7-ol",CN1CCC2=CC(=C(C=C2[C@H](C1)C3=CC=CC=C3)O)Cl,1
"9(10H)-anthracenone (2,4-bis(hydroxy(oxido)amino)phenyl)hydrazone",C1C2=CC=CC=C2C(=NNC3=C(C=C(C=C3)[N+](=O)[O-])[N+](=O)[O-])C4=CC=CC=C41,1
8-(2-Methoxyethyl)-2-(4-methylpiperazin-1-yl)-6-(2-phenylethyl)pteridin-7-one,CN1CCN(CC1)C2=NC=C3C(=N2)N(C(=O)C(=N3)CCC4=CC=CC=C4)CCOC,1
"O,P'-Ddt",C1=CC=C(C(=C1)C(C2=CC=C(C=C2)Cl)C(Cl)(Cl)Cl)Cl,1
"1-Ethyl-azacycloundecane-6,7-dione oxime",CCN1CCCC/C(=N\O)/C(=N\O)/CCCC1,1
D-Carnosine,C1=C(NC=N1)C[C@H](C(=O)O)NC(=O)CCN,1
copper;3-(oxidoamino)-1H-indol-2-ol;[(3E)-3-oxidoimino-1H-indol-2-ylidene]oxidanium,C1=CC=C2C(=C1)C(=C(N2)O)N[O-].C1=CC=C2C(=C1)/C(=N\[O-])/C(=[OH+])N2.[Cu],1
"3-[(5R,10R,13R,14R)-3-[(2S,5R)-5-[(5R)-5-(4,5-dihydroxy-6-methyloxan-2-yl)oxy-4-hydroxy-6-methyloxan-2-yl]oxy-4-hydroxy-6-methyloxan-2-yl]oxy-14,16-dihydroxy-10,13-dimethyl-1,2,3,4,5,6,7,8,9,11,12,15,16,17-tetradecahydrocyclopenta[a]phenanthren-17-yl]-2H-furan-5-one",CC1[C@@H](C(C[C@H](O1)OC2CC[C@@]3([C@@H](C2)CCC4C3CC[C@]5([C@]4(CC(C5C6=CC(=O)OC6)O)O)C)C)O)OC7CC([C@H](C(O7)C)OC8CC(C(C(O8)C)O)O)O,1
"methyl (Z,5R)-5-[(2R,3S,6R)-3-hydroxy-2-(hydroxymethyl)-3,6-dihydro-2H-pyran-6-yl]hex-3-enoate",C[C@H](/C=C\CC(=O)OC)[C@H]1C=C[C@@H]([C@H](O1)CO)O,1
(E)-1-[2-(hydroxymethyl)pyrrolidin-1-yl]-3-phenylprop-2-en-1-one,C1CC(N(C1)C(=O)/C=C/C2=CC=CC=C2)CO,1
"N-(3-cyanophenyl)-9-(furan-2-carbonyl)-3,9-diazaspiro[5.5]undecane-3-carboxamide",C1CN(CCC12CCN(CC2)C(=O)NC3=CC=CC(=C3)C#N)C(=O)C4=CC=CO4,1
"(3aS,5aR,6Z,8R,9S,9aS,9bS)-2-ethyl-6-[(2S)-3-(furan-2-ylmethoxy)-2-hydroxypropoxy]imino-8,9-dihydroxy-4,5,5a,7,8,9,9a,9b-octahydro-3aH-benzo[e]isoindole-1,3-dione",CCN1C(=O)[C@H]2CC[C@@H]\3[C@@H]([C@@H]2C1=O)[C@@H]([C@@H](C/C3=N/OC[C@H](COCC4=CC=CO4)O)O)O,1
Pyrantel (+)-tartrate salt,CN1CCCN=C1/C=C\C2=CC=CS2.[C@@H]([C@@H](C(=O)O)O)(C(=O)O)O,1
2-Methyl-2-[4-(Naphthalen-1-Yl)phenoxy]propanoic Acid,CC(C)(C(=O)O)OC1=CC=C(C=C1)C2=CC=CC3=CC=CC=C32,1
4'-Benzyloxy-2'-hydroxy-3'-methylacetophenone,CC1=C(C=CC(=C1O)C(=O)C)OCC2=CC=CC=C2,1
"2-((3,4-Dioxo-3,4-dihydro-1-naphthalenyl)amino)-6-hydroxy-4-pyrimidinecarboxylic acid",C1=CC=C2C(=C1)C(=CC(=O)C2=O)NC3=NC(=CC(=O)N3)C(=O)O,1
8-Cyclopropyl-6-(4-fluorophenyl)-2-morpholin-4-ylpteridin-7-one,C1CC1N2C3=NC(=NC=C3N=C(C2=O)C4=CC=C(C=C4)F)N5CCOCC5,1
Diloxanide furoate,CN(C1=CC=C(C=C1)OC(=O)C2=CC=CO2)C(=O)C(Cl)Cl,1
Isosorbiddinitrat,C1[C@@H]([C@H]2[C@H](O1)[C@H](CO2)O[N+](=O)[O-])O[N+](=O)[O-],1
"(10S,13R)-17-hydroxy-10,13-dimethyl-1,2,6,7,8,9,11,12,14,15,16,17-dodecahydrocyclopenta[a]phenanthren-3-one",C[C@@]12CCC3C(C1CCC2O)CCC4=CC(=O)CC[C@@]34C,1
Methocarbamol,COC1=CC=CC=C1OCC(COC(=O)N)O,1
"[(2R,3S,4S,5R,6S)-3,4,5-triacetyloxy-6-[(Z)-[(2R,3R)-2,4-dimethyl-3-phenylmethoxypentylidene]amino]oxyoxan-2-yl]methyl acetate",C[C@H](/C=N\O[C@H]1[C@@H]([C@H]([C@H]([C@H](O1)COC(=O)C)OC(=O)C)OC(=O)C)OC(=O)C)[C@@H](C(C)C)OCC2=CC=CC=C2,1
Iopanoic Acid,CCC(CC1=C(C(=C(C=C1I)I)N)I)C(=O)O,1
"Hydantoin, 1-(5-nitro-furfurylideneamino)-",C1C(=O)NC(=O)N1/N=C\C2=CC=C(O2)[N+](=O)[O-],1
"Bis(4-chlorophenyl)((4,6-dimercapto-1,3,5-triazin-2-yl)oxy)acetic acid",C1=CC(=CC=C1C(C2=CC=C(C=C2)Cl)(C(=O)O)OC3=NC(=S)NC(=S)N3)Cl,1
Nizax,CN/C(=C\[N+](=O)[O-])/NCCSCC1=CSC(=N1)CN(C)C,1
Tetranitromethane,C([N+](=O)[O-])([N+](=O)[O-])([N+](=O)[O-])[N+](=O)[O-],1
8-Methyl-2-morpholin-4-yl-6-(2-phenylethyl)pteridin-7-one,CN1C2=NC(=NC=C2N=C(C1=O)CCC3=CC=CC=C3)N4CCOCC4,1
Hypoxanthine,C1=NC2=C(N1)C(=O)NC=N2,1
N-benzyl-N-(methylsulfonyl)glycine,CS(=O)(=O)N(CC1=CC=CC=C1)CC(=O)O,1
Albuterol hydrochloride,CC(C)(C)NCC(C1=CC(=C(C=C1)O)CO)O.Cl,1
"Amino-[(3,4-dimethoxyphenyl)methyl]-dimethyl-ammonium",C[N+](C)(CC1=CC(=C(C=C1)OC)OC)N,1
"Acebutolol, (S)-",CCCC(=O)NC1=CC(=C(C=C1)OC[C@H](CNC(C)C)O)C(=O)C,1
"1H-Indole-3-ethanamine, 5-methoxy-, hydrochloride (1:?)",COC1=CC2=C(C=C1)NC=C2CCN.Cl,1
Dictamnine,COC1=C2C=COC2=NC3=CC=CC=C31,1
"1-(2-(9H-purin-6-ylthio)ethyl)-1,9-dihydro-6H-purine-6-thione",C1=NC2=C(N1)C(=NC=N2)SCCN3C=NC4=C(C3=S)NC=N4,1
"Naphtho(2,1-b)furan, 4-methoxy-2-nitro-",COC1=CC2=CC=CC=C2C3=C1OC(=C3)[N+](=O)[O-],1
Iem 1460,C[N+](C)(C)CCCCCNCC12CC3CC(C1)CC(C3)C2.Br.[Br-],1
[4-(4-Arsono-3-nitrophenyl)phenyl]arsonic acid,C1=CC(=CC=C1C2=CC(=C(C=C2)[As](=O)(O)O)[N+](=O)[O-])[As](=O)(O)O,1
"4-Amino-1-pentofuranosyl-1,3,5-triazin-2(1H)-one",C1=NC(=NC(=O)N1C2C(C(C(O2)CO)O)O)N,1
"(R,S)-6-Methyl-5,6,7,8-tetrahydro-[1,3]dioxolo[4,5-g]isoquinolin-5-ol",CN1CCC2=CC3=C(C=C2[C@@H]1O)OCO3,1
4-Nitro-o-xylene,CC1=C(C=C(C=C1)[N+](=O)[O-])C,1
Mundulone acetate,CC(=O)OC1CC2=CC3=C(C=C2OC1(C)C)OC=C(C3=O)C4=C(C5=C(C=C4)OC(C=C5)(C)C)OC,1
"ethyl 3-[(3aS,5aS,6Z,8R,9S,9aS,9bS)-8,9-dihydroxy-1,3-dioxo-6-phenylmethoxyimino-4,5,5a,7,8,9,9a,9b-octahydro-3aH-benzo[e]isoindol-2-yl]propanoate",CCOC(=O)CCN1C(=O)[C@H]2CC[C@H]\3[C@@H]([C@@H]2C1=O)[C@@H]([C@@H](C/C3=N/OCC4=CC=CC=C4)O)O,1
Tocris-1219,C[C@@H]1NC2=C(C=C(C=C2)Cl)S(=O)(=O)N1,1
Benzoic Acid,C1=CC=C(C=C1)C(=O)O,1
8-(4-Methoxyphenyl)-2-morpholin-4-ylpteridin-7-one,COC1=CC=C(C=C1)N2C(=O)C=NC3=CN=C(N=C32)N4CCOCC4,1
"bis[(1R,5S)-8-ethyl-8-methyl-8-azoniabicyclo[3.2.1]octan-3-yl] (1S,4R)-4-phenyl-2,3-dihydro-1H-naphthalene-1,4-dicarboxylate",CC[N+]1([C@@H]2CC[C@H]1CC(C2)OC(=O)[C@H]3CC[C@](C4=CC=CC=C34)(C5=CC=CC=C5)C(=O)OC6C[C@H]7CC[C@@H](C6)[N+]7(C)CC)C,1
"9-(4-methoxybenzoyl)-N-phenyl-3,9-diazaspiro[5.5]undecane-3-carboxamide",COC1=CC=C(C=C1)C(=O)N2CCC3(CC2)CCN(CC3)C(=O)NC4=CC=CC=C4,1
1-[2-[(2S)-piperidin-2-yl]ethyl]piperidine,C1CCN(CC1)CC[C@@H]2CCCCN2,1
"1,3,5-Trimethoxybenzene",COC1=CC(=CC(=C1)OC)OC,1
Myosmine,C1CC(=NC1)C2=CN=CC=C2,1
2-Phenyl-7-(propan-2-yloxy)-4h-chromen-4-one,CC(C)OC1=CC2=C(C=C1)C(=O)C=C(O2)C3=CC=CC=C3,1
"(4-methoxyphenyl)methyl N-[(Z)-[(3aS,5aR,8R,9S,9aS,9bS)-2-benzyl-8,9-dihydroxy-1,3-dioxo-4,5,5a,7,8,9,9a,9b-octahydro-3aH-benzo[e]isoindol-6-ylidene]amino]carbamate",COC1=CC=C(C=C1)COC(=O)N/N=C\2/C[C@H]([C@H]([C@H]3[C@H]2CC[C@H]4[C@H]3C(=O)N(C4=O)CC5=CC=CC=C5)O)O,1
"4-Hydroxy-5-((2-hydroxybenzylidene)amino)naphthalene-2,7-disulfonic acid",C1=CC=C(C(=C1)C=NC2=C3C(=CC(=C2)S(=O)(=O)O)C=C(C=C3O)S(=O)(=O)O)O,1
"1-(2-hydroxy-5-phenylphenyl)-N,N-dimethylmethanamine oxide",C[N+](C)(CC1=C(C=CC(=C1)C2=CC=CC=C2)O)[O-],1
Decanoic Acid,CCCCCCCCCC(=O)O,1
"N-(2-(1,6,7,8-Tetrahydro-2H-indeno(5,4-b)furan-8-yl)ethyl)propanamide",CCC(=O)NCCC1CCC2=C1C3=C(C=C2)OCC3,1
(2R)-2-(7H-purin-6-ylamino)butanoic acid,CC[C@H](C(=O)O)NC1=NC=NC2=C1NC=N2,1
"8-((((1,3-dimethyl-2,6-dioxo-2,3,6,9-tetrahydro-1H-purin-8-yl)methyl)sulfonyl)methyl)-1,3-dimethyl-3,9-dihydro-1H-purine-2,6-dione",CN1C2=C(C(=O)N(C1=O)C)NC(=N2)CS(=O)(=O)CC3=NC4=C(N3)C(=O)N(C(=O)N4C)C,1
"[(3S,2R,4R,5R)-5-(6-aminopurin-9-yl)-3,4-dihydroxyoxolan-2-yl]methyl dihydroge n phosphate",C1=NC(=C2C(=N1)N(C=N2)[C@H]3[C@@H]([C@@H]([C@H](O3)COP(=O)(O)OP(=O)(O)[O-])O)O)N,1
Procaterol free base,CC[C@@H]([C@@H](C1=C2C=CC(=O)NC2=C(C=C1)O)O)NC(C)C,1
"(Z,2R)-2,4-diphenylbut-3-enoic acid",C1=CC=C(C=C1)/C=C\[C@H](C2=CC=CC=C2)C(=O)O,1
Lopac-C-5020,CC1=NN=C(S1)SCC2=C(N3[C@H]([C@@H](C3=O)NC(=O)CN4C=NN=N4)SC2)C(=O)[O-].[Na+],1
Cycloleucine,C1CCC(C1)(C(=O)O)N,1
"[(10R,13R,17R)-11-hydroxy-17-(2-hydroxyacetyl)-10,13-dimethyl-3-oxo-2,6,7,8,9,11,12,14,15,16-decahydro-1H-cyclopenta[a]phenanthren-17-yl] butanoate",CCCC(=O)O[C@@]1(CCC2[C@]1(CC(C3C2CCC4=CC(=O)CC[C@]34C)O)C)C(=O)CO,1
Guvacine Hydrochloride,C1CNCC(=C1)C(=O)O.Cl,1
8-Cyclopropyl-2-(dimethylamino)-6-phenylpteridin-7-one,CN(C)C1=NC=C2C(=N1)N(C(=O)C(=N2)C3=CC=CC=C3)C4CC4,1
Butylethylamine,CCCCNCC,1
6-[4-(3-Methoxyprop-1-ynyl)phenyl]-5-methylpiperidine-2-carboxylic acid,CC1CCC(NC1C2=CC=C(C=C2)C#CCOC)C(=O)O,1
"(3-Ethoxyphenyl)-(2,3,4-trihydroxyphenyl)methanone",CCOC1=CC=CC(=C1)C(=O)C2=C(C(=C(C=C2)O)O)O,1
Lithium Citrate,[Li+].[Li+].[Li+].C(C(=O)[O-])C(CC(=O)[O-])(C(=O)[O-])O,1
S-(2-Aminoethyl)-L-cysteine,C(CSC[C@@H](C(=O)O)N)N,1
2-(2-methylphenyl)-N-piperidin-4-ylquinazolin-4-amine,CC1=CC=CC=C1C2=NC3=CC=CC=C3C(=N2)NC4CCNCC4,1
"1,2-Diisonicotinoylhydrazine",C1=CN=CC=C1C(=O)NNC(=O)C2=CC=NC=C2,1
(3-amino-3-oxopropyl) (1S)-2-iminocyclopentane-1-carbodithioate,C1C[C@@H](C(=N)C1)C(=S)SCCC(=O)N,1
"2,2-Dichloropropane",CC(C)(Cl)Cl,1
Boric Acid,B(O)(O)O,1
7-[(8-Hydroxy-5-nitro-quinolin-7-yl)methyl]-5-nitro-quinolin-8-ol,C1=CC2=C(C=C(C(=C2N=C1)O)CC3=CC(=C4C=CC=NC4=C3O)[N+](=O)[O-])[N+](=O)[O-],1
Methylenebisacrylamide,C=CC(=O)NCNC(=O)C=C,1
Allyl glycidyl ether,C=CCOCC1CO1,1
"1-[(2,4-Dichlorophenyl)methyl]-2-propan-2-yl-imidazole; nitric acid",CC(C)C1=NC=CN1CC2=C(C=C(C=C2)Cl)Cl.[N+](=O)(O)[O-],1
Bis(4-carboxyphenyl)dimethylsilane,C[Si](C)(C1=CC=C(C=C1)C(=O)O)C2=CC=C(C=C2)C(=O)O,1
"Methyl 2-(3-phenylphenyl)-2,7-diazaspiro[3.5]nonane-7-carboxylate",COC(=O)N1CCC2(CC1)CN(C2)C3=CC=CC(=C3)C4=CC=CC=C4,1
"2-Methyl-4,6-dinitrophenol",CC1=CC(=CC(=C1O)[N+](=O)[O-])[N+](=O)[O-],1
"7-methylsulfonyl-N-phenyl-2,7-diazaspiro[3.5]nonane-2-carboxamide",CS(=O)(=O)N1CCC2(CC1)CN(C2)C(=O)NC3=CC=CC=C3,1
8-Theophyllinevaleric acid,CN1C2=C(C(=O)N(C1=O)C)NC(=N2)CCCCC(=O)O,1
"1H-Indole-2-carboxylic acid, 4-(3-((1,1-dimethylethyl)amino)-2-hydroxypropoxy)-, 1-methylethyl ester, (S)-",CC(C)OC(=O)C1=CC2=C(N1)C=CC=C2OC[C@H](CNC(C)(C)C)O,1
3-Acetylcoumarin,CC(=O)C1=CC2=CC=CC=C2OC1=O,1
"N-propan-2-yl-9-(thiadiazole-4-carbonyl)-3,9-diazaspiro[5.5]undecane-3-carboxamide",CC(C)NC(=O)N1CCC2(CCN(CC2)C(=O)C3=CSN=N3)CC1,1
Clorsulon,C1=C(C(=CC(=C1N)S(=O)(=O)N)S(=O)(=O)N)C(=C(Cl)Cl)Cl,1
"(2S,3R,4S,5R)-2-(4-aminoimidazo[4,5-c]pyridin-1-yl)-5-(2-methylpropylsulfanylmethyl)oxolane-3,4-diol",CC(C)CSC[C@H]1[C@H]([C@H]([C@H](O1)N2C=NC3=C2C=CN=C3N)O)O,1
Propylthiouracil,CCCC1=CC(=O)NC(=S)N1,1
Glipizide,CC1=CN=C(C=N1)C(=O)NCCC2=CC=C(C=C2)S(=O)(=O)NC(=O)NC3CCCCC3,1
3-[6-(4-Chlorophenyl)-7-oxo-2-phenylmethoxypteridin-8-yl]propanenitrile,C1=CC=C(C=C1)COC2=NC=C3C(=N2)N(C(=O)C(=N3)C4=CC=C(C=C4)Cl)CCC#N,1
"(4S,4aR,5S,5aR,12aS)-4-(dimethylamino)-1,5,10,11,12a-pentahydroxy-6-methylidene-3,12-dioxo-4,4a,5,5a-tetrahydrotetracene-2-carboxamide",CN(C)[C@H]1[C@@H]2[C@H]([C@@H]3C(=C)C4=C(C(=CC=C4)O)C(=C3C(=O)[C@]2(C(=C(C1=O)C(=O)N)O)O)O)O,1
"3-[(3aS,4R,6aR)-2,2-dimethyl-3a,4,6,6a-tetrahydrofuro[3,4-d][1,3]dioxol-4-yl]-2,4-dihydropyrazolo[4,3-d]pyrimidine-5,7-dione",CC1(O[C@@H]2CO[C@@H]([C@@H]2O1)C3=C4C(=NN3)C(=O)NC(=O)N4)C,1
"(1R,2R,3S,6R,7R,8S,9S,10R,12S,13S,15S,17R)-9-[(2S,3S,4R,6S)-4-(dimethylamino)-3-hydroxy-6-methyloxan-2-yl]oxy-3-ethyl-2,10-dihydroxy-7-[(2S,4S,5R,6S)-5-hydroxy-4-methoxy-4,6-dimethyloxan-2-yl]oxy-15-(2-methoxyethoxymethyl)-2,6,8,10,12,17-hexamethyl-4,16-dioxa-14-azabicyclo[11.3.1]heptadecan-5-one",CC[C@H]1[C@@]([C@H]2[C@@H]([C@H]([C@H](C[C@@]([C@H]([C@H]([C@H]([C@H](C(=O)O1)C)O[C@@H]3C[C@]([C@@H]([C@@H](O3)C)O)(C)OC)C)O[C@H]4[C@H]([C@@H](C[C@@H](O4)C)N(C)C)O)(C)O)C)N[C@@H](O2)COCCOC)C)(C)O,1
"2,3-Diamino-1-phenyl-1-propanone",C1=CC=C(C=C1)C(=O)C(CN)N,1
Triprolidine Hydrochloride Anhydrous,CC1=CC=C(C=C1)/C(=C\CN2CCCC2)/C3=CC=CC=N3.Cl,1
Acetal,CCOC(C)OCC,1
"(2S,3R)-2-(3,4-dihydroxyphenyl)-8-[(2R,3S,4S)-2-(3,4-dihydroxyphenyl)-3,5,7-trihydroxy-3,4-dihydro-2H-chromen-4-yl]-3,4-dihydro-2H-chromene-3,5,7-triol",C1[C@H]([C@@H](OC2=C1C(=CC(=C2[C@H]3[C@@H]([C@H](OC4=CC(=CC(=C34)O)O)C5=CC(=C(C=C5)O)O)O)O)O)C6=CC(=C(C=C6)O)O)O,1
(E)-2-(furan-2-carbonyl)-3-(pyridin-2-ylamino)prop-2-enenitrile,C1=CC=NC(=C1)N/C=C(\C#N)/C(=O)C2=CC=CO2,1
Lopac-M-152,CSC1=NC(=C2C(=N1)N(C=N2)[C@H]3[C@@H]([C@@H]([C@@H](O3)COP(=O)([O-])OP(=O)([O-])[O-])O)O)N.[Na+].[Na+].[Na+],1
Amitriptyline,CN(C)CCC=C1C2=CC=CC=C2CCC3=CC=CC=C31,1
"(gammaR)-gamma-(4-Bromophenyl)-N,N-dimethyl-2-pyridinepropanamine",CN(C)CC[C@H](C1=CC=C(C=C1)Br)C2=CC=CC=N2,1
"(2S)-2-[(3S,8R,9R,10R,13R,14R,17S)-3-acetyloxy-10,13-dimethyl-2,3,4,7,8,9,11,12,14,15,16,17-dodecahydro-1H-cyclopenta[a]phenanthren-17-yl]propanoic acid",C[C@@H]([C@@H]1CC[C@H]2[C@]1(CC[C@@H]3[C@@H]2CC=C4[C@@]3(CC[C@@H](C4)OC(=O)C)C)C)C(=O)O,1
"Chlorprothixene, (E)-",CN(C)CC/C=C/1\C2=CC=CC=C2SC3=C1C=C(C=C3)Cl,1
Pharmakon1600-01503212,CC(CC1=CC(=CC=C1)O)CNCCC2=CC(=C(C=C2)O)O.Cl,1
2-Allylsulfanyl-3-furan-2-ylmethyl-3H-quinazolin-4-one,C=CCSC1=NC2=CC=CC=C2C(=O)N1CC3=CC=CO3,1
propan-2-yl (3S)-3-[(2-methylpropan-2-yl)oxycarbonylamino]-3-phenylpropanoate,CC(C)OC(=O)C[C@@H](C1=CC=CC=C1)NC(=O)OC(C)(C)C,1
(2S)-1-(4-methoxyphenyl)-3-morpholin-4-ylpropan-2-ol,COC1=CC=C(C=C1)C[C@@H](CN2CCOCC2)O,1
N-benzyl-6-(2-methylphenyl)pyrimidin-4-amine,CC1=CC=CC=C1C2=CC(=NC=N2)NCC3=CC=CC=C3,1
Aldicarb,CC(C)(/C=N/OC(=O)NC)SC,1
"Dimercaprol, (S)-",C([C@@H](CS)S)O,1
"2-[(8S,9R,10S,13R,14S)-10,13-dimethyl-3,11-dioxo-2,6,7,8,9,12,14,15-octahydro-1H-cyclopenta[a]phenanthren-17-yl]acetic acid",C[C@@]12CCC(=O)C=C1CC[C@@H]3[C@H]2C(=O)C[C@@]4([C@H]3CC=C4CC(=O)O)C,1
6-Methylquinoline,CC1=CC2=C(C=C1)N=CC=C2,1
"2',3'-Isopropylideneinosine",CC1(OC2C(OC(C2O1)N3C=NC4=C3N=CNC4=O)CO)C,1
"1-[2-[[3,5-Bis(trifluoromethyl)phenyl]methyl]-2,7-diazaspiro[3.5]nonan-7-yl]ethanone",CC(=O)N1CCC2(CC1)CN(C2)CC3=CC(=CC(=C3)C(F)(F)F)C(F)(F)F,1
"1-[(3S,8R,9S,10R,13S,14R,17S)-3-hydroxy-10,13-dimethyl-2,3,4,7,8,9,11,12,14,15,16,17-dodecahydro-1H-cyclopenta[a]phenanthren-17-yl]ethanone",CC(=O)[C@H]1CC[C@H]2[C@@]1(CC[C@H]3[C@@H]2CC=C4[C@@]3(CC[C@@H](C4)O)C)C,1
Chlorhexidine,C1=CC(=CC=C1N/C(=N/C(=NCCCCCCN=C(/N=C(/NC2=CC=C(C=C2)Cl)\N)N)N)/N)Cl,1
"(5R)-9-(3-fluorobenzoyl)-N-propan-2-yl-2,9-diazaspiro[4.5]decane-2-carboxamide",CC(C)NC(=O)N1CC[C@]2(C1)CCCN(C2)C(=O)C3=CC(=CC=C3)F,1
6-(4-Fluorophenyl)-8-methyl-2-phenylmethoxypteridin-7-one,CN1C2=NC(=NC=C2N=C(C1=O)C3=CC=C(C=C3)F)OCC4=CC=CC=C4,1
2-[(Z)-(4-piperidin-4-ylphenyl)methylideneamino]guanidine,C1CNCCC1C2=CC=C(C=C2)/C=N\N=C(N)N,1
Periciazine,C1CN(CCC1O)CCCN2C3=CC=CC=C3SC4=C2C=C(C=C4)C#N,1
"8-Hydroxy-2-(di-n-propylamino)tetralin, (R)-",CCCN(CCC)[C@@H]1CCC2=C(C1)C(=CC=C2)O,1
"Isamoltan, (R)-",CC(C)NC[C@H](COC1=CC=CC=C1N2C=CC=C2)O,1
4-Nitroaniline,C1=CC(=CC=C1N)[N+](=O)[O-],1
"prop-2-ynyl (2R)-2,4-diamino-4-oxobutanoate",C#CCOC(=O)[C@@H](CC(=O)N)N,1
Procaine Hydrochloride,CCN(CC)CCOC(=O)C1=CC=C(C=C1)N.Cl,1
"[(2S,3R,4S,6R)-6-[(2S,3S,4S,6R)-6-[(2S,3S,4S,6S)-6-[[(3R,5S,8R,9R,10S,12S,13S,14S,17R)-12,14-dihydroxy-8,9,10,13-tetramethyl-17-(5-oxo-2H-furan-3-yl)-1,2,3,4,5,6,7,11,12,15,16,17-dodecahydrocyclopenta[a]phenanthren-3-yl]oxy]-4-hydroxy-2-methyloxan-3-yl]oxy-4-hydroxy-2-methyloxan-3-yl]oxy-2-methyl-3-[(2R,3S,4R,5S,6S)-3,4,5-trihydroxy-6-(hydroxymethyl)oxan-2-yl]oxyoxan-4-yl] acetate",C[C@H]1[C@H]([C@H](C[C@H](O1)O[C@@H]2CC[C@]3([C@H](C2)CC[C@@]4([C@@]3(C[C@@H]([C@]5([C@@]4(CC[C@@H]5C6=CC(=O)OC6)O)C)O)C)C)C)O)O[C@@H]7C[C@@H]([C@@H]([C@@H](O7)C)O[C@@H]8C[C@@H]([C@@H]([C@@H](O8)C)O[C@@H]9[C@H]([C@@H]([C@@H]([C@@H](O9)CO)O)O)O)OC(=O)C)O,1
"Dodecahydro-7,14-methano-4H,6H-dipyrido(1,2-a:1',2'-e)(1,5)diazocin-4-one monoperchlorate",C1CCN2CC3CC(C2C1)CN4C3CCCC4=O.OCl(=O)(=O)=O,1
2-Phenoxy-8-(2-phenylethyl)pteridin-7-one,C1=CC=C(C=C1)CCN2C(=O)C=NC3=CN=C(N=C32)OC4=CC=CC=C4,1
Eliprodil,C1CN(CCC1CC2=CC=C(C=C2)F)CC(C3=CC=C(C=C3)Cl)O,1
3-[2-(Dimethylamino)-7-oxo-6-phenylpteridin-8-yl]propanenitrile,CN(C)C1=NC=C2C(=N1)N(C(=O)C(=N2)C3=CC=CC=C3)CCC#N,1
L-Ascorbic Acid,C([C@@H]([C@@H]1C(=C(C(=O)O1)O)O)O)O,1
2-Tridecylfuran,CCCCCCCCCCCCCC1=CC=CO1,1
Chlorotrimethylsilane,C[Si](C)(C)Cl,1
"(2R,3S)-2,3-dihydroxybutanedioic acid;3-[2-[4-(4-fluorobenzoyl)piperidin-1-yl]ethyl]-1H-quinazoline-2,4-dione;hydrate",C1CN(CCC1C(=O)C2=CC=C(C=C2)F)CCN3C(=O)C4=CC=CC=C4NC3=O.[C@@H]([C@@H](C(=O)O)O)(C(=O)O)O.O,1
Salicyluric Acid,C1=CC=C(C(=C1)C(=O)NCC(=O)O)O,1
8-(4-Methoxyphenyl)-2-(4-methylpiperazin-1-yl)-6-phenylpteridin-7-one,CN1CCN(CC1)C2=NC=C3C(=N2)N(C(=O)C(=N3)C4=CC=CC=C4)C5=CC=C(C=C5)OC,1
"(R)-3,4-Dcpg",C1=CC(=C(C=C1[C@H](C(=O)O)N)C(=O)O)C(=O)O,1
N-[(3R)-1-azabicyclo[2.2.2]octan-3-yl]-2-(1-methyl-3-indolyl)-2-oxoacetamide,CN1C=C(C2=CC=CC=C21)C(=O)C(=O)N[C@H]3CN4CCC3CC4,1
8-Theophyllinepropionic acid,CN1C2=C(C(=O)N(C1=O)C)NC(=N2)CCC(=O)O,1
Cyclacillin,CC1([C@@H](N2[C@H](S1)[C@@H](C2=O)NC(=O)C3(CCCCC3)N)C(=O)O)C,1
"2,5-Dimethylfuran",CC1=CC=C(O1)C,1
"[(2S,3R,4R,5R,6S)-6-[(Z)-[(3aS,5aR,8R,9S,9aS,9bS)-8,9-dihydroxy-1,3-dioxo-2-[(1S)-1-phenylethyl]-4,5,5a,7,8,9,9a,9b-octahydro-3aH-benzo[e]isoindol-6-ylidene]amino]oxy-3,4,5-triacetyloxyoxan-2-yl]methyl acetate",C[C@@H](C1=CC=CC=C1)N2C(=O)[C@H]3CC[C@@H]\4[C@@H]([C@@H]3C2=O)[C@@H]([C@@H](C/C4=N/O[C@H]5[C@@H]([C@@H]([C@@H]([C@@H](O5)COC(=O)C)OC(=O)C)OC(=O)C)OC(=O)C)O)O,1
"10,25-Dimethoxy-15,15,30-trimethyl-7,23-dioxa-30-aza-15-azoniaheptacyclo[22.6.2.23,6.18,12.118,22.027,31.016,34]hexatriaconta-3(36),4,6(35),8(34),9,11,18(33),19,21,24,26,31-dodecaene-9,21-diol chloride",CN1CCC2=CC(=C3C=C2C1CC4=CC=C(C=C4)OC5=C6C(CC7=CC(=C(C=C7)O)O3)[N+](CCC6=CC(=C5O)OC)(C)C)OC.[Cl-],1
"(3R,7Z,9R,10S,15Z,17S,18R)-10,18-dimethoxy-3,9,17-trimethyl-1,12-dioxa-4-azacyclononadeca-7,15-diene-2,5,13-trione",C[C@@H]1/C=C\CC(=O)N[C@@H](C(=O)OC[C@@H]([C@H](/C=C\CC(=O)OC[C@H]1OC)C)OC)C,1
"(5S,10R,13S)-10,13-dimethyl-2,4,5,6,7,8,9,11,12,14,15,16-dodecahydro-1H-cyclopenta[a]phenanthrene-3,17-dione",C[C@@]12CCC(=O)C[C@@H]1CCC3C2CC[C@]4(C3CCC4=O)C,1
2-Aminobenzimidazole,C1=CC=C2C(=C1)NC(=N2)N,1
2-(N-Phenyl-N-benzyl-aminomethyl)-imidazol,C1=CC=C(C=C1)CN(CC2=NC=CN2)C3=CC=CC=C3,1
(R)-chlormezanone,CN1[C@H](S(=O)(=O)CCC1=O)C2=CC=C(C=C2)Cl,1
"[(8bR)-3,4,8b-trimethyl-2,3a-dihydro-1H-pyrrolo[2,3-b]indol-7-yl] N-methylcarbamate;sulfuric acid",C[C@]12CCN(C1N(C3=C2C=C(C=C3)OC(=O)NC)C)C.OS(=O)(=O)O,1
"(3S,7R,13S,17R)-3,13-dimethyl-5,15-dioxa-1,11-diazatricyclo[15.3.0.07,11]icosane-2,6,12,16-tetrone",C[C@H]1COC(=O)[C@H]2CCCN2C(=O)[C@H](COC(=O)[C@H]3CCCN3C1=O)C,1
6-(2-methoxyphenyl)-N-piperidin-4-ylquinazolin-4-amine,COC1=CC=CC=C1C2=CC3=C(C=C2)N=CN=C3NC4CCNCC4,1
"ethyl N-[(Z)-[(3aS,5aS,8R,9S,9aS,9bS)-8,9-dihydroxy-1,3-dioxo-2-(3-phenoxyphenyl)-4,5,5a,7,8,9,9a,9b-octahydro-3aH-benzo[e]isoindol-6-ylidene]amino]carbamate",CCOC(=O)N/N=C\1/C[C@H]([C@H]([C@H]2[C@@H]1CC[C@H]3[C@H]2C(=O)N(C3=O)C4=CC(=CC=C4)OC5=CC=CC=C5)O)O,1
Desoxyguanosine,C1C(C(OC1N2C=NC3=C2N=C(NC3=O)N)CO)O,1
"2-(4-chloro-2-methylphenoxy)-N-(4,6-diamino-1,3,5-triazin-2-yl)acetamide",CC1=C(C=CC(=C1)Cl)OCC(=O)NC2=NC(=NC(=N2)N)N,1
8-Methyl-2-phenylmethoxy-6-thiophen-2-ylpteridin-7-one,CN1C2=NC(=NC=C2N=C(C1=O)C3=CC=CS3)OCC4=CC=CC=C4,1
"[(2S,3S,6R)-3-acetyloxy-6-[(2Z)-2-[(2S)-3-(furan-2-ylmethoxy)-2-hydroxypropoxy]iminoethyl]-3,6-dihydro-2H-pyran-2-yl]methyl acetate",CC(=O)OC[C@H]1[C@H](C=C[C@H](O1)C/C=N\OC[C@H](COCC2=CC=CO2)O)OC(=O)C,1
Quinpirole,CCCN1CCC[C@H]2[C@H]1CC3=C(C2)NN=C3,1
Allantoin,C1(C(=O)NC(=O)N1)NC(=O)N,1
Thiophanate-Methyl,COC(=O)NC(=S)NC1=CC=CC=C1NC(=S)NC(=O)OC,1
"(10S,13S)-17-[(E)-5-ethyl-6-methylhept-3-en-2-yl]-10,13-dimethyl-1,2,6,7,8,9,11,12,14,15,16,17-dodecahydrocyclopenta[a]phenanthren-3-one",CCC(/C=C/C(C)C1CCC2[C@]1(CCC3C2CCC4=CC(=O)CC[C@@]34C)C)C(C)C,1
"4-[[7-(1-Methylpyrrole-2-carbonyl)-2,7-diazaspiro[3.5]nonan-2-yl]methyl]benzonitrile",CN1C=CC=C1C(=O)N2CCC3(CC2)CN(C3)CC4=CC=C(C=C4)C#N,1
"(4-Methoxyphenyl)-(9-pyridin-2-yl-3,9-diazaspiro[5.5]undecan-3-yl)methanone",COC1=CC=C(C=C1)C(=O)N2CCC3(CCN(CC3)C4=CC=CC=N4)CC2,1
N-Ethyl-5'-Carboxamido Adenosine,CCNC(=O)[C@H]1[C@@H]([C@H]([C@@H](O1)N2C=NC3=C(N=CN=C32)N)O)O,1
Pirenzepine Hydrochloride,CN1CCN(CC1)CC(=O)N2C3=CC=CC=C3C(=O)NC4=C2N=CC=C4.Cl.Cl,1
2-Methylpentanedinitrile,CC(CCC#N)C#N,1
"3-(5-((4-(Hydroxy(oxido)amino)-1-methyl-1H-imidazol-5-yl)thio)-4-methyl-4H-1,2,4-triazol-3-yl)pyridine",CN1C=NC(=C1SC2=NN=C(N2C)C3=CN=CC=C3)[N+](=O)[O-],1
5'-Azido-5'-deoxyguanosine,C1=NC2=C(N1C3C(C(C(O3)CN=[N+]=[N-])O)O)N=C(NC2=O)N,1
Chloroacetic Acid,C(C(=O)O)Cl,1
"methyl (Z,5R,6S,7Z)-7-[(1S)-1-[1-[(3S,4S)-4-hydroxyoxolan-3-yl]triazol-4-yl]ethoxy]imino-6-methoxy-5-methylhept-3-enoate",C[C@H](/C=C\CC(=O)OC)[C@@H](/C=N\O[C@@H](C)C1=CN(N=N1)[C@H]2COC[C@H]2O)OC,1
"5-(Aminosulfonyl)-2,4-dichloro-3-(hydroxy(oxido)amino)benzoic acid",C1=C(C(=C(C(=C1S(=O)(=O)N)Cl)[N+](=O)[O-])Cl)C(=O)O,1
Phenethyl bromide,C1=CC=C(C=C1)CCBr,1
"N-(1,3-benzothiazol-2-ylsulfanylmethyl)-N-cyclohexylcyclohexanamine",C1CCC(CC1)N(CSC2=NC3=CC=CC=C3S2)C4CCCCC4,1
2-Nitroanisole,COC1=CC=CC=C1[N+](=O)[O-],1
"7-Oxabicyclo(2.2.1)heptane-2,3-dicarboxylic acid, (endo,exo)-",C1C[C@H]2[C@H]([C@@H]([C@@H]1O2)C(=O)O)C(=O)O,1
p-Arsenoso-N-(2-hydroxyethyl)benzenesulfonamide,C1=CC(=CC=C1S(=O)(=O)NCCO)[As]=O,1
"1,2-Ethanediamine, N2-(2-aminoethyl)-N1,N1-dimethyl-",CN(C)CCNCCN,1
Clodronate Sodium,C(P(=O)(O)[O-])(P(=O)(O)[O-])(Cl)Cl.[Na+].[Na+],1
(S)-4Cpg,C1=CC(=CC=C1[C@@H](C(=O)O)N)C(=O)O,1
"(2R)-2-(1,3-dioxoisoindol-2-yl)-2-[(2S)-1,3-thiazolidin-2-yl]acetic acid",C1CS[C@H](N1)[C@@H](C(=O)O)N2C(=O)C3=CC=CC=C3C2=O,1
"(3aS,5aR,6Z,8R,9S,9aS,9bS)-2-tert-butyl-6-[(2E)-3,7-dimethylocta-2,6-dienoxy]imino-8,9-dihydroxy-4,5,5a,7,8,9,9a,9b-octahydro-3aH-benzo[e]isoindole-1,3-dione",CC(=CCC/C(=C/CO/N=C\1/C[C@H]([C@H]([C@H]2[C@H]1CC[C@H]3[C@H]2C(=O)N(C3=O)C(C)(C)C)O)O)/C)C,1
"5-Ethyl-1-[4-hydroxy-3-(hydroxymethyl)-2-oxolanyl]pyrimidine-2,4-dione",CCC1=CN(C(=O)NC1=O)C2C(C(CO2)O)CO,1
"(4S,6R,7R,10E,11S,13S)-6-[(2S)-4-(dimethylamino)-3-hydroxy-6-methyloxan-2-yl]oxy-14-ethyl-7,12,13-trihydroxy-4-[(2R,4R)-5-hydroxy-4-methoxy-4,6-dimethyloxan-2-yl]oxy-10-(2-methoxyethoxymethoxyimino)-3,5,7,9,11,13-hexamethyl-oxacyclotetradecan-2-one",CCC1[C@@](C([C@H](/C(=N/OCOCCOC)/C(C[C@@]([C@@H](C([C@@H](C(C(=O)O1)C)O[C@H]2C[C@@](C(C(O2)C)O)(C)OC)C)O[C@H]3C(C(CC(O3)C)N(C)C)O)(C)O)C)C)O)(C)O,1
"Pronetalol, (R)-",CC(C)NC[C@@H](C1=CC2=CC=CC=C2C=C1)O,1
"1,1,2,2-Tetrabromoethane",C(C(Br)Br)(Br)Br,1
Chlorothiazide,C1=C2C(=CC(=C1Cl)S(=O)(=O)N)S(=O)(=O)N=CN2,1
"(3S,8Z,10R,11S,15R)-11-methoxy-3,10-dimethyl-5,13-dioxa-1-azabicyclo[13.3.0]octadec-8-ene-2,6,14-trione",C[C@H]1COC(=O)C/C=C\[C@H]([C@@H](COC(=O)[C@H]2CCCN2C1=O)OC)C,1
2-(Furan-3-yl)-4-(4-methylpiperazin-1-yl)pyrimidine,CN1CCN(CC1)C2=NC(=NC=C2)C3=COC=C3,1
"methyl (1S,15R,18S,19R,20R)-18-sulfooxy-1,3,11,12,14,15,16,17,18,19,20,21-dodecahydroyohimban-19-carboxylate",COC(=O)[C@H]1[C@H](CC[C@@H]2[C@H]1C[C@H]3C4=C(CCN3C2)C5=CC=CC=C5N4)OS(=O)(=O)O,1
"6-(3,5-difluorophenyl)-2-morpholin-4-yl-8-[[(2R)-oxolan-2-yl]methyl]pteridin-7-one",C1C[C@@H](OC1)CN2C3=NC(=NC=C3N=C(C2=O)C4=CC(=CC(=C4)F)F)N5CCOCC5,1
Procymidone,CC12CC1(C(=O)N(C2=O)C3=CC(=CC(=C3)Cl)Cl)C,1
"(1alpha,5XI,9XI,10XI,14alpha)-20-Ethyl-16-methoxy-4-methylaconitane-1,8,14-triol",CCN1C[C@@]2(CC[C@@H]([C@]34[C@H]1[C@H](CC23)[C@]5(C[C@@H]([C@H]6CC4C5[C@H]6O)OC)O)O)C,1
"5,3'-Biisoxazole",CC1=C(C2=CC=CC=C2N1)C3=CC(=NO3)C4=NOC(=C4)C5=C(NC6=CC=CC=C65)C,1
"4-((6-Amino-1,3-dimethyl-2,4-dioxo-1,2,3,4-tetrahydro-5-pyrimidinyl)diazenyl)benzenesulfonamide",CN1C(=C(C(=O)N(C1=O)C)N=NC2=CC=C(C=C2)S(=O)(=O)N)N,1
"[9-(2-Methylpropyl)-3,9-diazaspiro[5.5]undecan-3-yl]-pyrazin-2-ylmethanone",CC(C)CN1CCC2(CC1)CCN(CC2)C(=O)C3=NC=CN=C3,1
"2-[(2-Methoxyphenyl)methyl]-2,9-diazaspiro[5.5]undecane",COC1=CC=CC=C1CN2CCCC3(C2)CCNCC3,1
7-Methylquinoline,CC1=CC2=C(C=CC=N2)C=C1,1
Benzene,C1=CC=CC=C1,1
"(1S,2R,3S,4R)-1,4,5,6,7,7-hexachloro-3-(9H-fluoren-2-ylcarbamoyl)bicyclo[2.2.1]hept-5-ene-2-carboxylic acid",C1C2=CC=CC=C2C3=C1C=C(C=C3)NC(=O)[C@@H]4[C@@H]([C@@]5(C(=C([C@]4(C5(Cl)Cl)Cl)Cl)Cl)Cl)C(=O)O,1
"disodium;(2R,4aS,6aS,6aR,6bS,8aR,10S,12aS,14bS)-10-(3-carboxylatopropanoyloxy)-2,4a,6a,6b,9,9,12a-heptamethyl-13-oxo-3,4,5,6,6a,7,8,8a,10,11,12,14b-dodecahydro-1H-picene-2-carboxylate",C[C@]12CC[C@@](C[C@@H]1C3=CC(=O)[C@H]4[C@]5(CC[C@@H](C([C@@H]5CC[C@@]4([C@]3(CC2)C)C)(C)C)OC(=O)CCC(=O)[O-])C)(C)C(=O)[O-].[Na+].[Na+],1
"(1R,2R,4S)-2-[(1-amino-2-sulfosulfanylethylidene)amino]bicyclo[2.2.1]heptane",C1C[C@@H]2C[C@H]1C[C@H]2N=C(CSS(=O)(=O)O)N,1
"[(6S,9S,13R,18R)-5',7,9,13-tetramethylspiro[5-oxapentacyclo[10.8.0.02,9.04,8.013,18]icosane-6,2'-oxane]-16-yl] acetate",CC1CC[C@]2(C(C3C(O2)CC4[C@@]3(CCC5C4CC[C@H]6[C@]5(CCC(C6)OC(=O)C)C)C)C)OC1,1
"Furan-2-yl-(9-pyridin-4-yl-3,9-diazaspiro[5.5]undecan-3-yl)methanone",C1CN(CCC12CCN(CC2)C(=O)C3=CC=CO3)C4=CC=NC=C4,1
6-(4-Fluorophenyl)-2-(3-methoxyanilino)-8-methylpteridin-7-one,CN1C2=NC(=NC=C2N=C(C1=O)C3=CC=C(C=C3)F)NC4=CC(=CC=C4)OC,1
Mepenzolate Bromide,C[N+]1(CCCC(C1)OC(=O)C(C2=CC=CC=C2)(C3=CC=CC=C3)O)C.[Br-],1
"[(1S,4aR,5R,7S,7aR)-4a,5-dihydroxy-7-methyl-1-[(2R,3S,4R,5S,6S)-3,4,5-trihydroxy-6-(hydroxymethyl)oxan-2-yl]oxy-1,5,6,7a-tetrahydrocyclopenta[c]pyran-7-yl] (Z)-3-phenylprop-2-enoate",C[C@@]1(C[C@H]([C@@]2([C@H]1[C@@H](OC=C2)O[C@@H]3[C@H]([C@@H]([C@@H]([C@@H](O3)CO)O)O)O)O)O)OC(=O)/C=C\C4=CC=CC=C4,1
3-Carboxynaphthalen-2-olate;dimethyl-(3-phenoxypropyl)-phenylazanium,C[N+](C)(CCCOC1=CC=CC=C1)C2=CC=CC=C2.C1=CC=C2C=C(C(=CC2=C1)C(=O)O)[O-],1
Dipiperidinoethane-di-N-oxide,C1CC[N+](CC1)(CC[N+]2(CCCCC2)[O-])[O-],1
5-Nitrotryptophan,C1=CC2=C(C=C1[N+](=O)[O-])C(=CN2)C[C@@H](C(=O)O)N,1
N-piperidin-4-yl-2-[2-(trifluoromethyl)phenyl]quinazolin-4-amine,C1CNCCC1NC2=NC(=NC3=CC=CC=C32)C4=CC=CC=C4C(F)(F)F,1
"(2S,3R)-5-((2S)-3-((1,1-Dimethylethyl)amino)-2-hydroxypropoxy)-1,2,3,4-tetrahydro-2,3-naphthalenediol",CC(C)(C)NC[C@@H](COC1=CC=CC2=C1C[C@H]([C@H](C2)O)O)O,1
"5,5-Diphenyl Hydantoin Sodium",C1=CC=C(C=C1)C2(C(=O)NC(=N2)[O-])C3=CC=CC=C3.[Na+],1
"[3,5-Bis(trifluoromethyl)phenyl]-(9-pyrimidin-2-yl-3,9-diazaspiro[5.5]undecan-3-yl)methanone",C1CN(CCC12CCN(CC2)C(=O)C3=CC(=CC(=C3)C(F)(F)F)C(F)(F)F)C4=NC=CC=N4,1
"[(1S,8R,10R,13R)-11-ethyl-3,8-dihydroxy-4,6,16-trimethoxy-11-azahexacyclo[7.7.2.12,5.01,10.03,8.013,17]nonadecan-13-yl] 2-acetamidobenzoate",CCN1C[C@]2(CCC([C@]34[C@H]1C(CC23)[C@@]5(CC(C6CC4C5(C6OC)O)OC)O)OC)OC(=O)C7=CC=CC=C7NC(=O)C,1
"2-[(3aR,4S,7S,7aR)-3a,7a-dimethyl-1,3,4,5,6,7-hexahydro-4,7-epoxyisoindol-2-yl]ethyl-trimethylazanium",C[C@]12CN(C[C@@]1([C@@H]3CC[C@@H]2O3)C)CC[N+](C)(C)C,1
"2-(Methylthio)-5-(1-piperidinylsulfonyl)-1,3-benzothiazole",CSC1=NC2=C(S1)C=CC(=C2)S(=O)(=O)N3CCCCC3,1
"sodium (2E)-2-[(3R,4S,5R,8S,9S,10S,11R,13S,14S,16S)-16-acetyloxy-3,11-dihydroxy-4,8,10,14-tetramethyl-2,3,4,5,6,7,9,11,12,13,15,16-dodecahydro-1H-cyclopenta[a]phenanthren-17-ylidene]-6-methylhept-5-enoate",C[C@H]1[C@H]2CC[C@]3([C@H]([C@]2(CC[C@H]1O)C)[C@@H](C[C@H]\4[C@@]3(C[C@@H](/C4=C(\CCC=C(C)C)/C(=O)[O-])OC(=O)C)C)O)C.[Na+],1
"(8S,9S,10S,11R,13R,14R,17R)-11,17-dihydroxy-17-(2-hydroxyacetyl)-10,13-dimethyl-7,8,9,11,12,14,15,16-octahydro-6H-cyclopenta[a]phenanthren-3-one",C[C@@]12C[C@H]([C@H]3[C@H]([C@H]1CC[C@@]2(C(=O)CO)O)CCC4=CC(=O)C=C[C@@]34C)O,1
2'-Nitroacetophenone,CC(=O)C1=CC=CC=C1[N+](=O)[O-],1
"(1R,2R,3R,4S)-3-(quinolin-8-ylcarbamoyl)-7-oxabicyclo[2.2.1]heptane-2-carboxylic acid",C1C[C@@H]2[C@@H]([C@H]([C@H]1O2)C(=O)NC3=CC=CC4=C3N=CC=C4)C(=O)O,1
"2H-1,2,4-Benzothiadiazine-7-sulfonamide, 6-chloro-3-(cyclopentylmethyl)-3,4-dihydro-, 1,1-dioxide, (3R)-",C1CCC(C1)C[C@@H]2NC3=CC(=C(C=C3S(=O)(=O)N2)S(=O)(=O)N)Cl,1
L-Glutamine,C(CC(=O)N)[C@@H](C(=O)O)N,1
Glycine,C(C(=O)O)N,1
"5-((Benzyloxy)methyl)-1,2,3-thiadiazole-4-carboxylic acid",C1=CC=C(C=C1)COCC2=C(N=NS2)C(=O)O,1
Tocris-0891,COC(=O)[C@H]1[C@H](CC[C@@H]2[C@H]1C[C@H]3C4=C(CCN3C2)C5=CC=CC=C5N4)O,1
Cyclosporine (USP),CCC1C(=O)N(CC(=O)N(C(C(=O)NC(C(=O)N(C(C(=O)NC(C(=O)NC(C(=O)N(C(C(=O)N(C(C(=O)N(C(C(=O)N(C(C(=O)N1)C(C(C)C/C=C/C)O)C)C(C)C)C)CC(C)C)C)CC(C)C)C)C)C)CC(C)C)C)C(C)C)CC(C)C)C)C,1
"(5S)-7-methylsulfonyl-2-pyrimidin-2-yl-2,7-diazaspiro[4.5]decane",CS(=O)(=O)N1CCC[C@]2(C1)CCN(C2)C3=NC=CC=N3,1
Debrisoquine,C1CN(CC2=CC=CC=C21)C(=N)N,1
Prometryn,CC(C)NC1=NC(=NC(=N1)SC)NC(C)C,1
Anpirtoline,C1CNCCC1SC2=NC(=CC=C2)Cl,1
"1,8-Cineole",CC1(C2CCC(O1)(CC2)C)C,1
"N-(3-fluorophenyl)-9-(2-methoxyacetyl)-3,9-diazaspiro[5.5]undecane-3-carboxamide",COCC(=O)N1CCC2(CC1)CCN(CC2)C(=O)NC3=CC(=CC=C3)F,1
"(3R,5R)-2-[(1R,6S)-4,6-diamino-3-[(2R,3S)-3-amino-6-[1-(methylamino)ethyl]oxan-2-yl]oxy-2-hydroxycyclohexyl]oxy-5-methyl-4-(methylamino)oxane-3,5-diol;sulfuric acid",CC(C1CC[C@@H]([C@H](O1)OC2C(C[C@@H]([C@H](C2O)OC3[C@@H](C([C@@](CO3)(C)O)NC)O)N)N)N)NC.OS(=O)(=O)O,1
"[5-[Bis[3,5-bis(trifluoromethyl)phenyl]-hydroxymethyl]-2,2-dimethyl-1,3-dioxolan-4-yl]-bis[3,5-bis(trifluoromethyl)phenyl]methanol",CC1(OC(C(O1)C(C2=CC(=CC(=C2)C(F)(F)F)C(F)(F)F)(C3=CC(=CC(=C3)C(F)(F)F)C(F)(F)F)O)C(C4=CC(=CC(=C4)C(F)(F)F)C(F)(F)F)(C5=CC(=CC(=C5)C(F)(F)F)C(F)(F)F)O)C,1
Phthalic Anhydride,C1=CC=C2C(=C1)C(=O)OC2=O,1
"Etilefrine, (R)-",CCNC[C@@H](C1=CC(=CC=C1)O)O,1
4-Pentenenitrile,C=CCCC#N,1
O-((diethylamino)methyl) hydrogen dithiocarbonate,CCN(CC)COC(=S)S,1
Nebularine,C1=C2C(=NC=N1)N(C=N2)[C@H]3[C@@H]([C@@H]([C@H](O3)CO)O)O,1
"6-(3,5-Difluorophenyl)-8-methyl-2-(4-methylpiperazin-1-yl)pteridin-7-one",CN1CCN(CC1)C2=NC=C3C(=N2)N(C(=O)C(=N3)C4=CC(=CC(=C4)F)F)C,1
"1-[3-(3,4,5-Trimethoxy-phenyl)-acryloyl]-5,6-dihydro-1H-pyridin-2-one",COC1=CC(=CC(=C1OC)OC)/C=C\C(=O)N2CCC=CC2=O,1
Coumarin,C1=CC=C2C(=C1)C=CC(=O)O2,1
Cinnarazine,C1CN(CCN1/C=C/CC2=CC=CC=C2)C(C3=CC=CC=C3)C4=CC=CC=C4,1
Cyclohexylmethanamine;cyclohexylmethylcarbamic acid,C1CCC(CC1)CN.C1CCC(CC1)CNC(=O)O,1
2-Nitrophenylacetonitrile,C1=CC=C(C(=C1)CC#N)[N+](=O)[O-],1
"(10S,13S)-10,13-dimethyl-17-(6-methylheptan-2-yl)-2,3,4,7,8,9,11,12,14,15,16,17-dodecahydro-1H-cyclopenta[a]phenanthren-3-ol",CC(C)CCCC(C)C1CCC2[C@]1(CCC3C2CC=C4[C@]3(CCC(C4)O)C)C,1
Paraxanthine,CN1C=NC2=C1C(=O)N(C(=O)N2)C,1
2-(3-Chlorophenoxy)-8-cyclopropyl-6-thiophen-2-ylpteridin-7-one,C1CC1N2C3=NC(=NC=C3N=C(C2=O)C4=CC=CS4)OC5=CC(=CC=C5)Cl,1
Dpcpx,CCCN1C2=C(C(=O)N(C1=O)CCC)NC(=N2)C3CCCC3,1
"5',7,9,13-Tetramethylspiro[5-oxapentacyclo[10.8.0.02,9.04,8.013,18]icos-11-ene-6,2'-oxane]-16-ol",CC1CCC2(C(C3C(O2)CC4C3(CC=C5C4CCC6C5(CCC(C6)O)C)C)C)OC1,1
Prazosin Hydrochloride,COC1=C(C=C2C(=C1)C(=NC(=N2)N3CCN(CC3)C(=O)C4=CC=CO4)N)OC.Cl,1
(S)-3-Carboxy-4-hydroxyphenylglycine,C1=CC(=C(C=C1[C@@H](C(=O)O)N)C(=O)O)O,1
2-Anilino-6-(4-chlorophenyl)-8-cyclopropylpteridin-7-one,C1CC1N2C3=NC(=NC=C3N=C(C2=O)C4=CC=C(C=C4)Cl)NC5=CC=CC=C5,1
"N-phenyl-3,9-diazaspiro[5.5]undecane-3-carboxamide",C1CNCCC12CCN(CC2)C(=O)NC3=CC=CC=C3,1
"1-[9-[(2-Methoxyphenyl)methyl]-3,9-diazaspiro[5.5]undecan-3-yl]ethanone",CC(=O)N1CCC2(CCN(CC2)CC3=CC=CC=C3OC)CC1,1
"(3S,10R,13R,14S,17R)-17-[(E,2R,5S)-5-ethyl-6-methylhept-3-en-2-yl]-10,13-dimethyl-2,3,4,7,8,9,11,12,14,15,16,17-dodecahydro-1H-cyclopenta[a]phenanthren-3-ol",CC[C@H](/C=C/[C@@H](C)[C@H]1CC[C@@H]2[C@@]1(CCC3C2CC=C4[C@@]3(CC[C@@H](C4)O)C)C)C(C)C,1
Esculetin,C1=CC(=O)OC2=CC(=C(C=C21)O)O,1
trimethyl-[2-oxo-2-[(2Z)-2-(pyridin-4-ylmethylidene)hydrazinyl]ethyl]azanium,C[N+](C)(C)CC(=O)N/N=C\C1=CC=NC=C1,1
Pentachlorobenzene,C1=C(C(=C(C(=C1Cl)Cl)Cl)Cl)Cl,1
3-[6-(4-Methoxyphenyl)-2-morpholin-4-yl-7-oxopteridin-8-yl]propanenitrile,COC1=CC=C(C=C1)C2=NC3=CN=C(N=C3N(C2=O)CCC#N)N4CCOCC4,1
3-((2R)-Piperidin-2-Yl)Pyridine,C1CCN[C@H](C1)C2=CN=CC=C2,1
"[(3aS,5S,6R,6aR)-5-[(4S)-2,2-dimethyl-1,3-dioxolan-4-yl]-2,2-dimethyl-3a,5,6,6a-tetrahydrofuro[2,3-d][1,3]dioxol-6-yl] 4-methylbenzenesulfonate",CC1=CC=C(C=C1)S(=O)(=O)O[C@@H]2[C@@H](O[C@@H]3[C@@H]2OC(O3)(C)C)[C@@H]4COC(O4)(C)C,1
Bis(trimethoxysilylpropyl)amine,CO[Si](CCCNCCC[Si](OC)(OC)OC)(OC)OC,1
Benzyl chloroformate,C1=CC=C(C=C1)COC(=O)Cl,1
"1-(2-(diethylamino)ethyl)-1H-pyrazolo[3,4-d]pyrimidin-4-amine",CCN(CC)CCN1C2=NC=NC(=C2C=N1)N,1
"1-[(5R,10R,13S,14S)-3-hydroxy-10,13-dimethyl-2,3,4,5,6,7,8,9,11,12,14,15,16,17-tetradecahydro-1H-cyclopenta[a]phenanthren-17-yl]ethanone",CC(=O)C1CC[C@@H]2[C@@]1(CCC3C2CC[C@H]4[C@]3(CCC(C4)O)C)C,1
"2-Methylglutaric acid, (+)-",C[C@@H](CCC(=O)O)C(=O)O,1
"methyl (Z,5S,6S)-6-[(2-bromophenyl)methoxy]-5,7-dimethyloct-3-enoate",C[C@@H](/C=C\CC(=O)OC)[C@H](C(C)C)OCC1=CC=CC=C1Br,1
"2,6-Dichlorobenzoic acid",C1=CC(=C(C(=C1)Cl)C(=O)O)Cl,1
"2-amino-2-[(2S,3S,5S,6R)-5-amino-2-methyl-6-[(2R,3S,5R,6S)-2,3,4,5,6-pentahydroxycyclohexyl]oxyoxan-3-yl]iminoacetic acid",C[C@H]1[C@H](C[C@@H]([C@H](O1)OC2[C@@H]([C@H](C([C@H]([C@@H]2O)O)O)O)O)N)N=C(C(=O)O)N,1
6-(4-Methoxyphenyl)-2-phenoxy-8-(thiophen-2-ylmethyl)pteridin-7-one,COC1=CC=C(C=C1)C2=NC3=CN=C(N=C3N(C2=O)CC4=CC=CS4)OC5=CC=CC=C5,1
Acetaldehyde,CC=O,1
"cobalt(3+);[(2R,3R,4S,5R)-5-(5,6-dimethylbenzimidazol-1-yl)-4-hydroxy-2-(hydroxymethyl)oxolan-3-yl] [(2S)-1-[3-[(1S,2S,3S,5Z,7S,10Z,12S,13S,15Z,17R,18R,19R)-2,13,18-tris(2-amino-2-oxoethyl)-7,12,17-tris(3-amino-3-oxopropyl)-3,5,8,8,13,15,18,19-octamethyl-2,7,12,17-tetrahydro-1H-corrin-24-id-3-yl]propanoylamino]propan-2-yl] phosphate;cyanide",CC1=CC2=C(C=C1C)N(C=N2)[C@H]3[C@H]([C@H]([C@H](O3)CO)OP(=O)([O-])O[C@@H](C)CNC(=O)CC[C@]4([C@@H]([C@H]5[C@]6([C@]([C@H](/C(=C(/C7=N/C(=C\C8=N/C(=C(\C4=N5)/C)/[C@H](C8(C)C)CCC(=O)N)/[C@H]([C@]7(C)CC(=O)N)CCC(=O)N)\C)/[N-]6)CCC(=O)N)(C)CC(=O)N)C)CC(=O)N)C)O.[C-]#N.[Co+3],1
"[(1R,2S,4R,5R)-9-methyl-3-oxa-9-azatricyclo[3.3.1.02,4]nonan-7-yl] (2R)-3-hydroxy-2-phenylpropanoate",CN1[C@@H]2CC(C[C@@H]1[C@H]3[C@@H]2O3)OC(=O)[C@@H](CO)C4=CC=CC=C4,1
"(10R,13S)-17-[(E)-5,6-dimethylhept-3-en-2-yl]-10,13-dimethyl-1,2,4,5,6,9,11,12,14,15,16,17-dodecahydrocyclopenta[a]phenanthren-3-one",CC(C)C(C)/C=C/C(C)C1CCC2[C@]1(CCC3C2=CCC4[C@]3(CCC(=O)C4)C)C,1
3-Methyl-4-cinnolinol,CC1=NNC2=CC=CC=C2C1=O,1
(3-Aminopropyl)triethoxysilane,CCO[Si](CCCN)(OCC)OCC,1
2-[4-[4-(Diaminomethylideneamino)phenyl]phenyl]guanidine;sulfuric acid,C1=CC(=CC=C1C2=CC=C(C=C2)N=C(N)N)N=C(N)N.OS(=O)(=O)O,1
Acetamide,CC(=O)N,1
"2-(2,4-Dichloro-5-methylphenoxy)acetic acid",CC1=CC(=C(C=C1Cl)Cl)OCC(=O)O,1
SB 258585,CN1CCN(CC1)C2=C(C=CC(=C2)NS(=O)(=O)C3=CC=C(C=C3)I)OC,1
Carbanilide,C1=CC=C(C=C1)NC(=O)NC2=CC=CC=C2,1
"4-[(1R,2S)-2-(4-benzylpiperidin-1-yl)-1-hydroxypropyl]phenol;(2R,3S)-2,3-dihydroxybutanedioic acid",C[C@@H]([C@@H](C1=CC=C(C=C1)O)O)N2CCC(CC2)CC3=CC=CC=C3.[C@@H]([C@@H](C(=O)O)O)(C(=O)O)O,1
"(4-methoxyphenyl)methyl N-[(Z)-[(3aS,5aR,8R,9S,9aS,9bS)-2-tert-butyl-8,9-dihydroxy-1,3-dioxo-4,5,5a,7,8,9,9a,9b-octahydro-3aH-benzo[e]isoindol-6-ylidene]amino]carbamate",CC(C)(C)N1C(=O)[C@H]2CC[C@@H]\3[C@@H]([C@@H]2C1=O)[C@@H]([C@@H](C/C3=N/NC(=O)OCC4=CC=C(C=C4)OC)O)O,1
"1-(Phenylsulfonyl)-4,4-piperidinedicarboxylic acid",C1CN(CCC1(C(=O)O)C(=O)O)S(=O)(=O)C2=CC=CC=C2,1
Methanol,CO,1
Tocris-1089,C1[C@H]2[C@H]([C@@H]([C@@H](O2)N3C4=C(C(=O)NC(=N4)N)N=C3Br)O)OP(=O)(O1)[O-],1
"(1R,15R,17R,18R,19S,20R)-17-hydroxy-6,18-dimethoxy-1,3,11,12,14,15,16,17,18,19,20,21-dodecahydroyohimban-19-carboxylic acid",CO[C@H]1[C@@H](C[C@H]2CN3CCC4=C([C@H]3C[C@H]2[C@@H]1C(=O)O)NC5=C4C=CC(=C5)OC)O,1
"(6S)-6-[3-[(2R)-3,3-dimethyl-6-oxopiperidin-2-yl]-2-oxopropyl]-5,5-dimethylpiperidin-2-one",CC1(CCC(=O)N[C@@H]1CC(=O)C[C@H]2C(CCC(=O)N2)(C)C)C,1
Methylumbelliferone,COC1=CC2=C(C=C1)C=CC(=O)O2,1
"[(3S)-1,1-dioxo-2,3-dihydro-1,2-benzothiazol-3-yl] 2-methylbenzenesulfonate",CC1=CC=CC=C1S(=O)(=O)O[C@H]2C3=CC=CC=C3S(=O)(=O)N2,1
Lopac-P-0618,CCCN1CC[C@H]2[C@H]1CCC3=C2C=C(C=C3)O,1
"(9-Benzhydryl-3,9-diazaspiro[5.5]undecan-3-yl)-pyrazin-2-ylmethanone",C1CN(CCC12CCN(CC2)C(=O)C3=NC=CN=C3)C(C4=CC=CC=C4)C5=CC=CC=C5,1
2-Nitrotoluene,CC1=CC=CC=C1[N+](=O)[O-],1
Antineoplastic-84130,C1=CC(=CC=C1N=NC2=C(N=C(NC2=O)N)N)[As](=O)(O)O,1
Retinol Palmitate,CCCCCCCCCCCCCCCC(=O)OC/C=C(\C)/C=C/C=C(\C)/C=C/C1=C(CCCC1(C)C)C,1
"2,2-Dimethyl-1,3-propanediamine",CC(C)(CN)CN,1
"Benzenesulfonic acid, 4-(2-phenyldiazenyl)-",C1=CC=C(C=C1)N=NC2=CC=C(C=C2)S(=O)(=O)O,1
Pentolinium ditartrate,C[N+]1(CCCC1)CCCCC[N+]2(CCCC2)C.[C@@H]([C@@H](C(=O)[O-])O)(C(=O)O)O.[C@@H]([C@@H](C(=O)[O-])O)(C(=O)O)O,1
"N-(4-Methoxy-3-(4-methyl-1-piperazinyl)phenyl)-2'-methyl-4'-(5-methyl-1,2,4-oxadiazol-3-yl)(1,1'-biphenyl)-4-carboxamide",CC1=C(C=CC(=C1)C2=NOC(=N2)C)C3=CC=C(C=C3)C(=O)NC4=CC(=C(C=C4)OC)N5CCN(CC5)C,1
(S)-chlormezanone,CN1[C@@H](S(=O)(=O)CCC1=O)C2=CC=C(C=C2)Cl,1
"2,2'-(Propan-2-ylimino)diacetic acid",CC(C)N(CC(=O)O)CC(=O)O,1
"[(3S,8R,9S,10S,13R,14R,17S)-17-acetyloxy-17-ethynyl-13-methyl-2,3,6,7,8,9,10,11,12,14,15,16-dodecahydro-1H-cyclopenta[a]phenanthren-3-yl] acetate",CC(=O)O[C@H]1CC[C@H]2[C@H]3CC[C@@]4([C@@H]([C@@H]3CCC2=C1)CC[C@@]4(C#C)OC(=O)C)C,1
Tetrabromophthalic anhydride,C12=C(C(=C(C(=C1Br)Br)Br)Br)C(=O)OC2=O,1
"7-acetyl-N-(4-methoxyphenyl)-2,7-diazaspiro[3.5]nonane-2-carboxamide",CC(=O)N1CCC2(CC1)CN(C2)C(=O)NC3=CC=C(C=C3)OC,1
Npc169089,CC1C(=O)OC2C1(C34C(=O)OC5C3(C2O)C6(C(C5)C(C)(C)C)C(C(=O)OC6O4)O)O,1
Benzotrichloride,C1=CC=C(C=C1)C(Cl)(Cl)Cl,1
Diazoxide,CC1=NS(=O)(=O)C2=C(N1)C=CC(=C2)Cl,1
4-Methylumbelliferone,CC1=CC(=O)OC2=C1C=CC(=C2)O,1
methyl (Z)-3-(benzylamino)-2-[furan-2-yl-(methoxycarbonylamino)methyl]but-2-enoate,C/C(=C(\C(C1=CC=CO1)NC(=O)OC)/C(=O)OC)/NCC2=CC=CC=C2,1
"2-Methoxy-1-[2-[(2-methoxyphenyl)methyl]-2,9-diazaspiro[5.5]undecan-9-yl]ethanone",COCC(=O)N1CCC2(CCCN(C2)CC3=CC=CC=C3OC)CC1,1
DL-Homatropine hydrobromide,CN1C2CCC1CC(C2)OC(=O)C(C3=CC=CC=C3)O.Br,1
2-((1-Oxopentyl)oxy)benzoic acid,CCCCC(=O)OC1=CC=CC=C1C(=O)O,1
"(3S,6S,10S,14Z,16R,17S)-17-methoxy-3,6,10,16-tetramethyl-1,8-dioxa-4,11-diazacyclooctadec-14-ene-2,5,9,12-tetrone",C[C@H]1COC(=O)[C@@H](NC(=O)C/C=C\[C@H]([C@@H](COC(=O)[C@@H](NC1=O)C)OC)C)C,1
"4,6-Diamino-1,3,5-triazine-2-acetic acid",C(C1=NC(=NC(=N1)N)N)C(=O)O,1
"(8R,9R,10S,11S,13R,14R,17S)-11-hydroxy-10,13-dimethyl-17-(2-phenyl-1,3-thiazol-4-yl)-1,2,6,7,8,9,11,12,14,15,16,17-dodecahydrocyclopenta[a]phenanthren-3-one",C[C@@]12CCC(=O)C=C1CC[C@H]3[C@H]2[C@H](C[C@@]4([C@@H]3CC[C@@H]4C5=CSC(=N5)C6=CC=CC=C6)C)O,1
Butyric anhydride,CCCC(=O)OC(=O)CCC,1
"3-(8-chloro-7H-benzo[c]phenothiazin-7-yl)-N,N-dimethyl-1-propanamine",CN(C)CCCN1C2=C(C3=CC=CC=C3C=C2)SC4=C1C(=CC=C4)Cl,1
"(4-Methoxyphenyl)-[2-(4-phenylphenyl)-2,7-diazaspiro[3.5]nonan-7-yl]methanone",COC1=CC=C(C=C1)C(=O)N2CCC3(CC2)CN(C3)C4=CC=C(C=C4)C5=CC=CC=C5,1
"4-Methyl-2,3-dihydrofuro[2,3-b]quinoline",CC1=C2CCOC2=NC3=CC=CC=C13,1
"3-Methylsulfonyl-9-(3-phenylphenyl)-3,9-diazaspiro[5.5]undecane",CS(=O)(=O)N1CCC2(CCN(CC2)C3=CC=CC(=C3)C4=CC=CC=C4)CC1,1
Mundulone,CC1(C=CC2=C(O1)C=CC(=C2OC)C3=COC4=C(C3=O)C=C5CC(C(OC5=C4)(C)C)O)C,1
"[(1R,2R,3S,6S,7S,9R,10R,11R,12R,13R,14S)-2,6,9,11,13,14-hexahydroxy-3,7,10-trimethyl-11-propan-2-yl-15-oxapentacyclo[7.5.1.01,6.07,13.010,14]pentadecan-12-yl] 1H-pyrrole-2-carboxylate",C[C@H]1CC[C@@]2([C@@]3(C[C@@]4([C@@]5([C@@]([C@H]([C@]3([C@@]5([C@]2([C@@H]1O)O4)O)O)OC(=O)C6=CC=CN6)(C(C)C)O)C)O)C)O,1
6-Methyl-2-(4-methylpiperazin-1-yl)-8-phenylpteridin-7-one,CC1=NC2=CN=C(N=C2N(C1=O)C3=CC=CC=C3)N4CCN(CC4)C,1
Alpha-Cyclodextrin,C([C@@H]1[C@@H]2[C@@H]([C@H]([C@H](O1)O[C@@H]3[C@H](O[C@@H]([C@@H]([C@H]3O)O)O[C@@H]4[C@H](O[C@@H]([C@@H]([C@H]4O)O)O[C@@H]5[C@H](O[C@@H]([C@@H]([C@H]5O)O)O[C@@H]6[C@H](O[C@@H]([C@@H]([C@H]6O)O)O[C@@H]7[C@H](O[C@H](O2)[C@@H]([C@H]7O)O)CO)CO)CO)CO)CO)O)O)O,1
"N,N-dimethyl-3-(5H-pyrido[4,3-b]indol-5-yl)-1-propanamine",CN(C)CCCN1C2=C(C=NC=C2)C3=CC=CC=C31,1
"(1-Methylpyrrol-2-yl)-(9-phenyl-3,9-diazaspiro[5.5]undecan-3-yl)methanone",CN1C=CC=C1C(=O)N2CCC3(CCN(CC3)C4=CC=CC=C4)CC2,1
"[(2S,3R,4R,5R,6S)-6-[(Z)-[(3aS,5aR,8R,9S,9aS,9bS)-8,9-dihydroxy-1,3-dioxo-2-[[(2S)-oxolan-2-yl]methyl]-4,5,5a,7,8,9,9a,9b-octahydro-3aH-benzo[e]isoindol-6-ylidene]amino]oxy-3,4,5-triacetyloxyoxan-2-yl]methyl acetate",CC(=O)OC[C@H]1[C@H]([C@H]([C@H]([C@@H](O1)O/N=C\2/C[C@H]([C@H]([C@H]3[C@H]2CC[C@H]4[C@H]3C(=O)N(C4=O)C[C@@H]5CCCO5)O)O)OC(=O)C)OC(=O)C)OC(=O)C,1
"4,4',4'',4'''-[Carbonylbis[imino-5,1,3-benzenetriylbis(carbonylimino)]]tetrakis-1,3-Benzenedisulfonic Acid Sodium Salt (1:8); 4,4',4'',4'''-[Carbonylbis[imino-5,1,3-benzenetriylbis(carbonylimino)]]tetrakis-1,3-benzenedisulfonic Acid Octasodium Salt",C1=CC(=C(C=C1S(=O)(=O)[O-])S(=O)(=O)[O-])NC(=O)C2=CC(=CC(=C2)NC(=O)NC3=CC(=CC(=C3)C(=O)NC4=C(C=C(C=C4)S(=O)(=O)[O-])S(=O)(=O)[O-])C(=O)NC5=C(C=C(C=C5)S(=O)(=O)[O-])S(=O)(=O)[O-])C(=O)NC6=C(C=C(C=C6)S(=O)(=O)[O-])S(=O)(=O)[O-].[Na+].[Na+].[Na+].[Na+].[Na+].[Na+].[Na+].[Na+],1
Trihexyphenidyl Hydrochloride,C1CCC(CC1)C(CCN2CCCCC2)(C3=CC=CC=C3)O.Cl,1
"(3S,8R,9S,10R,13S,14R,17S)-17-[(2S,5R)-5-ethyl-6-methylheptan-2-yl]-10,13-dimethyl-2,3,4,7,8,9,11,12,14,15,16,17-dodecahydro-1H-cyclopenta[a]phenanthren-3-ol",CC[C@H](CC[C@H](C)[C@@H]1CC[C@H]2[C@]1(CC[C@H]3[C@@H]2CC=C4[C@@]3(CC[C@@H](C4)O)C)C)C(C)C,1
Diethyl Carbonate,CCOC(=O)OCC,1
"2,5-Hexanedione",CC(=O)CCC(=O)C,1
Veracillin,CC1=C(C(=NO1)C2=C(C=CC=C2Cl)Cl)C(=O)NC3C4N(C3=O)C(C(S4)(C)C)C(=O)[O-].[Na+],1
Benzo(d)thiazol-2-amine,C1=CC=C2C(=C1)N=C(S2)N,1
2-Acetylthiazole,CC(=O)C1=NC=CS1,1
"2,2,6,6-Tetramethylbenzo[1,2-d:4,5-d']bis([1,3]dioxole)",CC1(OC2=CC3=C(C=C2O1)OC(O3)(C)C)C,1
"tetramethyl (1S,8S)-2-benzyl-3-methyl-7-oxo-5-phenyl-11-oxa-2,6-diazatricyclo[6.2.1.01,6]undec-3-ene-4,8,9,10-tetracarboxylate",CC1=C(C(N2C(=O)[C@@]3(C(C([C@@]2(N1CC4=CC=CC=C4)O3)C(=O)OC)C(=O)OC)C(=O)OC)C5=CC=CC=C5)C(=O)OC,1
"4-[[2-(hydroxymethyl)-6-phenyl-3,6-dihydro-2H-pyran-3-yl]oxy]benzaldehyde",C1=CC=C(C=C1)C2C=CC(C(O2)CO)OC3=CC=C(C=C3)C=O,1
"2,3-Dihydroxybutanedioic acid;propane-1,3-diamine",C(CN)CN.C(C(C(=O)O)O)(C(=O)O)O,1
Tiratricol,C1=CC(=C(C=C1OC2=C(C=C(C=C2I)CC(=O)O)I)I)O,1
Etofylline,CN1C2=C(C(=O)N(C1=O)C)N(C=N2)CCO,1
3-(Thiocarbamylthio)propionic acid,C(CSC(=S)N)C(=O)O,1
Domperidone Maleate,C1CN(CCC1N2C3=C(C=C(C=C3)Cl)NC2=O)CCCN4C5=CC=CC=C5NC4=O.C(=C\C(=O)O)\C(=O)O,1
Hexamethylenetetramine,C1N2CN3CN1CN(C2)C3,1
Lomefloxacin Hydrochloride,CCN1C=C(C(=O)C2=CC(=C(C(=C21)F)N3CCNC(C3)C)F)C(=O)O.Cl,1
Dexketoprofen,C[C@@H](C1=CC(=CC=C1)C(=O)C2=CC=CC=C2)C(=O)O,1
"(6S)-5-amino-2-(aminomethyl)-6-[(3R,4S)-4,6-diamino-3-[(2S)-4-amino-3,5-dihydroxy-6-(hydroxymethyl)oxan-2-yl]oxy-2-hydroxycyclohexyl]oxyoxane-3,4-diol",C1[C@@H]([C@H](C(C(C1N)O[C@H]2C(C(C(C(O2)CN)O)O)N)O)O[C@@H]3C(C(C(C(O3)CO)O)N)O)N,1
"Methyl 6-methyl-2-oxo-4-phenyl-1,3-oxazinane-5-carboxylate",CC1C(C(NC(=O)O1)C2=CC=CC=C2)C(=O)OC,1
Carbendazim,COC(=O)NC1=NC2=CC=CC=C2N1,1
Alx 5407,CN(CC[C@H](C1=CC=C(C=C1)F)OC2=CC=C(C=C2)C3=CC=CC=C3)CC(=O)O,1
2-(Dimethylamino)-8-[(4-fluorophenyl)methyl]-6-(4-methoxyphenyl)pteridin-7-one,CN(C)C1=NC=C2C(=N1)N(C(=O)C(=N2)C3=CC=C(C=C3)OC)CC4=CC=C(C=C4)F,1
"sodium (2S,5R,6R)-3,3-dimethyl-7-oxo-6-[[(2S)-2-[(2-oxoimidazolidine-1-carbonyl)amino]-2-phenylacetyl]amino]-4-thia-1-azabicyclo[3.2.0]heptane-2-carboxylate",CC1([C@@H](N2[C@H](S1)[C@@H](C2=O)NC(=O)[C@H](C3=CC=CC=C3)NC(=O)N4CCNC4=O)C(=O)[O-])C.[Na+],1
Betahistine monomesilate,CNCCC1=CC=CC=N1.CS(=O)(=O)O,1
"(3,4-Dimethyl-6-phenylcyclohex-3-en-1-yl)-(2-hydroxyphenyl)methanone",CC1=C(CC(C(C1)C2=CC=CC=C2)C(=O)C3=CC=CC=C3O)C,1
Mangostin,CC(=CCC1=C(C2=C(C=C1O)OC3=C(C2=O)C(=C(C(=C3)O)OC)CC=C(C)C)O)C,1
Orcein,CC1=CC(=CC(=C1NC2=C(C3=C(C=C2O)OC4=CC(=O)C(=NC5=C(C=C(C=C5C)O)O)C(=C43)C)C)O)O,1
4-[(2R)-2-hydroxy-3-piperidin-1-ylpropyl]piperazine-1-carbaldehyde,C1CCN(CC1)C[C@H](CN2CCN(CC2)C=O)O,1
Dibromoacetic Acid,C(C(=O)O)(Br)Br,1
m-Nitroacetophenone,CC(=O)C1=CC(=CC=C1)[N+](=O)[O-],1
"6,8-Dimethyl-2-morpholin-4-ylpteridin-7-one",CC1=NC2=CN=C(N=C2N(C1=O)C)N3CCOCC3,1
"(2S)-2-(1,3-dioxo-2,3-dihydro-1H-isoindol-2-yl)-3-phenylpropanoic acid",C1=CC=C(C=C1)C[C@@H](C(=O)O)N2C(=O)C3=CC=CC=C3C2=O,1
Hydrastinine Hydrochloride,CN1CCC2=CC3=C(C=C2C1O)OCO3.Cl,1
"3-Phenyl-3,9-diazaspiro[5.5]undecane",C1CNCCC12CCN(CC2)C3=CC=CC=C3,1
Benzoin,C1=CC=C(C=C1)C(C(=O)C2=CC=CC=C2)O,1
"2-Methoxy-1-(2-pyridin-2-yl-2,9-diazaspiro[5.5]undecan-9-yl)ethanone",COCC(=O)N1CCC2(CCCN(C2)C3=CC=CC=N3)CC1,1
"2-amino-9-pentofuranosyl-7,9-dihydro-1H-purine-6,8-dione",C(C1C(C(C(O1)N2C3=C(C(=O)NC(=N3)N)NC2=O)O)O)O,1
6-Aminohexanoic Acid,C(CCC(=O)O)CCN,1
4-[2-[(3S)-3-(1H-indol-3-yl)pyrrolidin-1-yl]ethyl]morpholine,C1CN(C[C@@H]1C2=CNC3=CC=CC=C32)CCN4CCOCC4,1
Piromidic Acid,CCN1C=C(C(=O)C2=CN=C(N=C21)N3CCCC3)C(=O)O,1
5-[(E)-4-(4-tert-butylphenyl)but-1-en-3-ynyl]-4-(4-methylphenoxy)oxolan-3-ol,CC1=CC=C(C=C1)OC2C(COC2/C=C/C#CC3=CC=C(C=C3)C(C)(C)C)O,1
Hydroxychloroquine Sulfate,CCN(CCCC(C)NC1=C2C=CC(=CC2=NC=C1)Cl)CCO.OS(=O)(=O)O,1
"2,4-Dibromo-6-((cyclohexyl(3,5-dibromo-2-hydroxybenzyl)amino)methyl)phenol",C1CCC(CC1)N(CC2=C(C(=CC(=C2)Br)Br)O)CC3=C(C(=CC(=C3)Br)Br)O,1
(Z)-Methomyl,C/C(=N/OC(=O)NC)/SC,1
"(2S,3S,4R,5S)-2-(hydroxymethyl)-5-[6-[(Z)-2-hydroxy-2-phenylethenyl]purin-9-yl]oxolane-3,4-diol",C1=CC=C(C=C1)/C(=C/C2=C3C(=NC=N2)N(C=N3)[C@@H]4[C@@H]([C@@H]([C@@H](O4)CO)O)O)/O,1
(2S)-2-Amino-3-(pyridazin-4-YL)propanoic acid,C1=CN=NC=C1C[C@@H](C(=O)O)N,1
"1,2-Epoxytetradecane",CCCCCCCCCCCCC1CO1,1
(R)-quinuclidin-3-yl methanesulfonate,CS(=O)(=O)O[C@H]1CN2CCC1CC2,1
Dosulepin,CN(C)CC/C=C/1\C2=CC=CC=C2CSC3=CC=CC=C31,1
2-((4-Methyl-2-quinolinyl)thio)-1-phenylethanone,CC1=CC(=NC2=CC=CC=C12)SCC(=O)C3=CC=CC=C3,1
"(3R,4R)-4-[4-[(1S)-1-(propan-2-ylideneamino)oxyethyl]triazol-1-yl]oxolan-3-ol",C[C@@H](C1=CN(N=N1)[C@@H]2COC[C@@H]2O)ON=C(C)C,1
4-[3-(4-Chloro-phenyl)-4-methyl-isoxazol-5-yl]-1-phenethyl-piperidine,CC1=C(ON=C1C2=CC=C(C=C2)Cl)C3CCN(CC3)CCC4=CC=CC=C4,1
Carbazole,C1=CC=C2C(=C1)C3=CC=CC=C3N2,1
N-(2-furylmethyl)-2-(2-pyridinyl)ethanamine,C1=CC=NC(=C1)CCNCC2=CC=CO2,1
Tocris-0606,CCCCCCCCCCCCCCCCCCC1=CC=C(C=C1)C(=O)/C=C\C(=O)O,1
Glycyl-D-serine,C([C@H](C(=O)O)NC(=O)CN)O,1
"[(7R,8S)-7-hydroxy-5,6,7,8-tetrahydro-3H-pyrrolizin-1-yl]methyl (2S)-2-hydroxy-2-[(1S)-1-methoxyethyl]-3-methylbutanoate",C[C@@H]([C@@](C(C)C)(C(=O)OCC1=CCN2[C@@H]1[C@@H](CC2)O)O)OC,1
Procyclidine hydrochloride,C1CCC(CC1)C(CCN2CCCC2)(C3=CC=CC=C3)O.Cl,1
"(2R,5R)-2-benzyl-1-methoxycarbonyl-5-methyl-2H-pyrrole-5-carboxylic acid",C[C@@]1(C=C[C@H](N1C(=O)OC)CC2=CC=CC=C2)C(=O)O,1
"dimethyl (1S,8S)-10-benzoyl-2-benzyl-3-methyl-7-oxo-5,9-diphenyl-11-oxa-2,6-diazatricyclo[6.2.1.01,6]undec-3-ene-4,8-dicarboxylate",CC1=C(C(N2C(=O)[C@@]3(C(C([C@@]2(N1CC4=CC=CC=C4)O3)C(=O)C5=CC=CC=C5)C6=CC=CC=C6)C(=O)OC)C7=CC=CC=C7)C(=O)OC,1
N(alpha)-methylhistamine,CNCCC1=CN=CN1,1
4-(Benzyloxy)-3-chlorobenzoic acid,C1=CC=C(C=C1)COC2=C(C=C(C=C2)C(=O)O)Cl,1
"[3,5-bis(trifluoromethyl)phenyl]-[(5S)-2-[(2-methoxyphenyl)methyl]-2,7-diazaspiro[4.5]decan-7-yl]methanone",COC1=CC=CC=C1CN2CC[C@]3(C2)CCCN(C3)C(=O)C4=CC(=CC(=C4)C(F)(F)F)C(F)(F)F,1
"3-[(5R,10R,13R,14R)-3-[(2S,5R)-5-[(2S,5R)-5-[(2S,5R)-4,5-dihydroxy-6-methyloxan-2-yl]oxy-4-hydroxy-6-methyloxan-2-yl]oxy-4-hydroxy-6-methyloxan-2-yl]oxy-14-hydroxy-10,13-dimethyl-1,2,3,4,5,6,7,8,9,11,12,15,16,17-tetradecahydrocyclopenta[a]phenanthren-17-yl]-2H-furan-5-one",CC1[C@@H](C(C[C@@H](O1)O[C@H]2C(O[C@H](CC2O)O[C@H]3C(O[C@@H](CC3O)OC4CC[C@@]5([C@@H](C4)CCC6C5CC[C@]7([C@]6(CCC7C8=CC(=O)OC8)O)C)C)C)C)O)O,1
"1,4-Dimethoxybenzene",COC1=CC=C(C=C1)OC,1
Aspartame,COC(=O)[C@H](CC1=CC=CC=C1)NC(=O)[C@H](CC(=O)O)N,1
ent-Thiamphenicol,CS(=O)(=O)C1=CC=C(C=C1)[C@@H]([C@H](CO)NC(=O)C(Cl)Cl)O,1
Theophylline,CN1C2=C(C(=O)N(C1=O)C)NC=N2,1
E-Guggulsterone,C/C=C\1/C(=O)C[C@@H]2[C@@]1(CC[C@H]3[C@H]2CCC4=CC(=O)CC[C@]34C)C,1
Azanide;cobalt;sulfurous acid,[NH2-].[NH2-].[NH2-].[NH2-].OS(=O)O.OS(=O)O.[Co],1
DL-Ephedrine hydrochloride,CC(C(C1=CC=CC=C1)O)NC.Cl,1
"(3aS,5aS,6Z,8R,9S,9aS,9bS)-2-ethyl-8,9-dihydroxy-6-phenylmethoxyimino-4,5,5a,7,8,9,9a,9b-octahydro-3aH-benzo[e]isoindole-1,3-dione",CCN1C(=O)[C@H]2CC[C@H]\3[C@@H]([C@@H]2C1=O)[C@@H]([C@@H](C/C3=N/OCC4=CC=CC=C4)O)O,1
"Mercury, (p-carboxyphenyl)(purin-6-ylthio)-",C1=CC(=CC=C1C(=O)O)[Hg]SC2=NC=NC3=C2NC=N3,1
"(2R,3S)-2,3-dihydroxybutanedioic acid;1-methyl-2-[(Z)-2-(3-methylthiophen-2-yl)ethenyl]-5,6-dihydro-4H-pyrimidine",CC1=C(SC=C1)/C=C\C2=NCCCN2C.[C@@H]([C@@H](C(=O)O)O)(C(=O)O)O,1
"(S)-4-((3-(2-amino-2-carboxyethyl)-2,6-dioxo-2,3-dihydropyrimidin-1(6H)-yl)methyl)benzoic acid",C1=CC(=CC=C1CN2C(=O)C=CN(C2=O)C[C@@H](C(=O)O)N)C(=O)O,1
2-Anilino-8-(2-methoxyethyl)-6-(4-methoxyphenyl)pteridin-7-one,COCCN1C2=NC(=NC=C2N=C(C1=O)C3=CC=C(C=C3)OC)NC4=CC=CC=C4,1
Lopac-D-7814,C[C@](CO)([C@H]1CC2=C(C3=CC=CC=C3N=C2O1)OC)O,1
Pirenzepine,CN1CCN(CC1)CC(=O)N2C3=CC=CC=C3C(=O)NC4=C2N=CC=C4,1
Phenoxymethylpenicillinic acid potassium salt,CC1(C(N2C(S1)C(C2=O)NC(=O)COC3=CC=CC=C3)C(=O)[O-])C.[K+],1
"(9-Benzhydryl-3,9-diazaspiro[5.5]undecan-3-yl)-(3-fluorophenyl)methanone",C1CN(CCC12CCN(CC2)C(=O)C3=CC(=CC=C3)F)C(C4=CC=CC=C4)C5=CC=CC=C5,1
"methyl 5,7-dimethyl-3-(2-methylpropyl)-6-oxo-2,5-dihydro-1H-cyclopenta[c]pyridine-3-carboxylate",CC1C2=CC(NCC2=C(C1=O)C)(CC(C)C)C(=O)OC,1
"4-[[7-(Pyrazine-2-carbonyl)-2,7-diazaspiro[3.5]nonan-2-yl]methyl]benzonitrile",C1CN(CCC12CN(C2)CC3=CC=C(C=C3)C#N)C(=O)C4=NC=CN=C4,1
"1-(4-chlorophenyl)-4,9-dioxo-4,9-dihydro-1H-benzo[f]indazole-3-carboxylic acid",C1=CC=C2C(=C1)C(=O)C3=C(C2=O)N(N=C3C(=O)O)C4=CC=C(C=C4)Cl,1
3-[2-(3-Chlorophenoxy)-6-(4-fluorophenyl)-7-oxopteridin-8-yl]propanenitrile,C1=CC(=CC(=C1)Cl)OC2=NC=C3C(=N2)N(C(=O)C(=N3)C4=CC=C(C=C4)F)CCC#N,1
"(S,S)-(+)-fenoterol",C[C@@H](CC1=CC=C(C=C1)O)NC[C@H](C2=CC(=CC(=C2)O)O)O,1
"methyl (5S)-2-(1,3-thiazol-2-ylmethyl)-2,7-diazaspiro[4.5]decane-7-carboxylate",COC(=O)N1CCC[C@]2(C1)CCN(C2)CC3=NC=CS3,1
Muurolladie-3-one,CC1=CCC(C2C1CC(=O)C(=C2)C)C(C)C,1
1-Octanol,CCCCCCCCO,1
2-Chlorostyrene,C=CC1=CC=CC=C1Cl,1
"Sodium 6-[(2,6-dimethoxybenzoyl)amino]-3,3-dimethyl-7-oxo-4-thia-1-azabicyclo[3.2.0]heptane-2-carboxylate",CC1(C(N2C(S1)C(C2=O)NC(=O)C3=C(C=CC=C3OC)OC)C(=O)[O-])C.[Na+],1
beta-Gentiobiose,C([C@@H]1[C@H]([C@@H]([C@H]([C@@H](O1)OC[C@@H]2[C@H]([C@@H]([C@H]([C@@H](O2)O)O)O)O)O)O)O)O,1
"4-(2-Amino-4-oxo-1,5,7,8-tetrahydropyrimido[4,5-d]pyrimidin-6-yl)benzenesulfonamide",C1C2=C(NCN1C3=CC=C(C=C3)S(=O)(=O)N)N=C(NC2=O)N,1
"3-[6-(3,5-Difluorophenyl)-2-(ethylamino)-7-oxopteridin-8-yl]propanenitrile",CCNC1=NC=C2C(=N1)N(C(=O)C(=N2)C3=CC(=CC(=C3)F)F)CCC#N,1
Miltefosine,CCCCCCCCCCCCCCCCOP(=O)([O-])OCC[N+](C)(C)C,1
7-Chlorokynurenic acid,C1=CC2=C(C=C1Cl)NC(=CC2=O)C(=O)O,1
Suramin hexanion,CC1=C(C=C(C=C1)C(=O)NC2=C3C(=CC(=CC3=C(C=C2)S(=O)(=O)[O-])S(=O)(=O)[O-])S(=O)(=O)[O-])NC(=O)C4=CC(=CC=C4)NC(=O)NC5=CC=CC(=C5)C(=O)NC6=C(C=CC(=C6)C(=O)NC7=C8C(=CC(=CC8=C(C=C7)S(=O)(=O)[O-])S(=O)(=O)[O-])S(=O)(=O)[O-])C,1
Lethane,CCCCOCCOCCSC#N,1
"N-[(Z)-1-[1-(4,5-dihydro-1H-imidazol-2-yl)-3-methylpyrazol-4-yl]ethylideneamino]-4,5-dihydro-1H-imidazol-2-amine;hydrobromide",CC1=NN(C=C1/C(=N\NC2=NCCN2)/C)C3=NCCN3.Br,1
2-Amino-4-chlorophenol,C1=CC(=C(C=C1Cl)N)O,1
"3-[4-(3-Hydroxy-2,4-dimethyl-phenyl)-1-methyl-4-piperidyl]-2,6-dimethyl-phenol",CC1=C(C(=C(C=C1)C2(CCN(CC2)C)C3=C(C(=C(C=C3)C)O)C)C)O,1
"methyl 4-[(2S,5R)-6-(6-chloro-3-pyridinyl)-2-phenyl-3-[[4-(trifluoromethyl)phenyl]methyl]-3-azatricyclo[5.1.1.01,5]nonan-7-yl]benzoate",COC(=O)C1=CC=C(C=C1)C23CC4(C2)[C@@H](C3C5=CN=C(C=C5)Cl)CN([C@@H]4C6=CC=CC=C6)CC7=CC=C(C=C7)C(F)(F)F,1
1-(4-Chlorophenyl)-3-cyanoguanidine,C1=CC(=CC=C1N=C(N)NC#N)Cl,1
3-Methylxanthine,CN1C2=C(C(=O)NC1=O)NC=N2,1
5-(6-mercapto-9H-purin-9-yl)pentanoic acid,C1=NC(=S)C2=C(N1)N(C=N2)CCCCC(=O)O,1
"1-Amino-4-((4'-amino-2'-sulfo[1,1'-biphenyl]-4-yl)amino)-9,10-dioxo-9,10-dihydro-2-anthracenesulfonic acid",C1=CC=C2C(=C1)C(=O)C3=C(C2=O)C(=C(C=C3NC4=CC=C(C=C4)C5=C(C=C(C=C5)N)S(=O)(=O)O)S(=O)(=O)O)N,1
"(5,6-Dimethyl-1H-benzimidazol-1-yl)acetic acid",CC1=CC2=C(C=C1C)N(C=N2)CC(=O)O,1
Roquinimex,CN1C2=CC=CC=C2C(=C(C1=O)C(=O)N(C)C3=CC=CC=C3)O,1
Phosphonoacetic Acid,C(C(=O)O)P(=O)(O)O,1
4-Hydroxy-7-benzyloxyquinoline-3-carboxylic acid,C1=CC=C(C=C1)COC2=CC3=C(C=C2)C(=O)C(=CN3)C(=O)O,1
2-Phenylbutanamide,CCC(C1=CC=CC=C1)C(=O)N,1
4-(Glycolloylamino)phenylarsonic acid,C1=CC(=CC=C1NC(=O)CO)[As](=O)(O)O,1
"(8S,21R)-13,27-dimethoxy-22-methyl-15,29,31-trioxa-7,22-diazaoctacyclo[19.9.3.216,19.14,30.110,14.03,8.025,33.028,32]heptatriaconta-1(30),2,4(34),10(37),11,13,16,18,25,27,32,35-dodecaene",CN1CCC2=CC(=C3C4=C2[C@H]1CC5=CC=C(C=C5)OC6=C(C=CC(=C6)C[C@H]7C8=CC(=C(O3)C=C8CCN7)O4)OC)OC,1
Sulfisoxazole,CC1=C(ON=C1C)NS(=O)(=O)C2=CC=C(C=C2)N,1
"(2S)-1-[6-(4-bromophenyl)-3,4-dihydro-2H-1,5-naphthyridin-1-yl]-3-[6-(4-methoxyphenyl)-3,4-dihydro-2H-1,5-naphthyridin-1-yl]propan-2-ol",COC1=CC=C(C=C1)C2=NC3=C(C=C2)N(CCC3)C[C@@H](CN4CCCC5=C4C=CC(=N5)C6=CC=C(C=C6)Br)O,1
"3-Hexenedioic acid, (3Z)-",C(/C=C\CC(=O)O)C(=O)O,1
Clofibric Acid,CC(C)(C(=O)O)OC1=CC=C(C=C1)Cl,1
Ninhydrin,C1=CC=C2C(=C1)C(=O)C(C2=O)(O)O,1
2-(4-Methylpiperazin-1-yl)-6-phenyl-8-(2-phenylethyl)pteridin-7-one,CN1CCN(CC1)C2=NC=C3C(=N2)N(C(=O)C(=N3)C4=CC=CC=C4)CCC5=CC=CC=C5,1
Methyl Acetate,CC(=O)OC,1
Ticarcillin Disodium,CC1([C@@H](N2[C@H](S1)[C@@H](C2=O)NC(=O)[C@@H](C3=CSC=C3)C(=O)[O-])C(=O)[O-])C.[Na+].[Na+],1
"(6S)-2-(aminomethyl)-6-[(3R,4S)-4,6-diamino-3-[(2S)-4-amino-3,5-dihydroxy-6-(hydroxymethyl)oxan-2-yl]oxy-2-hydroxycyclohexyl]oxyoxane-3,4,5-triol;sulfuric acid",C1[C@@H]([C@H](C(C(C1N)O[C@H]2C(C(C(C(O2)CN)O)O)O)O)O[C@@H]3C(C(C(C(O3)CO)O)N)O)N.OS(=O)(=O)O,1
Metformin Hydrochloride,CN(C)C(=N)N=C(N)N.Cl,1
7-Nitroindazole,C1=CC2=C(C(=C1)[N+](=O)[O-])NN=C2,1
"Phenyl 9-phenyl-3,9-diazaspiro[5.5]undecane-3-carboxylate",C1CN(CCC12CCN(CC2)C(=O)OC3=CC=CC=C3)C4=CC=CC=C4,1
4-[(Z)-dimethylaminodiazenyl]-1H-imidazole-5-carboxamide,CN(C)/N=N\C1=C(NC=N1)C(=O)N,1
"3-((Cyclohexyloxy)methyl)-4,4-dimethyl-1,3-oxazolidine",CC1(COCN1COC2CCCCC2)C,1
Lopac-N-2255,C1=CC(=CC=C1CSC2=NC=NC3=C2N=CN3[C@H]4[C@@H]([C@@H]([C@@H](O4)CO)O)O)[N+](=O)[O-],1
Cytisine,C1[C@H]2CNC[C@@H]1C3=CC=CC(=O)N3C2,1
4-Methyl-3-nitrobenzoic acid,CC1=C(C=C(C=C1)C(=O)O)[N+](=O)[O-],1
"(2-Methyl-2,9-diazaspiro[5.5]undecan-9-yl)-(thiadiazol-4-yl)methanone",CN1CCCC2(C1)CCN(CC2)C(=O)C3=CSN=N3,1
3-(2-Anilino-7-oxo-6-phenylpteridin-8-yl)propanenitrile,C1=CC=C(C=C1)C2=NC3=CN=C(N=C3N(C2=O)CCC#N)NC4=CC=CC=C4,1
"N'-(2-(dimethylamino)ethyl)-N,N-dimethylsulfamide",CN(C)CCNS(=O)(=O)N(C)C,1
Pyridine,C1=CC=NC=C1,1
"(1S,9S)-7,13-diazatetracyclo[7.7.1.02,7.013,17]heptadecan-6-one",C1C[C@H]2CN3C(CCCC3=O)[C@H]4C2N(C1)CCC4,1
"4'-(Aminosulfonyl)[1,1'-biphenyl]-4-ylarsonic acid",C1=CC(=CC=C1C2=CC=C(C=C2)[As](=O)(O)O)S(=O)(=O)N,1
"(4-Methoxyphenyl)-[9-(2-methylpropyl)-3,9-diazaspiro[5.5]undecan-3-yl]methanone",CC(C)CN1CCC2(CC1)CCN(CC2)C(=O)C3=CC=C(C=C3)OC,1
2-Amino-4-methylphenol,CC1=CC(=C(C=C1)O)N,1
"(1R)-1-[(3aS,5R,6R,6aS)-6-[3-(dimethylamino)propoxy]-2,2-dimethyl-3a,5,6,6a-tetrahydrofuro[2,3-d][1,3]dioxol-5-yl]ethane-1,2-diol",CC1(O[C@H]2[C@@H]([C@H](O[C@H]2O1)[C@@H](CO)O)OCCCN(C)C)C,1
Tocris-0627,C1CN(CCN1C[C@H]2CN3C(=C4C=CC=CC4=NC3=O)N2)C5=CC=CC=C5,1
"Pyridin-4-yl(9-(pyrimidin-2-yl)-3,9-diazaspiro[5.5]undecan-3-yl)methanone",C1CN(CCC12CCN(CC2)C(=O)C3=CC=NC=C3)C4=NC=CC=N4,1
"(3aR,5aS,8R,9S,9aR,9bS)-8,9-dihydroxy-2-(3-phenoxyphenyl)-4,5,5a,7,8,9,9a,9b-octahydro-3aH-benzo[e]isoindole-1,3,6-trione",C1C[C@@H]2[C@H]([C@H]3[C@H]1C(=O)C[C@H]([C@H]3O)O)C(=O)N(C2=O)C4=CC(=CC=C4)OC5=CC=CC=C5,1
2-Oxo-6-(phenoxycarbonylamino)chromene-3-carboxylic acid,C1=CC=C(C=C1)OC(=O)NC2=CC3=C(C=C2)OC(=O)C(=C3)C(=O)O,1
6-(1-Methylindol-3-yl)-2-phenoxy-8-(thiophen-2-ylmethyl)pteridin-7-one,CN1C=C(C2=CC=CC=C21)C3=NC4=CN=C(N=C4N(C3=O)CC5=CC=CS5)OC6=CC=CC=C6,1
"4-Methylbenzo[d][1,3]dioxol-5-ol",CC1=C(C=CC2=C1OCO2)O,1
2-((2-Phenylethyl)thio)ethanamine,C1=CC=C(C=C1)CCSCCN,1
"2-Methoxy-1-[9-(3-phenylphenyl)-3,9-diazaspiro[5.5]undecan-3-yl]ethanone",COCC(=O)N1CCC2(CCN(CC2)C3=CC=CC(=C3)C4=CC=CC=C4)CC1,1
9-(b-D-Arabinofuranosyl)-8-chloroadenine,C1=NC(=C2C(=N1)N(C(=N2)Cl)C3C(C(C(O3)CO)O)O)N,1
GlyTouCan:G51670LK,CC(C)(C)NCC(COC1=CC=CC2=C1CC(C(C2)O)O)O,1
Pharmakon1600-01503383,CC1(CCCC(N1C)(C)C)C.C(C(C(=O)O)O)(C(=O)O)O,1
"3,5-Dimethyl-4-[4-(4-methylpiperazin-1-yl)pyrimidin-2-yl]-1,2-oxazole",CC1=C(C(=NO1)C)C2=NC=CC(=N2)N3CCN(CC3)C,1
Bethanechol Chloride,CC(C[N+](C)(C)C)OC(=O)N.[Cl-],1
"(6R)-2-(hydroxymethyl)-6-(4-hydroxyphenoxy)oxane-3,4,5-triol",C1=CC(=CC=C1O)O[C@@H]2C(C(C(C(O2)CO)O)O)O,1
"N-(3-phenyl-1H-1,2,4-triazol-5-yl)urea",C1=CC=C(C=C1)C2=NC(=NN2)NC(=O)N,1
Tocris-0582,CN1CCN(CC1)[C@@H]2CC3=CC=CC=C3SC4=C2C=C(C=C4)SC,1
(2E)-2-hydroxyimino-3-(4-nitrophenyl)propanoic acid,C1=CC(=CC=C1C/C(=N\O)/C(=O)O)[N+](=O)[O-],1
Dichloroacetic Acid,C(C(=O)O)(Cl)Cl,1
"Benzyl 3-[6-[[2-(butylamino)-2-oxo-1-(4-phenylphenyl)ethyl]-hexylamino]-6-oxohexyl]-4-methyl-2-oxo-6-(4-phenylphenyl)-1,6-dihydropyrimidine-5-carboxylate",CCCCCCN(C(C1=CC=C(C=C1)C2=CC=CC=C2)C(=O)NCCCC)C(=O)CCCCCN3C(=C(C(NC3=O)C4=CC=C(C=C4)C5=CC=CC=C5)C(=O)OCC6=CC=CC=C6)C,1
Fexofenadine Hydrochloride,CC(C)(C1=CC=C(C=C1)C(CCCN2CCC(CC2)C(C3=CC=CC=C3)(C4=CC=CC=C4)O)O)C(=O)O.Cl,1
"(2R)-2-[4-[4-[(2R)-2-hydroxy-4,4-dimethylmorpholin-4-ium-2-yl]phenyl]phenyl]-4,4-dimethylmorpholin-4-ium-2-ol",C[N+]1(CCO[C@@](C1)(C2=CC=C(C=C2)C3=CC=C(C=C3)[C@@]4(C[N+](CCO4)(C)C)O)O)C,1
Clomethiazole,CC1=C(SC=N1)CCCl,1
Tocris-0719,CCCN(C/C=C\I)[C@@H]1CCC2=C(C1)C=C(C=C2)O,1
"Benzene, (2-iodoethyl)-",C1=CC=C(C=C1)CCI,1
"2-[[2-Hydroxy-3-[(2-hydroxy-3,5-dimethyl-phenyl)methyl]phenyl]methyl]-4,6-dimethyl-phenol",CC1=CC(=C(C(=C1)CC2=C(C(=CC=C2)CC3=CC(=CC(=C3O)C)C)O)O)C,1
"6-Amino-3-benzyl-1-methylpyrimidine-2,4-dione",CN1C(=CC(=O)N(C1=O)CC2=CC=CC=C2)N,1
"Ethanol, 2-[bis(hydroxymethyl)amino]-",C(CO)N(CO)CO,1
2-Chloronaphthalene,C1=CC=C2C=C(C=CC2=C1)Cl,1
"N-[8-(4-fluorophenyl)-2-methyl-9-propylpurin-6-yl]-N',N'-dimethylpropane-1,3-diamine",CCCN1C(=NC2=C(N=C(N=C21)C)NCCCN(C)C)C3=CC=C(C=C3)F,1
(8-Methyl-8-Azabicyclo(3.2.1)Octan-3-Yl) 3-Hydroxy-2-Phenylpropanoate,CN1C2CCC1CC(C2)OC(=O)C(CO)C3=CC=CC=C3,1
6-(4-Chlorophenyl)-8-cyclopropyl-2-(dimethylamino)pteridin-7-one,CN(C)C1=NC=C2C(=N1)N(C(=O)C(=N2)C3=CC=C(C=C3)Cl)C4CC4,1
"N-benzyl-6-(3,5-dimethyl-1,2-oxazol-4-yl)pyrimidin-4-amine",CC1=C(C(=NO1)C)C2=CC(=NC=N2)NCC3=CC=CC=C3,1
"(3R,7Z,9S,10R,15Z,17R)-10-methoxy-3,9,17-trimethyl-1,12-dioxa-4-azacyclooctadeca-7,15-diene-2,5,13-trione",C[C@H]/1COC(=O)[C@H](NC(=O)C/C=C\[C@@H]([C@H](COC(=O)C/C=C1)OC)C)C,1
1-hydroxypyridine-2-thione;1-hydroxy-3H-pyridin-1-ium-2-thione;zinc,C1C=CC=[N+](C1=S)O.C1=CC(=S)N(C=C1)O.[Zn],1
"sodium;[(4aS,6R,7S,7aS)-6-[6-(butanoylamino)purin-9-yl]-2-oxido-2-oxo-4a,6,7,7a-tetrahydro-4H-furo[3,2-d][1,3,2]dioxaphosphinin-7-yl] butanoate;hydrate",CCCC(=O)NC1=C2C(=NC=N1)N(C=N2)[C@H]3[C@H]([C@@H]4[C@@H](O3)COP(=O)(O4)[O-])OC(=O)CCC.O.[Na+],1
6-(2-chlorophenyl)-N-piperidin-4-ylquinazolin-4-amine,C1CNCCC1NC2=NC=NC3=C2C=C(C=C3)C4=CC=CC=C4Cl,1
Fenbendazole,COC(=O)NC1=NC2=C(N1)C=C(C=C2)SC3=CC=CC=C3,1
N-Methylaspartic acid,CNC(CC(=O)O)C(=O)O,1
methyl 4-[(E)-1-[(4-phenylphenyl)sulfonylamino]-2-propylhex-2-enyl]benzoate,CCC/C=C(\CCC)/C(C1=CC=C(C=C1)C(=O)OC)NS(=O)(=O)C2=CC=C(C=C2)C3=CC=CC=C3,1
creatinine,CN1CC(=O)N=C1N,1
2-[(2-Oxo-2-phenylethyl)sulfanyl]acetic acid,C1=CC=C(C=C1)C(=O)CSCC(=O)O,1
Benzyl Alcohol,C1=CC=C(C=C1)CO,1
"Pentachloro-[4-(sulfamoylmethyl)cyclohexa-2,5-dien-1-yl]antimony(1-);pyridine",C1=CC=NC=C1.C1=C[C-](C=CC1[Sb-](Cl)(Cl)(Cl)(Cl)Cl)CS(=O)(=O)N,1
"(4R)-4-[(3R,5S,7R,8R,10S,13R,14S,17R)-3,7-dihydroxy-10,13-dimethyl-2,3,4,5,6,7,8,9,11,12,14,15,16,17-tetradecahydro-1H-cyclopenta[a]phenanthren-17-yl]pentanoic acid",C[C@H](CCC(=O)O)[C@H]1CC[C@@H]2[C@@]1(CCC3[C@H]2[C@@H](C[C@H]4[C@@]3(CC[C@H](C4)O)C)O)C,1
3-Acetamidocoumarin,CC(=O)NC1=CC2=CC=CC=C2OC1=O,1
Citronellol,CC(CCC=C(C)C)CCO,1
N-acetyl-DL-aspartic acid,CC(=O)NC(CC(=O)O)C(=O)O,1
3-(4-Isopropylbenzylidene)-5-(naphthalen-2-yl)furan-2(3H)-one,CC(C)C1=CC=C(C=C1)/C=C/2\C=C(OC2=O)C3=CC4=CC=CC=C4C=C3,1
Lopac-P-101,C1=CC=C(C=C1)NC2=NC(=C3C(=N2)N(C=N3)[C@H]4[C@H]([C@H]([C@@H](O4)CO)O)O)N,1
Trichlormethiazide,C1=C2C(=CC(=C1Cl)S(=O)(=O)N)S(=O)(=O)NC(N2)C(Cl)Cl,1
Methionyl-leucylphenylalanine acetate,CC(C)CC(C(=O)NC(CC1=CC=CC=C1)C(=O)O)NC(=O)C(CCSC)N.CC(=O)O,1
Felbinac,C1=CC=C(C=C1)C2=CC=C(C=C2)CC(=O)O,1
((4-Isothiocyanatophenyl)thio)acetic acid,C1=CC(=CC=C1N=C=S)SCC(=O)O,1
alpha-Amino-3-hydroxy-4-oxo-1(4H)-pyridinepropanoic acid,C1=CN(C=C(C1=O)O)CC(C(=O)O)N,1
Maleic Hydrazide,C1=CC(=O)NNC1=O,1
Dopac,C1=CC(=C(C=C1CC(=O)O)O)O,1
"7-Methoxy-2,4-dimethyl[1,8]naphthyridine",CC1=CC(=NC2=C1C=CC(=N2)OC)C,1
Ntncb hydrochloride,C1CC(CCC1CNCC2CCC3=CC=CC=C3C2)CNS(=O)(=O)C4=CC=CC=C4[N+](=O)[O-].Cl,1
"[(2S,3R,4R,5R,6S)-6-[(Z)-[(3aS,5aS,8R,9S,9aS,9bS)-2-tert-butyl-8,9-dihydroxy-1,3-dioxo-4,5,5a,7,8,9,9a,9b-octahydro-3aH-benzo[e]isoindol-6-ylidene]amino]oxy-3,4,5-triacetyloxyoxan-2-yl]methyl acetate",CC(=O)OC[C@H]1[C@H]([C@H]([C@H]([C@@H](O1)O/N=C\2/C[C@H]([C@H]([C@H]3[C@@H]2CC[C@H]4[C@H]3C(=O)N(C4=O)C(C)(C)C)O)O)OC(=O)C)OC(=O)C)OC(=O)C,1
"N,N'-dicyclopentyl-2-methylsulfanyl-5-nitro-pyrimidine-4,6-diamine",CSC1=NC(=C(C(=N1)NC2CCCC2)[N+](=O)[O-])NC3CCCC3,1
(3-Amino-1-(2-aminoethyl)-1-methylpropyl)(hydroxy)azane oxide,CC(CCN)(CCN)[N+](=O)[O-],1
2-Amino-4-methylpyridine,CC1=CC(=NC=C1)N,1
Ciprofloxacin,C1CC1N2C=C(C(=O)C3=CC(=C(C=C32)N4CCNCC4)F)C(=O)O,1
Nsc157469,CC1=CC(=C(C(=C1)C(C)(C)C)O)CC2=C(C(=C(C(=C2C)C)CC3=C(C(=CC(=C3)C)C(C)(C)C)O)C)C,1
"[(5S,10R,13S)-10,13-dimethyl-17-oxo-1,2,3,4,5,6,7,8,9,11,12,14,15,16-tetradecahydrocyclopenta[a]phenanthren-3-yl] acetate",CC(=O)OC1CC[C@@]2([C@H](C1)CCC3C2CC[C@]4(C3CCC4=O)C)C,1
3-[2-(3-Chlorophenoxy)-7-oxo-6-phenylpteridin-8-yl]propanenitrile,C1=CC=C(C=C1)C2=NC3=CN=C(N=C3N(C2=O)CCC#N)OC4=CC(=CC=C4)Cl,1
Benzamil,C1=CC=C(C=C1)CN=C(N)NC(=O)C2=C(N=C(C(=N2)Cl)N)N,1
"7-hydroxy-6-[(2R)-3,4,5-trihydroxy-6-(hydroxymethyl)oxan-2-yl]oxychromen-2-one",C1=CC(=O)OC2=CC(=C(C=C21)O[C@@H]3C(C(C(C(O3)CO)O)O)O)O,1
1-[(1S)-1-phenylethyl]-4-[(1R)-1-phenylethyl]piperazine,C[C@H](C1=CC=CC=C1)N2CCN(CC2)[C@@H](C)C3=CC=CC=C3,1
4-(2-Aminoethyl)Benzenesulfonyl Fluoride,C1=CC(=CC=C1CCN)S(=O)(=O)F,1
"N-(2,8-dimethyl-9-propylpurin-6-yl)-N',N'-dimethylethane-1,2-diamine",CCCN1C(=NC2=C(N=C(N=C21)C)NCCN(C)C)C,1
1-(Bromo(1-naphthyl)methyl)naphthalene,C1=CC=C2C(=C1)C=CC=C2C(C3=CC=CC4=CC=CC=C43)Br,1
2-Methyl-3-nitroaniline,CC1=C(C=CC=C1[N+](=O)[O-])N,1
Mafenide Hydrochloride,C1=CC(=CC=C1CN)S(=O)(=O)N.Cl,1
Dicumyl peroxide,CC(C)(C1=CC=CC=C1)OOC(C)(C)C2=CC=CC=C2,1
4-(1H-imidazol-2-ylmethyl)morpholine,C1COCCN1CC2=NC=CN2,1
"4-[2-(5,6-Dioxopyridin-3-yl)hydrazinyl]benzenesulfonamide",C1=CC(=CC=C1N=NC2=CNC(=O)C(=C2)O)S(=O)(=O)N,1
"3-((5-Ethyl-5H-(1,2,4)triazino(5,6-b)indol-3-yl)amino)-1-propanol",CCN1C2=CC=CC=C2C3=C1N=C(N=N3)NCCCO,1
(R)-Saclofen,C1=CC(=CC=C1[C@H](CN)CS(=O)(=O)O)Cl,1
"Phenyl 2-[(4-methoxyphenyl)carbamoyl]-2,7-diazaspiro[3.5]nonane-7-carboxylate",COC1=CC=C(C=C1)NC(=O)N2CC3(C2)CCN(CC3)C(=O)OC4=CC=CC=C4,1
Avobenzone,CC(C)(C)C1=CC=C(C=C1)C(=O)CC(=O)C2=CC=C(C=C2)OC,1
Alverine Citrate,CCN(CCCC1=CC=CC=C1)CCCC2=CC=CC=C2.C(C(=O)O)C(CC(=O)O)(C(=O)O)O,1
Chelidamic Acid,C1=C(NC(=CC1=O)C(=O)O)C(=O)O,1
"2,7-Naphthalenedisulfonic acid, 4,5-dihydroxy-3-(2-(1-naphthalenyl)diazenyl)-",C1=CC=C2C(=C1)C=CC=C2N=NC3=C(C4=C(C=C(C=C4C=C3S(=O)(=O)O)S(=O)(=O)O)O)O,1
Neohesperidin dihydrochalcone,C[C@H]1[C@@H]([C@H]([C@H]([C@@H](O1)O[C@@H]2[C@H]([C@@H]([C@H](O[C@H]2OC3=CC(=C(C(=C3)O)C(=O)CCC4=CC(=C(C=C4)OC)O)O)CO)O)O)O)O)O,1
Aniline,C1=CC=C(C=C1)N,1
"5-((4-chlorobenzyl)thio)-3-(trifluoromethyl)-1H-1,2,4-triazole",C1=CC(=CC=C1CSC2=NNC(=N2)C(F)(F)F)Cl,1
Linalool,CC(=CCCC(C)(C=C)O)C,1
"2-(3,4-Dichlorophenyl)-5-(1-naphthyl)-1,3,4-oxadiazole",C1=CC=C2C(=C1)C=CC=C2C3=NN=C(O3)C4=CC(=C(C=C4)Cl)Cl,1
Bretylium Tosylate,CC[N+](C)(C)CC1=CC=CC=C1Br.CC1=CC=C(C=C1)S(=O)(=O)[O-],1
"(2S)-1-[(Z)-[(2R,3R)-2,4-dimethyl-3-phenylmethoxypentylidene]amino]oxy-3-(furan-2-ylmethoxy)propan-2-ol",C[C@H](/C=N\OC[C@H](COCC1=CC=CO1)O)[C@@H](C(C)C)OCC2=CC=CC=C2,1
"[2-[(8R,9S,10S,11S,13S,14R,16R,17R)-9-chloro-11-hydroxy-10,13,16-trimethyl-3-oxo-17-propanoyloxy-6,7,8,11,12,14,15,16-octahydrocyclopenta[a]phenanthren-17-yl]-2-oxoethyl] propanoate",CCC(=O)OCC(=O)[C@]1([C@@H](C[C@H]2[C@@]1(C[C@@H]([C@@]3([C@@H]2CCC4=CC(=O)C=C[C@@]43C)Cl)O)C)C)OC(=O)CC,1
"2,3-Dibromopropionic acid",C(C(C(=O)O)Br)Br,1
Zoxazolamine,C1=CC2=C(C=C1Cl)N=C(O2)N,1
"[(2S,3R,4R,5R,6S)-6-[(Z)-[(3aS,5aS,8R,9S,9aS,9bS)-8,9-dihydroxy-1,3-dioxo-2-[[(2S)-oxolan-2-yl]methyl]-4,5,5a,7,8,9,9a,9b-octahydro-3aH-benzo[e]isoindol-6-ylidene]amino]oxy-3,4,5-triacetyloxyoxan-2-yl]methyl acetate",CC(=O)OC[C@H]1[C@H]([C@H]([C@H]([C@@H](O1)O/N=C\2/C[C@H]([C@H]([C@H]3[C@@H]2CC[C@H]4[C@H]3C(=O)N(C4=O)C[C@@H]5CCCO5)O)O)OC(=O)C)OC(=O)C)OC(=O)C,1
"[(3S,5S,8S,9R,10S,13R,14R,16R,17S)-17-acetyl-16-(aziridin-1-yl)-10,13-dimethyl-12-oxo-1,2,3,4,5,6,7,8,9,11,14,15,16,17-tetradecahydrocyclopenta[a]phenanthren-3-yl] acetate",CC(=O)[C@@H]1[C@@H](C[C@H]2[C@]1(C(=O)C[C@@H]3[C@@H]2CC[C@@H]4[C@@]3(CC[C@@H](C4)OC(=O)C)C)C)N5CC5,1
"1,2-Dibromo-4-(1,2-dibromoethyl)cyclohexane",C1CC(C(CC1C(CBr)Br)Br)Br,1
"N-(1-benzylpiperidin-4-yl)-2,8-dimethyl-9-propylpurin-6-amine",CCCN1C(=NC2=C(N=C(N=C21)C)NC3CCN(CC3)CC4=CC=CC=C4)C,1
2-(Ethylamino)-6-(4-fluorophenyl)-8-methylpteridin-7-one,CCNC1=NC=C2C(=N1)N(C(=O)C(=N2)C3=CC=C(C=C3)F)C,1
5-Hydroxymethyl-2-furoic acid,C1=C(OC(=C1)C(=O)O)CO,1
1-[(4-Methylphenyl)sulfanylmethyl]piperidine;4-nitrobenzoyl chloride,CC1=CC=C(C=C1)SCN2CCCCC2.C1=CC(=CC=C1C(=O)Cl)[N+](=O)[O-],1
Semicarbazide hydrochloride,C(=O)(N)NN.Cl,1
Calcium (3-methyloxiran-2-yl)phosphonate,CC1C(O1)P(=O)([O-])[O-].[Ca+2],1
2-Acetylpyrrole,CC(=O)C1=CC=CN1,1
"(2R)-2-[(3S,4R)-2-[(2S,4R,5S)-2-[(2S,3R,6S)-6-[(2S,9aR,11aR)-1,5',9a,11a-tetramethylspiro[3a,3b,4,5,5a,6,7,8,9,9b,10,11-dodecahydro-1H-naphtho[1,2-g][1]benzofuran-2,2'-piperidine]-7-yl]oxy-4,5-dihydroxy-2-(hydroxymethyl)oxan-3-yl]oxy-3,5-dihydroxy-6-(hydroxymethyl)oxan-4-yl]oxy-4,5-dihydroxyoxan-3-yl]oxy-6-(hydroxymethyl)oxane-3,4,5-triol",CC1CC[C@]2(C([C@]3(CCC4C(C3O2)CCC5[C@]4(CCC(C5)O[C@@H]6C(C([C@H]([C@@H](O6)CO)O[C@H]7C([C@@H]([C@H](C(O7)CO)O)OC8[C@H]([C@@H](C(CO8)O)O)O[C@@H]9C(C(C(C(O9)CO)O)O)O)O)O)O)C)C)C)NC1,1
"Benzenemethanol, 4-hydroxy-alpha-(1-((1-methyl-3-phenylpropyl)amino)ethyl)-, hydrochloride (1:1)",CC(CCC1=CC=CC=C1)NC(C)C(C2=CC=C(C=C2)O)O.Cl,1
"(4-Methoxyphenyl)-[9-(1,3-thiazol-2-ylmethyl)-3,9-diazaspiro[5.5]undecan-3-yl]methanone",COC1=CC=C(C=C1)C(=O)N2CCC3(CCN(CC3)CC4=NC=CS4)CC2,1
Styrene,C=CC1=CC=CC=C1,1
4-Aminoethylbenzenesulfonyl fluoride hydrochloride,C1=CC=C(C(=C1)CCN)S(=O)(=O)F.Cl,1
9-Glycineamido-20(S)-camptothecin.HCl,CC[C@@]1(C2=C(COC1=O)C(=O)N3CC4=CC5=C(C=CC=C5NC(=O)CN)N=C4C3=C2)O.Cl,1
"(3R,4R)-4-[4-[(1S)-1-[(E)-4-(2,3-dimethyl-6,7,8,9-tetrahydropyrido[3,2-b]azepin-5-yl)butan-2-ylideneamino]oxyethyl]triazol-1-yl]oxolan-3-ol",CC1=CC2=C(CCCCN2CC/C(=N/O[C@@H](C)C3=CN(N=N3)[C@@H]4COC[C@@H]4O)/C)N=C1C,1
"2-Methoxy-1-[9-[(2-methoxyphenyl)methyl]-3,9-diazaspiro[5.5]undecan-3-yl]ethanone",COCC(=O)N1CCC2(CCN(CC2)CC3=CC=CC=C3OC)CC1,1
"7-(furan-2-carbonyl)-N-phenyl-2,7-diazaspiro[3.5]nonane-2-carboxamide",C1CN(CCC12CN(C2)C(=O)NC3=CC=CC=C3)C(=O)C4=CC=CO4,1
"(4R,4aS,5aS,6S,12aS)-4-(dimethylamino)-1,6,10,11,12a-pentahydroxy-6-methyl-3,12-dioxo-4,4a,5,5a-tetrahydrotetracene-2-carboxamide",C[C@@]1([C@H]2C[C@H]3[C@H](C(=O)C(=C([C@@]3(C(=O)C2=C(C4=C1C=CC=C4O)O)O)O)C(=O)N)N(C)C)O,1
"(2S,3S,4R,4aS,10bS)-3,4,8,10-tetrahydroxy-2-(hydroxymethyl)-9-methoxy-3,4,4a,10b-tetrahydro-2H-pyrano[3,2-c]isochromen-6-one;hydrate",COC1=C(C=C2C(=C1O)[C@H]3[C@H]([C@@H]([C@@H]([C@@H](O3)CO)O)O)OC2=O)O.O,1
(Z)-2-benzyl-3-phenylprop-2-enoic acid,C1=CC=C(C=C1)C/C(=C/C2=CC=CC=C2)/C(=O)O,1
"14,28-Bis(3,4,5-trimethoxyphenyl)-1,12,15,26-tetrazaheptacyclo[15.11.0.03,15.05,13.06,11.019,27.020,25]octacosa-5(13),6,8,10,19(27),20,22,24-octaene-2,16-dione",COC1=CC(=CC(=C1OC)OC)C2C3=C(CC4N2C(=O)C5CC6=C(C(N5C4=O)C7=CC(=C(C(=C7)OC)OC)OC)NC8=CC=CC=C68)C9=CC=CC=C9N3,1
Eglu,CC[C@](CCC(=O)O)(C(=O)O)N,1
"(1S,2R,6R,11S,13S,14S)-4-benzyl-14-hydroxy-12-oxa-4-azatetracyclo[7.5.0.02,6.011,13]tetradec-8-ene-3,5,10-trione",C1C=C2[C@H]([C@@H]3[C@@H]1C(=O)N(C3=O)CC4=CC=CC=C4)[C@@H]([C@H]5[C@@H](C2=O)O5)O,1
"[(1R,13R,16S)-8-acetyloxy-11-formyl-5,7,14-trihydroxy-6,16,18-trimethoxy-13-(methoxymethyl)-11-azahexacyclo[7.7.2.12,5.01,10.03,8.013,17]nonadecan-4-yl] benzoate",CC(=O)OC12C3C(CC(C3OC(=O)C4=CC=CC=C4)(C(C1O)OC)O)[C@@]56[C@H](CC([C@@]7(C5C(C2C6N(C7)C=O)OC)COC)O)OC,1
"(2S,3S,11bR)-2-[[(1R)-6,7-dimethoxy-1,2,3,4-tetrahydroisoquinolin-1-yl]methyl]-3-ethyl-9,10-dimethoxy-2,3,4,6,7,11b-hexahydro-1H-benzo[a]quinolizine",CC[C@@H]1CN2CCC3=CC(=C(C=C3[C@H]2C[C@@H]1C[C@@H]4C5=CC(=C(C=C5CCN4)OC)OC)OC)OC,1
"5-(1,3-benzodioxol-5-yl)-N-(thiophen-2-ylmethyl)pyrimidin-4-amine",C1OC2=C(O1)C=C(C=C2)C3=CN=CN=C3NCC4=CC=CS4,1
"(3R,6S,7R,9aS)-6-(4-bromophenyl)-3,7-dimethyl-4,6,7,8,9,9a-hexahydro-3H-pyrido[2,1-c][1,4]oxazin-1-one",C[C@@H]1CC[C@H]2C(=O)O[C@@H](CN2[C@@H]1C3=CC=C(C=C3)Br)C,1
"2-[(Z)-[(1,3,7-trimethyl-2,6-dioxopurin-8-yl)hydrazinylidene]methyl]benzoic acid",CN1C2=C(N=C1N/N=C\C3=CC=CC=C3C(=O)O)N(C(=O)N(C2=O)C)C,1
8-Benzyl-6-(3-chlorophenyl)pteridin-7-one,C1=CC=C(C=C1)CN2C3=NC=NC=C3N=C(C2=O)C4=CC(=CC=C4)Cl,1
benzenesulfonic acid;10-[2-[(2R)-1-methylpiperidin-2-yl]ethyl]-2-methylsulfinylphenothiazine,CN1CCCC[C@@H]1CCN2C3=CC=CC=C3SC4=C2C=C(C=C4)S(=O)C.C1=CC=C(C=C1)S(=O)(=O)O,1
5-Amino-2-(2-ethoxyanilino)benzenesulfonic acid,CCOC1=CC=CC=C1NC2=C(C=C(C=C2)N)S(=O)(=O)O,1
"4-[[9-(3,5-Dimethyl-1,2-oxazole-4-carbonyl)-2,9-diazaspiro[5.5]undecan-2-yl]methyl]benzonitrile",CC1=C(C(=NO1)C)C(=O)N2CCC3(CCCN(C3)CC4=CC=C(C=C4)C#N)CC2,1
Cadin-4-en-10-ol,CC1=CC2C(CCC(C2CC1)(C)O)C(C)C,1
"(1S,2R,3R,4S,5R,6S)-5-bromo-6-(2,5-dioxopyrrolidin-1-yl)bicyclo[2.2.1]heptane-2,3-dicarboxylic acid",C1CC(=O)N(C1=O)[C@H]2[C@H]3C[C@H]([C@H]2Br)[C@@H]([C@@H]3C(=O)O)C(=O)O,1
Carvyl acetate,CC1=CCC(CC1OC(=O)C)C(=C)C,1
Isopropamide,CC(C)[N+](C)(CCC(C1=CC=CC=C1)(C2=CC=CC=C2)C(=O)N)C(C)C,1
Ethyl 2-methylacetoacetate,CCOC(=O)C(C)C(=O)C,1
N-Isopropylacrylamide,CC(C)NC(=O)C=C,1
Testosterone,C[C@]12CC[C@H]3[C@H]([C@@H]1CC[C@@H]2O)CCC4=CC(=O)CC[C@]34C,1
"8-Cyclopropyl-6-(3,5-difluorophenyl)-2-morpholin-4-ylpteridin-7-one",C1CC1N2C3=NC(=NC=C3N=C(C2=O)C4=CC(=CC(=C4)F)F)N5CCOCC5,1
"4-(2-(2,4-Dimethylphenyl)diazenyl)-3-hydroxy-2,7-naphthalenedisulfonic acid",CC1=CC(=C(C=C1)N=NC2=C3C=CC(=CC3=CC(=C2O)S(=O)(=O)O)S(=O)(=O)O)C,1
"(2R,5R)-2-benzyl-N-[[4-(dimethylamino)phenyl]methyl]-1,5-dimethyl-2H-pyrrole-5-carboxamide",C[C@@]1(C=C[C@H](N1C)CC2=CC=CC=C2)C(=O)NCC3=CC=C(C=C3)N(C)C,1
"5-bromo-2-hydroxy-N-(4-imidazo[1,2-a]pyridin-2-ylphenyl)benzamide",C1=CC2=NC(=CN2C=C1)C3=CC=C(C=C3)NC(=O)C4=C(C=CC(=C4)Br)O,1
Pharmakon1600-01500584,C1[C@H](C1N)C2=CC=CC=C2.OS(=O)(=O)O,1
"1-[4-[2-(hydroxymethyl)-3-(4-phenylphenoxy)-3,6-dihydro-2H-pyran-6-yl]phenyl]ethanone",CC(=O)C1=CC=C(C=C1)C2C=CC(C(O2)CO)OC3=CC=C(C=C3)C4=CC=CC=C4,1
8-Cyclopropyl-6-(4-fluorophenyl)-2-phenoxypteridin-7-one,C1CC1N2C3=NC(=NC=C3N=C(C2=O)C4=CC=C(C=C4)F)OC5=CC=CC=C5,1
Melatonin,CC(=O)NCCC1=CNC2=C1C=C(C=C2)OC,1
Benzoin acetate,CC(=O)OC(C1=CC=CC=C1)C(=O)C2=CC=CC=C2,1
"sodium (2R,5S,6S)-6-[[3-(2-chlorophenyl)-5-methyl-1,2-oxazole-4-carbonyl]amino]-3,3-dimethyl-7-oxo-4-thia-1-azabicyclo[3.2.0]heptane-2-carboxylate",CC1=C(C(=NO1)C2=CC=CC=C2Cl)C(=O)N[C@@H]3[C@H]4N(C3=O)[C@@H](C(S4)(C)C)C(=O)[O-].[Na+],1
"N,N-dimethyl-4-[4-(piperidin-4-ylamino)quinazolin-2-yl]benzamide",CN(C)C(=O)C1=CC=C(C=C1)C2=NC3=CC=CC=C3C(=N2)NC4CCNCC4,1
Arecaidine but-2-ynyl ester tosylate,CC#CCOC(=O)C1=CCCN(C1)C.CC1=CC=C(C=C1)S(=O)(=O)O,1
"(3aS,5S,6S,6aR)-5-[(4S)-2,2-dimethyl-1,3-dioxolan-4-yl]-2,2-dimethyl-3a,5,6,6a-tetrahydrofuro[2,3-d][1,3]dioxol-6-amine",CC1(OC[C@H](O1)[C@@H]2[C@@H]([C@@H]3[C@@H](O2)OC(O3)(C)C)N)C,1
"(S)-2-(1,3-Dioxoisoindolin-2-yl)-3-(1H-imidazol-4-yl)propanoicacid",C1=CC=C2C(=C1)C(=O)N(C2=O)[C@@H](CC3=CN=CN3)C(=O)O,1
[(2R)-1-(dimethylamino)-2-methylbutan-2-yl] benzoate,CC[C@](C)(CN(C)C)OC(=O)C1=CC=CC=C1,1
3-[2-(4-methylpiperazin-1-yl)-7-oxo-8-[[(2R)-oxolan-2-yl]methyl]pteridin-6-yl]benzonitrile,CN1CCN(CC1)C2=NC=C3C(=N2)N(C(=O)C(=N3)C4=CC=CC(=C4)C#N)C[C@H]5CCCO5,1
Stavudine,CC1=CN(C(=O)NC1=O)[C@H]2C=C[C@H](O2)CO,1
"(6S,7R)-3-(acetyloxymethyl)-7-amino-8-oxo-5-thia-1-azabicyclo[4.2.0]oct-2-ene-2-carboxylic acid",CC(=O)OCC1=C(N2[C@H]([C@@H](C2=O)N)SC1)C(=O)O,1
[(Z)-(4-methylsulfonylphenyl)methyleneamino]thiourea,CS(=O)(=O)C1=CC=C(C=C1)/C=N\NC(=S)N,1
4-Bromobiphenyl,C1=CC=C(C=C1)C2=CC=C(C=C2)Br,1
Suramin Sodium,CC1=C(C=C(C=C1)C(=O)NC2=C3C(=CC(=CC3=C(C=C2)S(=O)(=O)[O-])S(=O)(=O)[O-])S(=O)(=O)[O-])NC(=O)C4=CC(=CC=C4)NC(=O)NC5=CC=CC(=C5)C(=O)NC6=C(C=CC(=C6)C(=O)NC7=C8C(=CC(=CC8=C(C=C7)S(=O)(=O)[O-])S(=O)(=O)[O-])S(=O)(=O)[O-])C.[Na+].[Na+].[Na+].[Na+].[Na+].[Na+],1
2-(2-Methyl-2-nitropropoxy)bornane,C[C@]12CC[C@@H](C1(C)C)C[C@@H]2OCC(C)(C)[N+](=O)[O-],1
"(1S,2R)-2-morpholin-4-yl-1-phenyl-1-pyridin-2-ylpropan-1-ol",C[C@H]([C@@](C1=CC=CC=C1)(C2=CC=CC=N2)O)N3CCOCC3,1
"Benzoyl chloride, 3-nitro-",C1=CC(=CC(=C1)[N+](=O)[O-])C(=O)Cl,1
8-[(4-Fluorophenyl)methyl]-6-(4-methoxyphenyl)-2-(4-methylpiperazin-1-yl)pteridin-7-one,CN1CCN(CC1)C2=NC=C3C(=N2)N(C(=O)C(=N3)C4=CC=C(C=C4)OC)CC5=CC=C(C=C5)F,1
"5-(3-Bromophenyl)-7-(6-morpholin-4-yl-3-pyridinyl)pyrido[2,3-d]pyrimidin-4-amine;tetrahydrochloride",C1COCCN1C2=NC=C(C=C2)C3=NC4=NC=NC(=C4C(=C3)C5=CC(=CC=C5)Br)N.Cl.Cl.Cl.Cl,1
Tripelennamine Citrate,CN(C)CCN(CC1=CC=CC=C1)C2=CC=CC=N2.C(C(=O)O)C(CC(=O)O)(C(=O)O)O,1
(Trifluoromethyl)benzene,C1=CC=C(C=C1)C(F)(F)F,1
"2-Methoxy-1-[2-(4-phenylphenyl)-2,7-diazaspiro[3.5]nonan-7-yl]ethanone",COCC(=O)N1CCC2(CC1)CN(C2)C3=CC=C(C=C3)C4=CC=CC=C4,1
"(1aR,2R,7aS)-2-hydroxy-5-methyl-2,7a-dihydro-1aH-oxireno[2,3-g]isochromene-3,7-dione",CC1=CC2=C([C@H]([C@@H]3[C@@H](C2=O)O3)O)C(=O)O1,1
2-Methylimidazole,CC1=NC=CN1,1
"2-Methoxycinnamic acid, (Z)-",COC1=CC=CC=C1/C=C\C(=O)O,1
4-Methyl-2-nitroaniline,CC1=CC(=C(C=C1)N)[N+](=O)[O-],1
"14,28-Diphenyl-1,12,15,26-tetrazaheptacyclo[15.11.0.03,15.05,13.06,11.019,27.020,25]octacosa-5(13),6,8,10,19(27),20,22,24-octaene-2,16-dione",C1C2C(=O)N3C(CC4=C(C3C5=CC=CC=C5)NC6=CC=CC=C46)C(=O)N2C(C7=C1C8=CC=CC=C8N7)C9=CC=CC=C9,1
"methyl (2S)-2-[[(Z,5R,6S)-7-hydroxy-6-methoxy-5-methylhept-3-enoyl]amino]-4-methylsulfanylbutanoate",C[C@H](/C=C\CC(=O)N[C@@H](CCSC)C(=O)OC)[C@@H](CO)OC,1
"[2-[(1R,2S,4R,8S,9S,11R,12S,13R,19S)-12,19-difluoro-11-hydroxy-6,6,9,13-tetramethyl-16-oxo-5,7-dioxapentacyclo[10.8.0.02,9.04,8.013,18]icosa-14,17-dien-8-yl]-2-oxoethyl] acetate",CC(=O)OCC(=O)[C@@]12[C@@H](C[C@@H]3[C@@]1(C[C@H]([C@@]4([C@@H]3C[C@@H](C5=CC(=O)C=C[C@]54C)F)F)O)C)OC(O2)(C)C,1
3-Chloroaniline,C1=CC(=CC(=C1)Cl)N,1
8-Cyclopropyl-2-methoxypteridin-7-one,COC1=NC=C2C(=N1)N(C(=O)C=N2)C3CC3,1
"(1R,9R,10E,11R,13R,14S)-14-hydroxy-4-methyl-10-(2-methylpropoxyimino)-12-oxa-2,4,6-triazatetracyclo[7.5.0.02,6.011,13]tetradecane-3,5-dione",CC(C)CO/N=C/1\[C@@H]2CCN3C(=O)N(C(=O)N3[C@H]2[C@@H]([C@@H]4[C@@H]1O4)O)C,1
6-[2-[(dimethylamino)methyl]phenyl]-N-piperidin-4-ylquinazolin-4-amine,CN(C)CC1=CC=CC=C1C2=CC3=C(C=C2)N=CN=C3NC4CCNCC4,1
Dopamine Hydrochloride,C1=CC(=C(C=C1CCN)O)O.Cl,1
2-[(3R)-1-(carboxymethyl)-3-methylcyclohexyl]acetic acid,C[C@@H]1CCCC(C1)(CC(=O)O)CC(=O)O,1
1-Dodecyl glycidyl ether,CCCCCCCCCCCCOCC1CO1,1
Pimethixene Maleate,CN1CCC(=C2C3=CC=CC=C3SC4=CC=CC=C42)CC1.C(=C\C(=O)O)\C(=O)O,1
Azobenzene,C1=CC=C(C=C1)N=NC2=CC=CC=C2,1
"[(2R,3S,4S,5R,6S)-3,4,5-triacetyloxy-6-[(E)-4-(2,3-diethyl-7,8-dihydro-5H-1,6-naphthyridin-6-yl)butan-2-ylideneamino]oxyoxan-2-yl]methyl acetate",CCC1=C(N=C2CCN(CC2=C1)CC/C(=N/O[C@H]3[C@@H]([C@H]([C@H]([C@H](O3)COC(=O)C)OC(=O)C)OC(=O)C)OC(=O)C)/C)CC,1
(R)-dyphylline,CN1C2=C(C(=O)N(C1=O)C)N(C=N2)C[C@H](CO)O,1
Sodium Lauryl Sulfate,CCCCCCCCCCCCOS(=O)(=O)[O-].[Na+],1
gamma-Guanidinobutyric acid,C(CC(=O)O)CN=C(N)N,1
"4-[(2-Chlorophenyl)methylsulfanyl]-6,7-dimethylpyrido[2,3-d]pyrimidin-2-amine",CC1=CC2=C(N=C1C)N=C(N=C2SCC3=CC=CC=C3Cl)N,1
"sodium (2R,5S,6S)-6-[[(2R)-2-[[(4-ethyl-2,3-dioxo-1-piperazinyl)-oxomethyl]amino]-1-oxo-2-phenylethyl]amino]-3,3-dimethyl-7-oxo-4-thia-1-azabicyclo[3.2.0]heptane-2-carboxylate",CCN1CCN(C(=O)C1=O)C(=O)NC(C2=CC=CC=C2)C(=O)NC3C4N(C3=O)C(C(S4)(C)C)C(=O)[O-].[Na+],1
6-Mercaptopurine,C1=NC2=C(N1)C(=S)N=CN2,1
(1R)-2-hydroxy-1-phenylethanesulfonic acid;phenylmethanesulfonic acid,C1=CC=C(C=C1)CS(=O)(=O)O.C1=CC=C(C=C1)[C@H](CO)S(=O)(=O)O,1
"dimethyl (7S)-9-acetyl-1-ethyl-7-hydroxy-2-methyl-6-oxo-4-phenyl-4,8-dihydropyrido[1,2-a]pyrimidine-3,7-dicarboxylate",CCN1C(=C(C(N2C1=C(C[C@](C2=O)(C(=O)OC)O)C(=O)C)C3=CC=CC=C3)C(=O)OC)C,1
"Di(dibenzofuran-4-yl)-[5-[di(dibenzofuran-4-yl)-hydroxymethyl]-2,2-dimethyl-1,3-dioxolan-4-yl]methanol",CC1(OC(C(O1)C(C2=CC=CC3=C2OC4=CC=CC=C34)(C5=CC=CC6=C5OC7=CC=CC=C67)O)C(C8=CC=CC9=C8OC1=CC=CC=C91)(C1=CC=CC2=C1OC1=CC=CC=C21)O)C,1
"Pyrazin-2-yl-[2-(pyridin-4-ylmethyl)-2,7-diazaspiro[3.5]nonan-7-yl]methanone",C1CN(CCC12CN(C2)CC3=CC=NC=C3)C(=O)C4=NC=CN=C4,1
"[(7R,11R,12S,13S,14S,15S,16S,17S,18S)-2,15,17,27,29-pentahydroxy-11-methoxy-3,7,12,14,16,18,22-heptamethyl-26-[(4-methylpiperazin-1-yl)iminomethyl]-6,23-dioxo-8,30-dioxa-24-azatetracyclo[23.3.1.14,7.05,28]triaconta-1(29),2,4,9,19,21,25,27-octaen-13-yl] acetate",C[C@H]1C=CC=C(C(=O)NC2=C(C(=C3C(=C2O)C(=C(C4=C3C(=O)[C@@](O4)(OC=C[C@H]([C@@H]([C@H]([C@H]([C@H]([C@H]([C@H]1O)C)O)C)OC(=O)C)C)OC)C)C)O)O)C=NN5CCN(CC5)C)C,1
"(2S)-2-[(1,3-dioxoisoindol-2-yl)methyl]-1,1-dioxo-1,3-thiazolidine-2-carboxylic acid",C1CS(=O)(=O)[C@@](N1)(CN2C(=O)C3=CC=CC=C3C2=O)C(=O)O,1
"2,3,4-Trichloronitrobenzene",C1=CC(=C(C(=C1[N+](=O)[O-])Cl)Cl)Cl,1
"(2R,17S)-12-hydroxy-2,6,6,14,17-pentamethyl-10-oxatetracyclo[7.7.1.02,7.013,17]heptadeca-3,13-diene-5,11-dione",CC1=C2C(C(=O)OC3[C@]2(C(CC1)[C@]4(C=CC(=O)C(C4C3)(C)C)C)C)O,1
"Furan-2-yl-(2-pyrimidin-2-yl-2,7-diazaspiro[3.5]nonan-7-yl)methanone",C1CN(CCC12CN(C2)C3=NC=CC=N3)C(=O)C4=CC=CO4,1
"(3-Fluorophenyl)-[9-(3-phenylphenyl)-3,9-diazaspiro[5.5]undecan-3-yl]methanone",C1CN(CCC12CCN(CC2)C(=O)C3=CC(=CC=C3)F)C4=CC=CC(=C4)C5=CC=CC=C5,1
"1,2-Dichloropropane",CC(CCl)Cl,1
Tetrachloroethylene,C(=C(Cl)Cl)(Cl)Cl,1
"1,9-Caryolanediol 9-acetate",CC(=O)OC1CCC2(CC1(CCC3C2CC3(C)C)C)O,1
1H-Benzotriazole,C1=CC2=NNN=C2C=C1,1
(R)-4-Carboxyphenylglycine,C1=CC(=CC=C1[C@H](C(=O)O)N)C(=O)O,1
Tocris-1104,CNC(=O)[C@@H]1[C@H]([C@@H]([C@H](O1)N2C=NC3=C(N=C(N=C32)Cl)NCC4=CC(=CC=C4)I)O)O,1
3-(4-Anilinoquinazolin-2-yl)benzonitrile,C1=CC=C(C=C1)NC2=NC(=NC3=CC=CC=C32)C4=CC=CC(=C4)C#N,1
Serotonin,C1=CC2=C(C=C1O)C(=CN2)CCN,1
Trichloroethylene,C(=C(Cl)Cl)Cl,1
"(2S,3R,4S,5S)-2-(6-amino-8-phenylpurin-9-yl)-5-(hydroxymethyl)oxolane-3,4-diol",C1=CC=C(C=C1)C2=NC3=C(N=CN=C3N2[C@@H]4[C@@H]([C@@H]([C@@H](O4)CO)O)O)N,1
"4-amino-1-[(2S,5R)-5-(hydroxymethyl)tetrahydrofuran-2-yl]pyrimidin-2-one",C1C[C@H](O[C@H]1CO)N2C=CC(=NC2=O)N,1
"(3aR,5aS,8R,9S,9aR,9bS)-2-cyclohexyl-8,9-dihydroxy-4,5,5a,7,8,9,9a,9b-octahydro-3aH-benzo[e]isoindole-1,3,6-trione",C1CCC(CC1)N2C(=O)[C@@H]3CC[C@H]4[C@H]([C@@H]3C2=O)[C@@H]([C@@H](CC4=O)O)O,1
"N-(3-fluorophenyl)-2,7-diazaspiro[3.5]nonane-2-carboxamide",C1CNCCC12CN(C2)C(=O)NC3=CC(=CC=C3)F,1
"(3(R)-endo)-3-(3-Hydroxy-1-oxo-2-phenylpropoxy)-8,8-dimethyl-8-azoniabicyclo(3.2.1)octane",C[N+]1([C@@H]2CC[C@H]1CC(C2)OC(=O)[C@@H](CO)C3=CC=CC=C3)C,1
"(6R)-2-(hydroxymethyl)-6-[2-(hydroxymethyl)phenoxy]oxane-3,4,5-triol",C1=CC=C(C(=C1)CO)O[C@@H]2C(C(C(C(O2)CO)O)O)O,1
Pentanal,CCCCC=O,1
1-(2-Hydroxy-1-naphthyl)-2-(4-sulfophenyl)hydrazinesulfonic acid,C1=CC=C2C(=C1)C=CC(=C2N(NC3=CC=C(C=C3)S(=O)(=O)O)S(=O)(=O)O)O,1
"3,4-Pyrrolidinediol, 2-(hydroxymethyl)-, (2S,3S,4R)-",C1[C@H]([C@H]([C@@H](N1)CO)O)O,1
"3,3'-Dithiodipropionic acid",C(CSSCCC(=O)O)C(=O)O,1
2-Anilino-8-methyl-6-phenylpteridin-7-one,CN1C2=NC(=NC=C2N=C(C1=O)C3=CC=CC=C3)NC4=CC=CC=C4,1
6-(2-methylphenyl)-N-(2-morpholin-4-ylethyl)pyrimidin-4-amine,CC1=CC=CC=C1C2=CC(=NC=N2)NCCN3CCOCC3,1
Sodium 2-phenylbutyrate,CCC(C1=CC=CC=C1)C(=O)[O-].[Na+],1
Dicyclohexylamine,C1CCC(CC1)NC2CCCCC2,1
8-Cyclopropyl-2-(3-methoxyanilino)-6-phenylpteridin-7-one,COC1=CC=CC(=C1)NC2=NC=C3C(=N2)N(C(=O)C(=N3)C4=CC=CC=C4)C5CC5,1
2-(4-Methoxyanilino)-8-[(3-methoxyphenyl)methyl]-6-thiophen-2-ylpteridin-7-one,COC1=CC=C(C=C1)NC2=NC=C3C(=N2)N(C(=O)C(=N3)C4=CC=CS4)CC5=CC(=CC=C5)OC,1
"3,4-Dichlorophenyltrichloromethane",C1=CC(=C(C=C1C(Cl)(Cl)Cl)Cl)Cl,1
4-(1-hydroxy-2-methylpropan-2-yl)-N-phenylpiperazine-1-carbothioamide,CC(C)(CO)N1CCN(CC1)C(=S)NC2=CC=CC=C2,1
"(2R,4S)-N-[(1S,2S)-2-chloro-1-[(2R,3S,4S,5S,6S)-3,4,5-trihydroxy-6-methylsulfanyloxan-2-yl]propyl]-1-methyl-4-propylpyrrolidine-2-carboxamide",CCC[C@H]1C[C@@H](N(C1)C)C(=O)N[C@@H]([C@@H]2[C@H]([C@@H]([C@@H]([C@@H](O2)SC)O)O)O)[C@H](C)Cl,1
1-Bromo-2-Chloroethane,C(CBr)Cl,1
"6-(3,5-Difluorophenyl)-2-(ethylamino)-8-methylpteridin-7-one",CCNC1=NC=C2C(=N1)N(C(=O)C(=N2)C3=CC(=CC(=C3)F)F)C,1
6-Methylaminopurine arabinoside,CNC1=C2C(=NC=N1)N(C=N2)[C@H]3[C@H]([C@@H]([C@H](O3)CO)O)O,1
Luminol,C1=CC2=C(C(=C1)N)C(=O)NNC2=O,1
Gabaculine,C1[C@@H](C=CC=C1C(=O)O)N,1
"1-[6-(3,5-Dimethyl-1,2-oxazol-4-yl)quinazolin-4-yl]piperidine-4-carboxylic acid",CC1=C(C(=NO1)C)C2=CC3=C(C=C2)N=CN=C3N4CCC(CC4)C(=O)O,1
Dihydroxidine,C1CC2=CC(=C(C=C2[C@@H]3[C@H]1NCC4=CC=CC=C34)O)O,1
"(4aS,6aR,6bS,12aR)-10-hydroxy-2,2,6a,6b,9,9,12a-heptamethyl-1,3,4,5,6,6a,7,8,8a,10,11,12,13,14b-tetradecahydropicene-4a-carboxylic acid",C[C@]12CCC(C(C1CC[C@]3(C2CC=C4[C@@]3(CC[C@@]5(C4CC(CC5)(C)C)C(=O)O)C)C)(C)C)O,1
"9-(2-methoxyacetyl)-N-phenyl-2,9-diazaspiro[5.5]undecane-2-carboxamide",COCC(=O)N1CCC2(CCCN(C2)C(=O)NC3=CC=CC=C3)CC1,1
L-(+)-Canavanine sulfate salt monohydrate,C(CON=C(N)N)[C@@H](C(=O)O)N.O.OS(=O)(=O)O,1
Chlorodiphenylacetic acid,C1=CC=C(C=C1)C(C2=CC=CC=C2)(C(=O)O)Cl,1
"(3,5-Dimethyl-1,2-oxazol-4-yl)-[2-(2-methylpropyl)-2,9-diazaspiro[5.5]undecan-9-yl]methanone",CC1=C(C(=NO1)C)C(=O)N2CCC3(CCCN(C3)CC(C)C)CC2,1
Methyl 2-acetyl-3-oxo-5-phenyl-4-(phenylmethoxycarbonylamino)pentanoate,CC(=O)C(C(=O)C(CC1=CC=CC=C1)NC(=O)OCC2=CC=CC=C2)C(=O)OC,1
"(3aS,5aR,6Z,8R,9S,9aS,9bS)-2-benzyl-8,9-dihydroxy-6-phenylmethoxyimino-4,5,5a,7,8,9,9a,9b-octahydro-3aH-benzo[e]isoindole-1,3-dione",C1C[C@H]2[C@H]([C@@H]3[C@@H]1/C(=N\OCC4=CC=CC=C4)/C[C@H]([C@H]3O)O)C(=O)N(C2=O)CC5=CC=CC=C5,1
"N,N'''-1,10-Decanediylbis(guanidine)",C(CCCCCN=C(N)N)CCCCN=C(N)N,1
methyl (E)-6-(2-bromophenyl)-6-methoxy-5-methylhex-3-enoate,CC(/C=C/CC(=O)OC)C(C1=CC=CC=C1Br)OC,1
2-[(3-Methoxyphenyl)methylsulfanyl]acetic acid,COC1=CC=CC(=C1)CSCC(=O)O,1
"1,1'-(2-Butyne-1,4-diyl)bis(pyrrolidine)",C1CCN(C1)CC#CCN2CCCC2,1
Nimesulide,CS(=O)(=O)NC1=C(C=C(C=C1)[N+](=O)[O-])OC2=CC=CC=C2,1
Aminoquinuride,CC1=CC(=C2C=C(C=CC2=N1)NC(=O)NC3=CC4=C(C=C(N=C4C=C3)C)N)N,1
3-[8-[(3-Methoxyphenyl)methyl]-2-morpholin-4-yl-7-oxopteridin-6-yl]benzonitrile,COC1=CC=CC(=C1)CN2C3=NC(=NC=C3N=C(C2=O)C4=CC=CC(=C4)C#N)N5CCOCC5,1
2-[2-[Bis(carboxymethyl)amino]ethyl-(carboxymethyl)amino]acetic acid;copper,C(CN(CC(=O)O)CC(=O)O)N(CC(=O)O)CC(=O)O.[Cu],1
"(2R,5R)-5-benzyl-1-methoxycarbonyl-2-methyl-2H-pyrrole-5-carboxylic acid",C[C@@H]1C=C[C@](N1C(=O)OC)(CC2=CC=CC=C2)C(=O)O,1
2-(Dibutylamino)ethanol,CCCCN(CCCC)CCO,1
2-Methoxy-8-(4-methoxyphenyl)pteridin-7-one,COC1=CC=C(C=C1)N2C(=O)C=NC3=CN=C(N=C32)OC,1
3-[2-anilino-7-oxo-8-[[(2R)-oxolan-2-yl]methyl]pteridin-6-yl]benzonitrile,C1C[C@@H](OC1)CN2C3=NC(=NC=C3N=C(C2=O)C4=CC=CC(=C4)C#N)NC5=CC=CC=C5,1
Methyl 2-[(4-fluorophenyl)-(methoxycarbonylamino)methyl]-3-oxobutanoate,CC(=O)C(C(C1=CC=C(C=C1)F)NC(=O)OC)C(=O)OC,1
"(3S)-3-amino-6-(hydroxymethyl)oxane-2,4,5-triol;hydrochloride",C(C1C(C([C@@H](C(O1)O)N)O)O)O.Cl,1
Trioctyl trimellitate,CCCCC(CC)COC(=O)C1=CC(=C(C=C1)C(=O)OCC(CC)CCCC)C(=O)OCC(CC)CCCC,1
3-Aminopropylisothiuronium,C(CN)CSC(=N)N,1
3-[2-(3-Chlorophenoxy)-8-(2-cyanoethyl)-7-oxopteridin-6-yl]benzonitrile,C1=CC(=CC(=C1)C2=NC3=CN=C(N=C3N(C2=O)CCC#N)OC4=CC(=CC=C4)Cl)C#N,1
4-oxo-4-(1H-pyrrol-2-yl)butanoic acid,C1=CNC(=C1)C(=O)CCC(=O)O,1
"3-(azidomethyl)-6-(4-bromophenyl)-7-methyl-4,6,7,8,9,9a-hexahydro-3H-pyrido[2,1-c][1,4]oxazin-1-one",CC1CCC2C(=O)OC(CN2C1C3=CC=C(C=C3)Br)CN=[N+]=[N-],1
"[(1S,2R,3R,4S)-1,3,5,5-tetramethoxy-2,4-dimethylpentyl]benzene",C[C@@H]([C@@H](C1=CC=CC=C1)OC)[C@H]([C@H](C)C(OC)OC)OC,1
1-Naphthaleneacetic Acid,C1=CC=C2C(=C1)C=CC=C2CC(=O)O,1
"(5R)-9-(1-methylpyrrole-2-carbonyl)-N-propan-2-yl-2,9-diazaspiro[4.5]decane-2-carboxamide",CC(C)NC(=O)N1CC[C@]2(C1)CCCN(C2)C(=O)C3=CC=CN3C,1
Amprolium Hydrochloride,CCCC1=NC=C(C(=N1)N)C[N+]2=CC=CC=C2C.Cl.[Cl-],1
Spectinomycin,C[C@@H]1CC(=O)[C@]2([C@@H](O1)O[C@@H]3[C@H]([C@@H]([C@@H]([C@@H]([C@H]3O2)NC)O)NC)O)O,1
"2-Cyclohexen-1-one, 2-[(S)-cyclohexylhydroxymethyl]-",C1CCC(CC1)[C@@H](C2=CCCCC2=O)O,1
Chloroacetoxyquinoline,CC(=O)OC1=C2C(=C(C=C1)Cl)C=CC=N2,1
"1-[(8S,9S,10R,13R,14R,17R)-17-hydroxy-6,13-dimethyl-3-oxo-1,2,8,9,10,11,12,14,15,16-decahydrocyclopenta[a]phenanthren-17-yl]butane-1,3-dione",CC1=C[C@@H]2[C@H](CC[C@@]3([C@@H]2CC[C@@]3(C(=O)CC(=O)C)O)C)[C@@H]4C1=CC(=O)CC4,1
2-(ethylamino)-6-methyl-8-[[(2R)-oxolan-2-yl]methyl]pteridin-7-one,CCNC1=NC=C2C(=N1)N(C(=O)C(=N2)C)C[C@H]3CCCO3,1
"(2R,5R)-1-acetyl-2-benzyl-N,5-dimethyl-2H-pyrrole-5-carboxamide",CC(=O)N1[C@@H](C=C[C@]1(C)C(=O)NC)CC2=CC=CC=C2,1
"N-(4-methoxyphenyl)-7-(1-methylpyrrole-2-carbonyl)-2,7-diazaspiro[3.5]nonane-2-carboxamide",CN1C=CC=C1C(=O)N2CCC3(CC2)CN(C3)C(=O)NC4=CC=C(C=C4)OC,1
"Genistein, 8-methyl",CC1=C2C(=C(C=C1O)O)C(=O)C(=CO2)C3=CC=C(C=C3)O,1
"(1S,9S,13S)-1,13-diethyl-10-methyl-10-azatricyclo[7.3.1.02,7]trideca-2(7),3,5-trien-4-ol;(2S)-2-hydroxy-2-phenylacetic acid",CC[C@@H]1[C@@H]2CC3=C([C@]1(CCN2C)CC)C=C(C=C3)O.C1=CC=C(C=C1)[C@@H](C(=O)O)O,1
"N-(4-(((2,4-Diamino-6-pteridinyl)methyl)amino)benzoyl)glutamic acid",C1=CC(=CC=C1C(=O)NC(CCC(=O)O)C(=O)O)NCC2=CN=C3C(=N2)C(=NC(=N3)N)N,1
8-Methyl-6-(2-phenylethyl)-2-phenylmethoxypteridin-7-one,CN1C2=NC(=NC=C2N=C(C1=O)CCC3=CC=CC=C3)OCC4=CC=CC=C4,1
2-(Dimethylamino)-8-(2-phenylethyl)pteridin-7-one,CN(C)C1=NC=C2C(=N1)N(C(=O)C=N2)CCC3=CC=CC=C3,1
"methyl 3-[(2S,5R)-6-(6-chloro-3-pyridinyl)-2-phenyl-3-[(4-phenylphenyl)methyl]-3-azatricyclo[5.1.1.01,5]nonan-7-yl]benzoate",COC(=O)C1=CC(=CC=C1)C23CC4(C2)[C@@H](C3C5=CN=C(C=C5)Cl)CN([C@@H]4C6=CC=CC=C6)CC7=CC=C(C=C7)C8=CC=CC=C8,1
(r)-2-(Hydroxy(4-nitrophenyl)methyl)cyclohex-2-enone,C1CC=C(C(=O)C1)[C@@H](C2=CC=C(C=C2)[N+](=O)[O-])O,1
Dimethylcarbamoyl Chloride,CN(C)C(=O)Cl,1
"2,4-Dichlorobenzoic Acid",C1=CC(=C(C=C1Cl)Cl)C(=O)O,1
3-[6-(4-Chlorophenyl)-7-oxo-2-phenoxypteridin-8-yl]propanenitrile,C1=CC=C(C=C1)OC2=NC=C3C(=N2)N(C(=O)C(=N3)C4=CC=C(C=C4)Cl)CCC#N,1
"methyl N-[(E)-(1,4-dioxoquinoxaline-1,4-diium-2-yl)methylideneamino]carbamate",COC(=O)N/N=C/C1=C[N+](=O)C2=CC=CC=C2[N+]1=O,1
"(1R,5S,9Z,11R,12S,15S,16R,20S,24Z,26R,27S,30S)-15,30-dihydroxy-5,11,20,26-tetramethyl-3,18,31,32-tetraoxa-6,21-diazatricyclo[25.3.1.112,16]dotriaconta-9,13,24,28-tetraene-4,7,19,22-tetrone",C[C@H]/1[C@H]2O[C@@H]([C@H](C=C2)O)COC(=O)[C@@H](NC(=O)C/C=C\[C@H]([C@H]3O[C@@H]([C@H](C=C3)O)COC(=O)[C@@H](NC(=O)C/C=C1)C)C)C,1
"2-Norbornene, 5-ethylidene-",C/C=C/1\CC2CC1C=C2,1
"methyl 2-[[(2R,5R)-1-benzoyl-5-benzyl-2-methyl-2H-pyrrole-5-carbonyl]amino]acetate",C[C@@H]1C=C[C@](N1C(=O)C2=CC=CC=C2)(CC3=CC=CC=C3)C(=O)NCC(=O)OC,1
"3-[(3S,5S,8R,9S,10R,13S,14S,16R,17R)-3,14,16-trihydroxy-10,13-dimethyl-1,2,3,4,5,6,7,8,9,11,12,15,16,17-tetradecahydrocyclopenta[a]phenanthren-17-yl]-2H-furan-5-one",C[C@@]12CC[C@@H](C[C@@H]1CC[C@@H]3[C@@H]2CC[C@@]4([C@@]3(C[C@H]([C@@H]4C5=CC(=O)OC5)O)O)C)O,1
"[2-[4-Azanyl-1,3-dimethyl-2,6-bis(oxidanylidene)pyrimidin-5-yl]-2-oxidanylidene-ethyl] 2-(trifluoromethyl)quinoline-4-carboxylate",CN1C(=C(C(=O)N(C1=O)C)C(=O)COC(=O)C2=CC(=NC3=CC=CC=C32)C(F)(F)F)N,1
"7,2'-Dihydroxyflavone",C1=CC=C(C(=C1)C2=CC(=O)C3=C(O2)C=C(C=C3)O)O,1
Sodium 5-(3-pyridinylmethyl)-2-benzofurancarboxylate,C1=CC(=CN=C1)CC2=CC3=C(C=C2)OC(=C3)C(=O)[O-].[Na+],1
"Ketoprofen, (R)-",C[C@H](C1=CC(=CC=C1)C(=O)C2=CC=CC=C2)C(=O)O,1
N-benzyl-6-(2-methoxyphenyl)pyrimidin-4-amine,COC1=CC=CC=C1C2=CC(=NC=N2)NCC3=CC=CC=C3,1
"4-methyl-N-[(3S,7Z,9R,10R,15Z,17R,18S)-3,9,17-trimethyl-18-[(4-methylphenyl)sulfonylamino]-2,5,13-trioxo-1,12-dioxa-4-azacyclononadeca-7,15-dien-10-yl]benzenesulfonamide",C[C@@H]1/C=C\CC(=O)N[C@H](C(=O)OC[C@H]([C@@H](/C=C\CC(=O)OC[C@@H]1NS(=O)(=O)C2=CC=C(C=C2)C)C)NS(=O)(=O)C3=CC=C(C=C3)C)C,1
2-(4-(2-(((2R)-2-hydroxy-3-phenoxypropyl)amino)ethoxy)phenoxy)acetic acid,C1=CC=C(C=C1)OC[C@@H](CNCCOC2=CC=C(C=C2)OCC(=O)O)O,1
"N,N-dimethyl-N'-(2-pyridinyl)sulfamide",CN(C)S(=O)(=O)NC1=CC=CC=N1,1
(-)-Caryophyllene,C/C/1=C\CCC(=C)[C@H]2CC([C@@H]2CC1)(C)C,1
Enalapril,CCOC(=O)[C@H](CCC1=CC=CC=C1)N[C@@H](C)C(=O)N2CCC[C@H]2C(=O)O,1
Methyl Coclaurine,CN1CCC2=CC(=C(C=C2C1CC3=CC=C(C=C3)O)O)OC,1
"1-(2-Benzyl-2,9-diazaspiro[5.5]undecan-9-yl)ethanone",CC(=O)N1CCC2(CCCN(C2)CC3=CC=CC=C3)CC1,1
Guanethidine Monosulfate,C1CCCN(CCC1)CCN=C(N)N.OS(=O)(=O)O,1
OXA-22 iodide,C[C@@H]1O[C@@H](CS1)C[N+](C)(C)C,1
Venlafaxine,CN(C)CC(C1=CC=C(C=C1)OC)C2(CCCCC2)O,1
Chromium(III) acetate,CC(=O)[O-].CC(=O)[O-].CC(=O)[O-].[Cr+3],1
Fenaminosulf,CN(C)C1=CC=C(C=C1)N=NS(=O)(=O)[O-].[Na+],1
Methazolamide,CC(=O)N=C1N(N=C(S1)S(=O)(=O)N)C,1
"[(1S,2S,4S,6R,7S,11R,12S,13S,16S,18R,19S,22S)-7-hydroxy-11,22-dimethyl-3,15-dioxo-5,10,17,21-tetraoxaheptacyclo[11.7.2.02,8.02,12.04,6.014,20.016,18]docosa-8,14(20)-dien-19-yl] acetate",C[C@H]1[C@H]2[C@@H]3[C@H](OC=C4[C@@]3([C@@H](O1)C5=C2C(=O)[C@@H]6[C@@H]([C@H]5OC(=O)C)O6)C(=O)[C@@H]7[C@@H]([C@H]4O)O7)C,1
"(2S)-1-(2,2-dimethyl-3-sulfanylpropanoyl)pyrrolidine-2-carboxylic acid",CC(C)(CS)C(=O)N1CCC[C@H]1C(=O)O,1
"7-Chloro-4-hydroxy-2-phenyl-1,8-naphthyridine",C1=CC=C(C=C1)C2=CC(=O)C3=C(N2)N=C(C=C3)Cl,1
(2R)-2-(9H-fluoren-9-yl)butanedioic acid,C1=CC=C2C(=C1)C(C3=CC=CC=C32)[C@@H](CC(=O)O)C(=O)O,1
"4-[(2S,5R)-2-phenyl-6-[4-(trifluoromethyl)phenyl]-3-[[4-(trifluoromethyl)phenyl]methyl]-3-azatricyclo[5.1.1.01,5]nonan-7-yl]benzonitrile",C1[C@@H]2C(C3(CC2(C3)[C@H](N1CC4=CC=C(C=C4)C(F)(F)F)C5=CC=CC=C5)C6=CC=C(C=C6)C#N)C7=CC=C(C=C7)C(F)(F)F,1
"N-(3-cyanophenyl)-9-(2-methoxyacetyl)-3,9-diazaspiro[5.5]undecane-3-carboxamide",COCC(=O)N1CCC2(CC1)CCN(CC2)C(=O)NC3=CC=CC(=C3)C#N,1
Tocris-1064,CC[C@@H](CO)NC(=O)[C@@H]1CN([C@@H]2CC3=CN(C4=CC=CC(=C34)C2=C1)C)C,1
"2-((3-((2S)-2-amino-2-carboxyethyl)-2,6-dioxo-1,2,3,6-tetrahydropyrimidin-1-yl)methyl)benzoic acid",C1=CC=C(C(=C1)CN2C(=O)C=CN(C2=O)C[C@@H](C(=O)O)N)C(=O)O,1
"(3S,5S,8S,9R,10R,13S,14R,17S)-10,13-dimethyl-17-[(2R)-6-methylheptan-2-yl]-2,3,4,5,6,7,8,9,11,12,14,15,16,17-tetradecahydro-1H-cyclopenta[a]phenanthren-3-amine",C[C@H](CCCC(C)C)[C@@H]1CC[C@H]2[C@]1(CC[C@@H]3[C@@H]2CC[C@@H]4[C@]3(CC[C@@H](C4)N)C)C,1
Carbofuran,CC1(CC2=C(O1)C(=CC=C2)OC(=O)NC)C,1
3-[2-(dimethylamino)-7-oxo-8-[[(2R)-oxolan-2-yl]methyl]pteridin-6-yl]benzonitrile,CN(C)C1=NC=C2C(=N1)N(C(=O)C(=N2)C3=CC=CC(=C3)C#N)C[C@H]4CCCO4,1
(2S)-1-(2-chloro-6-methylanilino)-3-(4-methylpiperazin-1-yl)propan-2-ol,CC1=C(C(=CC=C1)Cl)NC[C@@H](CN2CCN(CC2)C)O,1
Hexadecanoic Acid Isopropylamide,CCCCCCCCCCCCCCCC(=O)NC(C)C,1
Lopac-E-9750,C[C@]12CC[C@@H]3[C@@H]([C@@H]1CCC2=O)CCC4=C3C=CC(=C4)O,1
3-(Hydroxyimino)butan-2-one,C/C(=N/O)/C(=O)C,1
"3-[(1R,3S,5R,8S,9S,10S,11R,13R,14S,17R)-1,5,11,14-tetrahydroxy-10-(hydroxymethyl)-13-methyl-3-[(2R,3S,4R,5R,6S)-3,4,5-trihydroxy-6-methyloxan-2-yl]oxy-2,3,4,6,7,8,9,11,12,15,16,17-dodecahydro-1H-cyclopenta[a]phenanthren-17-yl]-2H-furan-5-one",C[C@H]1[C@@H]([C@H]([C@@H]([C@@H](O1)O[C@H]2C[C@H]([C@]3([C@@H]4[C@H](CC[C@]3(C2)O)[C@]5(CC[C@@H]([C@]5(C[C@H]4O)C)C6=CC(=O)OC6)O)CO)O)O)O)O,1
"3-Hydrazino-4H-1,2,4-triazol-4-amine",C1=NN=C(N1N)NN,1
Tocris-0653,C1CC[C@@H]([C@@H](C1)N2CCC(CC2)C3=CC=CC=C3)O,1
"2-[(2-Methoxyphenyl)methyl]-7-methylsulfonyl-2,7-diazaspiro[3.5]nonane",COC1=CC=CC=C1CN2CC3(C2)CCN(CC3)S(=O)(=O)C,1
N-[(2-methoxyphenyl)methyl]-6-[2-(trifluoromethyl)phenyl]pyrimidin-4-amine,COC1=CC=CC=C1CNC2=NC=NC(=C2)C3=CC=CC=C3C(F)(F)F,1
Fluorosulfuric acid,OS(=O)(=O)F,1
(3R)-3-(diaminomethylideneamino)-3-phenylpropanoic acid,C1=CC=C(C=C1)[C@@H](CC(=O)O)N=C(N)N,1
Deracoxib,COC1=C(C=C(C=C1)C2=CC(=NN2C3=CC=C(C=C3)S(=O)(=O)N)C(F)F)F,1
"2-((1,2-Bis(2-chlorophenyl)hydrazino)methyl)pyridine",C1=CC=C(C(=C1)NN(CC2=CC=CC=N2)C3=CC=CC=C3Cl)Cl,1
"7-[(3R)-3-[(2S,4S)-3,4-dihydroxy-4-(hydroxymethyl)oxolan-2-yl]oxy-4,5-dihydroxy-6-(hydroxymethyl)oxan-2-yl]oxy-5-hydroxy-2-(4-hydroxyphenyl)chromen-4-one",C1[C@](C([C@@H](O1)O[C@@H]2C(C(C(OC2OC3=CC(=C4C(=C3)OC(=CC4=O)C5=CC=C(C=C5)O)O)CO)O)O)O)(CO)O,1
3-[6-(1-Methylindol-3-yl)-7-oxo-2-phenylmethoxypteridin-8-yl]propanenitrile,CN1C=C(C2=CC=CC=C21)C3=NC4=CN=C(N=C4N(C3=O)CCC#N)OCC5=CC=CC=C5,1
(1S)-2-amino-1-phenylpropan-1-ol;hydrochloride,CC([C@H](C1=CC=CC=C1)O)N.Cl,1
"Benzo(g)(2)benzopyrano(4,3-b)indol-5(13H)-one, 13-(3-(dimethylamino)propyl)-, monohydrochloride",CN(C)CCCN1C2=C(C=CC3=CC=CC=C32)C4=C1C5=CC=CC=C5C(=O)O4.Cl,1
Methantheline,CC[N+](C)(CC)CCOC(=O)C1C2=CC=CC=C2OC3=CC=CC=C13,1
"2,3-Dinitrotoluene",CC1=C(C(=CC=C1)[N+](=O)[O-])[N+](=O)[O-],1
Benomyl,CCCCNC(=O)N1C2=CC=CC=C2N=C1NC(=O)OC,1
Alachlor,CCC1=C(C(=CC=C1)CC)N(COC)C(=O)CCl,1
"2,4,5-T-isobutyl",CC(C)COC(=O)COC1=CC(=C(C=C1Cl)Cl)Cl,1
4-(2-Amino-6-cyclopropyl-5-methyl-pyrimidin-4-yl)-6-cyclopropyl-5-methyl-pyrimidin-2-amine,CC1=C(N=C(N=C1C2CC2)N)C3=C(C(=NC(=N3)N)C4CC4)C,1
Nicorandil,C1=CC(=CN=C1)C(=O)NCCO[N+](=O)[O-],1
Lopac-M-2922,CC1=NN=C2N1N=CC(=C2)C3=CC=C(C=C3)C(F)(F)F,1
"(5R)-9-acetyl-N-(4-methoxyphenyl)-2,9-diazaspiro[4.5]decane-2-carboxamide",CC(=O)N1CCC[C@]2(C1)CCN(C2)C(=O)NC3=CC=C(C=C3)OC,1
Arcaine,C(CCN=C(N)N)CN=C(N)N,1
"(1R,3R,6R,7S,10R,11R,12S,13S,16S,17R)-8-tert-butyl-6,12,17-trihydroxy-16-methyl-2,4,14,19-tetraoxahexacyclo[8.7.2.01,11.03,7.07,11.013,17]nonadecane-5,15,18-trione",C[C@@H]1C(=O)O[C@@H]2[C@]1([C@@]34C(=O)O[C@H]5[C@]3([C@@H]2O)[C@]6([C@H](C(=O)O[C@H]6O4)O)C(C5)C(C)(C)C)O,1
"methyl (2S,3aS,4R,5R,6R,7aR)-3a,4,5,6-tetrahydroxy-1-[(E)-3-phenylprop-2-enyl]-3,4,5,6,7,7a-hexahydro-2H-indole-2-carboxylate",COC(=O)[C@@H]1C[C@@]2([C@H](N1C/C=C/C3=CC=CC=C3)C[C@H]([C@H]([C@H]2O)O)O)O,1
Zeatin,C/C(=C\CNC1=NC=NC2=C1NC=N2)/CO,1
(R)-preclamol,CCCN1CCC[C@@H](C1)C2=CC(=CC=C2)O,1
"Tert-butyl 8-oxo-1-oxa-2-azaspiro[4.5]deca-2,6,9-triene-3-carboxylate",CC(C)(C)OC(=O)C1=NOC2(C1)C=CC(=O)C=C2,1
"(2S)-1-(6,7-dimethyl-3,4-dihydro-2H-1,5-naphthyridin-1-yl)-3-[6-(4-methoxyphenyl)-3,4-dihydro-2H-1,5-naphthyridin-1-yl]propan-2-ol",CC1=CC2=C(CCCN2C[C@H](CN3CCCC4=C3C=CC(=N4)C5=CC=C(C=C5)OC)O)N=C1C,1
"6-Epi pravastatin, sodium salt",CCC(C)C(=O)OC1CC(C=C2C1C(C(C=C2)C)CCC(CC(CC(=O)[O-])O)O)O.[Na+],1
Ethyl Methanesulfonate,CCOS(=O)(=O)C,1
2-methyl-N-[(2R)-1-[(Z)-3-phenylprop-2-enoyl]pyrrolidin-2-yl]propanamide,CC(C)C(=O)N[C@H]1CCCN1C(=O)/C=C\C2=CC=CC=C2,1
Ethyl atrarate,CCOC(=O)C1=C(C(=C(C=C1C)O)C)O,1
(1-Acetyloxy-2-carboxyethyl)-trimethylazanium chloride,CC(=O)OC(CC(=O)O)[N+](C)(C)C.[Cl-],1
8-Benzyltheophylline-7-acetic acid,CN1C2=C(C(=O)N(C1=O)C)N(C(=N2)CC3=CC=CC=C3)CC(=O)O,1
ethyl (1S)-1-[furan-2-yl-(methoxycarbonylamino)methyl]-2-oxocyclopentane-1-carboxylate,CCOC(=O)[C@@]1(CCCC1=O)C(C2=CC=CO2)NC(=O)OC,1
[4-(2-Hydroxyethylsulfamoyl)phenyl]stibonic acid,C1=CC(=CC=C1S(=O)(=O)NCCO)[Sb](=O)(O)O,1
"N-(2,8-dimethyl-9-propylpurin-6-yl)-N',N'-dimethylbutane-1,4-diamine",CCCN1C(=NC2=C(N=C(N=C21)C)NCCCCN(C)C)C,1
"(2S)-2,3-dihydroxy-2-[(4-hydroxyphenyl)methyl]butanedioic acid",C1=CC(=CC=C1C[C@](C(C(=O)O)O)(C(=O)O)O)O,1
tert-Butyl methyl ether,CC(C)(C)OC,1
Ethyl Acrylate,CCOC(=O)C=C,1
"trans-(1S,2S)-2-[(S)-(diphenylphosphorylamino)-phenylmethyl]cyclopropane-1-carboxylic acid",C1[C@@H]([C@H]1C(=O)O)[C@@H](C2=CC=CC=C2)NP(=O)(C3=CC=CC=C3)C4=CC=CC=C4,1
"8-Cyclopropyl-6-(3,5-difluorophenyl)-2-(ethylamino)pteridin-7-one",CCNC1=NC=C2C(=N1)N(C(=O)C(=N2)C3=CC(=CC(=C3)F)F)C4CC4,1
Nifenazone,CC1=C(C(=O)N(N1C)C2=CC=CC=C2)NC(=O)C3=CN=CC=C3,1
Arecoline,CN1CCC=C(C1)C(=O)OC,1
Phenformin,C1=CC=C(C=C1)CCN=C(N)N=C(N)N,1
"2,3,5-Trichlorophenol",C1=C(C=C(C(=C1O)Cl)Cl)Cl,1
1-benzoyl-5-(2-methylpropyl)-2H-pyrrole-5-carboxylic acid,CC(C)CC1(C=CCN1C(=O)C2=CC=CC=C2)C(=O)O,1
Lumicolchicine,CC(=O)N[C@@H]1CCC2=CC(=C(C(=C2C3=C1[C@@H]4[C@H]3C=C(C4=O)OC)OC)OC)OC,1
"N,N,N',N'-tetramethyl-p-phenylenediamine",CN(C)C1=CC=C(C=C1)N(C)C,1
"1-methyl-1-nitroso-3-[(3R,4S,5S)-2,4,5-trihydroxy-6-(hydroxymethyl)oxan-3-yl]urea",CN(C(=O)N[C@@H]1[C@@H]([C@@H](C(OC1O)CO)O)O)N=O,1
"1,3,6,8,11,13,16,18-Octazatricyclo[16.2.2.28,11]tetracosane-4,5,14,15-tetrathione",C1CN2CCN1CNC(=S)C(=S)NCN3CCN(CC3)CNC(=S)C(=S)NC2,1
2-Vinylpyridine,C=CC1=CC=CC=N1,1
iso-OMPA,CC(C)NP(=O)(NC(C)C)OP(=O)(NC(C)C)NC(C)C,1
2-[(Z)-[(4-chlorophenyl)-cyclopropylmethylidene]amino]guanidine,C1CC1/C(=N/N=C(N)N)/C2=CC=C(C=C2)Cl,1
Lopac-D-8296,C1=C2C(=NC=N1)N(C=N2)[C@H]3[C@H]([C@H]([C@@H](O3)CO)O)O,1
Canavanine,C(CON=C(N)N)[C@@H](C(=O)O)N,1
5-((5-((5-oxo-2(5H)-furanylidene)amino)-1-naphthyl)imino)-2(5H)-furanone,C1=CC2=C(C=CC=C2N=C3C=CC(=O)O3)C(=C1)N=C4C=CC(=O)O4,1
4-((6-mercapto-9H-purin-8-yl)diazenyl)benzenesulfonamide,C1=CC(=CC=C1N=NC2=NC3=C(N2)C(=S)N=CN3)S(=O)(=O)N,1
"[(2R,3S,5R)-3-hydroxy-5-(5-methyl-2,4-dioxopyrimidin-1-yl)oxolan-2-yl]methyl carbamate",CC1=CN(C(=O)NC1=O)[C@H]2C[C@@H]([C@H](O2)COC(=O)N)O,1
N-Iminoethyl-L-lysine,CC(=NCCCC[C@@H](C(=O)O)N)N,1
"3-(2-furyl)-5-(2-propynylthio)-1H-1,2,4-triazole",C#CCSC1=NNC(=N1)C2=CC=CO2,1
"N-(3-cyanophenyl)-7-(furan-2-carbonyl)-2,7-diazaspiro[3.5]nonane-2-carboxamide",C1CN(CCC12CN(C2)C(=O)NC3=CC=CC(=C3)C#N)C(=O)C4=CC=CO4,1
6-(4-Methoxyphenyl)-2-(4-methylpiperazin-1-yl)-8-(2-phenylethyl)pteridin-7-one,CN1CCN(CC1)C2=NC=C3C(=N2)N(C(=O)C(=N3)C4=CC=C(C=C4)OC)CCC5=CC=CC=C5,1
"(4S,5S)-4-hydroxy-5-[(2R,3S)-3-methoxy-4-methylpentan-2-yl]oxolan-2-one",C[C@@H]([C@H]1[C@H](CC(=O)O1)O)[C@H](C(C)C)OC,1
"sodium;(6S,7R)-3-(carbamoyloxymethyl)-7-methoxy-8-oxo-7-[(2-thiophen-2-ylacetyl)amino]-5-thia-1-azabicyclo[4.2.0]oct-2-ene-2-carboxylate",CO[C@]1([C@H]2N(C1=O)C(=C(CS2)COC(=O)N)C(=O)[O-])NC(=O)CC3=CC=CS3.[Na+],1
2-[(Z)-(fluoren-9-ylidenehydrazinylidene)methyl]benzoic acid,C1=CC=C(C(=C1)/C=N\N=C2C3=CC=CC=C3C4=CC=CC=C42)C(=O)O,1
3-(Benzenesulfonyl-methyl-amino)-propionic acid,CN(CCC(=O)O)S(=O)(=O)C1=CC=CC=C1,1
"(3aS,5aS,6Z,8R,9S,9aS,9bS)-8,9-dihydroxy-2-[[(2S)-oxolan-2-yl]methyl]-6-phenylmethoxyimino-4,5,5a,7,8,9,9a,9b-octahydro-3aH-benzo[e]isoindole-1,3-dione",C1C[C@H](OC1)CN2C(=O)[C@H]3CC[C@H]\4[C@@H]([C@@H]3C2=O)[C@@H]([C@@H](C/C4=N/OCC5=CC=CC=C5)O)O,1
"(3aR,5S,6S,6aR)-5-[(1R)-2-[(E)-4-(6,7-dimethyl-3,4-dihydro-2H-1,5-naphthyridin-1-yl)butan-2-ylideneamino]oxy-1-hydroxyethyl]-2,2-dimethyl-3a,5,6,6a-tetrahydrofuro[2,3-d][1,3]dioxol-6-ol",CC1=CC2=C(CCCN2CC/C(=N/OC[C@H]([C@H]3[C@@H]([C@@H]4[C@H](O3)OC(O4)(C)C)O)O)/C)N=C1C,1
"2,6-Dichloro-4-((cyclohexyl(3,5-dichloro-4-hydroxybenzyl)amino)methyl)phenol",C1CCC(CC1)N(CC2=CC(=C(C(=C2)Cl)O)Cl)CC3=CC(=C(C(=C3)Cl)O)Cl,1
Muscarine,C[C@H]1[C@@H](C[C@H](O1)C[N+](C)(C)C)O,1
3-Hydroxyacetanilide,CC(=O)NC1=CC(=CC=C1)O,1
8-Cyclopropyl-2-(ethylamino)-6-phenylpteridin-7-one,CCNC1=NC=C2C(=N1)N(C(=O)C(=N2)C3=CC=CC=C3)C4CC4,1
2-(3-Chlorophenoxy)-6-(4-chlorophenyl)-8-methylpteridin-7-one,CN1C2=NC(=NC=C2N=C(C1=O)C3=CC=C(C=C3)Cl)OC4=CC(=CC=C4)Cl,1
"(8R,9S,13R,14R,17S)-17-ethynyl-17-hydroxy-13-methyl-1,2,4,6,7,8,9,11,12,14,15,16-dodecahydrocyclopenta[a]phenanthren-3-one",C[C@@]12CC[C@H]3[C@H]([C@H]1CC[C@@]2(C#C)O)CCC4=C3CCC(=O)C4,1
(2z)-3-{3-[dihydroxy(Oxido)-Lambda~5~-Stibanyl]phenyl}prop-2-Enoic Acid,C1=CC(=CC(=C1)[Sb](=O)(O)O)/C=C\C(=O)O,1
Donormil,CC(C1=CC=CC=C1)(C2=CC=CC=N2)OCCN(C)C.C(CC(=O)O)C(=O)O,1
N-formyl-L-histidine,C1=C(NC=N1)C[C@@H](C(=O)O)NC=O,1
"2-Methoxy-1-(2-(pyrimidin-2-yl)-2,9-diazaspiro[5.5]undecan-9-yl)ethanone",COCC(=O)N1CCC2(CCCN(C2)C3=NC=CC=N3)CC1,1
"2-[3,4-bis(2-hydroxyethoxy)phenyl]-5-hydroxy-7-(2-hydroxyethoxy)-3-[3,4,5-trihydroxy-6-[[(3S)-3,4,5-trihydroxy-6-methyloxan-2-yl]oxymethyl]oxan-2-yl]oxychromen-4-one",CC1C(C([C@@H](C(O1)OCC2C(C(C(C(O2)OC3=C(OC4=CC(=CC(=C4C3=O)O)OCCO)C5=CC(=C(C=C5)OCCO)OCCO)O)O)O)O)O)O,1
2-Amino-6-hydroxy-5-(phenyldiazenyl)-4-pyrimidinecarboxylic acid,C1=CC=C(C=C1)N=NC2=C(N=C(NC2=O)N)C(=O)O,1
Hydrocotarnine,CN1CCC2=CC3=C(C(=C2C1)OC)OCO3,1
"[(1S,2S,8S,12R)-19-acetyloxy-7-(furan-3-yl)-1,8,12,16,16-pentamethyl-5-oxo-3,6-dioxapentacyclo[9.8.0.02,4.02,8.012,17]nonadecan-15-yl] acetate",CC(=O)OC1CC[C@]2(C3CC[C@]4(C(OC(=O)C5[C@]4([C@@]3(C(CC2C1(C)C)OC(=O)C)C)O5)C6=COC=C6)C)C,1
Pyrophosphoric acid,OP(=O)(O)OP(=O)(O)O,1
"7-[(4aS,7aR)-1,2,3,4,4a,5,7,7a-octahydropyrrolo[3,4-b]pyridin-6-yl]-1-cyclopropyl-6-fluoro-8-methoxy-4-oxoquinoline-3-carboxylic acid;hydrochloride",COC1=C2C(=CC(=C1N3C[C@@H]4CCCN[C@H]4C3)F)C(=O)C(=CN2C5CC5)C(=O)O.Cl,1
6-[(4-chlorophenyl)methylsulfanyl]-9-[(2S)-oxan-2-yl]purine,C1CCO[C@@H](C1)N2C=NC3=C2N=CN=C3SCC4=CC=C(C=C4)Cl,1
Parbendazole,CCCCC1=CC2=C(C=C1)N=C(N2)NC(=O)OC,1
Albizziine,C(C(C(=O)O)N)NC(=O)N,1
beta-Inosine,C1=NC2=C(C(=O)N1)N=CN2C3C(C(C(O3)CO)O)O,1
Methiazole,CC(C)SC1=CC2=C(C=C1)N=C(N2)NC(=O)OC,1
Cirazoline,C1CC1C2=CC=CC=C2OCC3=NCCN3,1
CID 5702249,C1CCN(C1)CC#CCN2CCCC2=O.C(=C/C(=O)O)\C(=O)O,1
Glycerol,C(C(CO)O)O,1
"(2R,5R)-1-acetyl-2-benzyl-5-methyl-2H-pyrrole-5-carboxylic acid",CC(=O)N1[C@@H](C=C[C@]1(C)C(=O)O)CC2=CC=CC=C2,1
Tcpobop,C1=CC(=CC=C1OC2=C(C=C(C=N2)Cl)Cl)OC3=C(C=C(C=N3)Cl)Cl,1
Pyridostigmine Bromide,C[N+]1=CC=CC(=C1)OC(=O)N(C)C.[Br-],1
"(2,5-dioxo-2,5-dihydro-1H-pyrrol-1-yl)methyl propionate",CCC(=O)OCN1C(=O)C=CC1=O,1
2-(6-Methoxy-2-naphthyl)propionic acid,CC(C1=CC2=C(C=C1)C=C(C=C2)OC)C(=O)O,1
"(2R,3R)-3-hydroxy-7-methoxy-2-[3-(trifluoromethyl)phenyl]-2,3-dihydrochromen-4-one",COC1=CC2=C(C=C1)C(=O)[C@@H]([C@H](O2)C3=CC(=CC=C3)C(F)(F)F)O,1
Purvalanol B,CC(C)[C@H](CO)NC1=NC(=C2C(=N1)N(C=N2)C(C)C)NC3=CC(=C(C=C3)C(=O)O)Cl,1
methyl N-[1-(4-fluorophenyl)-3-oxobutyl]carbamate,CC(=O)CC(C1=CC=C(C=C1)F)NC(=O)OC,1
"2-amino-9-[5-(aminomethyl)-3,4-dihydroxy-oxolan-2-yl]-3H-purin-6-one",C1=NC2=C(N1C3C(C(C(O3)CN)O)O)N=C(NC2=O)N,1
"(2R,3S,4R,5S)-2-(6-benzylsulfanylpurin-9-yl)-5-(hydroxymethyl)oxolane-3,4-diol",C1=CC=C(C=C1)CSC2=NC=NC3=C2N=CN3[C@H]4[C@H]([C@H]([C@@H](O4)CO)O)O,1
"(6S,7R)-7-[[(2S)-2-amino-2-phenylacetyl]amino]-3-chloro-8-oxo-5-thia-1-azabicyclo[4.2.0]oct-2-ene-2-carboxylic acid;hydrate",C1C(=C(N2[C@@H](S1)[C@@H](C2=O)NC(=O)[C@H](C3=CC=CC=C3)N)C(=O)O)Cl.O,1
"Furan-2-yl(9-(pyrimidin-2-yl)-3,9-diazaspiro[5.5]undecan-3-yl)methanone",C1CN(CCC12CCN(CC2)C(=O)C3=CC=CO3)C4=NC=CC=N4,1
8-Cyclopropyl-6-(4-fluorophenyl)-2-(4-methylpiperazin-1-yl)pteridin-7-one,CN1CCN(CC1)C2=NC=C3C(=N2)N(C(=O)C(=N3)C4=CC=C(C=C4)F)C5CC5,1
"6-Amino-2-oxo-2,3-dihydropyrimidine-4-carboxylic acid",C1=C(NC(=O)N=C1N)C(=O)O,1
2-[Hydroxy-(1-hydroxynaphthalen-2-yl)-phenyl-methyl]naphthalen-1-ol,C1=CC=C(C=C1)C(C2=C(C3=CC=CC=C3C=C2)O)(C4=C(C5=CC=CC=C5C=C4)O)O,1
Flavianic acid,C1=CC2=C(C=C1S(=O)(=O)O)C(=C(C=C2[N+](=O)[O-])[N+](=O)[O-])O,1
[2-hydroxy-4-[[(4R)-3-methyl-5-oxo-1-phenyl-4H-pyrazol-4-yl]diazenyl]phenyl]arsonic acid,CC1=NN(C(=O)[C@@H]1N=NC2=CC(=C(C=C2)[As](=O)(O)O)O)C3=CC=CC=C3,1
Morantel citrate,CC1=C(SC=C1)/C=C/C2=NCCCN2C.C(C(=O)O)C(CC(=O)O)(C(=O)O)O,1
6-(4-chlorophenyl)-2-(dimethylamino)-8-[[(2R)-oxolan-2-yl]methyl]pteridin-7-one,CN(C)C1=NC=C2C(=N1)N(C(=O)C(=N2)C3=CC=C(C=C3)Cl)C[C@H]4CCCO4,1
"4-[(5S,10R,13S)-10,13-dimethyl-2,3,4,5,6,7,8,9,11,12,14,15,16,17-tetradecahydro-1H-cyclopenta[a]phenanthren-17-yl]pentanoic acid",CC(CCC(=O)O)C1CCC2[C@]1(CCC3C2CC[C@H]4[C@]3(CCCC4)C)C,1
"(4S)-4-[[(2S)-2-[[(4R)-2-[(1S,2S)-1-amino-2-methylbutyl]-4,5-dihydro-1,3-thiazole-4-carbonyl]amino]-4-methylpentanoyl]amino]-5-[[(2R,3S)-1-[[(3R,6R,9R,12R,15R,18R,21S)-3-(2-amino-2-oxoethyl)-18-(3-aminopropyl)-12-benzyl-15-[(2S)-butan-2-yl]-6-(carboxymethyl)-9-(1H-imidazol-5-ylmethyl)-2,5,8,11,14,17,20-heptaoxo-1,4,7,10,13,16,19-heptazacyclopentacos-21-yl]amino]-3-methyl-1-oxopentan-2-yl]amino]-5-oxopentanoic acid",CC[C@H](C)[C@@H]1C(=O)N[C@@H](C(=O)N[C@@H](C(=O)N[C@@H](C(=O)N[C@@H](C(=O)NCCCC[C@@H](C(=O)N[C@@H](C(=O)N1)CCCN)NC(=O)[C@@H]([C@@H](C)CC)NC(=O)[C@H](CCC(=O)O)NC(=O)[C@H](CC(C)C)NC(=O)[C@@H]2CSC(=N2)[C@H]([C@@H](C)CC)N)CC(=O)N)CC(=O)O)CC3=CN=CN3)CC4=CC=CC=C4,1
6-Amino-9-pentofuranosyl-9H-purin-8-ol,C1=NC(=C2C(=N1)N(C(=O)N2)C3C(C(C(O3)CO)O)O)N,1
"(3,5-Dimethyl-1,2-oxazol-4-yl)-[2-(3-phenylphenyl)-2,7-diazaspiro[3.5]nonan-7-yl]methanone",CC1=C(C(=NO1)C)C(=O)N2CCC3(CC2)CN(C3)C4=CC=CC(=C4)C5=CC=CC=C5,1
"(2R,5S,6R)-6-[[3-(2-chloro-6-fluorophenyl)-5-methyl-1,2-oxazole-4-carbonyl]amino]-3,3-dimethyl-7-oxo-4-thia-1-azabicyclo[3.2.0]heptane-2-carboxylic acid",CC1=C(C(=NO1)C2=C(C=CC=C2Cl)F)C(=O)N[C@H]3[C@H]4N(C3=O)[C@@H](C(S4)(C)C)C(=O)O,1
6-(4-Acetamidophenyl)-5-methylpiperidine-2-carboxylic acid,CC1CCC(NC1C2=CC=C(C=C2)NC(=O)C)C(=O)O,1
"(2R)-3-(7H-purin-6-ylsulfanyl)propane-1,2-diol",C1=NC2=C(N1)C(=NC=N2)SC[C@@H](CO)O,1
2-[2-(Diaminomethylidene)hydrazinyl]-2-oxoacetic acid,C(=O)(C(=O)O)NN=C(N)N,1
4-Imidazolemethanol,C1=C(NC=N1)CO,1
Tocris-0609,CCCCCCCCCCCCCCCC(=O)O[C@H](CC(=O)O)C[N+](C)(C)C,1
[(1R)-5-methyl-2-propan-2-ylcyclohexyl] benzoate,CC1CCC([C@@H](C1)OC(=O)C2=CC=CC=C2)C(C)C,1
8-(4-Methoxyphenyl)-2-phenoxy-6-thiophen-2-ylpteridin-7-one,COC1=CC=C(C=C1)N2C3=NC(=NC=C3N=C(C2=O)C4=CC=CS4)OC5=CC=CC=C5,1
4-Phenyl-1-(p-tolylsulphonyl)piperidine-4-carboxylic acid,CC1=CC=C(C=C1)S(=O)(=O)N2CCC(CC2)(C3=CC=CC=C3)C(=O)O,1
methyl (2S)-2-[[(2S)-3-hydroxy-2-methylpropanoyl]amino]propanoate,C[C@@H](CO)C(=O)N[C@@H](C)C(=O)OC,1
"sodium (Z,3R,5S)-7-[3-(4-fluorophenyl)-1-propan-2-ylindol-2-yl]-3,5-dihydroxyhept-6-enoate",CC(C)N1C2=CC=CC=C2C(=C1/C=C\[C@H](C[C@H](CC(=O)[O-])O)O)C3=CC=C(C=C3)F.[Na+],1
Aminopyrine,CC1=C(C(=O)N(N1C)C2=CC=CC=C2)N(C)C,1
"2-[(3,5-dioxo-2H-1,2,4-triazin-6-yl)sulfanyl]acetic acid",C(C(=O)O)SC1=NNC(=O)NC1=O,1
Naphazoline,C1CN=C(N1)CC2=CC=CC3=CC=CC=C32,1
CID 16684732,C1=CC=C(C(=C1)N)O.[C@@H]1([C@H](O[Sb]O1)C(=O)O)C(=O)O.O,1
2-((9H-fluoren-2-ylamino)carbonyl)terephthalic acid,C1C2=CC=CC=C2C3=C1C=C(C=C3)NC(=O)C4=C(C=CC(=C4)C(=O)O)C(=O)O,1
"2-[2-[(dimethylamino)methyl]phenyl]-N,N-dimethylquinazolin-4-amine",CN(C)CC1=CC=CC=C1C2=NC3=CC=CC=C3C(=N2)N(C)C,1
"1-[(5S)-2-pyrimidin-2-yl-2,7-diazaspiro[4.5]decan-7-yl]ethanone",CC(=O)N1CCC[C@]2(C1)CCN(C2)C3=NC=CC=N3,1
"(2R)-7-chloro-2-ethyl-4-oxo-2,3-dihydro-1H-quinazoline-6-sulfonamide",CC[C@@H]1NC2=CC(=C(C=C2C(=O)N1)S(=O)(=O)N)Cl,1
2-Nitrobenzamide,C1=CC=C(C(=C1)C(=O)N)[N+](=O)[O-],1
"Potassium 6-(2,2-dimethyl-5-oxo-4-phenylimidazolidin-1-yl)-3,3-dimethyl-7-oxo-4-thia-1-azabicyclo[3.2.0]heptane-2-carboxylate",CC1(C(N2C(S1)C(C2=O)N3C(=O)C(NC3(C)C)C4=CC=CC=C4)C(=O)[O-])C.[K+],1
Ng-monomethyl-l-arginine,CN=C(N)NCCC[C@@H](C(=O)O)N,1
Levdobutamine,C[C@@H](CCC1=CC=C(C=C1)O)NCCC2=CC(=C(C=C2)O)O,1
Alprenolol Hydrochloride,CC(C)NCC(COC1=CC=CC=C1CC=C)O.Cl,1
2-(furan-3-yl)-N-piperidin-4-ylquinazolin-4-amine,C1CNCCC1NC2=NC(=NC3=CC=CC=C32)C4=COC=C4,1
"3-(4-Methylphenyl)-1,2,35-oxadiazol-5-ol",CC1=CC=C(C=C1)[N+]2=CC(=O)ON2,1
"1,2-Diethenylbenzene",C=CC1=CC=CC=C1C=C,1
"(5R)-9-[3,5-bis(trifluoromethyl)benzoyl]-N-(3-cyanophenyl)-2,9-diazaspiro[4.5]decane-2-carboxamide",C1C[C@@]2(CCN(C2)C(=O)NC3=CC=CC(=C3)C#N)CN(C1)C(=O)C4=CC(=CC(=C4)C(F)(F)F)C(F)(F)F,1
"(3S,5S,8S,9S,10R,13R,14R,17R)-17-[(1R)-1-(6-methoxy-2,4-dihydro-1,3-benzoxazin-3-yl)ethyl]-10,13-dimethyl-2,3,4,5,6,7,8,9,11,12,14,15,16,17-tetradecahydro-1H-cyclopenta[a]phenanthren-3-ol",C[C@H]([C@@H]1CC[C@H]2[C@]1(CC[C@H]3[C@@H]2CC[C@@H]4[C@]3(CC[C@@H](C4)O)C)C)N5CC6=C(C=CC(=C6)OC)OC5,1
N-(2-thienylmethyl)-N-(2-(trimethyl-5-azanyl)ethyl)-2-pyridinamine,C[N+](C)(C)CCN(CC1=CC=CS1)C2=CC=CC=N2,1
(2S)-1-(phenanthren-9-ylmethyl)pyrrolidine-2-carboxylic acid,C1C[C@H](N(C1)CC2=CC3=CC=CC=C3C4=CC=CC=C42)C(=O)O,1
"(6S,7R)-7-[[2-[2-(aminomethyl)phenyl]acetyl]amino]-3-[[1-(carboxymethyl)tetrazol-5-yl]sulfanylmethyl]-8-oxo-5-thia-1-azabicyclo[4.2.0]oct-2-ene-2-carboxylic acid",C1C(=C(N2[C@@H](S1)[C@@H](C2=O)NC(=O)CC3=CC=CC=C3CN)C(=O)O)CSC4=NN=NN4CC(=O)O,1
"1-((2-Methyl-3-quinolinyl)methyl)-15,3,5,7-tetraazatricyclo[3.3.1.1~3,7~]decane",CC1=NC2=CC=CC=C2C=C1C[N+]34CN5CN(C3)CN(C5)C4,1
Estrone,C[C@]12CC[C@H]3[C@H]([C@@H]1CCC2=O)CCC4=C3C=CC(=C4)O,1
"4,5,6,7-tetrachloro-3,3-bis(6-hydroxy[1,1'-biphenyl]-3-yl)-2-benzofuran-1(3H)-one",C1=CC=C(C=C1)C2=C(C=CC(=C2)C3(C4=C(C(=C(C(=C4Cl)Cl)Cl)Cl)C(=O)O3)C5=CC(=C(C=C5)O)C6=CC=CC=C6)O,1
Phenytoin Sodium,C1=CC=C(C=C1)C2(C(=O)[N-]C(=O)N2)C3=CC=CC=C3.[Na+],1
Benperidol,C1CN(CCC1N2C3=CC=CC=C3NC2=O)CCCC(=O)C4=CC=C(C=C4)F,1
Cholest-5-en-3-ol,CC(C)CCCC(C)C1CCC2C1(CCC3C2CC=C4C3(CCC(C4)O)C)C,1
"2-methoxy-1-[(5S)-2-pyridin-2-yl-2,7-diazaspiro[4.5]decan-7-yl]ethanone",COCC(=O)N1CCC[C@]2(C1)CCN(C2)C3=CC=CC=N3,1
Quinolinic Acid,C1=CC(=C(N=C1)C(=O)O)C(=O)O,1
"Bisoprolol, (R)-",CC(C)NC[C@H](COC1=CC=C(C=C1)COCCOC(C)C)O,1
"[(1S,5S)-8-methyl-8-oxido-8-azoniabicyclo[3.2.1]octan-3-yl] (2R)-3-hydroxy-2-phenylpropanoate",C[N+]1([C@H]2CC[C@H]1CC(C2)OC(=O)[C@@H](CO)C3=CC=CC=C3)[O-],1
Iproniazid,CC(C)NNC(=O)C1=CC=NC=C1,1
"17-((E)-5,6-Dimethylhept-3-En-2-Yl)-10,13-Dimethyl-2,3,4,9,11,12,14,15,16,17-Decahydro-1H-Cyclopenta(A)Phenanthren-3-Ol",CC(C)C(C)/C=C/C(C)C1CCC2C1(CCC3C2=CC=C4C3(CCC(C4)O)C)C,1
1-Cyano-1-hydroxycyclohexane,C1CCC(CC1)(C#N)O,1
"(1R,9R,10E,11R,13R,14S)-14-hydroxy-4-methyl-10-phenylmethoxyimino-12-oxa-2,4,6-triazatetracyclo[7.5.0.02,6.011,13]tetradecane-3,5-dione",CN1C(=O)N2CC[C@@H]\3[C@@H](N2C1=O)[C@@H]([C@@H]4[C@@H](/C3=N/OCC5=CC=CC=C5)O4)O,1
GlyTouCan:G32632JB,CCCC1=C(C=CC(=C1O)CC=O)OCCCOC2=CC=C(C=C2)OCC(=O)O,1
"(S)-[(2S,4R,5R)-5-ethyl-1-azabicyclo[2.2.2]octan-2-yl]-(6-methoxyquinolin-4-yl)methanol;hydrate;hydrobromide",CC[C@H]1CN2CC[C@@H]1C[C@H]2[C@H](C3=C4C=C(C=CC4=NC=C3)OC)O.O.Br,1
"1-(3-(1,1-Dimethyl-15-diazanyl)propyl)-1,1-dimethyl-15-diazane",C[N+](C)(CCC[N+](C)(C)N)N,1
"N-(2,4-difluorophenyl)-3-(4-morpholinyl)propanamide",C1COCCN1CCC(=O)NC2=C(C=C(C=C2)F)F,1
"2-[(1R,2R,4R)-2-chloro-7,7-dimethyl-1-bicyclo[2.2.1]heptanyl]acetic acid",CC1([C@@H]2CC[C@@]1([C@@H](C2)Cl)CC(=O)O)C,1
"Cytisine, N-formyl-",C1C2CN(CC1C3=CC=CC(=O)N3C2)C=O,1
"7-[(1R,2S,3R)-3-hydroxy-2-[(Z,3S)-3-hydroxyoct-1-enyl]-5-oxocyclopentyl]heptanoic acid",CCCCC[C@@H](/C=C\[C@@H]1[C@@H](CC(=O)[C@@H]1CCCCCCC(=O)O)O)O,1
"9-[(2R,6S)-6-(hydroxymethyl)oxan-2-yl]-3H-purine-6-thione",C1C[C@H](O[C@H](C1)N2C=NC3=C2NC=NC3=S)CO,1
2-((3-(trimethyl-5-azanyl)propyl)thio)-1H-benzimidazole,C[N+](C)(C)CCCSC1=NC2=CC=CC=C2N1,1
Procaine,CCN(CC)CCOC(=O)C1=CC=C(C=C1)N,1
"3-[(1R,3S,5S,9S,10R,11R,13R,14S,17R)-1,5,11,14-tetrahydroxy-10-(hydroxymethyl)-13-methyl-3-[(2R,3R,4R,5R,6S)-3,4,5-trihydroxy-6-methyloxan-2-yl]oxy-2,3,4,6,7,8,9,11,12,15,16,17-dodecahydro-1H-cyclopenta[a]phenanthren-17-yl]-2H-furan-5-one",C[C@H]1[C@@H]([C@H]([C@H]([C@@H](O1)O[C@H]2C[C@H]([C@@]3([C@H]4[C@@H](C[C@@]5([C@H](CC[C@@]5(C4CC[C@@]3(C2)O)O)C6=CC(=O)OC6)C)O)CO)O)O)O)O,1
"7-[3,5-bis(trifluoromethyl)benzoyl]-N-phenyl-2,7-diazaspiro[3.5]nonane-2-carboxamide",C1CN(CCC12CN(C2)C(=O)NC3=CC=CC=C3)C(=O)C4=CC(=CC(=C4)C(F)(F)F)C(F)(F)F,1
"3,8-Dibenzyl-5,10-ditert-butyl-2,4,7,9-tetrahydro-[1,3]oxazino[6,5-g][1,3]benzoxazine",CC(C)(C)C1=C2CN(COC2=C(C3=C1OCN(C3)CC4=CC=CC=C4)C(C)(C)C)CC5=CC=CC=C5,1
"1,2,3,5-Tetrachlorobenzene",C1=C(C=C(C(=C1Cl)Cl)Cl)Cl,1
"2,9-Dimethoxyquinacridone",COC1=CC2=C(C=C1)NC3=CC4=C(C=C3C2=O)NC5=C(C4=O)C=C(C=C5)OC,1
Isobutyronitrile,CC(C)C#N,1
Escitalopram Oxalate,CN(C)CCC[C@@]1(C2=C(CO1)C=C(C=C2)C#N)C3=CC=C(C=C3)F.C(=O)(C(=O)O)O,1
Dimethadione,CC1(C(=O)NC(=O)O1)C,1
Semustine,CC1CCC(CC1)NC(=O)N(CCCl)N=O,1
Laudanosine,CN1CCC2=CC(=C(C=C2[C@@H]1CC3=CC(=C(C=C3)OC)OC)OC)OC,1
"Methyl 9-[(2-methoxyphenyl)methyl]-3,9-diazaspiro[5.5]undecane-3-carboxylate",COC1=CC=CC=C1CN2CCC3(CC2)CCN(CC3)C(=O)OC,1
"Spiro[3.3]heptane-2,6-dicarboxylic acid",C1C(CC12CC(C2)C(=O)O)C(=O)O,1
Diphenhydramine,CN(C)CCOC(C1=CC=CC=C1)C2=CC=CC=C2,1
"5-(Hydroxymethyl)-4-[[2-[[5-(hydroxymethyl)-2-methyl-3-oxido-pyridin-4-yl]methylideneamino]-4,5-dimethyl-phenyl]iminomethyl]-2-methyl-pyridin-3-olate; ZINC(+2) cation",CC1=CC(=C(C=C1C)N=CC2=C(C(=NC=C2CO)C)O)N=CC3=C(C(=NC=C3CO)C)O.[Zn],1
"(E)-4-(6,7-dimethyl-3,4-dihydro-2H-1,5-naphthyridin-1-yl)-N-methoxybutan-2-imine",CC1=CC2=C(CCCN2CC/C(=N/OC)/C)N=C1C,1
Lopac-C-2505,C[C@@]12CCC(=O)C=C1CC[C@@H]3[C@@H]2[C@@H](C[C@@]4([C@@H]3CC[C@H]4C(=O)CO)C)O,1
Trichloroacetyl chloride,C(=O)(C(Cl)(Cl)Cl)Cl,1
Anisindione,COC1=CC=C(C=C1)C2C(=O)C3=CC=CC=C3C2=O,1
"methyl (2S,3aS,4S,5S,6S,7aR)-3a,4,5,6-tetrahydroxy-1-[(4-phenylphenyl)methyl]-3,4,5,6,7,7a-hexahydro-2H-indole-2-carboxylate",COC(=O)[C@@H]1C[C@@]2([C@H](N1CC3=CC=C(C=C3)C4=CC=CC=C4)C[C@@H]([C@@H]([C@@H]2O)O)O)O,1
"[(4bR,10aR,12aR)-8-acetyloxy-1-(furan-3-yl)-4b,7,7,10a,12a-pentamethyl-3-oxo-1,5,6,6a,8,10b,11,12-octahydronaphtho[2,1-f]isochromen-5-yl] acetate",CC(=O)OC1CC2[C@@](C=CC(C2(C)C)OC(=O)C)(C3[C@@]1(C4=CC(=O)OC([C@@]4(CC3)C)C5=COC=C5)C)C,1
"1-(2-Pyridin-2-yl-2,9-diazaspiro[5.5]undecan-9-yl)ethanone",CC(=O)N1CCC2(CCCN(C2)C3=CC=CC=N3)CC1,1
"2,3-Dihydroxy-6,7-dichloroquinoxaline",C1=C2C(=CC(=C1Cl)Cl)NC(=O)C(=O)N2,1
5-Carboxamidotryptamine,C1=CC2=C(C=C1C(=O)N)C(=CN2)CCN,1
"lithium (2R,5S)-3-(2-hydroxyethylidene)-7-oxo-4-oxa-1-azabicyclo[3.2.0]heptane-2-carboxylate",[Li+].C1[C@H]2N(C1=O)[C@H](C(=CCO)O2)C(=O)[O-],1
Gatifloxacin,CC1CN(CCN1)C2=C(C=C3C(=C2OC)N(C=C(C3=O)C(=O)O)C4CC4)F,1
"2,4-D-Dimethylammonium",CNC.C1=CC(=C(C=C1Cl)Cl)OCC(=O)O,1
"7-(4-methoxybenzoyl)-N-propan-2-yl-2,7-diazaspiro[3.5]nonane-2-carboxamide",CC(C)NC(=O)N1CC2(C1)CCN(CC2)C(=O)C3=CC=C(C=C3)OC,1
"2-Amino-6,7-dimethylpyrido[2,3-d]pyrimidin-4-ol",CC1=CC2=C(N=C1C)N=C(NC2=O)N,1
(1-(2-((Methylsulfonyl)amino)ethyl)-4-piperidinyl)methyl 1-methyl-1H-indole-3-carboxylate,CN1C=C(C2=CC=CC=C21)C(=O)OCC3CCN(CC3)CCNS(=O)(=O)C,1
Lopac-C-4520,CC(=O)OCC1=C(N2[C@H]([C@@H](C2=O)NC(=O)CC3=CC=CS3)SC1)C(=O)[O-].[Na+],1
4-(2-(2-Pyridyl)ethyl)morpholine,C1COCCN1CCC2=CC=CC=N2,1
4-Aminopyridine,C1=CN=CC=C1N,1
Lopac-H-2270,C[C@@]12CCC(=O)C=C1CC[C@@H]3[C@@H]2[C@@H](C[C@@]4([C@@H]3CC[C@@]4(C(=O)COC(=O)CCC(=O)[O-])O)C)O.[Na+],1
"(5E)-3-[(dimethylamino)methyl]-5-[1-[(dimethylamino)methyl]-2-oxoindol-3-ylidene]-1,3-thiazolidine-2,4-dione",CN(C)CN1C2=CC=CC=C2/C(=C\3/C(=O)N(C(=O)S3)CN(C)C)/C1=O,1
"1-(2,3-Dihydro-1,4-benzodioxin-5-yl)-4-(2,3-dihydro-1H-inden-2-yl)piperazine",C1CN(CCN1C2CC3=CC=CC=C3C2)C4=C5C(=CC=C4)OCCO5,1
"(2R,4aS,6S,7R,7aS)-6-(6-aminopurin-9-yl)-2-ethoxy-2-oxo-4a,6,7,7a-tetrahydro-4H-furo[3,2-d][1,3,2]dioxaphosphinin-7-ol;benzene",CCO[P@]1(=O)OC[C@H]2[C@@H](O1)[C@H]([C@H](O2)N3C=NC4=C(N=CN=C43)N)O.C1=CC=CC=C1,1
SKF-83822 hydrobromide,CC1=CC(=CC=C1)C2CN(CCC3=C(C(=C(C=C23)O)O)Cl)CC=C.Br,1
2-[[(2R)-2-amino-3-hydroxypropanoyl]amino]acetic acid,C([C@H](C(=O)NCC(=O)O)N)O,1
(S)-Thalidomide,C1CC(=O)NC(=O)[C@H]1N2C(=O)C3=CC=CC=C3C2=O,1
"3-(Pyridin-4-ylmethyl)-3,9-diazaspiro[5.5]undecane",C1CNCCC12CCN(CC2)CC3=CC=NC=C3,1
"[(4R,5R,6R,7R,9R,10R,11Z,13Z,16R)-6-[(2R,3S,4S,5S,6S)-4-(dimethylamino)-3-hydroxy-5-[(2R,4S,5R,6S)-4-hydroxy-4,6-dimethyl-5-propanoyloxyoxan-2-yl]oxy-6-methyloxan-2-yl]oxy-10-hydroxy-5-methoxy-9,16-dimethyl-2-oxo-7-(2-oxoethyl)-1-oxacyclohexadeca-11,13-dien-4-yl] propanoate",CCC(=O)O[C@@H]1CC(=O)O[C@@H](C/C=C\C=C/[C@@H]([C@@H](C[C@@H]([C@H]([C@@H]1OC)O[C@@H]2[C@H]([C@@H]([C@@H]([C@@H](O2)C)O[C@@H]3C[C@]([C@@H]([C@@H](O3)C)OC(=O)CC)(C)O)N(C)C)O)CC=O)C)O)C,1
"Furan-2-yl-(9-phenyl-3,9-diazaspiro[5.5]undecan-3-yl)methanone",C1CN(CCC12CCN(CC2)C(=O)C3=CC=CO3)C4=CC=CC=C4,1
1-(2-Phenylethyl)-15-pyridine-3-carbohydrazide,C1=CC=C(C=C1)CC[N+]2=CC=CC(=C2)C(=O)NN,1
"4-[(3-Acetyl-3,9-diazaspiro[5.5]undecan-9-yl)methyl]benzonitrile",CC(=O)N1CCC2(CCN(CC2)CC3=CC=C(C=C3)C#N)CC1,1
lago-DCA,CC(CCC(=O)O)C1CCC2[C@@]1(C(CC3C2CC[C@@H]4[C@]3(CCC(C4)O)C)O)C,1
5-(Hydroxymethyl)furfural,C1=C(OC(=C1)C=O)CO,1
"ethyl N-[(Z)-[(3aR,5aR,8R,9S,9aS,9bR)-2-(2,4-difluorophenyl)-8,9-dihydroxy-1,3-dioxo-4,5,5a,7,8,9,9a,9b-octahydro-3aH-benzo[e]isoindol-6-ylidene]amino]carbamate",CCOC(=O)N/N=C\1/C[C@H]([C@H]([C@H]2[C@H]1CC[C@@H]3[C@@H]2C(=O)N(C3=O)C4=C(C=C(C=C4)F)F)O)O,1
"2-(2-(diethyl(methyl)-5-azanyl)ethyl)-1,2-benzisothiazol-3(2H)-one 1,1-dioxide",CC[N+](C)(CC)CCN1C(=O)C2=CC=CC=C2S1(=O)=O,1
Pharmakon1600-01500593,CC(CN1C2=CC=CC=C2SC3=CC=CC=C31)CN(C)C.C(C(C(=O)O)O)(C(=O)O)O,1
alpha-Chloro-m-nitrotoluene,C1=CC(=CC(=C1)[N+](=O)[O-])CCl,1
"7-[3,5-bis(trifluoromethyl)benzoyl]-N-propan-2-yl-2,7-diazaspiro[3.5]nonane-2-carboxamide",CC(C)NC(=O)N1CC2(C1)CCN(CC2)C(=O)C3=CC(=CC(=C3)C(F)(F)F)C(F)(F)F,1
"1-Phenyl-2-(4-phenyl-1,45-oxazinan-4-yl)ethanone",C1COCC[N+]1(CC(=O)C2=CC=CC=C2)C3=CC=CC=C3,1
Fluoranthene,C1=CC=C2C(=C1)C3=CC=CC4=C3C2=CC=C4,1
(-)-Scopolamine methyl bromide,C[N+]1(C2CC(CC1C3C2O3)OC(=O)C(CO)C4=CC=CC=C4)C.[Br-],1
"3-(benzenesulfonyl)-N-propan-2-yl-3,9-diazaspiro[5.5]undecane-9-carboxamide",CC(C)NC(=O)N1CCC2(CC1)CCN(CC2)S(=O)(=O)C3=CC=CC=C3,1
N-(2-Aminoethyl)carbamodithioic acid,C(CNC(=S)S)N,1
1-(2-Fluorophenyl)-3-(4-sulfamoylphenyl)urea,C1=CC=C(C(=C1)NC(=O)NC2=CC=C(C=C2)S(=O)(=O)N)F,1
"8-[(Z)-2-(3-Chlorophenyl)ethenyl]-1,3,7-trimethyl-3,7-dihydro-1H-purine-2,6-dione",CN1C(=NC2=C1C(=O)N(C(=O)N2C)C)/C=C\C3=CC(=CC=C3)Cl,1
Myrcene,CC(=CCCC(=C)C=C)C,1
(2S)-1-(1H-indol-3-ylmethyl)pyrrolidine-2-carboxylic acid,C1C[C@H](N(C1)CC2=CNC3=CC=CC=C32)C(=O)O,1
"1-(Di[1,1'-biphenyl]-4-yl(hydroxy)methyl)cyclohexanol",C1CCC(CC1)(C(C2=CC=C(C=C2)C3=CC=CC=C3)(C4=CC=C(C=C4)C5=CC=CC=C5)O)O,1
"2-Phenyl-2,7-diazaspiro[3.5]nonane",C1CNCCC12CN(C2)C3=CC=CC=C3,1
Perthane,CCC1=CC=C(C=C1)C(C2=CC=C(C=C2)CC)C(Cl)Cl,1
2-(Dimethylamino)-6-phenyl-8-(2-phenylethyl)pteridin-7-one,CN(C)C1=NC=C2C(=N1)N(C(=O)C(=N2)C3=CC=CC=C3)CCC4=CC=CC=C4,1
Nitromethane,C[N+](=O)[O-],1
"methyl 2-[[(1R,2S,12R,16S)-8-ethyl-2-methyl-5,7,13,15-tetraoxo-4-oxa-6,14-diazatetracyclo[7.7.0.02,6.012,16]hexadec-8-en-3-ylidene]amino]acetate",CCC1=C2CC[C@@H]3[C@H]([C@H]2[C@]4(C(=NCC(=O)OC)OC(=O)N4C1=O)C)C(=O)NC3=O,1
4-Nitrobenzoyl chloride,C1=CC(=CC=C1C(=O)Cl)[N+](=O)[O-],1
2-Ethylhexanal,CCCCC(CC)C=O,1
"[(13S)-3,17-diacetyloxy-13-methyl-6,7,8,9,11,12,14,15,16,17-decahydrocyclopenta[a]phenanthren-16-yl] acetate",CC(=O)OC1CC2C3CCC4=C(C3CC[C@@]2(C1OC(=O)C)C)C=CC(=C4)OC(=O)C,1
2-Butoxyethanol,CCCCOCCO,1
3-Pyrrol-1-ylpentanedioic acid,C1=CN(C=C1)C(CC(=O)O)CC(=O)O,1
Ethylene glycol diethyl ether,CCOCCOCC,1
2-(2-Pyridinyl)ethyl imidothiocarbamate 4-methylbenzenesulfonate,CC1=CC=C(C=C1)S(=O)(=O)O.C1=CC=NC(=C1)CCSC(=N)N,1
Tocris-1327,CCOC(=O)C1=C2[C@H]3CCCN3C(=O)C4=C(N2C=N1)C=CC(=C4)OC,1
8-Oxo-3-(pyridin-1-ium-1-ylmethyl)-7-[(2-thiophen-2-ylacetyl)amino]-5-thia-1-azabicyclo[4.2.0]oct-2-ene-2-carboxylate,C1C(=C(N2C(S1)C(C2=O)NC(=O)CC3=CC=CS3)C(=O)[O-])C[N+]4=CC=CC=C4,1
"Carbamic acid, ethyl ester",CCOC(=O)N,1
5-Fluoroindole-2-carboxylic acid,C1=CC2=C(C=C1F)C=C(N2)C(=O)O,1
ethyl (1S)-1-[(E)-3-(furan-2-yl)-1-(methoxycarbonylamino)prop-2-enyl]-2-oxocyclopentane-1-carboxylate,CCOC(=O)[C@@]1(CCCC1=O)C(/C=C/C2=CC=CO2)NC(=O)OC,1
Molinate,CCSC(=O)N1CCCCCC1,1
Cresopirine,CC1=C(C(=CC=C1)C(=O)O)OC(=O)C,1
2-[(Z)-1-(4-methylphenyl)-3-pyrrolidin-1-ylprop-1-enyl]pyridine,CC1=CC=C(C=C1)/C(=C/CN2CCCC2)/C3=CC=CC=N3,1
3-methyl-2-oxo-2H-chromen-7-yl 4-((amino(imino)methyl)amino)benzoate,CC1=CC2=C(C=C(C=C2)OC(=O)C3=CC=C(C=C3)N=C(N)N)OC1=O,1
"(7R,9S)-7-[(2R,4R,5S,6R)-4-amino-5-hydroxy-6-methyloxan-2-yl]oxy-6,9,11-trihydroxy-9-(2-hydroxyacetyl)-4-methoxy-8,10-dihydro-7H-tetracene-5,12-dione;tungsten",C[C@@H]1[C@H]([C@@H](C[C@@H](O1)O[C@@H]2C[C@@](CC3=C2C(=C4C(=C3O)C(=O)C5=C(C4=O)C(=CC=C5)OC)O)(C(=O)CO)O)N)O.[W],1
Isoxsuprine Hydrochloride,CC(COC1=CC=CC=C1)NC(C)C(C2=CC=C(C=C2)O)O.Cl,1
Beta-Carotene,CC1=C(C(CCC1)(C)C)/C=C/C(=C/C=C/C(=C/C=C/C=C(/C=C/C=C(/C=C/C2=C(CCCC2(C)C)C)\C)\C)/C)/C,1
2-Anilino-6-(4-fluorophenyl)-8-methylpteridin-7-one,CN1C2=NC(=NC=C2N=C(C1=O)C3=CC=C(C=C3)F)NC4=CC=CC=C4,1
Benzo[b]furan-2-boronic acid,B(C1=CC2=CC=CC=C2O1)(O)O,1
"2,4,6-Tribromophenol",C1=C(C=C(C(=C1Br)O)Br)Br,1
8-Cyclopropyl-6-(4-methoxyphenyl)-2-morpholin-4-ylpteridin-7-one,COC1=CC=C(C=C1)C2=NC3=CN=C(N=C3N(C2=O)C4CC4)N5CCOCC5,1
"[17-[(E)-5,6-dimethylhept-3-en-2-yl]-4,4,10,13-tetramethyl-1,2,3,9,11,12,14,15,16,17-decahydrocyclopenta[a]phenanthren-3-yl] acetate",CC(C)C(C)/C=C/C(C)C1CCC2C1(CCC3C2=CC=C4C3(CCC(C4(C)C)OC(=O)C)C)C,1
"(3,5-Dimethyl-1,2-oxazol-4-yl)-(2-phenyl-2,7-diazaspiro[3.5]nonan-7-yl)methanone",CC1=C(C(=NO1)C)C(=O)N2CCC3(CC2)CN(C3)C4=CC=CC=C4,1
"1-Propene, 1-chloro-2-methyl-",CC(=CCl)C,1
Glycol monoethyl ether acetate,CCOCCOC(=O)C,1
Lopac-C-5793,CN1C(=NC(=O)C(=N1)[O-])SCC2=C(N3[C@H]([C@@H](C3=O)NC(=O)/C(=N\OC)/C4=CSC(=N4)N)SC2)C(=O)[O-].[Na+].[Na+],1
"3-Methylsulfonyl-9-phenyl-3,9-diazaspiro[5.5]undecane",CS(=O)(=O)N1CCC2(CCN(CC2)C3=CC=CC=C3)CC1,1
"(3aR,5aS,9R,9aR,9bS)-2-cyclohexyl-9-hydroxy-4,5,5a,9,9a,9b-hexahydro-3aH-benzo[e]isoindole-1,3,6-trione",C1CCC(CC1)N2C(=O)[C@@H]3CC[C@H]4[C@H]([C@@H]3C2=O)[C@@H](C=CC4=O)O,1
"trans-(1S,2S)-2-[(9-oxofluoren-2-yl)carbamoyl]cyclohexane-1-carboxylic acid",C1CC[C@@H]([C@H](C1)C(=O)NC2=CC3=C(C=C2)C4=CC=CC=C4C3=O)C(=O)O,1
2-methoxy-8-[[(2R)-oxolan-2-yl]methyl]pteridin-7-one,COC1=NC=C2C(=N1)N(C(=O)C=N2)C[C@H]3CCCO3,1
1-Chloro-1-nitropropane,CCC([N+](=O)[O-])Cl,1
3-[8-(2-Methoxyethyl)-2-morpholin-4-yl-7-oxopteridin-6-yl]benzonitrile,COCCN1C2=NC(=NC=C2N=C(C1=O)C3=CC=CC(=C3)C#N)N4CCOCC4,1
3-(((Pyridin-4-yl)methyl)amino)propan-1-ol,C1=CN=CC=C1CNCCCO,1
(3S)-1-methyl-3-(9H-thioxanthen-9-ylmethyl)piperidine,CN1CCC[C@H](C1)CC2C3=CC=CC=C3SC4=CC=CC=C24,1
1-Chloronaphthalene,C1=CC=C2C(=C1)C=CC=C2Cl,1
"(1-Methylpyrrol-2-yl)-(2-pyridin-4-yl-2,7-diazaspiro[3.5]nonan-7-yl)methanone",CN1C=CC=C1C(=O)N2CCC3(CC2)CN(C3)C4=CC=NC=C4,1
"1-[2-[[3,5-Bis(trifluoromethyl)phenyl]methyl]-2,7-diazaspiro[3.5]nonan-7-yl]-2-methoxyethanone",COCC(=O)N1CCC2(CC1)CN(C2)CC3=CC(=CC(=C3)C(F)(F)F)C(F)(F)F,1
CID 135485437,CC1=C(C(=O)N(N1)C2=CC=C(C=C2)S(=O)(=O)O)N=NC3=CC=CC=C3.[Na],1
Lopac-N-8784,C1C[C@H]2[C@H]3[C@H]([C@@H]1O2)C(=O)OC3=O,1
"3-[(10S)-3,10-dimethyl-3-azoniaspiro[5.5]undecan-3-yl]propyl-trimethylazanium",C[C@H]1CCCC2(C1)CC[N+](CC2)(C)CCC[N+](C)(C)C,1
"(1R,17R)-11,26-dimethoxy-16,16,31-trimethyl-8,24-dioxa-31-aza-16-azoniaheptacyclo[23.6.2.13,7.19,13.119,23.028,32.017,35]hexatriaconta-3(36),4,6,9(35),10,12,19(34),20,22,25,27,32-dodecaene-10,22-diol;chloride;pentahydrate;hydrochloride",CN1CCC2=CC(=C3C=C2[C@H]1CC4=CC(=CC=C4)OC5=C6[C@@H](CC7=CC(=C(C=C7)O)O3)[N+](CCC6=CC(=C5O)OC)(C)C)OC.O.O.O.O.O.Cl.[Cl-],1
"2,6-diamino-5-(1H-imidazol-1-ylmethyl)-4-pyrimidinol",C1=CN(C=N1)CC2=C(N=C(NC2=O)N)N,1
"(6aR)-1,2,10-trimethoxy-6-methyl-5,6,6a,7-tetrahydro-4H-dibenzo[de,g]quinolin-11-ol",CN1CCC2=CC(=C(C3=C2[C@H]1CC4=C3C(=C(C=C4)OC)O)OC)OC,1
Tubaic acid,CC(=C)C1CC2=C(O1)C=CC(=C2O)C(=O)O,1
"(3S,5S,8R,9R,10R,13R,14R,17S)-10,13-dimethyl-17-[3-(trifluoromethyl)-1H-pyrazol-5-yl]-2,3,4,5,6,7,8,9,11,12,14,15,16,17-tetradecahydro-1H-cyclopenta[a]phenanthren-3-ol",C[C@@]12CC[C@@H](C[C@@H]1CC[C@@H]3[C@H]2CC[C@@]4([C@@H]3CC[C@@H]4C5=CC(=NN5)C(F)(F)F)C)O,1
"Spiro[isobenzofuran-1(3H),9'-[9H]xanthen]-3-one, 3,4,5,6-tetraphenyl-3',6'-dihydroxy-",C1=CC=C(C=C1)C2=C(C(=C3C(=C2C4=CC=CC=C4)C(=O)OC35C6=C(C=C(C=C6)O)OC7=C5C=CC(=C7)O)C8=CC=CC=C8)C9=CC=CC=C9,1
2-(3-Chlorophenoxy)-8-(2-methoxyethyl)-6-thiophen-2-ylpteridin-7-one,COCCN1C2=NC(=NC=C2N=C(C1=O)C3=CC=CS3)OC4=CC(=CC=C4)Cl,1
Lopac-B-7880,C1[C@H]2[C@@H]([C@H]([C@@H](O2)N3C4=NC=NC(=C4N=C3Br)N)O)OP(=O)(O1)[O-].[Na+],1
R-(+)-Cotinine,CN1[C@H](CCC1=O)C2=CN=CC=C2,1
"[3-acetyloxy-6-[2-(cyclohexen-1-yl)ethynyl]-3,6-dihydro-2H-pyran-2-yl]methyl acetate",CC(=O)OCC1C(C=CC(O1)C#CC2=CCCCC2)OC(=O)C,1
Mandelonitrile,C1=CC=C(C=C1)C(C#N)O,1
"2-[(1S,2R,3S,4S,5S,6S)-3-(diaminomethylideneamino)-4-[(2S,3R,4R,5S)-3-[(2S,3S,4R,5S,6R)-4,5-dihydroxy-6-(hydroxymethyl)-3-(methylamino)oxan-2-yl]oxy-4-hydroxy-4-(hydroxymethyl)-5-methyloxolan-2-yl]oxy-2,5,6-trihydroxycyclohexyl]guanidine",C[C@H]1[C@@]([C@H]([C@H](O1)O[C@H]2[C@H]([C@@H]([C@@H]([C@@H]([C@@H]2O)O)N=C(N)N)O)N=C(N)N)O[C@H]3[C@H]([C@H]([C@@H]([C@H](O3)CO)O)O)NC)(CO)O,1
"1,3-Dichloropropane",C(CCl)CCl,1
4-Nitrophenethyl alcohol,C1=CC(=CC=C1CCO)[N+](=O)[O-],1
Rofecoxib,CS(=O)(=O)C1=CC=C(C=C1)C2=C(C(=O)OC2)C3=CC=CC=C3,1
"(3S)-2,3-bis(sulfanyl)butanedioic acid",[C@@H](C(C(=O)O)S)(C(=O)O)S,1
"ethyl N-[(Z)-[(3aS,5aR,8R,9S,9aS,9bS)-8,9-dihydroxy-1,3-dioxo-2-[(1S)-1-phenylethyl]-4,5,5a,7,8,9,9a,9b-octahydro-3aH-benzo[e]isoindol-6-ylidene]amino]carbamate",CCOC(=O)N/N=C\1/C[C@H]([C@H]([C@H]2[C@H]1CC[C@H]3[C@H]2C(=O)N(C3=O)[C@@H](C)C4=CC=CC=C4)O)O,1
2-Ethylphenol,CCC1=CC=CC=C1O,1
"3-Hydroxy-4-(1-naphthyldiazenyl)-2,7-naphthalenedisulfonic acid",C1=CC=C2C(=C1)C=CC=C2N=NC3=C4C=CC(=CC4=CC(=C3O)S(=O)(=O)O)S(=O)(=O)O,1
Heptaminol Hydrochloride,CC(CCCC(C)(C)O)N.Cl,1
Bromopride,CCN(CC)CCNC(=O)C1=CC(=C(C=C1OC)N)Br,1
"4-((1,3-Thiazol-2-ylamino)sulfonyl)phenylarsonic acid",C1=CC(=CC=C1S(=O)(=O)NC2=NC=CS2)[As](=O)(O)O,1
"(2S)-2-amino-4-(5-methyl-2,4-dioxopyrimidin-1-yl)butanoic acid",CC1=CN(C(=O)NC1=O)CC[C@@H](C(=O)O)N,1
Citric Acid,C(C(=O)O)C(CC(=O)O)(C(=O)O)O,1
"Guanidine, N,N'''-1,4-butanediylbis-, sulfate",C(CCN=C(N)N)CN=C(N)N.OS(=O)(=O)O,1
"2-[[(4R)-4-[(3S,5R,7S,8R,9R,10R,12R,13R,14S,17R)-3,7,12-trihydroxy-10,13-dimethyl-2,3,4,5,6,7,8,9,11,12,14,15,16,17-tetradecahydro-1H-cyclopenta[a]phenanthren-17-yl]pentanoyl]amino]acetic acid",C[C@H](CCC(=O)NCC(=O)O)[C@H]1CC[C@@H]2[C@@]1([C@@H](C[C@@H]3[C@H]2[C@H](C[C@@H]4[C@]3(CC[C@@H](C4)O)C)O)O)C,1
Aminoguanidine sulfate,C(=NN)(N)N.OS(=O)(=O)O,1
"(5R,10R,13S)-10,13-dimethyl-17-(6-methylheptan-2-yl)-2,3,4,5,6,9,11,12,14,15,16,17-dodecahydro-1H-cyclopenta[a]phenanthren-3-ol",CC(C)CCCC(C)C1CCC2[C@]1(CCC3C2=CC[C@H]4[C@]3(CCC(C4)O)C)C,1
8-Cyclopropyl-6-methyl-2-(4-methylpiperazin-1-yl)pteridin-7-one,CC1=NC2=CN=C(N=C2N(C1=O)C3CC3)N4CCN(CC4)C,1
"(4aR)-3-(cyclopropylmethyl)-4a,9-dihydroxy-2,4,5,6,7a,13-hexahydro-1H-4,12-methanobenzofuro[3,2-e]isoquinolin-7-one",C1CC1CN2CCC34C5C(=O)CC[C@@]3(C2CC6=C4C(=C(C=C6)O)O5)O,1
"(1S,2S,13S,14S,17S,18S)-2,17,18-trimethyl-6,9-diazapentacyclo[11.7.0.02,10.05,9.014,18]icosa-5,10-dien-17-ol",C[C@@]12CCC3=NCCN3C1=CC[C@H]4[C@@H]2CC[C@]5([C@H]4CC[C@]5(C)O)C,1
2-(Dimethylamino)-6-methyl-8-phenylpteridin-7-one,CC1=NC2=CN=C(N=C2N(C1=O)C3=CC=CC=C3)N(C)C,1
Piperidine-4-sulfonic acid,C1CNCCC1S(=O)(=O)O,1
"(2R)-1-(diethylamino)-3-(2,3-dimethyl-6,7,8,9-tetrahydropyrido[3,2-b]azepin-5-yl)propan-2-ol",CCN(CC)C[C@H](CN1CCCCC2=C1C=C(C(=N2)C)C)O,1
N-Formylmethionine Leucyl-Phenylalanine,CC(C)CC(C(=O)NC(CC1=CC=CC=C1)C(=O)O)NC(=O)C(CCSC)NC=O,1
"(3,5-Dimethyl-1,2-oxazol-4-yl)-[9-(3-phenylphenyl)-3,9-diazaspiro[5.5]undecan-3-yl]methanone",CC1=C(C(=NO1)C)C(=O)N2CCC3(CCN(CC3)C4=CC=CC(=C4)C5=CC=CC=C5)CC2,1
"(1S,2S)-1-aminocyclopentane-1,2-dicarboxylic acid",C1C[C@@H]([C@@](C1)(C(=O)O)N)C(=O)O,1
1-(2-(2-Pyridinyl)ethyl)azepane,C1CCCN(CC1)CCC2=CC=CC=N2,1
Methimazole,CN1C=CNC1=S,1
"1H-Inden-2-amine, 2,3-dihydro-5,6-dimethoxy-N,N-dipropyl-",CCCN(CCC)C1CC2=CC(=C(C=C2C1)OC)OC,1
"(1R,5R)-8-[3-(2-chlorophenothiazin-10-yl)propyl]-8-azabicyclo[3.2.1]octan-3-ol;ethanesulfonic acid",CCS(=O)(=O)O.C1C[C@@H]2CC(C[C@@H]1N2CCCN3C4=CC=CC=C4SC5=C3C=C(C=C5)Cl)O,1
(1R)-2-(methylamino)-1-phenylpropan-1-ol;hydrochloride,CC([C@@H](C1=CC=CC=C1)O)NC.Cl,1
N~2~-(1-carboxy-3-phenylpropyl)lysylproline,C1CC(N(C1)C(=O)C(CCCCN)NC(CCC2=CC=CC=C2)C(=O)O)C(=O)O,1
Bilobalide,CC(C)(C)[C@@]1(C[C@H]2[C@@]3([C@]14[C@H](C(=O)O[C@H]4OC3=O)O)CC(=O)O2)O,1
"(2R,3S,4R,5S)-2-[2-amino-6-(3-methyl-5-nitroimidazol-4-yl)selanylpurin-9-yl]-5-(hydroxymethyl)oxolane-3,4-diol",CN1C=NC(=C1[Se]C2=NC(=NC3=C2N=CN3[C@H]4[C@H]([C@H]([C@@H](O4)CO)O)O)N)[N+](=O)[O-],1
"(1R,9R,10E,11R,13R,14S)-14-hydroxy-4-phenyl-10-[(1S)-1-[3-(2,4,6-trimethylphenyl)-1,2-oxazol-5-yl]ethoxy]imino-12-oxa-2,4,6-triazatetracyclo[7.5.0.02,6.011,13]tetradecane-3,5-dione",CC1=CC(=C(C(=C1)C)C2=NOC(=C2)[C@H](C)O/N=C/3\[C@@H]4CCN5C(=O)N(C(=O)N5[C@H]4[C@@H]([C@@H]6[C@@H]3O6)O)C7=CC=CC=C7)C,1
N-Acetyl-alpha-aspartylglutamic acid,CC(=O)NC(CC(=O)O)C(=O)NC(CCC(=O)O)C(=O)O,1
"1-[(3S,8S,9S,10R,13R,14S,17R)-3,17-dihydroxy-10,13-dimethyl-1,2,3,4,7,8,9,11,12,14,15,16-dodecahydrocyclopenta[a]phenanthren-17-yl]-3-(dimethylamino)propan-1-one",C[C@]12CC[C@@H](CC1=CC[C@H]3[C@@H]2CC[C@@]4([C@H]3CC[C@@]4(C(=O)CCN(C)C)O)C)O,1
"Methyl 2-[[3,5-bis(trifluoromethyl)phenyl]methyl]-2,9-diazaspiro[5.5]undecane-9-carboxylate",COC(=O)N1CCC2(CCCN(C2)CC3=CC(=CC(=C3)C(F)(F)F)C(F)(F)F)CC1,1
Propazine,CC(C)NC1=NC(=NC(=N1)Cl)NC(C)C,1
"2,5-Dichloro-3,6-bis(4-methylphenyl)benzo-1,4-quinone",CC1=CC=C(C=C1)C2=C(C(=O)C(=C(C2=O)Cl)C3=CC=C(C=C3)C)Cl,1
"4-N-phenyl-1-N-(2,2,6,6-tetramethylpiperidin-4-yl)benzene-1,4-diamine",CC1(CC(CC(N1)(C)C)NC2=CC=C(C=C2)NC3=CC=CC=C3)C,1
N-[4-(6-chloro-1H-benzimidazol-2-yl)phenyl]acetamide,CC(=O)NC1=CC=C(C=C1)C2=NC3=C(N2)C=C(C=C3)Cl,1
"9-(Methylsulfonyl)-2-(pyrimidin-2-yl)-2,9-diazaspiro[5.5]undecane",CS(=O)(=O)N1CCC2(CCCN(C2)C3=NC=CC=N3)CC1,1
Jwh 015,CCCN1C(=C(C2=CC=CC=C21)C(=O)C3=CC=CC4=CC=CC=C43)C,1
8-(2-Methoxyethyl)-6-methyl-2-morpholin-4-ylpteridin-7-one,CC1=NC2=CN=C(N=C2N(C1=O)CCOC)N3CCOCC3,1
"3-((9-Amino-7-ethoxyacridin-3-yl)diazenyl)pyridine-2,6-diamine",CCOC1=CC2=C(C3=C(C=C(C=C3)N=NC4=C(N=C(C=C4)N)N)N=C2C=C1)N,1
"3-(12H-benzo[a]phenothiazin-12-yl)-N,N-dimethyl-1-propanamine",CN(C)CCCN1C2=CC=CC=C2SC3=C1C4=CC=CC=C4C=C3,1
6-Methylflavonol,CC1=CC2=C(C=C1)OC(=C(C2=O)O)C3=CC=CC=C3,1
"(2R,3R,4R,5S,6S)-3-(1,3-benzodioxol-5-ylmethylideneamino)-6-(hydroxymethyl)oxane-2,4,5-triol",C1OC2=C(O1)C=C(C=C2)C=N[C@@H]3[C@H]([C@@H]([C@@H](O[C@H]3O)CO)O)O,1
"(3R,7Z,9S,10R,17R,18S)-10,18-dimethoxy-3,9,17-trimethyl-1,12-dioxa-4-azacyclononadec-7-ene-2,5,13-trione",C[C@@H]1CCCC(=O)OC[C@@H]([C@H](/C=C\CC(=O)N[C@@H](C(=O)OC[C@H]1OC)C)C)OC,1
"2-anilino-6-(3,5-difluorophenyl)-8-[[(2R)-oxolan-2-yl]methyl]pteridin-7-one",C1C[C@@H](OC1)CN2C3=NC(=NC=C3N=C(C2=O)C4=CC(=CC(=C4)F)F)NC5=CC=CC=C5,1
"(2R)-1-(3,4-dihydro-2H-quinolin-1-yl)-3-[(3R)-3-methylpiperidin-1-yl]propan-2-ol",C[C@@H]1CCCN(C1)C[C@H](CN2CCCC3=CC=CC=C32)O,1
"N,N-dimethyl-4-[4-(piperidin-4-ylamino)pyrimidin-5-yl]benzamide",CN(C)C(=O)C1=CC=C(C=C1)C2=CN=CN=C2NC3CCNCC3,1
"methyl 2-[(4aR)-1-hydroxy-7-(hydroxymethyl)-1,4a,5,7a-tetrahydrocyclopenta[c]pyran-4-yl]acetate",COC(=O)CC1=COC(C2[C@H]1CC=C2CO)O,1
"[(6aS,6bR,8aR,14bR)-4,4,6a,6b,8a,11,11,14b-octamethyl-1,2,3,4a,5,6,7,8,9,10,12,12a,14,14a-tetradecahydropicen-3-yl] acetate",CC(=O)OC1CC[C@]2(C(C1(C)C)CC[C@]3(C2CC=C4[C@@]3(CC[C@@]5(C4CC(CC5)(C)C)C)C)C)C,1
N-(2-(acetylamino)-8-(hydroxymethyl)-9H-purin-6-yl)acetamide,CC(=O)NC1=NC(=NC2=C1NC(=N2)CO)NC(=O)C,1
"(1S,5S,13R,17R)-4,5,9,9,13,19,20-heptamethyl-24-oxahexacyclo[15.5.2.01,18.04,17.05,14.08,13]tetracos-15-ene-10,23-dione",CC1CC[C@]23CCC4([C@]5(CCC6[C@](C5C=C[C@]4(C2C1C)OC3=O)(CCC(=O)C6(C)C)C)C)C,1
3-[2-(3-Chlorophenoxy)-8-cyclopropyl-7-oxopteridin-6-yl]benzonitrile,C1CC1N2C3=NC(=NC=C3N=C(C2=O)C4=CC=CC(=C4)C#N)OC5=CC(=CC=C5)Cl,1
(2R)-2-(1-hydroxy-4-methylcyclohexyl)-2-phenylpropanoic acid,CC1CCC(CC1)([C@@](C)(C2=CC=CC=C2)C(=O)O)O,1
Levodropropizine,C1CN(CCN1C[C@@H](CO)O)C2=CC=CC=C2,1
Prestwick-07A03,CN(C)CCN1C(=NN=N1)SCC2=C(N3[C@H]([C@@H](C3=O)NC(=O)CC4=CSC(=N4)N)SC2)C(=O)O,1
Tolmetin sodium dihydrate,CC1=CC=C(C=C1)C(=O)C2=CC=C(N2C)CC(=O)[O-].O.O.[Na+],1
m-(Trifluoromethyl)nitrobenzene,C1=CC(=CC(=C1)[N+](=O)[O-])C(F)(F)F,1
Sulindac,CC\1=C(C2=C(/C1=C\C3=CC=C(C=C3)S(=O)C)C=CC(=C2)F)CC(=O)O,1
4-((((Amino(imino)methyl)amino)(imino)methyl)amino)benzenesulfonamide,C1=CC(=CC=C1N=C(N)N=C(N)N)S(=O)(=O)N,1
Fumaric Acid,C(=C/C(=O)O)\C(=O)O,1
"[9-(3-Phenylphenyl)-3,9-diazaspiro[5.5]undecan-3-yl]-pyrazin-2-ylmethanone",C1CN(CCC12CCN(CC2)C(=O)C3=NC=CN=C3)C4=CC=CC(=C4)C5=CC=CC=C5,1
D-Alanine,C[C@H](C(=O)O)N,1
Lopac-H-3146,C1C[C@H](C2=C(C3=CC=CC=C3N=C2C1)N)O,1
"benzyl N-[(Z)-[(3aS,5aR,8R,9S,9aS,9bS)-8,9-dihydroxy-1,3-dioxo-2-[[(2S)-oxolan-2-yl]methyl]-4,5,5a,7,8,9,9a,9b-octahydro-3aH-benzo[e]isoindol-6-ylidene]amino]carbamate",C1C[C@H](OC1)CN2C(=O)[C@H]3CC[C@@H]\4[C@@H]([C@@H]3C2=O)[C@@H]([C@@H](C/C4=N/NC(=O)OCC5=CC=CC=C5)O)O,1
"(5S,10R,13R,14R)-5,14-dihydroxy-3-(5-hydroxy-4-methoxy-6-methyloxan-2-yl)oxy-13-methyl-17-(5-oxo-2H-furan-3-yl)-2,3,4,6,7,8,9,11,12,15,16,17-dodecahydro-1H-cyclopenta[a]phenanthrene-10-carbaldehyde",CC1C(C(CC(O1)OC2CC[C@]3(C4CC[C@@]5(C(CC[C@]5(C4CC[C@@]3(C2)O)O)C6=CC(=O)OC6)C)C=O)OC)O,1
2-[(1-Naphthylmethyl)thio]acetic acid,C1=CC=C2C(=C1)C=CC=C2CSCC(=O)O,1
"(3S,7Z,9R,10S,14R,18Z,20R,21S)-3-benzyl-10,21-dimethoxy-9,14,20-trimethyl-1,12-dioxa-4,15-diazacyclodocosa-7,18-diene-2,5,13,16-tetrone",C[C@@H]1/C=C\CC(=O)N[C@@H](C(=O)OC[C@H]([C@@H](/C=C\CC(=O)N[C@H](C(=O)OC[C@H]1OC)CC2=CC=CC=C2)C)OC)C,1
"1,4-Dihydro-3-(1,2,3,6-tetrahydro-4-pyridinyl)-5H-pyrrolo(3,2-b)pyridin-5-one",C1CNCC=C1C2=CNC3=C2NC(=O)C=C3,1
2-(Dimethylamino)-8-[(4-fluorophenyl)methyl]-6-phenylpteridin-7-one,CN(C)C1=NC=C2C(=N1)N(C(=O)C(=N2)C3=CC=CC=C3)CC4=CC=C(C=C4)F,1
3-[2-Anilino-6-(4-methoxyphenyl)-7-oxopteridin-8-yl]propanenitrile,COC1=CC=C(C=C1)C2=NC3=CN=C(N=C3N(C2=O)CCC#N)NC4=CC=CC=C4,1
"5-hydroxy-2-(4-methoxyphenyl)-7-[(2S)-3,4,5-trihydroxy-6-[[(3S)-3,4,5-trihydroxy-6-methyloxan-2-yl]oxymethyl]oxan-2-yl]oxychromen-4-one",CC1C(C([C@@H](C(O1)OCC2C(C(C([C@@H](O2)OC3=CC(=C4C(=C3)OC(=CC4=O)C5=CC=C(C=C5)OC)O)O)O)O)O)O)O,1
"(3S,8S,9S,10R,13R,14S,17S)-17-[bis(2-hydroxyethyl)amino]-10,13-dimethyl-2,3,4,7,8,9,11,12,14,15,16,17-dodecahydro-1H-cyclopenta[a]phenanthren-3-ol",C[C@@]12CC[C@H]3[C@@H]([C@@H]1CC[C@@H]2N(CCO)CCO)CC=C4[C@@]3(CC[C@@H](C4)O)C,1
3-[2-(Dimethylamino)-6-(4-fluorophenyl)-7-oxopteridin-8-yl]propanenitrile,CN(C)C1=NC=C2C(=N1)N(C(=O)C(=N2)C3=CC=C(C=C3)F)CCC#N,1
"2',3'-Dideoxy-3'-thiacytidine",C1[C@@H](O[C@@H](S1)CO)N2C=CC(=NC2=O)N,1
Tricaprylin,CCCCCCCC(=O)OCC(COC(=O)CCCCCCC)OC(=O)CCCCCCC,1
"9-acetyl-N-(4-methoxyphenyl)-2,9-diazaspiro[5.5]undecane-2-carboxamide",CC(=O)N1CCC2(CCCN(C2)C(=O)NC3=CC=C(C=C3)OC)CC1,1
N-Phenylanthranilic Acid,C1=CC=C(C=C1)NC2=CC=CC=C2C(=O)O,1
"(3S)-3'-[(N-benzylanilino)methyl]spiro[1-azabicyclo[2.2.2]octane-3,5'-imidazolidine]-2',4'-dione",C1CN2CCC1[C@]3(C2)C(=O)N(C(=O)N3)CN(CC4=CC=CC=C4)C5=CC=CC=C5,1
Warfarin,CC(=O)CC(C1=CC=CC=C1)C2=C(C3=CC=CC=C3OC2=O)O,1
Plumbagin,CC1=CC(=O)C2=C(C1=O)C=CC=C2O,1
Isopentenyladenine,CC(=CCNC1=NC=NC2=C1NC=N2)C,1
"(4S)-3,4,5-trihydroxycyclohexene-1-carboxylic acid",C1C([C@@H](C(C=C1C(=O)O)O)O)O,1
2-(3-Methoxyanilino)-8-methyl-6-(2-phenylethyl)pteridin-7-one,CN1C2=NC(=NC=C2N=C(C1=O)CCC3=CC=CC=C3)NC4=CC(=CC=C4)OC,1
2-(Ethylamino)-6-(4-fluorophenyl)-8-[(4-fluorophenyl)methyl]pteridin-7-one,CCNC1=NC=C2C(=N1)N(C(=O)C(=N2)C3=CC=C(C=C3)F)CC4=CC=C(C=C4)F,1
"[(1S,2R,4R,5'S,6R,7R,8R,9R,12S,13S,16S)-5',7,9,13-tetramethylspiro[5-oxapentacyclo[10.8.0.02,9.04,8.013,18]icos-18-ene-6,2'-piperidine]-16-yl] acetate",C[C@H]1CC[C@@]2([C@@H]([C@H]3[C@H](O2)C[C@H]4[C@]3(CC[C@H]5[C@H]4CC=C6[C@]5(CC[C@@H](C6)OC(=O)C)C)C)C)NC1,1
"Methyl 9-pyrimidin-2-yl-3,9-diazaspiro[5.5]undecane-3-carboxylate",COC(=O)N1CCC2(CCN(CC2)C3=NC=CC=N3)CC1,1
3-(3-Dimethylaminopropyl)pyridine,CN(C)CCCC1=CN=CC=C1,1
(-)-Valerenic acid,C[C@@H]1CC[C@H](C2=C(CC[C@H]12)C)/C=C(\C)/C(=O)O,1
Tocris-0111,CC(C)[C@@H]1CN[C@@H]([C@@H]1CC(=O)O)C(=O)O,1
5-Chloro-8-hydroxyquinoline,C1=CC2=C(C=CC(=C2N=C1)O)Cl,1
"(2S,5S,6S)-6-amino-3,3-dimethyl-7-oxo-4-thia-1-azabicyclo[3.2.0]heptane-2-carboxylic acid",CC1([C@@H](N2[C@@H](S1)[C@H](C2=O)N)C(=O)O)C,1
"1,3-Dinitrobenzene",C1=CC(=CC(=C1)[N+](=O)[O-])[N+](=O)[O-],1
2-Anilino-8-cyclopropyl-6-(4-fluorophenyl)pteridin-7-one,C1CC1N2C3=NC(=NC=C3N=C(C2=O)C4=CC=C(C=C4)F)NC5=CC=CC=C5,1
6-Aminonicotinamide,C1=CC(=NC=C1C(=O)N)N,1
"(1-Methylpyrrol-2-yl)-[9-(3-phenylphenyl)-3,9-diazaspiro[5.5]undecan-3-yl]methanone",CN1C=CC=C1C(=O)N2CCC3(CCN(CC3)C4=CC=CC(=C4)C5=CC=CC=C5)CC2,1
Deferiprone,CC1=C(C(=O)C=CN1C)O,1
Tocris-0693,CC(=O)O[C@H]1C[C@H]2CC[C@H]3[C@@H]([C@]2(C[C@@H]1[N+]4(CCCCC4)C)C)CC[C@@]5([C@@H]3C[C@H]([C@H]5OC(=O)C)[N+]6(CCCCC6)C)C,1
"(2R,3R)-2-amino-3-(4-chlorophenyl)pentanedioic acid",C1=CC(=CC=C1[C@@H](CC(=O)O)[C@H](C(=O)O)N)Cl,1
Mrs 2219,CC1=NC=C2COP(=O)(OCC2=C1O)O,1
"sodium (2S,5R,6R)-6-[[(2S)-2-[(4-ethyl-2,3-dioxopiperazine-1-carbonyl)amino]-2-phenylacetyl]amino]-3,3-dimethyl-7-oxo-4-thia-1-azabicyclo[3.2.0]heptane-2-carboxylate",CCN1CCN(C(=O)C1=O)C(=O)N[C@@H](C2=CC=CC=C2)C(=O)N[C@H]3[C@@H]4N(C3=O)[C@H](C(S4)(C)C)C(=O)[O-].[Na+],1
trimethyl-[(Z)-(2-methyl-1-phenylpropylidene)amino]azanium,CC(C)/C(=N/[N+](C)(C)C)/C1=CC=CC=C1,1
"methyl (1S,14R,15R,18R)-15-ethyl-17-methyl-12-oxo-10,17-diazatetracyclo[12.3.1.03,11.04,9]octadeca-3(11),4,6,8-tetraene-18-carboxylate",CC[C@H]1CN([C@H]2CC3=C(C(=O)C[C@H]1[C@H]2C(=O)OC)NC4=CC=CC=C34)C,1
"2,4-Decadienal",CCCCC/C=C/C=C/C=O,1
2-pent-2-ynoxy-N-phenylacetamide,CCC#CCOCC(=O)NC1=CC=CC=C1,1
N-[2-[[2-[2-[(dimethylamino)methyl]phenyl]quinazolin-4-yl]amino]ethyl]acetamide,CC(=O)NCCNC1=NC(=NC2=CC=CC=C21)C3=CC=CC=C3CN(C)C,1
2-methoxy-10-[2-[(2R)-1-methylpiperidin-2-yl]ethyl]phenothiazine,CN1CCCC[C@@H]1CCN2C3=CC=CC=C3SC4=C2C=C(C=C4)OC,1
2-(Dimethylamino)-8-methylpteridin-7-one,CN1C(=O)C=NC2=CN=C(N=C21)N(C)C,1
"Isothiourea, 2,4-dinitro-",C1=CC=C2C(=C1)C(=CC=C2Cl)CSC(=N)N.C1=CC(=C(C=C1[N+](=O)[O-])[N+](=O)[O-])O,1
"6-(4-bromophenyl)-3-[(4-tert-butylphenoxy)methyl]-7-methyl-4,6,7,8,9,9a-hexahydro-3H-pyrido[2,1-c][1,4]oxazin-1-one",CC1CCC2C(=O)OC(CN2C1C3=CC=C(C=C3)Br)COC4=CC=C(C=C4)C(C)(C)C,1
L-Aspartic Acid,C([C@@H](C(=O)O)N)C(=O)O,1
N-allyl-9H-purine-6-sulfonamide,C=CCNS(=O)(=O)C1=NC=NC2=C1NC=N2,1
"methyl (1R,21R,22S,23R,24R)-23-(dimethylamino)-4,8,22,24-tetrahydroxy-1,12,21-trimethyl-6,17-dioxo-20,25-dioxahexacyclo[19.3.1.02,19.05,18.07,16.09,14]pentacosa-2,4,7(16),8,10,12,14,18-octaene-13-carboxylate",CC1=C(C2=CC3=C(C(=C2C=C1)O)C(=O)C4=C(C=C5C(=C4C3=O)O[C@]6([C@H]([C@@H]([C@H]([C@@]5(O6)C)O)N(C)C)O)C)O)C(=O)OC,1
"Methanaminium, 1-carboxy-N,N,N-trimethyl-, chloride",C[N+](C)(C)CC(=O)[O-].Cl,1
"(10R,13S,14R)-17-[1-(3,4-dihydroxy-5,5-dimethyloxolan-2-yl)ethyl]-4,4,10,13,14-pentamethyl-1,2,5,6,9,11,12,15,16,17-decahydrocyclopenta[a]phenanthren-3-one",CC(C1CC[C@@]2([C@]1(CCC3C2=CCC4[C@@]3(CCC(=O)C4(C)C)C)C)C)C5C(C(C(O5)(C)C)O)O,1
4-Nitro-m-xylene,CC1=CC(=C(C=C1)[N+](=O)[O-])C,1
(2S)-2-[(2-amino-7H-purin-6-yl)sulfanyl]-3-methylbutanoic acid,CC(C)[C@@H](C(=O)O)SC1=NC(=NC2=C1NC=N2)N,1
"7-[(3R)-4,5-dihydroxy-6-(hydroxymethyl)-3-[(2S)-3,4,5-trihydroxy-6-methyloxan-2-yl]oxyoxan-2-yl]oxy-5-hydroxy-2-(4-hydroxyphenyl)chromen-4-one",CC1C(C(C([C@@H](O1)O[C@@H]2C(C(C(OC2OC3=CC(=C4C(=C3)OC(=CC4=O)C5=CC=C(C=C5)O)O)CO)O)O)O)O)O,1
1-(6-Phenyl-5-azaspiro[2.4]heptan-5-yl)ethanone,CC(=O)N1CC2(CC2)CC1C3=CC=CC=C3,1
"Hexahydro-3a,7a-dimethyl-4,7-epoxyisobenzofuran-1,3-dione",CC12C3CCC(C1(C(=O)OC2=O)C)O3,1
6-(4-Fluorophenyl)-8-(4-methoxyphenyl)-2-morpholin-4-ylpteridin-7-one,COC1=CC=C(C=C1)N2C3=NC(=NC=C3N=C(C2=O)C4=CC=C(C=C4)F)N5CCOCC5,1
2-(2-methoxyphenyl)-N-piperidin-4-ylpyrimidin-4-amine,COC1=CC=CC=C1C2=NC=CC(=N2)NC3CCNCC3,1
(2S)-2-methylsulfanylbutanedioic acid,CS[C@@H](CC(=O)O)C(=O)O,1
2-[[9-[5-(Diethylamino)pentan-2-yl]-2-methyl-8-phenylpurin-6-yl]amino]ethanol,CCN(CC)CCCC(C)N1C(=NC2=C(N=C(N=C21)C)NCCO)C3=CC=CC=C3,1
(-)-Rolipram,COC1=C(C=C(C=C1)[C@H]2CC(=O)NC2)OC3CCCC3,1
Tocris-1959,CC(C)[C@H]1[C@H]2[C@H](CCN2C(=O)/C=C\CN3CCCCC3)N(C1=O)S(=O)(=O)C,1
"N-(piperidin-1-yl)-1-(2,4-dichlorophenyl)-5-(4-iodophenyl)-4-methyl-1H-pyrazole-3-carboxamide",CC1=C(N(N=C1C(=O)NN2CCCCC2)C3=C(C=C(C=C3)Cl)Cl)C4=CC=C(C=C4)I,1
"(2S,3S,4R,5S)-2-(7-amino-[1,2]thiazolo[4,5-d]pyrimidin-3-yl)-5-(hydroxymethyl)oxolane-3,4-diol",C1=NC2=C(C(=N1)N)SN=C2[C@H]3[C@H]([C@H]([C@@H](O3)CO)O)O,1
"(2Z)-1,3-Dichloro-2-butene",C/C(=C/CCl)/Cl,1
"Phenyl 2-benzhydryl-2,7-diazaspiro[3.5]nonane-7-carboxylate",C1CN(CCC12CN(C2)C(C3=CC=CC=C3)C4=CC=CC=C4)C(=O)OC5=CC=CC=C5,1
"(9-Benzyl-3,9-diazaspiro[5.5]undecan-3-yl)-pyrazin-2-ylmethanone",C1CN(CCC12CCN(CC2)C(=O)C3=NC=CN=C3)CC4=CC=CC=C4,1
(+)-Gibberellic Acid,C[C@@]12[C@H](C=C[C@@]3([C@@H]1[C@@H]([C@]45[C@H]3CC[C@](C4)(C(=C)C5)O)C(=O)O)OC2=O)O,1
"[(8R,9S,13R,14R)-13-methyl-17-oxo-7,8,9,11,12,14,15,16-octahydro-6H-cyclopenta[a]phenanthren-3-yl] hydrogen sulfate",C[C@@]12CC[C@H]3[C@H]([C@H]1CCC2=O)CCC4=C3C=CC(=C4)OS(=O)(=O)O,1
2-Oxopropyl 2-(methylamino)benzoate,CC(=O)COC(=O)C1=CC=CC=C1NC,1
Methyltestosterone,C[C@]12CCC(=O)C=C1CC[C@@H]3[C@@H]2CC[C@]4([C@H]3CC[C@]4(C)O)C,1
"6-(3,5-Difluorophenyl)-8-(2-methoxyethyl)-2-(4-methylpiperazin-1-yl)pteridin-7-one",CN1CCN(CC1)C2=NC=C3C(=N2)N(C(=O)C(=N3)C4=CC(=CC(=C4)F)F)CCOC,1
"(2R,5S,6S)-5-methyl-6-[4-(2-phenylethynyl)phenyl]piperidine-2-carboxylic acid",C[C@H]1CC[C@@H](N[C@@H]1C2=CC=C(C=C2)C#CC3=CC=CC=C3)C(=O)O,1
"(1S,2S,3S,7R,8R,9R,10R,14S)-5,12-bis(thiomorpholin-4-ylmethyl)-5,12-diazapentacyclo[7.5.2.02,8.03,7.010,14]hexadec-15-ene-4,6,11,13-tetrone",C1CSCCN1CN2C(=O)[C@@H]3[C@@H]4C=C[C@H]([C@@H]3C2=O)[C@H]5[C@@H]4[C@@H]6[C@H]5C(=O)N(C6=O)CN7CCSCC7,1
"Pyrazin-2-yl-(9-pyridin-4-yl-3,9-diazaspiro[5.5]undecan-3-yl)methanone",C1CN(CCC12CCN(CC2)C(=O)C3=NC=CN=C3)C4=CC=NC=C4,1
Tocris-0750,C[C@H](C1=CC=C(C=C1)Br)C(=O)OC2C[C@H]3CC[C@@H](C2)N3C,1
"1,4,5-Naphthalenetriol",C1=CC2=C(C=CC(=C2C(=C1)O)O)O,1
Sulfadiazine,C1=CN=C(N=C1)NS(=O)(=O)C2=CC=C(C=C2)N,1
"4-Hydroxy-1-methyl-2-oxo-1,2-dihydropyridine-3-carbonitrile",CN1C=CC(=C(C1=O)C#N)O,1
Cantharidin,C[C@@]12[C@H]3CC[C@@H]([C@@]1(C(=O)OC2=O)C)O3,1
Digoxin,C[C@@H]1[C@H]([C@H](C[C@@H](O1)O[C@@H]2[C@H](O[C@H](C[C@@H]2O)O[C@@H]3[C@H](O[C@H](C[C@@H]3O)O[C@H]4CC[C@]5([C@@H](C4)CC[C@@H]6[C@@H]5C[C@H]([C@]7([C@@]6(CC[C@@H]7C8=CC(=O)OC8)O)C)O)C)C)C)O)O,1
4-((1H-benzimidazol-2-ylmethyl)amino)benzenesulfonamide,C1=CC=C2C(=C1)NC(=N2)CNC3=CC=C(C=C3)S(=O)(=O)N,1
D-Triiodothyronine,C1=CC(=C(C=C1OC2=C(C=C(C=C2I)C[C@H](C(=O)O)N)I)I)O,1
Mefexamide,CCN(CC)CCNC(=O)COC1=CC=C(C=C1)OC,1
2-Anilino-8-[(4-fluorophenyl)methyl]-6-methylpteridin-7-one,CC1=NC2=CN=C(N=C2N(C1=O)CC3=CC=C(C=C3)F)NC4=CC=CC=C4,1
"(15S,16S)-16-(cyclopropylmethylcarbamoyl)tetracyclo[6.6.2.02,7.09,14]hexadeca-2,4,6,9,11,13-hexaene-15-carboxylic acid",C1CC1CNC(=O)[C@@H]2[C@H](C3C4=CC=CC=C4C2C5=CC=CC=C35)C(=O)O,1
2-Anilino-6-(4-fluorophenyl)-8-(thiophen-2-ylmethyl)pteridin-7-one,C1=CC=C(C=C1)NC2=NC=C3C(=N2)N(C(=O)C(=N3)C4=CC=C(C=C4)F)CC5=CC=CS5,1
Lopac-A-9755,C[C@]12CC[C@@H](C[C@@H]1CC[C@H]3[C@H]2CC[C@]4([C@H]3CCC4=O)C)O,1
Y 26763,CC(=O)N([C@H]1[C@@H](C(OC2=C1C=C(C=C2)C#N)(C)C)O)O,1
Tetrandrine,CN1CCC2=CC(=C3C=C2[C@@H]1CC4=CC=C(C=C4)OC5=C(C=CC(=C5)C[C@H]6C7=C(O3)C(=C(C=C7CCN6C)OC)OC)OC)OC,1
"2-[(1R,3R)-3-[(Z)-N-hydroxy-C-methylcarbonimidoyl]-2,2-dimethylcyclobutyl]acetic acid",C/C(=N/O)/[C@@H]1C[C@@H](C1(C)C)CC(=O)O,1
"N,N-dimethyl-2-[2-(trifluoromethyl)phenyl]pyrimidin-4-amine",CN(C)C1=NC(=NC=C1)C2=CC=CC=C2C(F)(F)F,1
Acdpp hydrochloride,CN(C)C1=NC(=C(N=C1Cl)C(=O)NC2=CN=CC=C2)N.Cl,1
"4-(1,3-Benzothiazol-2-ylsulfanyl)butanoic acid",C1=CC=C2C(=C1)N=C(S2)SCCCC(=O)O,1
Cyclopentane,C1CCCC1,1
Salicylamide,C1=CC=C(C(=C1)C(=O)N)O,1
"2-Prop-1-en-2-yl-2,3-dihydropyrano[2,3-g][1,4]benzodioxin-7-one",CC(=C)C1COC2=C(O1)C=C3C=CC(=O)OC3=C2,1
"(1R,11S,12E,17R)-12-ethylidene-8,14-diazapentacyclo[9.5.2.01,9.02,7.014,17]octadeca-2,4,6,9-tetraene-10-carbaldehyde",C/C=C\1/CN2CC[C@@]34[C@H]2C[C@@H]1C(=C3NC5=CC=CC=C45)C=O,1
Azanide;copper;isothiocyanic acid;quinoline;thiocyanic acid,C1=CC=C2C(=C1)C=CC=N2.C(=N)=S.C(=N)=S.C(#N)S.[NH2-].[NH2-].[NH2-].[NH2-].[Cu],1
S-benzyl-L-cysteine,C1=CC=C(C=C1)CSC[C@@H](C(=O)O)N,1
(+-)-alpha-Pinene,CC1=CCC2CC1C2(C)C,1
"1-Carboxy-7-(dimethylamino)-3,4-dihydroxyphenoxazin-5-ium",CN(C)C1=CC2=C(C=C1)[NH+]=C3C(=CC(=O)C(=C3O2)O)C(=O)O,1
"1-{[3-(4-Chlorophenyl)-1,2,4-oxadiazol-5-yl]methyl}piperidine",C1CCN(CC1)CC2=NC(=NO2)C3=CC=C(C=C3)Cl,1
"1-(2-(3,4-Dichlorophenyl)ethyl)-4-methylpiperazine",CN1CCN(CC1)CCC2=CC(=C(C=C2)Cl)Cl,1
(3-endo)-8-Methyl-8-azabicyclo(3.2.1)oct-3-yl 4-hydroxy-3-methoxybenzoate,CN1[C@@H]2CC[C@H]1CC(C2)OC(=O)C3=CC(=C(C=C3)O)OC,1
2-Anilino-8-(2-phenylethyl)pteridin-7-one,C1=CC=C(C=C1)CCN2C(=O)C=NC3=CN=C(N=C32)NC4=CC=CC=C4,1
"ethyl N-[(Z)-[(3aS,5aR,8R,9S,9aS,9bS)-2-tert-butyl-8,9-dihydroxy-1,3-dioxo-4,5,5a,7,8,9,9a,9b-octahydro-3aH-benzo[e]isoindol-6-ylidene]amino]carbamate",CCOC(=O)N/N=C\1/C[C@H]([C@H]([C@H]2[C@H]1CC[C@H]3[C@H]2C(=O)N(C3=O)C(C)(C)C)O)O,1
Tryptamine,C1=CC=C2C(=C1)C(=CN2)CCN,1
"methyl (2R,5R)-5-benzyl-5-(2-methoxyethylcarbamoyl)-2-methyl-2H-pyrrole-1-carboxylate",C[C@@H]1C=C[C@](N1C(=O)OC)(CC2=CC=CC=C2)C(=O)NCCOC,1
"(1R,9R,10E,11R,13R,14S)-10-[(2R,3R)-2,4-dimethyl-3-phenylmethoxypentoxy]imino-14-hydroxy-4-phenyl-12-oxa-2,4,6-triazatetracyclo[7.5.0.02,6.011,13]tetradecane-3,5-dione",C[C@H](CO/N=C/1\[C@@H]2CCN3C(=O)N(C(=O)N3[C@H]2[C@@H]([C@@H]4[C@@H]1O4)O)C5=CC=CC=C5)[C@@H](C(C)C)OCC6=CC=CC=C6,1
"[(1S,5R,8S,13R,16S)-8-acetyloxy-11-ethyl-5,7,14-trihydroxy-6,16,18-trimethoxy-13-(methoxymethyl)-11-azahexacyclo[7.7.2.12,5.01,10.03,8.013,17]nonadecan-4-yl] benzoate",CCN1C[C@@]2(C(C[C@@H]([C@@]34C2C(C(C31)[C@]5(C6C4C[C@@](C6OC(=O)C7=CC=CC=C7)(C(C5O)OC)O)OC(=O)C)OC)OC)O)COC,1
Alendronic Acid,C(CC(O)(P(=O)(O)O)P(=O)(O)O)CN,1
"Ethanone, 1-[9-(phenylmethyl)-3,9-diazaspiro[5.5]undec-3-yl]-",CC(=O)N1CCC2(CCN(CC2)CC3=CC=CC=C3)CC1,1
SDZ 205-557 hydrochloride,CCN(CC)CCOC(=O)C1=CC(=C(C=C1OC)N)Cl.Cl,1
"3,5-Pyridinedicarboxylic acid",C1=C(C=NC=C1C(=O)O)C(=O)O,1
"[2-(2-Methylpropyl)-2,7-diazaspiro[3.5]nonan-7-yl]-pyridin-4-ylmethanone",CC(C)CN1CC2(C1)CCN(CC2)C(=O)C3=CC=NC=C3,1
Tocris-0615,C1=CC=C(C=C1)C2=CC=C(C=C2)[C@H]3[C@@H](O3)C(=O)C4=CC=CC=C4,1
"1H-Isoindole-1,3(2H)-dione,2-[[(6-methoxy-2-benzothiazolyl)amino]methyl]-",COC1=CC2=C(C=C1)N=C(S2)NCN3C(=O)C4=CC=CC=C4C3=O,1
4-[(E)-(3-carboxy-4-oxonaphthalen-1-ylidene)-phenylmethyl]-1-hydroxynaphthalene-2-carboxylic acid,C1=CC=C(C=C1)/C(=C\2/C=C(C(=O)C3=CC=CC=C32)C(=O)O)/C4=CC(=C(C5=CC=CC=C54)O)C(=O)O,1
"3,3-Dimethyl-7-oxo-6-{2-[(2-oxoimidazolidinyl)carbonylamino]-2-phenylacetylami no}-4-thia-1-azabicyclo[3.2.0]heptane-2-carboxylic acid, sodium salt",CC1(C(N2C(S1)C(C2=O)NC(=O)C(C3=CC=CC=C3)NC(=O)N4CCNC4=O)C(=O)[O-])C.[Na+],1
Eticlopride,CCC1=CC(=C(C(=C1O)C(=O)NC[C@@H]2CCCN2CC)OC)Cl,1
"6,7-Dimethoxy-1-methyl-1,2,3,4-tetrahydroisoquinoline",CC1C2=CC(=C(C=C2CCN1)OC)OC,1
"N1-(2-(3,4-Dichlorophenyl)ethyl)-N1,N2,N2-trimethyl-1,2-ethanediamine",CN(C)CCN(C)CCC1=CC(=C(C=C1)Cl)Cl,1
1-[N'-[6-[[amino-[[N'-[(2S)-2-ethylhexyl]carbamimidoyl]amino]methylidene]amino]hexyl]carbamimidoyl]-2-[(2S)-2-ethylhexyl]guanidine,CCCC[C@H](CC)CN=C(N)NC(=NCCCCCCN=C(N)NC(=NC[C@@H](CC)CCCC)N)N,1
8-Cyclopropyl-6-phenylpteridin-7-one,C1CC1N2C3=NC=NC=C3N=C(C2=O)C4=CC=CC=C4,1
5-Aminovaleric acid,C(CCN)CC(=O)O,1
1-acetyl-N-(2-methoxyethyl)-5-methyl-2H-pyrrole-5-carboxamide,CC(=O)N1CC=CC1(C)C(=O)NCCOC,1
"(4-Methoxyphenyl)-(9-phenyl-3,9-diazaspiro[5.5]undecan-3-yl)methanone",COC1=CC=C(C=C1)C(=O)N2CCC3(CCN(CC3)C4=CC=CC=C4)CC2,1
Acetohydroxamic Acid,CC(=O)NO,1
"1-(9-Phenyl-3,9-diazaspiro[5.5]undecan-3-yl)ethanone",CC(=O)N1CCC2(CCN(CC2)C3=CC=CC=C3)CC1,1
Dihydropiplartine,COC1=CC(=CC(=C1OC)OC)/C=C/C(=O)N2CCCCC2=O,1
"[(2R,15S,16R)-15-acetyl-9-chloro-2,16-dimethyl-6-oxo-15-pentacyclo[9.7.0.02,8.03,5.012,16]octadeca-7,9-dienyl] acetate",CC(=O)[C@@]1(CCC2[C@]1(CCC3C2C=C(C4=CC(=O)C5CC5[C@@]34C)Cl)C)OC(=O)C,1
Tyrphostin A46,C1=CC(=C(C=C1/C=C(\C#N)/C(=O)N)O)O,1
4-(Methylthio)benzaldehyde,CSC1=CC=C(C=C1)C=O,1
Diuron,CN(C)C(=O)NC1=CC(=C(C=C1)Cl)Cl,1
"4-[(2S,5R)-6-(6-chloro-3-pyridinyl)-2-phenyl-3-[[4-(trifluoromethyl)phenyl]methyl]-3-azatricyclo[5.1.1.01,5]nonan-7-yl]benzonitrile",C1[C@@H]2C(C3(CC2(C3)[C@H](N1CC4=CC=C(C=C4)C(F)(F)F)C5=CC=CC=C5)C6=CC=C(C=C6)C#N)C7=CN=C(C=C7)Cl,1
Lopac-W-104,C[C@]12CC[C@H]3[C@@H]([C@@H]1CC[C@]2(C#N)O)CCC4=CC5=NC6=NC7=CC=CC=C7N6C=C5C[C@]34C,1
Amperozide,CCNC(=O)N1CCN(CC1)CCCC(C2=CC=C(C=C2)F)C3=CC=C(C=C3)F,1
Ro 16-6491,C1=CC(=CC=C1C(=O)NCCN)Cl,1
"Propanimidamide, 2,2'-(1,2-diazenediyl)bis[2-methyl-, hydrochloride (1:?)",CC(C)(C(=N)N)N=NC(C)(C)C(=N)N.Cl,1
Phenytoin,C1=CC=C(C=C1)C2(C(=O)NC(=O)N2)C3=CC=CC=C3,1
Lopac-P-9297,C1[C@H]([C@H]([C@H]([C@@H]([C@H]1N)O[C@H]2[C@H]([C@H]([C@H]([C@@H](O2)CO)O)O)N)O[C@H]3[C@@H]([C@@H]([C@@H](O3)CO)O[C@H]4[C@@H]([C@@H]([C@@H]([C@@H](O4)CN)O)O)N)O)O)N,1
Bendiocarb,CC1(OC2=C(O1)C(=CC=C2)OC(=O)NC)C,1
"(4aS,6aR,6bS,12aR)-10-acetyloxy-2,2,6a,6b,9,9,12a-heptamethyl-1,3,4,5,6,6a,7,8,8a,10,11,12,13,14b-tetradecahydropicene-4a-carboxylic acid",CC(=O)OC1CC[C@]2(C(C1(C)C)CC[C@]3(C2CC=C4[C@@]3(CC[C@@]5(C4CC(CC5)(C)C)C(=O)O)C)C)C,1
4-(4-Methoxy-2-methylphenyl)butanoic acid,CC1=C(C=CC(=C1)OC)CCCC(=O)O,1
"(4aS,5aS,12aR)-7-chloro-4-(dimethylamino)-1,6,10,11,12a-pentahydroxy-3,12-dioxo-4a,5,5a,6-tetrahydro-4H-tetracene-2-carboxamide;hydrochloride",CN(C)C1[C@@H]2C[C@@H]3C(C4=C(C=CC(=C4C(=C3C(=O)[C@@]2(C(=C(C1=O)C(=O)N)O)O)O)O)Cl)O.Cl,1
Ethacrynic Acid,CCC(=C)C(=O)C1=C(C(=C(C=C1)OCC(=O)O)Cl)Cl,1
"2,3-Dichloronitrobenzene",C1=CC(=C(C(=C1)Cl)Cl)[N+](=O)[O-],1
10-{2-[(2r)-1-Methylpiperidin-2-Yl]ethyl}-2-(Methylsulfanyl)-10h-Phenothiazine,CN1CCCC[C@@H]1CCN2C3=CC=CC=C3SC4=C2C=C(C=C4)SC,1
"(5aR,8aS,13aR,15bS)-10,11-dimethoxy-4a,5,5a,7,8,13a,15,15a,15b,16-decahydro-2H-4,6-methanoindolo[3,2,1-ij]oxepino[2,3,4-de]pyrrolo[2,3-h]quinolin-14-one",COC1=C(C=C2C(=C1)[C@@]34CCN5[C@@H]3CC6[C@H]7[C@H]4N2C(=O)CC7OCC=C6C5)OC,1
Lopac-B-019,C[C@@H](COC1=CC=CC=C1)N(CCCl)CC2=CC=CC=C2,1
"2,3,5,6-Tetrachlorophenol",C1=C(C(=C(C(=C1Cl)Cl)O)Cl)Cl,1
"(5R,8R,9S,10R,13S,14R)-10,13-dimethyl-1,2,4,5,6,8,9,11,14,15,16,17-dodecahydrocyclopenta[a]phenanthrene-3,7,12-trione;4-methylpentanoic acid",CC(C)CCC(=O)O.C[C@]12CCC[C@@H]1[C@H]3[C@H](CC2=O)[C@@]4(CCC(=O)C[C@@H]4CC3=O)C,1
"2-[(1S,4S)-3-(diaminomethylideneamino)-4-[(4R)-3-[(2S)-4,5-dihydroxy-6-(hydroxymethyl)-3-(methylamino)oxan-2-yl]oxy-4-formyl-4-hydroxy-5-methyloxolan-2-yl]oxy-2,5,6-trihydroxycyclohexyl]guanidine;sulfuric acid",CC1[C@@](C(C(O1)O[C@H]2C(C([C@@H](C(C2O)O)N=C(N)N)O)N=C(N)N)O[C@H]3C(C(C(C(O3)CO)O)O)NC)(C=O)O.OS(=O)(=O)O,1
1-(((5-Tert-butyl-2-hydroxybenzyl)(cyclohexyl)amino)methyl)-2-naphthol,CC(C)(C)C1=CC(=C(C=C1)O)CN(CC2=C(C=CC3=CC=CC=C32)O)C4CCCCC4,1
"N-(2,4-dichlorobenzylidene)-9H-fluoren-2-amine",C1C2=CC=CC=C2C3=C1C=C(C=C3)N=CC4=C(C=C(C=C4)Cl)Cl,1
"D-Ornithine, N5-(imino(nitroamino)methyl)-, methyl ester",COC(=O)[C@@H](CCCN=C(N)N[N+](=O)[O-])N,1
"4-Tert-butyl-2,6-bis((dimethylamino)methyl)phenol",CC(C)(C)C1=CC(=C(C(=C1)CN(C)C)O)CN(C)C,1
tert-Butyl Formate,CC(C)(C)OC=O,1
D-Mannonic acid,C([C@H]([C@H]([C@@H]([C@@H](C(=O)O)O)O)O)O)O,1
"(1S,2S,4R,5'S,6R,7S,8S,9S,12R,13R,16S)-5',7,9,13-tetramethylspiro[5-oxapentacyclo[10.8.0.02,9.04,8.013,18]icos-18-ene-6,2'-piperidine]-16-ol",C[C@H]1CC[C@@]2([C@H]([C@@H]3[C@H](O2)C[C@@H]4[C@@]3(CC[C@@H]5[C@H]4CC=C6[C@@]5(CC[C@@H](C6)O)C)C)C)NC1,1
Tocris-1052,CS(=O)(=O)NC1=C(C=CC2=C1CCC[C@H]2C3=NCCN3)O,1
Palmatine,COC1=C(C2=C[N+]3=C(C=C2C=C1)C4=CC(=C(C=C4CC3)OC)OC)OC,1
Lupanyl acid hydrochloride,C1CCN2CC3CC(C2C1)CNC3CCC(=O)O.Cl,1
"3-carboxy-1-[(3-carboxy-2-oxidonaphthalen-1-yl)methyl]naphthalen-2-olate;bis(2-[(Z)-2-(2,5-dimethyl-1-phenylpyrrol-3-yl)ethenyl]-N,N,1-trimethylquinolin-1-ium-6-amine)",CC1=CC(=C(N1C2=CC=CC=C2)C)/C=C\C3=[N+](C4=C(C=C(C=C4)N(C)C)C=C3)C.CC1=CC(=C(N1C2=CC=CC=C2)C)/C=C\C3=[N+](C4=C(C=C(C=C4)N(C)C)C=C3)C.C1=CC=C2C(=C(C(=CC2=C1)C(=O)O)[O-])CC3=C(C(=CC4=CC=CC=C34)C(=O)O)[O-],1
2-Methoxy-8-phenyl-6-thiophen-2-ylpteridin-7-one,COC1=NC=C2C(=N1)N(C(=O)C(=N2)C3=CC=CS3)C4=CC=CC=C4,1
"3,3'-Disulfanediyldibenzoic acid",C1=CC(=CC(=C1)SSC2=CC=CC(=C2)C(=O)O)C(=O)O,1
Ethyl cyanoacrylate,CCOC(=O)C(=C)C#N,1
Cyproterone Acetate,CC(=O)[C@]1(CC[C@@H]2[C@@]1(CC[C@H]3[C@H]2C=C(C4=CC(=O)[C@@H]5C[C@@H]5[C@]34C)Cl)C)OC(=O)C,1
Nsc282032,C(CO)N1C(=NN=N1)N,1
4-Chloro-2-methylphenol,CC1=C(C=CC(=C1)Cl)O,1
"methyl (2S,5S,6S)-1-[4-[(Z)-2-[(2S,3S,6R)-3-acetyloxy-2-(acetyloxymethyl)-3,6-dihydro-2H-pyran-6-yl]ethoxyiminomethyl]benzoyl]-5-methyl-6-(4-methylphenyl)piperidine-2-carboxylate",C[C@H]1CC[C@H](N([C@@H]1C2=CC=C(C=C2)C)C(=O)C3=CC=C(C=C3)/C=N\OCC[C@@H]4C=C[C@@H]([C@@H](O4)COC(=O)C)OC(=O)C)C(=O)OC,1
"(2R)-4-methoxy-2-[(Z)-2-phenylethenyl]-2,3-dihydropyran-6-one",COC1=CC(=O)O[C@H](C1)/C=C\C2=CC=CC=C2,1
"3,5-Dinitrocatechol",C1=C(C=C(C(=C1[N+](=O)[O-])O)O)[N+](=O)[O-],1
Hexamethylenediamine,C(CCCN)CCN,1
"1,2,4-Trichlorobenzene",C1=CC(=C(C=C1Cl)Cl)Cl,1
Naproxen Sodium,C[C@@H](C1=CC2=C(C=C1)C=C(C=C2)OC)C(=O)[O-].[Na+],1
Flucytosine,C1=NC(=O)NC(=C1F)N,1
CID 3246581,C[C@H]1[C@@H]([C@H](C[C@@H](O1)O[C@H]2C[C@](CC3=C2C(=C4C(=C3O)C(=O)C5=C(C4=N)C(=CC=C5)OC)O)(C(=O)C)O)N)O,1
"(9-Benzhydryl-3,9-diazaspiro[5.5]undecan-3-yl)-(thiadiazol-4-yl)methanone",C1CN(CCC12CCN(CC2)C(=O)C3=CSN=N3)C(C4=CC=CC=C4)C5=CC=CC=C5,1
Amifostine,C(CN)CNCCSP(=O)(O)O,1
Diphenidol,C1CCN(CC1)CCCC(C2=CC=CC=C2)(C3=CC=CC=C3)O,1
"1-[(3aS,6aS)-3,3a,4,5,6,6a-hexahydro-1H-cyclopenta[c]pyrrol-2-yl]-3-(4-methylphenyl)sulfonylurea",CC1=CC=C(C=C1)S(=O)(=O)NC(=O)NN2C[C@H]3CCC[C@@H]3C2,1
2-[(Z)-2-nitroethenyl]-1H-indole,C1=CC=C2C(=C1)C=C(N2)/C=C\[N+](=O)[O-],1
6-(2-chlorophenyl)-N-[(5-methylpyrazin-2-yl)methyl]pyrimidin-4-amine,CC1=CN=C(C=N1)CNC2=NC=NC(=C2)C3=CC=CC=C3Cl,1
"2,2'-Anhydro-1beta-D-arabinofuranosylcytosine hydrochloride",C1=CN2C3C(C(C(O3)CO)O)OC2=NC1=N.Cl,1
"(4R)-4-[(3S,5S,8S,9S,10R,13S,14R,17R)-3-hydroxy-10,13-dimethyl-2,3,4,5,6,7,8,9,11,12,14,15,16,17-tetradecahydro-1H-cyclopenta[a]phenanthren-17-yl]pentanoic acid",C[C@H](CCC(=O)O)[C@H]1CC[C@H]2[C@]1(CC[C@H]3[C@@H]2CC[C@@H]4[C@]3(CC[C@@H](C4)O)C)C,1
"9-(3-fluorobenzoyl)-N-propan-2-yl-3,9-diazaspiro[5.5]undecane-3-carboxamide",CC(C)NC(=O)N1CCC2(CCN(CC2)C(=O)C3=CC(=CC=C3)F)CC1,1
Homatropine Methylbromide,C[N+]1(C2CCC1CC(C2)OC(=O)C(C3=CC=CC=C3)O)C.[Br-],1
Canthaxanthin,CC1=C(C(CCC1=O)(C)C)/C=C/C(=C/C=C/C(=C/C=C/C=C(/C=C/C=C(/C=C/C2=C(C(=O)CCC2(C)C)C)\C)\C)/C)/C,1
5-Methyl-6-[3-(2-oxopyrrolidin-1-yl)phenyl]piperidine-2-carboxylic acid,CC1CCC(NC1C2=CC(=CC=C2)N3CCCC3=O)C(=O)O,1
"1-hydroxy-8-[(2S,3S,4S,5S,6R)-3,4,5-trihydroxy-6-(hydroxymethyl)oxan-2-yl]oxyanthracene-9,10-dione",C1=CC2=C(C(=C1)O)C(=O)C3=C(C2=O)C=CC=C3O[C@H]4[C@H]([C@H]([C@@H]([C@H](O4)CO)O)O)O,1
(S)-Mexiletine,CC1=C(C(=CC=C1)C)OC[C@H](C)N,1
N-(7-propionyl-7H-purin-6-yl)propanamide,CCC(=O)NC1=NC=NC2=C1N(C=N2)C(=O)CC,1
"N-[(2S)-4-amino-1-[[(2R,3S)-1-[[(2S)-4-amino-1-oxo-1-[[(3R,6R,9R,12S,16R,19R,22S)-6,9,19-tris(2-aminoethyl)-3-[(1S)-1-hydroxyethyl]-16-(2-methylpropyl)-2,5,8,11,15,18,21-heptaoxo-12-propan-2-yl-1,4,7,10,14,17,20-heptazacyclotetracos-22-yl]amino]butan-2-yl]amino]-3-hydroxy-1-oxobutan-2-yl]amino]-1-oxobutan-2-yl]-6-methylheptanamide",C[C@@H]([C@@H]1C(=O)NCC[C@@H](C(=O)N[C@@H](C(=O)N[C@@H](C(=O)NC[C@@H](C(=O)N[C@@H](C(=O)N[C@@H](C(=O)N1)CCN)CCN)C(C)C)CC(C)C)CCN)NC(=O)[C@H](CCN)NC(=O)[C@@H]([C@H](C)O)NC(=O)[C@H](CCN)NC(=O)CCCCC(C)C)O,1
Sulfadimethoxine,COC1=NC(=NC(=C1)NS(=O)(=O)C2=CC=C(C=C2)N)OC,1
Jasmonic Acid,CC/C=C\C[C@@H]1[C@H](CCC1=O)CC(=O)O,1
Tetraethylene glycol diacrylate,C=CC(=O)OCCOCCOCCOCCOC(=O)C=C,1
3-[6-Methyl-2-(4-methylpiperazin-1-yl)-7-oxopteridin-8-yl]propanenitrile,CC1=NC2=CN=C(N=C2N(C1=O)CCC#N)N3CCN(CC3)C,1
"(4Z,6R,7R,11R,15R)-6-methoxy-7,11-dimethyl-9,13-dioxa-1-azabicyclo[13.3.0]octadec-4-ene-2,10,14-trione",C[C@@H]1COC(=O)[C@@H](COC(=O)[C@H]2CCCN2C(=O)C/C=C\[C@H]1OC)C,1
trimethyl-[9-[(2S)-oxan-2-yl]purin-6-yl]azanium,C[N+](C)(C)C1=NC=NC2=C1N=CN2[C@@H]3CCCCO3,1
Guaiazulene,CC1=C2C=CC(=C2C=C(C=C1)C(C)C)C,1
2-Cyano-3-(2-ethoxyphenyl)prop-2-enamide,CCOC1=CC=CC=C1/C=C(\C#N)/C(=O)N,1
"2-Hydroxy-4-((2,4,6-triamino-5-pyrimidinyl)diazenyl)phenylarsonic acid",C1=CC(=C(C=C1N=NC2=C(N=C(N=C2N)N)N)O)[As](=O)(O)O,1
"1,2-bis(9-oxo-9H-fluoren-2-yl)diazene oxide",C1=CC=C2C(=C1)C3=C(C2=O)C=C(C=C3)N=[N+](C4=CC5=C(C=C4)C6=CC=CC=C6C5=O)[O-],1
Nalidixic Acid,CCN1C=C(C(=O)C2=C1N=C(C=C2)C)C(=O)O,1
Ramifenazone hydrochloride,CC1=C(C(=O)N(N1C)C2=CC=CC=C2)NC(C)C.Cl,1
8-Hydroxy-2-methyl-4(3H)-quinazolinone,CC1=NC2=C(C=CC=C2O)C(=O)N1,1
Domperidone,C1CN(CCC1N2C3=C(C=C(C=C3)Cl)NC2=O)CCCN4C5=CC=CC=C5NC4=O,1
"(R,S)-Ifenprodil",C[C@@H]([C@@H](C1=CC=C(C=C1)O)O)N2CCC(CC2)CC3=CC=CC=C3,1
"3-Carboxy-N,N,N-Trimethyl-2-(Octanoyloxy)Propan-1-Aminium",CCCCCCCC(=O)O[C@H](CC(=O)O)C[N+](C)(C)C,1
"(1S,2S)-2-phenylcyclopropan-1-amine",C1[C@H]([C@H]1N)C2=CC=CC=C2,1
"4,7-Epoxyisobenzofuran-1,3-dione, hexahydro-",C1CC2C3C(C1O2)C(=O)OC3=O,1
Thiabendazole,C1=CC=C2C(=C1)NC(=N2)C3=CSC=N3,1
"2,4-Difluoroaniline",C1=CC(=C(C=C1F)F)N,1
"(1R,9R,10E,11R,13R,14S)-14-hydroxy-10-methoxyimino-4-phenyl-12-oxa-2,4,6-triazatetracyclo[7.5.0.02,6.011,13]tetradecane-3,5-dione",CO/N=C/1\[C@@H]2CCN3C(=O)N(C(=O)N3[C@H]2[C@@H]([C@@H]4[C@@H]1O4)O)C5=CC=CC=C5,1
"4-[[3-(2-Methoxyacetyl)-3,9-diazaspiro[5.5]undecan-9-yl]methyl]benzonitrile",COCC(=O)N1CCC2(CCN(CC2)CC3=CC=C(C=C3)C#N)CC1,1
"1,2,3-Triphenyl-2-propanol",C1=CC=C(C=C1)CC(CC2=CC=CC=C2)(C3=CC=CC=C3)O,1
[(2R)-3-(4-chlorophenoxy)-2-hydroxypropyl] carbamate,C1=CC(=CC=C1OC[C@H](COC(=O)N)O)Cl,1
Hexamethonium Bromide,C[N+](C)(C)CCCCCC[N+](C)(C)C.[Br-].[Br-],1
2-(((2-Hydroxyethyl)(methyl)amino)methyl)-3-pyridinol,CN(CCO)CC1=C(C=CC=N1)O,1
beta-N-oxylamino-l-alanine,C([C@@H](C(=O)O)N)NO,1
"3,7-Bis(phenylsulfonyl)-1,3,5,7-tetraazabicyclo[3.3.1]nonane",C1N2CN(CN1CN(C2)S(=O)(=O)C3=CC=CC=C3)S(=O)(=O)C4=CC=CC=C4,1
"6,7-Dichloro-3-hydroxy-2-quinoxalinecarboxylic acid",C1=C2C(=CC(=C1Cl)Cl)N=C(C(=O)N2)C(=O)O,1
"N1-(6-chloro-4-quinazolinyl)-1,2-ethanediamine",C1=CC2=C(C=C1Cl)C(=NC=N2)NCCN,1
"4-(aziridin-1-yl)-1-[(2S)-oxan-2-yl]pyrazolo[5,4-d]pyrimidine",C1CCO[C@@H](C1)N2C3=C(C=N2)C(=NC=N3)N4CC4,1
Lopac-M-5379,C[S@@](=N)(=O)CC[C@H](C(=O)O)N,1
4-Chlorobenzaldehyde,C1=CC(=CC=C1C=O)Cl,1
"(3S,8Z,10R,14R)-3,10-dimethyl-5,12-dioxa-1-azabicyclo[12.3.0]heptadec-8-ene-2,6,13-trione",C[C@H]/1COC(=O)[C@H]2CCCN2C(=O)[C@H](COC(=O)C/C=C1)C,1
5-[(4-Tert-butylphenoxy)carbonylamino]-2-hydroxybenzoic acid,CC(C)(C)C1=CC=C(C=C1)OC(=O)NC2=CC(=C(C=C2)O)C(=O)O,1
"6,6'-Dithiodinicotinic acid",C1=CC(=NC=C1C(=O)O)SSC2=NC=C(C=C2)C(=O)O,1
Nickelocene,[CH-]1C=CC=C1.[CH-]1C=CC=C1.[Ni+2],1
N-acetylcytisine,CC(=O)N1CC2CC(C1)C3=CC=CC(=O)N3C2,1
4-((Benzylamino)methyl)benzoic acid,C1=CC=C(C=C1)CNCC2=CC=C(C=C2)C(=O)O,1
"Imiloxan, (R)-",CCN1C=CN=C1C[C@@H]2COC3=CC=CC=C3O2,1
"1-(1H-indol-3-ylmethyl)-N,N-dimethyl-4-piperidinecarboxamide",CN(C)C(=O)C1CCN(CC1)CC2=CNC3=CC=CC=C32,1
Secnidazole,CC1=NC=C(N1CC(C)O)[N+](=O)[O-],1
"[(1S,5S)-8,8-dimethyl-8-azoniabicyclo[3.2.1]octan-3-yl] (2R)-3-hydroxy-2-phenylpropanoate",C[N+]1([C@H]2CC[C@H]1CC(C2)OC(=O)[C@@H](CO)C3=CC=CC=C3)C,1
"(4Z,6R,7S,11R,18Z,20R,21S,25R)-7,21-dimethoxy-6,20-dimethyl-9,23-dioxa-1,15-diazatricyclo[23.3.0.011,15]octacosa-4,18-diene-2,10,16,24-tetrone",C[C@H]/1[C@@H](COC(=O)[C@@H]2N(C(=O)C/C=C\[C@H]([C@@H](COC(=O)[C@@H]3N(C(=O)C/C=C1)CCC3)OC)C)CCC2)OC,1
"(2R,5R)-2-benzyl-N-(cyclopropylmethyl)-1,5-dimethyl-2H-pyrrole-5-carboxamide",C[C@@]1(C=C[C@H](N1C)CC2=CC=CC=C2)C(=O)NCC3CC3,1
"(5R)-9-(furan-2-carbonyl)-N-propan-2-yl-2,9-diazaspiro[4.5]decane-2-carboxamide",CC(C)NC(=O)N1CC[C@]2(C1)CCCN(C2)C(=O)C3=CC=CO3,1
CID 6367302,C1=CC=C(C=C1)/C(=C\2/C=C(C(=O)C3=CC=CC=C32)C(=O)O)/C4=CC(=C(C5=CC=CC=C54)O)C(=O)O.[Na],1
"(1R,5S,12R,13S,16S)-16-hydroxy-5,12-dimethyl-3,7,17-trioxabicyclo[11.3.1]heptadeca-10,14-diene-4,8-dione",C[C@H]1COC(=O)CC=C[C@H]([C@@H]2C=C[C@@H]([C@H](O2)COC1=O)O)C,1
"8-[(Z)-[4-(2-hydroxyethyl)piperazin-1-yl]diazenyl]-1,3-dimethyl-7H-purine-2,6-dione",CN1C2=C(C(=O)N(C1=O)C)NC(=N2)/N=N\N3CCN(CC3)CCO,1
2-(furan-3-yl)-N-(furan-2-ylmethyl)-N-methylpyrimidin-4-amine,CN(CC1=CC=CO1)C2=NC(=NC=C2)C3=COC=C3,1
"(3S,9S,10R,13S,14R,17S)-17-[(Z,2R,5R)-5,6-dimethylhept-3-en-2-yl]-10,13-dimethyl-2,3,4,9,11,12,14,15,16,17-decahydro-1H-cyclopenta[a]phenanthren-3-ol",C[C@H](/C=C\[C@H](C)C(C)C)[C@@H]1CC[C@@H]2[C@]1(CC[C@H]3C2=CC=C4[C@@]3(CC[C@@H](C4)O)C)C,1
4-((2-Hydroxy-3-pyridinyl)diazenyl)benzenesulfonamide,C1=CNC(=O)C(=C1)N=NC2=CC=C(C=C2)S(=O)(=O)N,1
"[3,5-Bis(trifluoromethyl)phenyl]-[9-(1,3-thiazol-2-ylmethyl)-3,9-diazaspiro[5.5]undecan-3-yl]methanone",C1CN(CCC12CCN(CC2)C(=O)C3=CC(=CC(=C3)C(F)(F)F)C(F)(F)F)CC4=NC=CS4,1
Semicarbazide,C(=O)(N)NN,1
"Di[1,1'-biphenyl]-4-yl(hydroxy)acetic acid",C1=CC=C(C=C1)C2=CC=C(C=C2)C(C3=CC=C(C=C3)C4=CC=CC=C4)(C(=O)O)O,1
Bisoprolol Fumarate,CC(C)NCC(COC1=CC=C(C=C1)COCCOC(C)C)O.CC(C)NCC(COC1=CC=C(C=C1)COCCOC(C)C)O.C(=C/C(=O)O)\C(=O)O,1
Tocris-0855,C[C@@](C1=CC=C(C=C1)C2=NNN=N2)(C(=O)O)N,1
"3,4-Dimethoxycinnamic acid",COC1=C(C=C(C=C1)/C=C/C(=O)O)OC,1
"(Z)-2-(2-(4-methyl-6-oxo-1,6-dihydropyrimidin-2-yl)hydrazono)propanoic acid",CC1=CC(=O)NC(=N1)N/N=C(/C)\C(=O)O,1
Pargyline,CN(CC#C)CC1=CC=CC=C1,1
2-(3-Methoxyanilino)-8-(2-methoxyethyl)-6-phenylpteridin-7-one,COCCN1C2=NC(=NC=C2N=C(C1=O)C3=CC=CC=C3)NC4=CC(=CC=C4)OC,1
"(3,5-Dimethyl-1,2-oxazol-4-yl)-(2-pyrimidin-2-yl-2,9-diazaspiro[5.5]undecan-9-yl)methanone",CC1=C(C(=NO1)C)C(=O)N2CCC3(CCCN(C3)C4=NC=CC=N4)CC2,1
"2-Pyrimidin-2-yl-2,9-diazaspiro[5.5]undecane",C1CC2(CCNCC2)CN(C1)C3=NC=CC=N3,1
(S)-[-5-Ethenyl-1-azabicyclo[2.2.2]octan-2-yl](6-methoxyquinolin-4-yl)methanol,COC1=CC2=C(C=CN=C2C=C1)[C@@H]([C@H]3C[C@H]4CCN3C[C@@H]4C=C)O,1
"(2R)-2-amino-2-[(5S)-3-chloro-4,5-dihydro-1,2-oxazol-5-yl]acetic acid",C1[C@H](ON=C1Cl)[C@H](C(=O)O)N,1
"Sodium 5-(4-chlorobenzoyl)-1,4-dimethyl-1H-pyrrole-2-acetate",CC1=C(N(C(=C1)CC(=O)[O-])C)C(=O)C2=CC=C(C=C2)Cl.[Na+],1
"N-(3-methylbenzyl)-1H-pyrazolo[3,4-d]pyrimidin-4-amine",CC1=CC(=CC=C1)CNC2=NC=NC3=C2C=NN3,1
"4-Nitro-1,2-phenylenediamine",C1=CC(=C(C=C1[N+](=O)[O-])N)N,1
Rizatriptan,CN(C)CCC1=CNC2=C1C=C(C=C2)CN3C=NC=N3,1
2-methyl-5-HT,CC1=C(C2=C(N1)C=CC(=C2)O)CCN,1
"2,3,9,9a-tetrahydro-1H-cyclopenta[b]quinolin-3-ol",C1CC(C2=NC3=CC=CC=C3CC21)O,1
"(Z,2R)-2-amino-2-methyl-4-phenylbut-3-enoic acid",C[C@@](/C=C\C1=CC=CC=C1)(C(=O)O)N,1
Azepane,C1CCCNCC1,1
"6-(3,5-dimethyl-1,2-oxazol-4-yl)-N-phenylpyrimidin-4-amine",CC1=C(C(=NO1)C)C2=CC(=NC=N2)NC3=CC=CC=C3,1
"8-(3-(1,3-dimethyl-2,6-dioxo-2,3,6,9-tetrahydro-1H-purin-8-yl)propyl)-7-ethyl-1,3-dimethyl-3,7-dihydro-1H-purine-2,6-dione",CCN1C(=NC2=C1C(=O)N(C(=O)N2C)C)CCCC3=NC4=C(N3)C(=O)N(C(=O)N4C)C,1
"2-(1,2,4-Triazatriphenylen-3-ylsulfanyl)acetic acid",C1=CC=C2C(=C1)C3=CC=CC=C3C4=C2N=C(N=N4)SCC(=O)O,1
4-Chlorotoluene,CC1=CC=C(C=C1)Cl,1
4-Piperazin-1-yl-2-[2-(trifluoromethyl)phenyl]quinazoline,C1CN(CCN1)C2=NC(=NC3=CC=CC=C32)C4=CC=CC=C4C(F)(F)F,1
"[(2R)-2-methyl-1-oxa-3,4-diazaspiro[4.5]dec-3-en-2-yl] acetate",CC(=O)O[C@@]1(N=NC2(O1)CCCCC2)C,1
"2-Butanone oxime, (E)-",CC/C(=N/O)/C,1
"9-(3,5-dimethyl-1,2-oxazole-4-carbonyl)-N-propan-2-yl-2,9-diazaspiro[5.5]undecane-2-carboxamide",CC1=C(C(=NO1)C)C(=O)N2CCC3(CCCN(C3)C(=O)NC(C)C)CC2,1
Terephthalic Acid,C1=CC(=CC=C1C(=O)O)C(=O)O,1
"2,4-Dinitroaniline",C1=CC(=C(C=C1[N+](=O)[O-])[N+](=O)[O-])N,1
"2-(4-Methylpiperazin-1-yl)-6,8-diphenylpteridin-7-one",CN1CCN(CC1)C2=NC=C3C(=N2)N(C(=O)C(=N3)C4=CC=CC=C4)C5=CC=CC=C5,1
1-Pentanol,CCCCCO,1
"3,5-Bis((dimethylamino)methyl)-4-hydroxybenzoic acid",CN(C)CC1=CC(=CC(=C1O)CN(C)C)C(=O)O,1
Salicyl Alcohol,C1=CC=C(C(=C1)CO)O,1
"[3-acetyloxy-6-(4-acetylphenyl)-3,6-dihydro-2H-pyran-2-yl]methyl acetate",CC(=O)C1=CC=C(C=C1)C2C=CC(C(O2)COC(=O)C)OC(=O)C,1
"3,5-Dichlorobenzoic acid",C1=C(C=C(C=C1Cl)Cl)C(=O)O,1
"Methyl 7,9-dibromo-8-methoxy-6-oxo-1-oxa-2-azaspiro[4.5]deca-2,7,9-triene-3-carboxylate",COC1=C(C(=O)C2(CC(=NO2)C(=O)OC)C=C1Br)Br,1
3-Nitrobenzoic acid,C1=CC(=CC(=C1)[N+](=O)[O-])C(=O)O,1
"[(2S,3R,4R,5R,6S)-6-[(Z)-[(3aS,5aR,8R,9S,9aS,9bS)-2-benzyl-8,9-dihydroxy-1,3-dioxo-4,5,5a,7,8,9,9a,9b-octahydro-3aH-benzo[e]isoindol-6-ylidene]amino]oxy-3,4,5-triacetyloxyoxan-2-yl]methyl acetate",CC(=O)OC[C@H]1[C@H]([C@H]([C@H]([C@@H](O1)O/N=C\2/C[C@H]([C@H]([C@H]3[C@H]2CC[C@H]4[C@H]3C(=O)N(C4=O)CC5=CC=CC=C5)O)O)OC(=O)C)OC(=O)C)OC(=O)C,1
"Trimethyl 2-hydroxyheptadecane-1,2,3-tricarboxylate",CCCCCCCCCCCCCCC(C(=O)OC)C(CC(=O)OC)(C(=O)OC)O,1
"2-[(Z,1S)-1-hydroxyhept-4-enyl]cyclohex-2-en-1-one",CC/C=C\CC[C@@H](C1=CCCCC1=O)O,1
Tetradecylthioacetic acid,CCCCCCCCCCCCCCSCC(=O)O,1
Bromoacetic Acid,C(C(=O)O)Br,1
Hexadecyltrimethylammonium Bromide,CCCCCCCCCCCCCCCC[N+](C)(C)C.[Br-],1
HC Yellow 4,C1=CC(=C(C=C1[N+](=O)[O-])OCCO)NCCO,1
Tetrakis(hydroxymethyl)phosphonium sulfate,C(O)[P+](CO)(CO)CO.C(O)[P+](CO)(CO)CO.[O-]S(=O)(=O)[O-],1
"ethyl N-[(Z)-[(3aS,5aR,8R,9S,9aS,9bS)-8,9-dihydroxy-1,3-dioxo-2-[[(2S)-oxolan-2-yl]methyl]-4,5,5a,7,8,9,9a,9b-octahydro-3aH-benzo[e]isoindol-6-ylidene]amino]carbamate",CCOC(=O)N/N=C\1/C[C@H]([C@H]([C@H]2[C@H]1CC[C@H]3[C@H]2C(=O)N(C3=O)C[C@@H]4CCCO4)O)O,1
"1-methyl-N-[2-[(2S)-2-methyl-3,4-dihydro-1H-isoquinolin-2-ium-2-yl]ethyl]piperidin-1-ium-1-amine",C[N@@+]1(CCC2=CC=CC=C2C1)CCN[N+]3(CCCCC3)C,1
"(5S,7S,7aR)-5,7-dihydroxy-2,2-dimethyl-4,6,7,7a-tetrahydro-3aH-1,3-benzodioxole-5-carboxamide",CC1(O[C@@H]2[C@H](C[C@](CC2O1)(C(=O)N)O)O)C,1
L-Arginine,C(C[C@@H](C(=O)O)N)CN=C(N)N,1
Sodium Bromate,[O-]Br(=O)=O.[Na+],1
Lopac-C-9901,C1CCC(CC1)NC2=C3C(=NC=N2)N(C=N3)[C@H]4[C@H]([C@H]([C@@H](O4)CO)O)O,1
1-Hexanol,CCCCCCO,1
Butacaine,CCCCN(CCCC)CCCOC(=O)C1=CC=C(C=C1)N,1
Lopac-I-2892,C[C@@H]([C@@H](C1=CC=C(C=C1)O)O)N2CCC(CC2)CC3=CC=CC=C3.C[C@@H]([C@@H](C1=CC=C(C=C1)O)O)N2CCC(CC2)CC3=CC=CC=C3.[C@@H]([C@@H](C(=O)O)O)(C(=O)O)O,1
6-Methylcoumarin,CC1=CC2=C(C=C1)OC(=O)C=C2,1
"rel-(1R,2S,3R,4S)-2,3-Dimethyl-7-oxabicyclo(2.2.1)heptane-2,3-dicarboxylic acid",C[C@]1([C@H]2CC[C@@H]([C@]1(C)C(=O)O)O2)C(=O)O,1
"2,2-dichloro-N-(1,3-dihydroxy-1-(4-nitrophenyl)propan-2-yl)acetamide",C1=CC(=CC=C1C(C(CO)NC(=O)C(Cl)Cl)O)[N+](=O)[O-],1
"4-[[3-(Furan-2-carbonyl)-3,9-diazaspiro[5.5]undecan-9-yl]methyl]benzonitrile",C1CN(CCC12CCN(CC2)C(=O)C3=CC=CO3)CC4=CC=C(C=C4)C#N,1
6-(4-Chlorophenyl)-2-morpholin-4-yl-8-phenylpteridin-7-one,C1COCCN1C2=NC=C3C(=N2)N(C(=O)C(=N3)C4=CC=C(C=C4)Cl)C5=CC=CC=C5,1
Sodium;(7S)-3-(carbamoyloxymethyl)-7-methoxy-8-oxo-7-[(2-thiophen-2-ylacetyl)amino]-5-thia-1-azabicyclo[4.2.0]oct-2-ene-2-carboxylate,CO[C@@]1(C2N(C1=O)C(=C(CS2)COC(=O)N)C(=O)[O-])NC(=O)CC3=CC=CS3.[Na+],1
"benzyl N-[(Z)-[(3aS,5aR,8R,9S,9aS,9bS)-2-cyclohexyl-8,9-dihydroxy-1,3-dioxo-4,5,5a,7,8,9,9a,9b-octahydro-3aH-benzo[e]isoindol-6-ylidene]amino]carbamate",C1CCC(CC1)N2C(=O)[C@H]3CC[C@@H]\4[C@@H]([C@@H]3C2=O)[C@@H]([C@@H](C/C4=N/NC(=O)OCC5=CC=CC=C5)O)O,1
N-Acetylaspartylglutamic acid,CC(=O)N[C@@H](CC(=O)O)C(=O)N[C@@H](CCC(=O)O)C(=O)O,1
Betazole,C1=C(NN=C1)CCN,1
"1-[4-[[6-(4-chlorophenyl)-2-(hydroxymethyl)-3,6-dihydro-2H-pyran-3-yl]oxy]phenyl]ethanone",CC(=O)C1=CC=C(C=C1)OC2C=CC(OC2CO)C3=CC=C(C=C3)Cl,1
Phosphorus pentachloride,P(Cl)(Cl)(Cl)(Cl)Cl,1
Nicotine,CN1CCC[C@H]1C2=CN=CC=C2,1
Halothane,C(C(F)(F)F)(Cl)Br,1
(+)-Nicotine(-)-di-p-toluoyltartrate salt,CC1=CC=C(C=C1)C(=O)O[C@H]([C@H](C(=O)O)OC(=O)C2=CC=C(C=C2)C)C(=O)O.CN1CCC[C@@H]1C2=CN=CC=C2,1
8-Cyclopropyl-2-phenoxy-6-thiophen-2-ylpteridin-7-one,C1CC1N2C3=NC(=NC=C3N=C(C2=O)C4=CC=CS4)OC5=CC=CC=C5,1
"(2S,5R)-3-methyl-2,7-diphenyl-6-[4-(trifluoromethyl)phenyl]-3-azatricyclo[5.1.1.01,5]nonane",CN1C[C@@H]2C(C3(CC2(C3)[C@H]1C4=CC=CC=C4)C5=CC=CC=C5)C6=CC=C(C=C6)C(F)(F)F,1
"7-Hydroxy-3-(4-hydroxyphenyl)-8-(3,4,5-trihydroxy-6-(hydroxymethyl)oxan-2-yl)chromen-4-one",C1=CC(=CC=C1C2=COC3=C(C2=O)C=CC(=C3C4C(C(C(C(O4)CO)O)O)O)O)O,1
Lopac-H-135,CCCCC[C@@H](CCCC(=O)[O-])O.[Na+],1
"(4aR,5aS,8aR,13aR,15aS,15bS)-10,11-dimethoxy-3,4a,5,5a,7,8,13a,15,15a,15b-decahydro-2H-4,6-methanoindolo[3,2,1-ij]oxepino[2,3,4-de]pyrrolo[2,3-h]quinolin-14-one",COC1=C(C=C2C(=C1)[C@]34CCN5[C@H]3C[C@@H]6[C@H]7[C@H]4N2C(=O)C[C@@H]7OCCC6=C5)OC,1
Adipic Acid,C(CCC(=O)O)CC(=O)O,1
"8-Bromoguanosine 2',3',5'-triacetate",CC(=O)OCC1C(C(C(O1)N2C3=C(C(=O)NC(=N3)N)N=C2Br)OC(=O)C)OC(=O)C,1
2-((2-(hydroxy(oxido)amino)benzyl)thio)-9H-purin-6-ol,C1=CC=C(C(=C1)CSC2=NC3=C(C(=O)N2)NC=N3)[N+](=O)[O-],1
Vinylidene chloride,C=C(Cl)Cl,1
Hedione,CCCCCC1C(CCC1=O)CC(=O)OC,1
"[2-[(8R,9S,10S,11S,13S,14R,17R)-9-fluoro-11,17-dihydroxy-10,13-dimethyl-3-oxo-1,2,6,7,8,11,12,14,15,16-decahydrocyclopenta[a]phenanthren-17-yl]-2-oxoethyl] acetate",CC(=O)OCC(=O)[C@]1(CC[C@H]2[C@@]1(C[C@@H]([C@@]3([C@@H]2CCC4=CC(=O)CC[C@@]43C)F)O)C)O,1
Benzhydryl imidothiocarbamate 4-methylbenzenesulfonate,CC1=CC=C(C=C1)S(=O)(=O)O.C1=CC=C(C=C1)C(C2=CC=CC=C2)SC(=N)N,1
Methyl Acrylate,COC(=O)C=C,1
"(Z)-3-(2,6,6-trimethylcyclohexen-1-yl)prop-2-enoic acid",CC1=C(C(CCC1)(C)C)/C=C\C(=O)O,1
"(2S)-2-[(2S)-4-methoxy-2,3-dihydrofuro[2,3-b]quinolin-2-yl]propane-1,2-diol",C[C@](CO)([C@@H]1CC2=C(C3=CC=CC=C3N=C2O1)OC)O,1
Lobeline impurity 6,CN1[C@@H](CCC[C@H]1CC(=O)C2=CC=CC=C2)C[C@@H](C3=CC=CC=C3)O,1
BW 284C51,C[N+](C)(CCC(=O)CC[N+](C)(C)C1=CC=C(C=C1)CC=C)C2=CC=C(C=C2)CC=C,1
"1,3-dimethyl-8-((3-phenylpropyl)thio)-6-thioxo-1,3,6,9-tetrahydro-2H-purin-2-one",CN1C2=C(C(=S)N(C1=O)C)NC(=N2)SCCCC3=CC=CC=C3,1
"2,3-Naphthalenediol, 6-amino-5,6,7,8-tetrahydro-, (6R)-",C1CC2=CC(=C(C=C2C[C@@H]1N)O)O,1
Hexuronic Acid,C1(C(C(OC(C1O)O)C(=O)O)O)O,1
"Sulpiride, (R)-",CCN1CCC[C@@H]1CNC(=O)C2=C(C=CC(=C2)S(=O)(=O)N)OC,1
Vanillin,COC1=C(C=CC(=C1)C=O)O,1
"2-[(1S,2S)-2-hydroxycyclohexyl]sulfanylethylurea",C1CC[C@@H]([C@H](C1)O)SCCNC(=O)N,1
"2-amino-1-benzoyl-9-[(2R,5S)-5-(hydroxymethyl)oxolan-2-yl]purin-6-one",C1C[C@@H](O[C@@H]1CO)N2C=NC3=C2N=C(N(C3=O)C(=O)C4=CC=CC=C4)N,1
"[9-[(2-Methoxyphenyl)methyl]-3,9-diazaspiro[5.5]undecan-3-yl]-(1-methylpyrrol-2-yl)methanone",CN1C=CC=C1C(=O)N2CCC3(CCN(CC3)CC4=CC=CC=C4OC)CC2,1
"2-amino-9-[(1S,4S)-4-(hydroxymethyl)cyclopent-2-en-1-yl]-1H-purin-6-one",C1[C@@H](C=C[C@H]1N2C=NC3=C2N=C(NC3=O)N)CO,1
"7-(3,5-dimethyl-1,2-oxazole-4-carbonyl)-N-(4-methoxyphenyl)-2,7-diazaspiro[3.5]nonane-2-carboxamide",CC1=C(C(=NO1)C)C(=O)N2CCC3(CC2)CN(C3)C(=O)NC4=CC=C(C=C4)OC,1
Cetylpyridinium Chloride,CCCCCCCCCCCCCCCC[N+]1=CC=CC=C1.[Cl-],1
Lopac-M-6517,[Li+].[Li+].C1=NC(=C2C(=N1)N(C=N2)[C@H]3[C@H]([C@H]([C@@H](O3)COP(=O)(CP(=O)(O)OP(=O)([O-])[O-])O)O)O)N,1
"(6S,7R)-7-[[(2Z)-2-(2-amino-1,3-thiazol-4-yl)-2-methoxyiminoacetyl]amino]-3-[(1-methylpyrrolidin-1-ium-1-yl)methyl]-8-oxo-5-thia-1-azabicyclo[4.2.0]oct-2-ene-2-carboxylate;hydrate;hydrochloride",C[N+]1(CCCC1)CC2=C(N3[C@H]([C@@H](C3=O)NC(=O)/C(=N\OC)/C4=CSC(=N4)N)SC2)C(=O)[O-].O.Cl,1
(2S)-2-amino-4-phosphonobutanoic acid,C(CP(=O)(O)O)[C@@H](C(=O)O)N,1
Diethylene glycol diacrylate,C=CC(=O)OCCOCCOC(=O)C=C,1
"4-methylhexahydro-2H-2,5-methanofuro[3,2-b]pyrrol-6-ol",CN1C2CC3CC1C(C2O)O3,1
3-[4-(Piperidin-4-ylamino)quinazolin-6-yl]benzonitrile,C1CNCCC1NC2=NC=NC3=C2C=C(C=C3)C4=CC=CC(=C4)C#N,1
"Benzenediazonium, 4-(phenylamino)-, sulfate (2:1), polymer with formaldehyde",C=O.C1=CC=C(C=C1)NC2=CC=C(C=C2)[N+]#N.OS(=O)(=O)O,1
1-Ethyl-3-(3'-dimethylaminopropyl)carbodiimide,CCN=C=NCCCN(C)C,1
"3-[(4S)-2,5-dioxo-4-phenylimidazolidin-4-yl]propanoic acid",C1=CC=C(C=C1)[C@]2(C(=O)NC(=O)N2)CCC(=O)O,1
N-methyl(1-naphthyl)-N-(1-naphthylmethyl)methanamine,CN(CC1=CC=CC2=CC=CC=C21)CC3=CC=CC4=CC=CC=C43,1
Bis(2-ethylhexyl)amine,CCCCC(CC)CNCC(CC)CCCC,1
Lopac-C-8031,C1CCC(C1)NC2=C3C(=NC=N2)N(C=N3)[C@H]4[C@H]([C@H]([C@@H](O4)CO)O)O,1
Dibutyl Phthalate,CCCCOC(=O)C1=CC=CC=C1C(=O)OCCCC,1
Tocris-0548,CCCCCCCCCCCC(=O)O[C@H](CC(=O)O)C[N+](C)(C)C,1
"(1'S,2'R,6'S,11'S,13'R,14'S)-4'-benzyl-14'-hydroxyspiro[1,3-dioxane-2,10'-12-oxa-4-azatetracyclo[7.5.0.02,6.011,13]tetradec-8-ene]-3',5'-dione",C1COC2([C@@H]3[C@H](O3)[C@H]([C@@H]4C2=CC[C@H]5[C@@H]4C(=O)N(C5=O)CC6=CC=CC=C6)O)OC1,1
"Pyrazin-2-yl-(9-pyridin-2-yl-3,9-diazaspiro[5.5]undecan-3-yl)methanone",C1CN(CCC12CCN(CC2)C(=O)C3=NC=CN=C3)C4=CC=CC=N4,1
Mafenide,C1=CC(=CC=C1CN)S(=O)(=O)N,1
"1-(3,4,5-trimethoxyphenyl)-2,3,4,9-tetrahydro-1H-beta-carboline-3-carboxylic acid",COC1=CC(=CC(=C1OC)OC)C2C3=C(CC(N2)C(=O)O)C4=CC=CC=C4N3,1
Vesamicol hydrochloride,C1CCC(C(C1)N2CCC(CC2)C3=CC=CC=C3)O.Cl,1
"3,3'-(3H-2,1-benzooxathiol-3-ylidene)bis(6-hydroxy-5-methylbenzoic acid S,S-dioxide",CC1=CC(=CC(=C1O)C(=O)O)C2(C3=CC=CC=C3S(=O)(=O)O2)C4=CC(=C(C(=C4)C)O)C(=O)O,1
Glutaraldehyde,C(CC=O)CC=O,1
"(6R,9S,13S)-5',7,9,13-tetramethylspiro[5-oxapentacyclo[10.8.0.02,9.04,8.013,18]icos-18-ene-6,2'-oxane]-16-ol",CC1CC[C@@]2(C(C3C(O2)CC4[C@@]3(CCC5C4CC=C6[C@]5(CCC(C6)O)C)C)C)OC1,1
8-(2-Methoxyethyl)-6-(4-methoxyphenyl)-2-morpholin-4-ylpteridin-7-one,COCCN1C2=NC(=NC=C2N=C(C1=O)C3=CC=C(C=C3)OC)N4CCOCC4,1
3-Formyl-2-thiopheneboronic Acid (contains varying amounts of Anhydride),B(C1=C(C=CS1)C=O)(O)O,1
Tetrahydrogambogic Acid,CC(=CCCC1(C=CC2=C(C3=C(C(=C2O1)CC=C(C)C)OC45C(C3=O)CC6CC4C(OC5(C6O)C/C=C(/C)\C(=O)O)(C)C)O)C)C,1
Hexyl methacrylate,CCCCCCOC(=O)C(=C)C,1
Dicofol,C1=CC(=CC=C1C(C2=CC=C(C=C2)Cl)(C(Cl)(Cl)Cl)O)Cl,1
4-(2-Aminopropan-2-yl)-1-methylcyclohexan-1-amine,CC1(CCC(CC1)C(C)(C)N)N,1
"L-Glutamic acid,N-[4-[[[(6S)-2-amino-5-formyl-1,4,5,6,7,8-hexahydro-4-oxo-6-pteridinyl]methyl]amino]benzoyl]-, calcium salt (1:1)",C1C(N(C2=C(N1)N=C(NC2=O)N)C=O)CNC3=CC=C(C=C3)C(=O)NC(CCC(=O)[O-])C(=O)[O-].[Ca+2],1
"1,4-Dichlorobenzene",C1=CC(=CC=C1Cl)Cl,1
Trichlorophene,C1=CC(=C(C=C1Cl)CC2=CC(=CC(=C2O)CC3=C(C=CC(=C3)Cl)O)Cl)O,1
2-(3-Methoxyanilino)-6-(4-methoxyphenyl)-8-methylpteridin-7-one,CN1C2=NC(=NC=C2N=C(C1=O)C3=CC=C(C=C3)OC)NC4=CC(=CC=C4)OC,1
"(1R)-1,2-bis(4-methoxyphenyl)ethanamine",COC1=CC=C(C=C1)C[C@H](C2=CC=C(C=C2)OC)N,1
Trazodone Hydrochloride,C1CN(CCN1CCCN2C(=O)N3C=CC=CC3=N2)C4=CC(=CC=C4)Cl.Cl,1
Benzoyl-L-phenylalanine,C1=CC=C(C=C1)C[C@@H](C(=O)O)NC(=O)C2=CC=CC=C2,1
"[(2R,3R,4S,5R,6S)-6-[(Z)-[(3aS,5aR,8R,9S,9aS,9bS)-2-ethyl-8,9-dihydroxy-1,3-dioxo-4,5,5a,7,8,9,9a,9b-octahydro-3aH-benzo[e]isoindol-6-ylidene]amino]oxy-3,4,5-triacetyloxyoxan-2-yl]methyl acetate",CCN1C(=O)[C@H]2CC[C@@H]\3[C@@H]([C@@H]2C1=O)[C@@H]([C@@H](C/C3=N/O[C@H]4[C@@H]([C@H]([C@@H]([C@H](O4)COC(=O)C)OC(=O)C)OC(=O)C)OC(=O)C)O)O,1
2-(4-Methylpiperazin-1-yl)-8-phenylpteridin-7-one,CN1CCN(CC1)C2=NC=C3C(=N2)N(C(=O)C=N3)C4=CC=CC=C4,1
Citrulline,C(C[C@@H](C(=O)O)N)CNC(=O)N,1
Ethyl 3-phenylglycidate,CCOC(=O)C1C(O1)C2=CC=CC=C2,1
3-(2-Amino-4-mercapto-6-methyl-5-pyrimidinyl)propanoic acid,CC1=C(C(=S)N=C(N1)N)CCC(=O)O,1
Lopac-C-0256,C[N+](C)(C)COP(=O)([O-])OP(=O)([O-])OC[C@H]1[C@@H]([C@@H]([C@@H](O1)N2C=CC(=NC2=O)N)O)O.[Na+],1
Phenoxyethanol,C1=CC=C(C=C1)OCCO,1
"3-(7-(Aminosulfonyl)-6-chloro-1-hydroxy-1-oxido-14,2,4-benzothiadiazin-3-yl)propanoic acid",C1=C(C(=CC2=NC(=NS(=C21)(=O)O)CCC(=O)O)Cl)S(=O)(=O)N,1
5-[4-(4-Carboxythiadiazol-5-yl)phenyl]thiadiazole-4-carboxylic acid,C1=CC(=CC=C1C2=C(N=NS2)C(=O)O)C3=C(N=NS3)C(=O)O,1
2-(2-(3-Pyridinyl)ethyl)pyridine,C1=CC=NC(=C1)CCC2=CN=CC=C2,1
Perillyl Alcohol,CC(=C)C1CCC(=CC1)CO,1
2-Methyl-1-nitronaphthalene,CC1=C(C2=CC=CC=C2C=C1)[N+](=O)[O-],1
"(3S,8Z,10S,11R,15R)-11-methoxy-3,10-dimethyl-5,13-dioxa-1-azabicyclo[13.3.0]octadec-8-ene-2,6,14-trione",C[C@H]1COC(=O)C/C=C\[C@@H]([C@H](COC(=O)[C@H]2CCCN2C1=O)OC)C,1
CNQX disodium,C1=C(C(=CC2=C1N=C(C(=N2)[O-])[O-])[N+](=O)[O-])C#N.[Na+].[Na+],1
Quininic acid,COC1=CC2=C(C=CN=C2C=C1)C(=O)O,1
Mitoxantrone Hydrochloride,C1=CC(=C2C(=C1NCCNCCO)C(=O)C3=C(C=CC(=C3C2=O)O)O)NCCNCCO.Cl.Cl,1
3-Methylsalicylic Acid,CC1=C(C(=CC=C1)C(=O)O)O,1
"N-(3,4-Xylyl)phthalamic acid",CC1=C(C=C(C=C1)NC(=O)C2=CC=CC=C2C(=O)O)C,1
Maltol,CC1=C(C(=O)C=CO1)O,1
"N,N-Dimethylaniline",CN(C)C1=CC=CC=C1,1
Acetonitrile,CC#N,1
2-((2-Amino-6-chloropyrimidin-4-yl)amino)ethanol,C1=C(N=C(N=C1Cl)N)NCCO,1
2-Pentenenitrile,CC/C=C/C#N,1
3-Chloro-4-(dichloromethyl)-5-hydroxy-2(5H)-furanone,C1(C(=C(C(=O)O1)Cl)C(Cl)Cl)O,1
(2S)-2-amino-3-(6-nitro-1H-indol-3-yl)propanoic acid;nitric acid,C1=CC2=C(C=C1[N+](=O)[O-])NC=C2C[C@@H](C(=O)O)N.[N+](=O)(O)[O-],1
"D-Fructose, 1-amino-1-deoxy-, acetate (ester)",CC(=O)O.C([C@H]([C@H]([C@@H](C(=O)CN)O)O)O)O,1
Benzofuran,C1=CC=C2C(=C1)C=CO2,1
2-(6-(benzylthio)-9H-purin-9-yl)ethanol,C1=CC=C(C=C1)CSC2=NC=NC3=C2N=CN3CCO,1
4-[2-amino-6-(2-methyl-1H-indol-3-yl)pyrimidin-4-yl]-6-(2-methyl-1H-indol-3-yl)pyrimidin-2-amine,CC1=C(C2=CC=CC=C2N1)C3=NC(=NC(=C3)C4=CC(=NC(=N4)N)C5=C(NC6=CC=CC=C65)C)N,1
"Ofloxacin, D-",C[C@@H]1COC2=C3N1C=C(C(=O)C3=CC(=C2N4CCN(CC4)C)F)C(=O)O,1
N''-[3-(Dimethylamino)propyl]guanidine; sulfuric acid,CN(C)CCCN=C(N)N.OS(=O)(=O)O,1
Lopac-D-1306,C1C[N+](=C(N)N)CC2=CC=CC=C21.C1C[N+](=C(N)N)CC2=CC=CC=C21.[O-]S(=O)(=O)[O-],1
1-Bromopropane,CCCBr,1
D-Camphor,C[C@@]12CC[C@@H](C1(C)C)CC2=O,1
"4-(4-methylpiperazin-1-yl)-7-nitro-1H-2,1,3-benzoxadiazol-3-ium 3-oxide",CN1CCN(CC1)C2=C3C(=C(C=C2)[N+](=O)[O-])NO[N+]3=O,1
2-Anilino-6-(4-chlorophenyl)-8-(2-methoxyethyl)pteridin-7-one,COCCN1C2=NC(=NC=C2N=C(C1=O)C3=CC=C(C=C3)Cl)NC4=CC=CC=C4,1
Covi-Ox,CC1=C(C2=C(CC[C@@](O2)(C)CCC[C@@H](C)CCC[C@@H](C)CCCC(C)C)C(=C1O)C)C,1
"N-[[4-(3-phenyl-1,2-oxazol-5-yl)phenyl]methoxy]propan-2-imine",CC(=NOCC1=CC=C(C=C1)C2=CC(=NO2)C3=CC=CC=C3)C,1
Azidoacetamide,C(C(=O)N)N=[N+]=[N-],1
Lopac-M-3184,CC[N+](CC)(CC)COC1=CC=C(C=C1)/C=C\C2=CC=CC=C2,1
8 BrGuo,C(C1C(C(C(O1)N2C3=C(C(=O)NC(=N3)N)N=C2Br)O)O)O,1
2-amino-N-[4-chloro-2-(1H-pyrrole-2-carbonyl)phenyl]acetamide,C1=CNC(=C1)C(=O)C2=C(C=CC(=C2)Cl)NC(=O)CN,1
Citral,CC(=CCC/C(=C/C=O)/C)C,1
"(I+/-R,I(2)S)-I+/-,I(2)-Dimethylbenzenepropanamine",C[C@@H](CC1=CC=CC=C1)[C@@H](C)N,1
5-(Carboxymethyl)-1h-imidazole-4-carboxylic acid,C1=NC(=C(N1)CC(=O)O)C(=O)O,1
Cyclopentyl (1-hydroxycyclohexyl)acetate,C1CCC(CC1)(CC(=O)OC2CCCC2)O,1
"2-amino-9-[6-(hydroxymethyl)-2,2-dimethyl-3a,4,6,6a-tetrahydrofuro[3,4-d][1,3]dioxol-4-yl]-3H-purin-6-one",CC1(OC2C(OC(C2O1)N3C=NC4=C3N=C(NC4=O)N)CO)C,1
"1,1-Bis(4-hydroxyphenyl)-3-oxo-1,3-dihydro-2-benzofuran-4,5-dicarboxylic acid",C1=CC(=CC=C1C2(C3=C(C(=C(C=C3)C(=O)O)C(=O)O)C(=O)O2)C4=CC=C(C=C4)O)O,1
Mordant Orange 1,C1=CC(=CC=C1N=NC2=CC(=C(C=C2)O)C(=O)O)[N+](=O)[O-],1
2-(3-(Bis(1-methylethyl)amino)-1-phenylpropyl)-4-methylphenol hydrochloride,CC1=CC(=C(C=C1)O)C(CCN(C(C)C)C(C)C)C2=CC=CC=C2.Cl,1
8-Methyl-2-phenoxy-6-thiophen-2-ylpteridin-7-one,CN1C2=NC(=NC=C2N=C(C1=O)C3=CC=CS3)OC4=CC=CC=C4,1
2-(3-Chlorophenoxy)-8-cyclopropyl-6-(4-fluorophenyl)pteridin-7-one,C1CC1N2C3=NC(=NC=C3N=C(C2=O)C4=CC=C(C=C4)F)OC5=CC(=CC=C5)Cl,1
Splitomicin,C1CC(=O)OC2=C1C3=CC=CC=C3C=C2,1
"Benzyl 3-(6-methoxy-6-oxohexyl)-4-methyl-2-oxo-6-(4-phenylphenyl)-1,6-dihydropyrimidine-5-carboxylate",CC1=C(C(NC(=O)N1CCCCCC(=O)OC)C2=CC=C(C=C2)C3=CC=CC=C3)C(=O)OCC4=CC=CC=C4,1
4-(Hydroxy(oxido)amino)benzylarsonic acid,C1=CC(=CC=C1C[As](=O)(O)O)[N+](=O)[O-],1
"methanesulfonic acid;(5S)-12-methyl-1,4-diazatetracyclo[7.6.1.05,16.010,15]hexadeca-9(16),10(15),11,13-tetraene",CC1=CC2=C(C=C1)N3CCN[C@@H]4C3=C2CCC4.CS(=O)(=O)O,1
"sodium 4-[(10R,13R)-10,13-dimethyl-3,7,12-trioxo-1,2,4,5,6,8,9,11,14,15,16,17-dodecahydrocyclopenta[a]phenanthren-17-yl]pentanoate",CC(CCC(=O)[O-])C1CCC2[C@@]1(C(=O)CC3C2C(=O)CC4[C@]3(CCC(=O)C4)C)C.[Na+],1
(2R)-2-amino-3-(2-amino-2-oxoethyl)sulfinylpropanoic acid,C([C@@H](C(=O)O)N)S(=O)CC(=O)N,1
Tenoxicam,CN1C(=C(C2=C(S1(=O)=O)C=CS2)O)C(=O)NC3=CC=CC=N3,1
ST024711,CNC1C2CN3C1C(O2)CC3,1
"4-[[3-(4-Methoxybenzoyl)-3,9-diazaspiro[5.5]undecan-9-yl]methyl]benzonitrile",COC1=CC=C(C=C1)C(=O)N2CCC3(CCN(CC3)CC4=CC=C(C=C4)C#N)CC2,1
"[3-(1,3-benzodioxol-5-yloxy)-6-[2-(2,4-dimethylphenyl)ethynyl]-3,6-dihydro-2H-pyran-2-yl]methanol",CC1=CC(=C(C=C1)C#CC2C=CC(C(O2)CO)OC3=CC4=C(C=C3)OCO4)C,1
Chlorinated paraffins,CCCC(CCCC(CCC(CCC(CCC(CCCC(CCC)Cl)Cl)Cl)Cl)Cl)Cl,1
"(R*,S*)-(1)-5-(1-Hydroxy-2-((1-methyl-3-phenylpropyl)amino)ethyl)salicylamide",C[C@@H](CCC1=CC=CC=C1)NC[C@@H](C2=CC(=C(C=C2)O)C(=O)N)O,1
"N4,2'-O-Dibutyrylcytidine-3',5-cyclic monophosphate",CCCC(=O)NC1=C2C(=NC=N1)N(C=N2)[C@H]3[C@@H]([C@H]4[C@H](O3)COP(=O)(O4)[O-])OC(=O)CCC,1
2-bromo-N-(2-bromo-2-propenyl)-N-methyl-2-propen-1-amine,CN(CC(=C)Br)CC(=C)Br,1
"(2R,6R)-2,6-dimethyl-4,10-dioxatricyclo[5.2.1.02,6]decane-3,5-dione",C[C@]12C3CCC([C@@]1(C(=O)OC2=O)C)O3,1
N-acetylglutamic acid,CC(=O)NC(CCC(=O)O)C(=O)O,1
4-Carboxybenzaladehyde,C1=CC(=CC=C1C=O)C(=O)O,1
2-(6-Methoxynaphthalen-2-yl)propan-1-ol,CC(CO)C1=CC2=C(C=C1)C=C(C=C2)OC,1
"(3S)-3-benzyl-6-chloro-1,1-dioxo-3,4-dihydro-2H-1lambda6,2,4-benzothiadiazine-7-sulfonamide",C1=CC=C(C=C1)C[C@H]2NC3=CC(=C(C=C3S(=O)(=O)N2)S(=O)(=O)N)Cl,1
4-Methylbenzyl alcohol,CC1=CC=C(C=C1)CO,1
"2-[[(9R)-2,4,7-trichloro-9H-fluoren-9-yl]amino]ethanol",C1=CC2=C(C=C1Cl)[C@H](C3=C2C(=CC(=C3)Cl)Cl)NCCO,1
"(4-Methoxyphenyl)-(9-methyl-3,9-diazaspiro[5.5]undecan-3-yl)methanone",CN1CCC2(CC1)CCN(CC2)C(=O)C3=CC=C(C=C3)OC,1
"(3R,7Z,9R,13S,17Z,19R)-9,19-dimethyl-3,13-bis(2-methylsulfanylethyl)-1,11-dioxa-4,14-diazacycloicosa-7,17-diene-2,5,12,15-tetrone",C[C@@H]1/C=C\CC(=O)N[C@H](C(=O)OC[C@@H](/C=C\CC(=O)N[C@@H](C(=O)OC1)CCSC)C)CCSC,1
Nitrogen mustard hydrochloride,CN(CCCl)CCCl.Cl,1
Mitoxantrone,C1=CC(=C2C(=C1NCCNCCO)C(=O)C3=C(C=CC(=C3C2=O)O)O)NCCNCCO,1
2-(ethylamino)-6-(4-fluorophenyl)-8-[[(2R)-oxolan-2-yl]methyl]pteridin-7-one,CCNC1=NC=C2C(=N1)N(C(=O)C(=N2)C3=CC=C(C=C3)F)C[C@H]4CCCO4,1
"(2-Benzhydryl-2,7-diazaspiro[3.5]nonan-7-yl)-pyridin-4-ylmethanone",C1CN(CCC12CN(C2)C(C3=CC=CC=C3)C4=CC=CC=C4)C(=O)C5=CC=NC=C5,1
"N''-(1-benzyl-3-methyl-2,6-dioxopyrimidin-4-yl)-N,N-dimethylmethanimidamide",CN1C(=CC(=O)N(C1=O)CC2=CC=CC=C2)/N=C/N(C)C,1
"4-[[7-(Thiadiazole-4-carbonyl)-2,7-diazaspiro[3.5]nonan-2-yl]methyl]benzonitrile",C1CN(CCC12CN(C2)CC3=CC=C(C=C3)C#N)C(=O)C4=CSN=N4,1
"[(1R,2S)-2-azanidylcyclohexyl]azanide;(2S)-2-[(2-phosphonoacetyl)amino]butanedioic acid;platinum",C1CC[C@@H]([C@@H](C1)[NH-])[NH-].C([C@@H](C(=O)O)NC(=O)CP(=O)(O)O)C(=O)O.[Pt],1
Acetochlor,CCC1=CC=CC(=C1N(COCC)C(=O)CCl)C,1
Cidoxepin Hydrochloride,CN(C)CC/C=C\1/C2=CC=CC=C2COC3=CC=CC=C31.Cl,1
2-(Dimethylamino)-8-methyl-6-phenylpteridin-7-one,CN1C2=NC(=NC=C2N=C(C1=O)C3=CC=CC=C3)N(C)C,1
R-(-)-Flecainide,C1CCN[C@H](C1)CNC(=O)C2=C(C=CC(=C2)OCC(F)(F)F)OCC(F)(F)F,1
"(1S,3aS,3bR,9aS,9bS,11aR)-6-[2-(dimethylamino)ethyl]-1-hydroxy-1,9a,11a-trimethyl-2,3,3a,3b,4,8,9,9b,10,11-decahydroindeno[5,4-f]quinolin-7-one",C[C@@]12CCC(=O)N(C1=CC[C@@H]3[C@@H]2CC[C@@]4([C@H]3CC[C@]4(C)O)C)CCN(C)C,1
2-Methoxy-6-(4-methoxyphenyl)-8-phenylpteridin-7-one,COC1=CC=C(C=C1)C2=NC3=CN=C(N=C3N(C2=O)C4=CC=CC=C4)OC,1
N-(2-methoxyethyl)-2-methyl-9-[(1-methylpiperidin-4-yl)methyl]-8-phenylpurin-6-amine,CC1=NC(=C2C(=N1)N(C(=N2)C3=CC=CC=C3)CC4CCN(CC4)C)NCCOC,1
Benzylcarbamic acid;phenylmethanamine,C1=CC=C(C=C1)CN.C1=CC=C(C=C1)CNC(=O)O,1
"(1S)-9-methoxy-4-methyl-11-oxa-4-azatetracyclo[8.6.1.01,12.06,17]heptadeca-6(17),7,9,15-tetraen-14-ol;hydrobromide",CN1CC[C@@]23C=CC(CC2OC4=C(C=CC(=C34)C1)OC)O.Br,1
Haplamine,CC1(C=CC2=C(O1)C3=C(C=CC(=C3)OC)NC2=O)C,1
"4-Thia-1-azabicyclo(3.2.0)heptane-2-carboxylicacid, 3,3-dimethyl-6-(((2R)-2-(methyleneamino)-2-phenylacetyl)amino)-7-oxo-,sodium salt (1:1), (2S,5R,6R)-",CC1(C(N2C(S1)C(C2=O)NC(=O)C(C3=CC=CC=C3)N=C)C(=O)[O-])C.[Na+],1
4-(Quinoxalin-2-ylmethylamino)benzenesulfonamide,C1=CC=C2C(=C1)N=CC(=N2)CNC3=CC=C(C=C3)S(=O)(=O)N,1
Dibenzothiophene,C1=CC=C2C(=C1)C3=CC=CC=C3S2,1
"(2S,3S,4S,5S,6R)-5-amino-2-(aminomethyl)-6-[(2S,3S,4S,5R)-5-[(1S,2R,3S,5R,6R)-3,5-diamino-2-[(2R,3S,4R,5S,6R)-3-amino-4,5-dihydroxy-6-(hydroxymethyl)oxan-2-yl]oxy-6-hydroxycyclohexyl]oxy-4-hydroxy-2-(hydroxymethyl)oxolan-3-yl]oxyoxane-3,4-diol",C1[C@H]([C@H]([C@@H]([C@@H]([C@H]1N)O[C@H]2[C@H]([C@H]([C@@H]([C@H](O2)CO)O)O)N)O[C@@H]3[C@H]([C@@H]([C@@H](O3)CO)O[C@@H]4[C@H]([C@@H]([C@@H]([C@@H](O4)CN)O)O)N)O)O)N,1
4-((4-(Aminocarbonyl)benzoyl)amino)phenylarsonic acid,C1=CC(=CC=C1C(=O)N)C(=O)NC2=CC=C(C=C2)[As](=O)(O)O,1
Didanosine,C1C[C@@H](O[C@@H]1CO)N2C=NC3=C2N=CNC3=O,1
"1,2-Bis(7-methyl-[1,2,4]triazolo[4,3-a]pyridin-3-yl)ethane",CC1=CC2=NN=C(N2C=C1)CCC3=NN=C4N3C=CC(=C4)C,1
2-[(2R)-3-(dimethylamino)-2-methylpropanoyl]benzoic acid,C[C@H](CN(C)C)C(=O)C1=CC=CC=C1C(=O)O,1
"N-(3-cyanophenyl)-9-(2-methoxyacetyl)-2,9-diazaspiro[5.5]undecane-2-carboxamide",COCC(=O)N1CCC2(CCCN(C2)C(=O)NC3=CC=CC(=C3)C#N)CC1,1
"[(1S,2R,4R,10S)-4,12-diacetyloxy-1,9,15-trihydroxy-10,14,17,17-tetramethyl-11-oxo-6-oxatetracyclo[11.3.1.03,10.04,7]heptadec-13-en-2-yl] benzoate",CC1=C2C(C(=O)[C@@]3(C(CC4[C@@](C3[C@H]([C@@](C2(C)C)(CC1O)O)OC(=O)C5=CC=CC=C5)(CO4)OC(=O)C)O)C)OC(=O)C,1
"(2R)-1-[(4-fluorophenyl)methyl]-2-(methylamino)-2,3-dihydroquinazolin-4-one",CN[C@@H]1NC(=O)C2=CC=CC=C2N1CC3=CC=C(C=C3)F,1
Loperamide Hydrochloride,CN(C)C(=O)C(CCN1CCC(CC1)(C2=CC=C(C=C2)Cl)O)(C3=CC=CC=C3)C4=CC=CC=C4.Cl,1
Fumaronitrile,C(=C/C#N)\C#N,1
"(4R)-4-[(3S,5R,8R,9S,10S,13S,14R,17R)-3-hydroxy-4,4,10,13,14-pentamethyl-7,11-dioxo-2,3,5,6,8,9,12,15,16,17-decahydro-1H-cyclopenta[a]phenanthren-17-yl]pentanoic acid",C[C@H](CCC(=O)O)[C@H]1CC[C@]2([C@]1(CC(=O)[C@H]3[C@H]2C(=O)C[C@@H]4[C@@]3(CC[C@@H](C4(C)C)O)C)C)C,1
Diallyl Sulfide,C=CCSCC=C,1
Chlorambucil,C1=CC(=CC=C1CCCC(=O)O)N(CCCl)CCCl,1
"(2S,5R)-2,6,7-triphenyl-3-[(4-phenylphenyl)methyl]-3-azatricyclo[5.1.1.01,5]nonane",C1[C@@H]2C(C3(CC2(C3)[C@H](N1CC4=CC=C(C=C4)C5=CC=CC=C5)C6=CC=CC=C6)C7=CC=CC=C7)C8=CC=CC=C8,1
"(S)-2-((2S,3S)-3-Amino-2-hydroxy-4-phenyl-butyrylamino)-4-methyl-pentanoic acid",CC(C)C[C@@H](C(=O)O)NC(=O)[C@H]([C@H](CC1=CC=CC=C1)N)O,1
"(1S,2R,4R,5'S,6R,7S,8R,9S,12R,13R,16S)-5',7,9,13-tetramethylspiro[5-oxapentacyclo[10.8.0.02,9.04,8.013,18]icos-18-ene-6,2'-piperidine]-16-ol",C[C@H]1CC[C@@]2([C@H]([C@H]3[C@H](O2)C[C@H]4[C@@]3(CC[C@@H]5[C@H]4CC=C6[C@@]5(CC[C@@H](C6)O)C)C)C)NC1,1
"(2R,3R,4R,5S)-2-(6-aminopurin-9-yl)-5-(hydroxymethyl)tetrahydrofuran-3,4-diol",C1=NC(=C2C(=N1)N(C=N2)[C@H]3[C@@H]([C@H]([C@@H](O3)CO)O)O)N,1
Ambenonium,CC[N+](CC)(CCNC(=O)C(=O)NCC[N+](CC)(CC)CC1=CC=CC=C1Cl)CC2=CC=CC=C2Cl,1
S-Nitroso-N-Acetylpenicillamine,CC(=O)N[C@@H](C(=O)O)C(C)(C)SN=O,1
"2,2-Dimethylbutane",CCC(C)(C)C,1
"2-(2-oxo-2-phenylethoxy)-1H-isoindole-1,3(2H)-dione",C1=CC=C(C=C1)C(=O)CON2C(=O)C3=CC=CC=C3C2=O,1
Antazoline,C1CN=C(N1)CN(CC2=CC=CC=C2)C3=CC=CC=C3,1
N-Methylserotonin,CNCCC1=CNC2=C1C=C(C=C2)O,1
Triethylenetetramine,C(CNCCNCCN)N,1
"(Z)-4-oxo-4-(1H-1,2,4-triazol-5-ylamino)but-2-enoic acid",C1=NNC(=N1)NC(=O)/C=C\C(=O)O,1
(+/-)-Abscisic acid,CC1=CC(=O)CC(C1(/C=C/C(=C\C(=O)O)/C)O)(C)C,1
"Methyldopa, D-",C[C@@](CC1=CC(=C(C=C1)O)O)(C(=O)O)N,1
(-)-threo-Mefloquine,C1CCN[C@H](C1)[C@@H](C2=CC(=NC3=C2C=CC=C3C(F)(F)F)C(F)(F)F)O,1
Tetramethylhexamethylenediamine,CN(C)CCCCCCN(C)C,1
Propranolol Hydrochloride,CC(C)NCC(COC1=CC=CC2=CC=CC=C21)O.Cl,1
"Propanamide, 2-amino-N-(2,6-dimethylphenyl)-, (S)-",CC1=C(C(=CC=C1)C)NC(=O)[C@H](C)N,1
"4-(((7-Aminotetraazolo[1,5-a]pyrimidin-6-yl)carbonyl)amino)phenylarsonic acid",C1=CC(=CC=C1NC(=O)C2=C(N3C(=NN=N3)N=C2)N)[As](=O)(O)O,1
"benzyl N-[(Z)-[(3aS,5aR,8R,9S,9aS,9bS)-2-tert-butyl-8,9-dihydroxy-1,3-dioxo-4,5,5a,7,8,9,9a,9b-octahydro-3aH-benzo[e]isoindol-6-ylidene]amino]carbamate",CC(C)(C)N1C(=O)[C@H]2CC[C@@H]\3[C@@H]([C@@H]2C1=O)[C@@H]([C@@H](C/C3=N/NC(=O)OCC4=CC=CC=C4)O)O,1
Umbelliferone,C1=CC(=CC2=C1C=CC(=O)O2)O,1
(+)-Oxprenolol,CC(C)NC[C@H](COC1=CC=CC=C1OCC=C)O,1
Tocris-1073,C1C[C@@](C2=C1C=C(C=C2)P(=O)(O)O)(C(=O)O)N,1
"N''-(3-benzyl-1-methyl-2,6-dioxopyrimidin-4-yl)-N,N-dimethylmethanimidamide",CN1C(=O)C=C(N(C1=O)CC2=CC=CC=C2)/N=C/N(C)C,1
"(13R)-3-methoxy-13-methyl-6,7,8,9,11,12,14,15,16,17-decahydrocyclopenta[a]phenanthren-17-ol",C[C@@]12CCC3C(C1CCC2O)CCC4=C3C=CC(=C4)OC,1
Androstenedione,C[C@]12CCC(=O)C=C1CC[C@@H]3[C@@H]2CC[C@]4([C@H]3CCC4=O)C,1
"2,3-Dichloroquinoxaline",C1=CC=C2C(=C1)N=C(C(=N2)Cl)Cl,1
"(3S,8Z,10S,14R)-3,10-dimethyl-5,12-dioxa-1-azabicyclo[12.3.0]heptadec-8-ene-2,6,13-trione",C[C@@H]/1COC(=O)[C@H]2CCCN2C(=O)[C@H](COC(=O)C/C=C1)C,1
"(4Z,6R,7S,11S,15Z,17R,21S)-7-methoxy-6,17-dimethyl-11-(2-methylsulfanylethyl)-9,19-dioxa-1,12-diazabicyclo[19.3.0]tetracosa-4,15-diene-2,10,13,20-tetrone",C[C@H]/1COC(=O)[C@@H]2CCCN2C(=O)C/C=C\[C@H]([C@@H](COC(=O)[C@@H](NC(=O)C/C=C1)CCSC)OC)C,1
"1,1'-Diheptyl-4,4'-bipyridinium",CCCCCCC[N+]1=CC=C(C=C1)C2=CC=[N+](C=C2)CCCCCCC,1
5-Amino-2-methylphenol,CC1=C(C=C(C=C1)N)O,1
"[(4R,6S)-11-methoxy-5,12-dimethyl-10,13-dioxo-2,5-diazatetracyclo[7.4.0.02,7.04,6]trideca-1(9),7,11-trien-8-yl]methyl carbamate",CC1=C(C(=O)C2=C(C1=O)N3C[C@@H]4[C@@H](C3=C2COC(=O)N)N4C)OC,1
Phlorizin,C1=CC(=CC=C1CCC(=O)C2=C(C=C(C=C2O[C@H]3[C@@H]([C@H]([C@@H]([C@H](O3)CO)O)O)O)O)O)O,1
Fluorobenzene,C1=CC=C(C=C1)F,1
Tocris-0630,C1=CC(=C(C=C1C[C@@H](C(=O)O)OC(=O)/C=C\C2=CC(=C(C=C2)O)O)O)O,1
"N-propan-2-yl-9-(pyrazine-2-carbonyl)-3,9-diazaspiro[5.5]undecane-3-carboxamide",CC(C)NC(=O)N1CCC2(CCN(CC2)C(=O)C3=NC=CN=C3)CC1,1
"1-(2,8-dimethyl-9-propylpurin-6-yl)-N,N-dimethylpyrrolidin-3-amine",CCCN1C(=NC2=C1N=C(N=C2N3CCC(C3)N(C)C)C)C,1
"(1-Methylpyrrol-2-yl)-[9-(4-phenylphenyl)-3,9-diazaspiro[5.5]undecan-3-yl]methanone",CN1C=CC=C1C(=O)N2CCC3(CCN(CC3)C4=CC=C(C=C4)C5=CC=CC=C5)CC2,1
Diphenylpyraline Hydrochloride,CN1CCC(CC1)OC(C2=CC=CC=C2)C3=CC=CC=C3.Cl,1
"6-(((6-chloro-4H-1,3-benzodioxin-8-yl)methyl)thio)-3-(cyclopropylmethyl)-1,2,3,4-tetrahydro-1,3,5-triazine",C1CC1CN2CNC(=NC2)SCC3=CC(=CC4=C3OCOC4)Cl,1
N-(Amidinoamidino)sulfanilic acid,C1=CC(=CC=C1N=C(N)N=C(N)N)S(=O)(=O)O,1
"N,N-dimethyl-4-[6-[(5-methylpyrazin-2-yl)methylamino]pyrimidin-4-yl]benzamide",CC1=CN=C(C=N1)CNC2=NC=NC(=C2)C3=CC=C(C=C3)C(=O)N(C)C,1
3-(2-Hydroxyethylsulfamoyl)benzoic acid,C1=CC(=CC(=C1)S(=O)(=O)NCCO)C(=O)O,1
"(7S,8R,9S,10S,13R,14S,17S)-7,17-dihydroxy-10,13,17-trimethyl-2,6,7,8,9,11,12,14,15,16-decahydro-1H-cyclopenta[a]phenanthren-3-one",C[C@@]12CCC(=O)C=C1C[C@@H]([C@@H]3[C@@H]2CC[C@@]4([C@H]3CC[C@]4(C)O)C)O,1
"[(3S,8R,9S,10R,13R,14S,17S)-17-[1-acetyl-5-(trifluoromethyl)pyrazol-3-yl]-10,13-dimethyl-2,3,4,7,8,9,11,12,14,15,16,17-dodecahydro-1H-cyclopenta[a]phenanthren-3-yl] acetate",CC(=O)N1C(=CC(=N1)[C@H]2CC[C@@H]3[C@]2(CC[C@H]4[C@@H]3CC=C5[C@@]4(CC[C@@H](C5)OC(=O)C)C)C)C(F)(F)F,1
"[3-acetyloxy-6-[2-(4-chlorophenyl)ethynyl]-3,6-dihydro-2H-pyran-2-yl]methyl acetate",CC(=O)OCC1C(C=CC(O1)C#CC2=CC=C(C=C2)Cl)OC(=O)C,1
"(3S,7Z,9R,13R)-9,13-dimethyl-3-(2-methylsulfanylethyl)-1,11-dioxa-4-azacyclotetradec-7-ene-2,5,12-trione",C[C@H]/1COC(=O)[C@@H](COC(=O)[C@@H](NC(=O)C/C=C1)CCSC)C,1
Hogival; Oestrone-3-acetate; Puboestrene,CC(=O)OC1=CC2=C(C=C1)C3CC[C@]4(C(C3CC2)CCC4=O)C,1
N-1-Naphthylethylenediamine dihydrochloride,C1=CC=C2C(=C1)C=CC=C2NCCN.Cl.Cl,1
"(1S,2S)-2-hydroxy-1,2-diphenylethanesulfonic acid",C1=CC=C(C=C1)[C@@H]([C@H](C2=CC=CC=C2)S(=O)(=O)O)O,1
"(2Z)-2-[(1S,9Z,11S,13S,14S,17R,25Z,27S,30S,33R,35R,36R,38Z)-38-(2-hydroxyethylidene)-29,37-bis(prop-2-enyl)-8,24-diaza-29,37-diazoniaundecacyclo[25.5.2.211,14.11,26.110,17.02,7.013,17.018,23.030,33.08,35.024,36]octatriaconta-2,4,6,9,18,20,22,25-octaen-28-ylidene]ethanol",C=CC[NH+]1/C(=C\CO)/[C@@H]2/C/3=C/N4C5=CC=CC=C5[C@@]67[C@@H]4/C(=C\N8[C@@H]3[C@@]9(C3=CC=CC=C83)[C@@H]([C@@H]1CC9)C2)/[C@H]1/C(=C/CO)/[NH+]([C@H]([C@@H]6C1)CC7)CC=C,1
"Methyl 2-methyl-2,9-diazaspiro[5.5]undecane-9-carboxylate",CN1CCCC2(C1)CCN(CC2)C(=O)OC,1
"trans-methyl (1S,2S)-2-[(S)-benzamido(phenyl)methyl]cyclopropane-1-carboxylate",COC(=O)[C@H]1C[C@@H]1[C@@H](C2=CC=CC=C2)NC(=O)C3=CC=CC=C3,1
1-Heptanamine,CCCCCCCN,1
6-[2-[(dimethylamino)methyl]phenyl]-N-[(5-methylpyrazin-2-yl)methyl]quinazolin-4-amine,CC1=CN=C(C=N1)CNC2=NC=NC3=C2C=C(C=C3)C4=CC=CC=C4CN(C)C,1
"(4R,5S)-5-(4-bromophenyl)-4-phenyloxolan-2-one",C1[C@@H]([C@H](OC1=O)C2=CC=C(C=C2)Br)C3=CC=CC=C3,1
2-(1-Piperidinyl)ethyl carbamimidothioate,C1CCN(CC1)CCSC(=N)N,1
Tegaserod Maleate,CCCCCN=C(N)N/N=C/C1=CNC2=C1C=C(C=C2)OC.C(=C\C(=O)O)\C(=O)O,1
"N-(4-methoxyphenyl)-9-(pyrazine-2-carbonyl)-3,9-diazaspiro[5.5]undecane-3-carboxamide",COC1=CC=C(C=C1)NC(=O)N2CCC3(CCN(CC3)C(=O)C4=NC=CN=C4)CC2,1
Pravastatin Sodium,CC[C@H](C)C(=O)O[C@H]1C[C@@H](C=C2[C@H]1[C@H]([C@H](C=C2)C)CC[C@H](C[C@H](CC(=O)[O-])O)O)O.[Na+],1
4-Piperazin-1-yl-6-[2-(trifluoromethyl)phenyl]pyrimidine,C1CN(CCN1)C2=NC=NC(=C2)C3=CC=CC=C3C(F)(F)F,1
"Methyl 9-pyridin-4-yl-3,9-diazaspiro[5.5]undecane-3-carboxylate",COC(=O)N1CCC2(CCN(CC2)C3=CC=NC=C3)CC1,1
Tris(2-chloroethyl) phosphite,C(CCl)OP(OCCCl)OCCCl,1
3-((2-Aminoethyl)thio)propanoic acid,C(CSCCN)C(=O)O,1
"1-(9-Pyrimidin-2-yl-3,9-diazaspiro[5.5]undecan-3-yl)ethanone",CC(=O)N1CCC2(CCN(CC2)C3=NC=CC=N3)CC1,1
"N-(3-fluorophenyl)-9-(furan-2-carbonyl)-3,9-diazaspiro[5.5]undecane-3-carboxamide",C1CN(CCC12CCN(CC2)C(=O)NC3=CC(=CC=C3)F)C(=O)C4=CC=CO4,1
"ethyl 3-[(3aS,5aR,6Z,8R,9S,9aS,9bS)-8,9-dihydroxy-1,3-dioxo-6-phenylmethoxyimino-4,5,5a,7,8,9,9a,9b-octahydro-3aH-benzo[e]isoindol-2-yl]propanoate",CCOC(=O)CCN1C(=O)[C@H]2CC[C@@H]\3[C@@H]([C@@H]2C1=O)[C@@H]([C@@H](C/C3=N/OCC4=CC=CC=C4)O)O,1
"4-[(2S,5R)-6-(6-chloro-3-pyridinyl)-2-phenyl-3-[(4-phenylphenyl)methyl]-3-azatricyclo[5.1.1.01,5]nonan-7-yl]benzonitrile",C1[C@@H]2C(C3(CC2(C3)[C@H](N1CC4=CC=C(C=C4)C5=CC=CC=C5)C6=CC=CC=C6)C7=CC=C(C=C7)C#N)C8=CN=C(C=C8)Cl,1
Ethyl dichlorophosphate,CCOP(=O)(Cl)Cl,1
Tetramisole Hydrochloride,C1CSC2=NC(CN21)C3=CC=CC=C3.Cl,1
Epichlorohydrin,C1C(O1)CCl,1
"1-[(1S,4R)-7,7-dimethyl-2-oxo-1-bicyclo[2.2.1]heptanyl]-N-phenylmethanesulfonamide",CC1([C@@H]2CC[C@]1(C(=O)C2)CS(=O)(=O)NC3=CC=CC=C3)C,1
[(1-methyl-4-nitro-1H-imidazol-5-yl)sulfanyl]acetic acid,CN1C=NC(=C1SCC(=O)O)[N+](=O)[O-],1
Adenine,C1=NC2=NC=NC(=C2N1)N,1
"Carvone, (+)-",CC1=CC[C@@H](CC1=O)C(=C)C,1
"(1R,9R,10E,11R,13R,14S)-14-hydroxy-10-(2-methylpropoxyimino)-4-phenyl-12-oxa-2,4,6-triazatetracyclo[7.5.0.02,6.011,13]tetradecane-3,5-dione",CC(C)CO/N=C/1\[C@@H]2CCN3C(=O)N(C(=O)N3[C@H]2[C@@H]([C@@H]4[C@@H]1O4)O)C5=CC=CC=C5,1
Propantheline,CC(C)[N+](C)(CCOC(=O)C1C2=CC=CC=C2OC3=CC=CC=C13)C(C)C,1
"[(4R,8S,9R,14R)-3,4,6,9,14-pentahydroxy-5,5,9,14-tetramethyl-16-tetracyclo[11.2.1.01,10.04,8]hexadecanyl] acetate",CC(=O)OC1C2CCC3C1(CC([C@]4([C@H]([C@]3(C)O)CC(C4(C)C)O)O)O)C[C@@]2(C)O,1
2-Nitrophenethyl alcohol,C1=CC=C(C(=C1)CCO)[N+](=O)[O-],1
5-Chloro-2-methylbenzimidazole,CC1=NC2=C(N1)C=C(C=C2)Cl,1
Stearoyl-L-carnitine,CCCCCCCCCCCCCCCCCC(=O)O[C@H](CC(=O)O)C[N+](C)(C)C,1
"2-(5-Butyl-4-imino-1-phenyl-pyrazolo[3,4-d]pyrimidin-3-yl)acetonitrile",CCCCN1C=NC2=C(C1=N)C(=NN2C3=CC=CC=C3)CC#N,1
L-cysteinesulfinic acid,C([C@@H](C(=O)O)N)S(=O)O,1
DBO-83 free base,C1C[C@H]2CN(C[C@@H]1N2)C3=NN=C(C=C3)Cl,1
Buspirone,C1CCC2(C1)CC(=O)N(C(=O)C2)CCCCN3CCN(CC3)C4=NC=CC=N4,1
Mirtazapine,CN1CCN2C(C1)C3=CC=CC=C3CC4=C2N=CC=C4,1
"2-Benzyl-9-methylsulfonyl-2,9-diazaspiro[5.5]undecane",CS(=O)(=O)N1CCC2(CCCN(C2)CC3=CC=CC=C3)CC1,1
4-[[(2S)-2-bromopropanoyl]amino]-2-hydroxybenzoic acid,C[C@@H](C(=O)NC1=CC(=C(C=C1)C(=O)O)O)Br,1
1-Phenylbiguanide monohydrochloride,C1=CC=C(C=C1)N=C(N)N=C(N)N.Cl,1
(1S)-1-(4-chloronaphthalen-1-yl)-2-(dimethylamino)ethanol;4-methylbenzenesulfonic acid,CC1=CC=C(C=C1)S(=O)(=O)O.CN(C)C[C@H](C1=CC=C(C2=CC=CC=C21)Cl)O,1
3-[2-(3-Chlorophenoxy)-6-(4-methoxyphenyl)-7-oxopteridin-8-yl]propanenitrile,COC1=CC=C(C=C1)C2=NC3=CN=C(N=C3N(C2=O)CCC#N)OC4=CC(=CC=C4)Cl,1
"[2-amino-9-[(2S,3R,4S,5S)-3,4-dihydroxy-5-(hydroxymethyl)oxolan-2-yl]purin-6-yl]-trimethylazanium",C[N+](C)(C)C1=NC(=NC2=C1N=CN2[C@@H]3[C@@H]([C@@H]([C@@H](O3)CO)O)O)N,1
"4-(2,9-Diazaspiro[5.5]undecan-2-ylmethyl)benzonitrile",C1CC2(CCNCC2)CN(C1)CC3=CC=C(C=C3)C#N,1
"[(2R,3S,6S)-6-[2-[(Z)-[(3aS,5aR,8R,9S,9aS,9bS)-2-ethyl-8,9-dihydroxy-1,3-dioxo-4,5,5a,7,8,9,9a,9b-octahydro-3aH-benzo[e]isoindol-6-ylidene]amino]oxyethyl]-3-acetyloxy-3,6-dihydro-2H-pyran-2-yl]methyl acetate",CCN1C(=O)[C@H]2CC[C@@H]\3[C@@H]([C@@H]2C1=O)[C@@H]([C@@H](C/C3=N/OCC[C@H]4C=C[C@@H]([C@H](O4)COC(=O)C)OC(=O)C)O)O,1
"8-(((1,3-dimethyl-2,6-dioxo-2,3,6,9-tetrahydro-1H-purin-8-yl)methoxy)methyl)-1,3-dimethyl-3,9-dihydro-1H-purine-2,6-dione",CN1C2=C(C(=O)N(C1=O)C)NC(=N2)COCC3=NC4=C(N3)C(=O)N(C(=O)N4C)C,1
"(2-Benzhydryl-2,7-diazaspiro[3.5]nonan-7-yl)-pyrazin-2-ylmethanone",C1CN(CCC12CN(C2)C(C3=CC=CC=C3)C4=CC=CC=C4)C(=O)C5=NC=CN=C5,1
Tetrahydrozoline Hydrochloride,C1CC(C2=CC=CC=C2C1)C3=NCCN3.Cl,1
"(3aR,5S,6S,6aR)-5-[(1R)-1-hydroxy-2-(propan-2-ylideneamino)oxyethyl]-2,2-dimethyl-3a,5,6,6a-tetrahydrofuro[2,3-d][1,3]dioxol-6-ol",CC(=NOC[C@H]([C@H]1[C@@H]([C@@H]2[C@H](O1)OC(O2)(C)C)O)O)C,1
"N-[[(1R,2S)-2-cyclohexyl-1-methylcyclopropyl]-(4-phenylphenyl)methyl]benzamide",C[C@]1(C[C@H]1C2CCCCC2)C(C3=CC=C(C=C3)C4=CC=CC=C4)NC(=O)C5=CC=CC=C5,1
Methyl 4-methylbenzoate,CC1=CC=C(C=C1)C(=O)OC,1
Pronetalol hydrochloride,CC(C)NCC(C1=CC2=CC=CC=C2C=C1)O.Cl,1
(4-Cyanophenyl) 4-(diaminomethylideneamino)benzoate;pyridine,C1=CC=NC=C1.C1=CC(=CC=C1C#N)OC(=O)C2=CC=C(C=C2)N=C(N)N,1
(-)-Nefopam,CN1CCO[C@@H](C2=CC=CC=C2C1)C3=CC=CC=C3,1
Shikimic Acid,C1[C@H]([C@@H]([C@@H](C=C1C(=O)O)O)O)O,1
Bissalicyl fumarate,C1=CC=C(C(=C1)C(=O)O)OC(=O)/C=C/C(=O)OC2=CC=CC=C2C(=O)O,1
3-[4-(2-Methylbutan-2-yl)phenoxy]benzoic acid,CCC(C)(C)C1=CC=C(C=C1)OC2=CC=CC(=C2)C(=O)O,1
D-Amethopterin,CN(CC1=CN=C2C(=N1)C(=NC(=N2)N)N)C3=CC=C(C=C3)C(=O)N[C@H](CCC(=O)O)C(=O)O,1
Solanesol,CC(=CCC/C(=C/CC/C(=C/CC/C(=C/CC/C(=C/CC/C(=C/CC/C(=C/CC/C(=C/CC/C(=C/CO)/C)/C)/C)/C)/C)/C)/C)/C)C,1
6-(4-Chlorophenyl)-8-(4-methoxyphenyl)-2-morpholin-4-ylpteridin-7-one,COC1=CC=C(C=C1)N2C3=NC(=NC=C3N=C(C2=O)C4=CC=C(C=C4)Cl)N5CCOCC5,1
"[3,5-Bis(trifluoromethyl)phenyl]-(9-pyridin-4-yl-3,9-diazaspiro[5.5]undecan-3-yl)methanone",C1CN(CCC12CCN(CC2)C(=O)C3=CC(=CC(=C3)C(F)(F)F)C(F)(F)F)C4=CC=NC=C4,1
Tocris-1958,C1CCN(CC1)[C@H]2[C@H](C[C@@H]([C@H]2CC/C=C\CCC(=O)O)OCC3=CC=C(C=C3)C4=CC=CC=C4)O,1
Cycloserine,C1[C@H](C(=O)NO1)N,1
(2S)-3-methyl-2-(7H-purin-6-ylamino)butanoic acid,CC(C)[C@@H](C(=O)O)NC1=NC=NC2=C1NC=N2,1
"[(1S,2R,6R,9S,10S,11R,12R,14S,15R,18R,19S,22S,23S,25S)-1,10,11,12,14,23-hexahydroxy-6,10,19-trimethyl-24-oxa-4-azaheptacyclo[12.12.0.02,11.04,9.015,25.018,23.019,25]hexacosan-22-yl] 3,4-dimethoxybenzoate",C[C@@H]1CC[C@H]2[C@]([C@@]3([C@@H](C[C@@]4([C@H]5CC[C@@H]6[C@]7([C@@]5(C[C@@]4([C@H]3CN2C1)O)O[C@@]6([C@H](CC7)OC(=O)C8=CC(=C(C=C8)OC)OC)O)C)O)O)O)(C)O,1
1-((Cyclohexyl((2-hydroxy-1-naphthyl)methyl)amino)methyl)-2-naphthol,C1CCC(CC1)N(CC2=C(C=CC3=CC=CC=C32)O)CC4=C(C=CC5=CC=CC=C54)O,1
C.I. Vat Green 9,C1=CC2=C(C=C1[N+](=O)[O-])C(=O)C3=CC=C4C5=CC=C6C7=C(C=CC(=C57)C8=C4C3=C2C=C8)C9=C(C6=O)C=C(C=C9)[N+](=O)[O-],1
"methyl (2S,3aS,4R,5R,6R,7aR)-3a,4,5,6-tetrahydroxy-1-[(5-methylthiophen-2-yl)methyl]-3,4,5,6,7,7a-hexahydro-2H-indole-2-carboxylate",CC1=CC=C(S1)CN2[C@@H]3C[C@H]([C@H]([C@H]([C@@]3(C[C@H]2C(=O)OC)O)O)O)O,1
(Z)-1-(2-hydroxyphenyl)-3-phenylprop-2-en-1-one,C1=CC=C(C=C1)/C=C\C(=O)C2=CC=CC=C2O,1
Simazine,CCNC1=NC(=NC(=N1)Cl)NCC,1
Roxarsone,C1=CC(=C(C=C1[As](=O)(O)O)[N+](=O)[O-])O,1
Beta-Propiolactone,C1COC1=O,1
"2-((4-Aminophenyl)diazenyl)-1,3-naphthalenedisulfonic acid",C1=CC=C2C(=C1)C=C(C(=C2S(=O)(=O)O)N=NC3=CC=C(C=C3)N)S(=O)(=O)O,1
"N-(2-(3,4-dimethylbenzoyl)phenyl)-4-methylbenzenesulfonamide",CC1=CC=C(C=C1)S(=O)(=O)NC2=CC=CC=C2C(=O)C3=CC(=C(C=C3)C)C,1
Sodium Bisulfate,OS(=O)(=O)[O-].[Na+],1
Choline,C[N+](C)(C)CCO,1
Antineoplastic-92893,C1=CC=C(C=C1)CNC2=CC=C(C=C2)[As](=O)(O)O,1
4-((6-Chloro-2-methoxyacridin-9-yl)amino)-2-((4-methylpiperazin-1-yl)methyl)phenol,CN1CCN(CC1)CC2=C(C=CC(=C2)NC3=C4C=C(C=CC4=NC5=C3C=CC(=C5)Cl)OC)O,1
2-sec-Butylphenol,CCC(C)C1=CC=CC=C1O,1
"ethyl N-[(Z)-[(3aR,5aS,8R,9S,9aS,9bR)-2-(2,4-difluorophenyl)-8,9-dihydroxy-1,3-dioxo-4,5,5a,7,8,9,9a,9b-octahydro-3aH-benzo[e]isoindol-6-ylidene]amino]carbamate",CCOC(=O)N/N=C\1/C[C@H]([C@H]([C@H]2[C@@H]1CC[C@@H]3[C@@H]2C(=O)N(C3=O)C4=C(C=C(C=C4)F)F)O)O,1
Prednisone,C[C@]12CC(=O)[C@H]3[C@H]([C@@H]1CC[C@@]2(C(=O)CO)O)CCC4=CC(=O)C=C[C@]34C,1
Naphthalene,C1=CC=C2C=CC=CC2=C1,1
"(6S,7R)-7-[[4-(2-amino-1-carboxy-2-oxoethylidene)-1,3-dithietane-2-carbonyl]amino]-7-methoxy-3-[(1-methyltetrazol-5-yl)sulfanylmethyl]-8-oxo-5-thia-1-azabicyclo[4.2.0]oct-2-ene-2-carboxylic acid",CN1C(=NN=N1)SCC2=C(N3[C@H]([C@](C3=O)(NC(=O)C4SC(=C(C(=O)N)C(=O)O)S4)OC)SC2)C(=O)O,1
"(10S,13S)-3-hydroxy-10,13-dimethyl-17-(6-methylheptan-2-yl)-1,2,3,4,8,9,11,12,14,15,16,17-dodecahydrocyclopenta[a]phenanthren-7-one",CC(C)CCCC(C)C1CCC2[C@]1(CCC3C2C(=O)C=C4[C@]3(CCC(C4)O)C)C,1
4-Tert-butyl-2-(((5-tert-butyl-2-hydroxybenzyl)anilino)methyl)phenol,CC(C)(C)C1=CC(=C(C=C1)O)CN(CC2=C(C=CC(=C2)C(C)(C)C)O)C3=CC=CC=C3,1
6-(4-Chlorophenyl)-8-cyclopropyl-2-phenoxypteridin-7-one,C1CC1N2C3=NC(=NC=C3N=C(C2=O)C4=CC=C(C=C4)Cl)OC5=CC=CC=C5,1
Isopeonol,CC(=O)C1=C(C=C(C=C1)O)OC,1
3-Benzhydryloxy-8-methyl-8-azabicyclo[3.2.1]octane;sulfuric acid,CN1C2CCC1CC(C2)OC(C3=CC=CC=C3)C4=CC=CC=C4.OS(=O)(=O)O,1
"4-(((2-Amino-3,5-dibromophenyl)methyl)amino)cyclohexan-1-ol--hydrogen chloride (1/1)",C1CC(CCC1NCC2=C(C(=CC(=C2)Br)Br)N)O.Cl,1
"8-(3-(4-Fluorophenoxy)propyl)-1-phenyl-1,3,8-triazaspiro(4.5)decan-4-one",C1CN(CCC12C(=O)NCN2C3=CC=CC=C3)CCCOC4=CC=C(C=C4)F,1
VW,CC(C)C(C(=O)NC(CC1=CNC2=CC=CC=C21)C(=O)O)N,1
"Methyl 2-phenyl-2,7-diazaspiro[3.5]nonane-7-carboxylate",COC(=O)N1CCC2(CC1)CN(C2)C3=CC=CC=C3,1
Halazone,C1=CC(=CC=C1C(=O)O)S(=O)(=O)N(Cl)Cl,1
"6-(4-bromophenyl)-7-methyl-3-(prop-2-enoxymethyl)-4,6,7,8,9,9a-hexahydro-3H-pyrido[2,1-c][1,4]oxazin-1-one",CC1CCC2C(=O)OC(CN2C1C3=CC=C(C=C3)Br)COCC=C,1
Triethyl Phosphate,CCOP(=O)(OCC)OCC,1
"5-((((2,4-Dihydroxy-5-pyrimidinyl)methyl)sulfonyl)methyl)-2,4-pyrimidinediol",C1=C(C(=O)NC(=O)N1)CS(=O)(=O)CC2=CNC(=O)NC2=O,1
Cyclohexanol,C1CCC(CC1)O,1
Promazine,CN(C)CCCN1C2=CC=CC=C2SC3=CC=CC=C31,1
6-[2-[(dimethylamino)methyl]phenyl]-N-phenylpyrimidin-4-amine,CN(C)CC1=CC=CC=C1C2=CC(=NC=N2)NC3=CC=CC=C3,1
"(2-Benzhydryl-2,9-diazaspiro[5.5]undecan-9-yl)-(3-fluorophenyl)methanone",C1CC2(CCN(CC2)C(=O)C3=CC(=CC=C3)F)CN(C1)C(C4=CC=CC=C4)C5=CC=CC=C5,1
Fraxetin,COC1=C(C(=C2C(=C1)C=CC(=O)O2)O)O,1
Carbonic acid-guanidine (1:1),C(=N)(N)N.C(=O)(O)O,1
Prestwick-13G04,C[C@@H](CCC=C(C)C)NC.C[C@@H](CCC=C(C)C)NC.[C@@H]([C@@H]([C@@H](C(=O)O)O)O)([C@H](C(=O)O)O)O,1
"4-[4-(2-acetamidoethylamino)quinazolin-6-yl]-N,N-dimethylbenzamide",CC(=O)NCCNC1=NC=NC2=C1C=C(C=C2)C3=CC=C(C=C3)C(=O)N(C)C,1
Lopac-P-209,C1=CC=C(C(=C1)C(=O)N[C@H](CCC(=O)[O-])C(=O)[O-])C(=O)[O-].[Na+].[Na+].[Na+],1
(S)-2-Amino-2-(1H-tetrazol-5-yl)acetic acid,C1(=NNN=N1)[C@@H](C(=O)O)N,1
Methyl 2-[(methoxycarbonylamino)-naphthalen-2-ylmethyl]-3-oxobutanoate,CC(=O)C(C(C1=CC2=CC=CC=C2C=C1)NC(=O)OC)C(=O)OC,1
Telenzepine,CC1=C2C(=CS1)C(=O)NC3=CC=CC=C3N2C(=O)CN4CCN(CC4)C,1
"Phosphonic acid, (3-methyl-2-oxobutyl)-",CC(C)C(=O)CP(=O)(O)O,1
"N-[8-(4-fluorophenyl)-2-methyl-9-propylpurin-6-yl]-N',N'-dimethylethane-1,2-diamine",CCCN1C(=NC2=C(N=C(N=C21)C)NCCN(C)C)C3=CC=C(C=C3)F,1
Salicylidenevaline,CC(C)[C@@H](C(=O)O)N=CC1=CC=CC=C1O,1
"(3aS,5aR,6Z,8R,9S,9aS,9bS)-8,9-dihydroxy-6-(2-methylpropoxyimino)-2-[[(2S)-oxolan-2-yl]methyl]-4,5,5a,7,8,9,9a,9b-octahydro-3aH-benzo[e]isoindole-1,3-dione",CC(C)CO/N=C\1/C[C@H]([C@H]([C@H]2[C@H]1CC[C@H]3[C@H]2C(=O)N(C3=O)C[C@@H]4CCCO4)O)O,1
"1-[9-[[3,5-Bis(trifluoromethyl)phenyl]methyl]-3,9-diazaspiro[5.5]undecan-3-yl]ethanone",CC(=O)N1CCC2(CCN(CC2)CC3=CC(=CC(=C3)C(F)(F)F)C(F)(F)F)CC1,1
"(3S,4S)-4-hydroxy-2-[(4-methoxyphenyl)methyl]pyrrolidin-3-yl acetate",CC(=O)O[C@@H]1[C@H](CNC1CC2=CC=C(C=C2)OC)O,1
N-Nitrosodimethylamine,CN(C)N=O,1
4-Nitrobenzoic Acid,C1=CC(=CC=C1C(=O)O)[N+](=O)[O-],1
CID 6537489,C1=NC2C(N1)C(=S)NC=N2.O,1
(2R)-2-[(1-aminocyclopentanecarbonyl)amino]propanoic acid,C[C@H](C(=O)O)NC(=O)C1(CCCC1)N,1
"3,4-dichloro-N-[(1S)-1-(4-phenylphenyl)ethyl]benzamide",C[C@@H](C1=CC=C(C=C1)C2=CC=CC=C2)NC(=O)C3=CC(=C(C=C3)Cl)Cl,1
2-amino-6-((5-(hydroxy(oxido)amino)-6-(methylamino)-4-pyrimidinyl)thio)-9H-purine,CNC1=C(C(=NC=N1)SC2=NC(=NC3=C2NC=N3)N)[N+](=O)[O-],1
"Methotrexate, (A+-)-",CN(CC1=CN=C2C(=N1)C(=NC(=N2)N)N)C3=CC=C(C=C3)C(=O)NC(CCC(=O)O)C(=O)O,1
"2',3'-O-p-Anisylideneguanosine",COC1=CC=C(C=C1)C2OC3C(OC(C3O2)N4C=NC5=C4N=C(NC5=O)N)CO,1
(R)-proglumide,CCCN(CCC)C(=O)[C@@H](CCC(=O)O)NC(=O)C1=CC=CC=C1,1
"1-[4-[4,5-dihydroxy-6-(hydroxymethyl)-3-[(2S)-3,4,5-trihydroxy-6-methyloxan-2-yl]oxyoxan-2-yl]oxy-2,6-dihydroxyphenyl]-3-(3-hydroxy-4-methoxyphenyl)propan-1-one",CC1C(C(C([C@@H](O1)OC2C(C(C(OC2OC3=CC(=C(C(=C3)O)C(=O)CCC4=CC(=C(C=C4)OC)O)O)CO)O)O)O)O)O,1
"(1S,13E)-1-amino-13-ethylidene-11-methyl-6-azatricyclo[7.3.1.02,7]trideca-2(7),3,10-trien-5-one",C/C=C/1\C2CC3=C([C@@]1(CC(=C2)C)N)C=CC(=O)N3,1
(S)-Oxiracetam,C1[C@@H](CN(C1=O)CC(=O)N)O,1
"4-[[3-(Pyrazine-2-carbonyl)-3,9-diazaspiro[5.5]undecan-9-yl]methyl]benzonitrile",C1CN(CCC12CCN(CC2)C(=O)C3=NC=CN=C3)CC4=CC=C(C=C4)C#N,1
Todralazine,CCOC(=O)NNC1=NN=CC2=CC=CC=C21,1
"[9-[[3,5-Bis(trifluoromethyl)phenyl]methyl]-3,9-diazaspiro[5.5]undecan-3-yl]-(3,5-dimethyl-1,2-oxazol-4-yl)methanone",CC1=C(C(=NO1)C)C(=O)N2CCC3(CCN(CC3)CC4=CC(=CC(=C4)C(F)(F)F)C(F)(F)F)CC2,1
"1,3-Benzenedicarboxamide,N,N'-bis(2,3-dihydroxypropyl)-5-[(hydroxyacetyl)(2-hydroxyethyl)amino]-2,4,6-triiodo-,(r*,r*)-(+-)-",C(CO)N(C1=C(C(=C(C(=C1I)C(=O)NC[C@H](CO)O)I)C(=O)NC[C@H](CO)O)I)C(=O)CO,1
"(1S,2S,3R,6S,7S,9S)-2-bromo-5-oxo-4-oxatricyclo[4.2.1.03,7]nonane-9-carboxylic acid",C1[C@H]2[C@H]3[C@@H]([C@H]1[C@@H]([C@@H]2OC3=O)Br)C(=O)O,1
2-anilino-6-(4-chlorophenyl)-8-[[(2R)-oxolan-2-yl]methyl]pteridin-7-one,C1C[C@@H](OC1)CN2C3=NC(=NC=C3N=C(C2=O)C4=CC=C(C=C4)Cl)NC5=CC=CC=C5,1
(S)-3Hpg,C1=CC(=CC(=C1)O)[C@@H](C(=O)O)N,1
"(6S,7S,12Z,14S,15R)-7,15-dimethoxy-6,14-dimethyl-1,9-dioxacyclohexadec-12-ene-2,10-dione",C[C@H]1CCCC(=O)OC[C@@H]([C@H](/C=C\CC(=O)OC[C@H]1OC)C)OC,1
Triphenyl(2-(triphenylphosphoranyl)ethyl)phosphorane,C1=CC=C(C=C1)[P+](CC[P+](C2=CC=CC=C2)(C3=CC=CC=C3)C4=CC=CC=C4)(C5=CC=CC=C5)C6=CC=CC=C6,1
"Benzoic acid, 4-methoxy-, 2-acetyl-3,5-dimethoxyphenyl ester",CC(=O)C1=C(C=C(C=C1OC(=O)C2=CC=C(C=C2)OC)OC)OC,1
"(5R)-N-(4-methoxyphenyl)-2,9-diazaspiro[4.5]decane-2-carboxamide",COC1=CC=C(C=C1)NC(=O)N2CC[C@]3(C2)CCCNC3,1
"3-(Benzenesulfonyl)-9-methyl-3,9-diazaspiro[5.5]undecane",CN1CCC2(CC1)CCN(CC2)S(=O)(=O)C3=CC=CC=C3,1
Tocris-1672,CCC[C@@H]1CC2=CC(=O)CC[C@@]2([C@H]3[C@@H]1[C@H]4CC[C@@]([C@]4(CC3)C)(CCC(=O)[O-])O)C.[K+],1
"(2S,3R,4R)-2,3,4,5-tetrahydroxypentanehydrazide",C([C@H]([C@H]([C@@H](C(=O)NN)O)O)O)O,1
Methyl Methacrylate,CC(=C)C(=O)OC,1
"2,4-Dichlorophenol",C1=CC(=C(C=C1Cl)Cl)O,1
"1-Naphthylamine, 5,6,7,8-tetrahydro-N-(2-imidazolin-2-yl)-, p-toluenesulfonate",CC1=CC=C(C=C1)S(=O)(=O)O.C1CCC2=C(C1)C=CC=C2NC3=NCCN3,1
"ethyl N-[(Z)-[(3aS,5aR,8R,9S,9aS,9bS)-2-ethyl-8,9-dihydroxy-1,3-dioxo-4,5,5a,7,8,9,9a,9b-octahydro-3aH-benzo[e]isoindol-6-ylidene]amino]carbamate",CCN1C(=O)[C@H]2CC[C@@H]\3[C@@H]([C@@H]2C1=O)[C@@H]([C@@H](C/C3=N/NC(=O)OCC)O)O,1
Glycylleucylphenylalanine,CC(C)CC(C(=O)NC(CC1=CC=CC=C1)C(=O)O)NC(=O)CN,1
"6,8-Bis(4-methoxyphenyl)-2-morpholin-4-ylpteridin-7-one",COC1=CC=C(C=C1)C2=NC3=CN=C(N=C3N(C2=O)C4=CC=C(C=C4)OC)N5CCOCC5,1
"Brinzolamide, (S)-",CCN[C@@H]1CN(S(=O)(=O)C2=C1C=C(S2)S(=O)(=O)N)CCCOC,1
Olprinone hydrochloride,CC1=C(C=C(C(=O)N1)C#N)C2=CN3C=CN=C3C=C2.Cl,1
Phenylglyoxal,C1=CC=C(C=C1)C(=O)C=O,1
"[(2R,4S,5S,6S)-4-(hydroxymethyl)-10-imino-3,7-dioxa-1,9-diazatricyclo[6.4.0.02,6]dodeca-8,11-dien-5-yl] dihydrogen phosphate",C1=CN2[C@H]3[C@H]([C@H]([C@@H](O3)CO)OP(=O)(O)O)OC2=NC1=N,1
2-Ethylhexyl acrylate,CCCCC(CC)COC(=O)C=C,1
Cgp 35348,CCOC(OCC)P(=O)(CCCN)O,1
Ipratropii bromidum,CC(C)[N+]1(C2CCC1CC(C2)OC(=O)C(CO)C3=CC=CC=C3)C.[Br-],1
"2-[(1S,4S)-3-(diaminomethylideneamino)-4-[(4S)-3-[4,5-dihydroxy-6-(hydroxymethyl)-3-(methylamino)oxan-2-yl]oxy-4-hydroxy-4-(hydroxymethyl)-5-methyloxolan-2-yl]oxy-2,5,6-trihydroxycyclohexyl]guanidine;sulfuric acid",CC1[C@](C(C(O1)O[C@H]2C(C([C@@H](C(C2O)O)N=C(N)N)O)N=C(N)N)OC3C(C(C(C(O3)CO)O)O)NC)(CO)O.OS(=O)(=O)O,1
(S)-2-benzylsuccinic acid,C1=CC=C(C=C1)C[C@@H](CC(=O)O)C(=O)O,1
Flumazenil,CCOC(=O)C1=C2CN(C(=O)C3=C(N2C=N1)C=CC(=C3)F)C,1
"(2-Benzhydryl-2,7-diazaspiro[3.5]nonan-7-yl)-(3-fluorophenyl)methanone",C1CN(CCC12CN(C2)C(C3=CC=CC=C3)C4=CC=CC=C4)C(=O)C5=CC(=CC=C5)F,1
(2R)-2-(carbamoylamino)-2-methoxyacetic acid,CO[C@H](C(=O)O)NC(=O)N,1
"Phenyl 9-pyridin-4-yl-3,9-diazaspiro[5.5]undecane-3-carboxylate",C1CN(CCC12CCN(CC2)C(=O)OC3=CC=CC=C3)C4=CC=NC=C4,1
(Z)-3-cyano-2-hydroxy-3-(4-naphthalen-1-ylphenyl)prop-2-enoic acid,C1=CC=C2C(=C1)C=CC=C2C3=CC=C(C=C3)/C(=C(\C(=O)O)/O)/C#N,1
GlyTouCan:G56260US,CC(=O)OC(C)(C)C1CC2=C(O1)C=C3C(=C2)C=CC(=O)O3,1
"Methyl 2-pyridin-4-yl-2,7-diazaspiro[3.5]nonane-7-carboxylate",COC(=O)N1CCC2(CC1)CN(C2)C3=CC=NC=C3,1
"(3aS,5aS,6Z,8R,9S,9aS,9bS)-2-ethyl-6-[(2S)-3-(furan-2-ylmethoxy)-2-hydroxypropoxy]imino-8,9-dihydroxy-4,5,5a,7,8,9,9a,9b-octahydro-3aH-benzo[e]isoindole-1,3-dione",CCN1C(=O)[C@H]2CC[C@H]\3[C@@H]([C@@H]2C1=O)[C@@H]([C@@H](C/C3=N/OC[C@H](COCC4=CC=CO4)O)O)O,1
N-(2-chloroethyl)-N-ethyl-2-bromobenzylamine,CCN(CCCl)CC1=CC=CC=C1Br,1
"(3-Fluorophenyl)-[2-(4-phenylphenyl)-2,7-diazaspiro[3.5]nonan-7-yl]methanone",C1CN(CCC12CN(C2)C3=CC=C(C=C3)C4=CC=CC=C4)C(=O)C5=CC(=CC=C5)F,1
Methapyrilene Hydrochloride,CN(C)CCN(CC1=CC=CS1)C2=CC=CC=N2.Cl,1
"2,3-Dihydroxy-6-propan-2-yl-cyclohepta-2,4,6-trien-1-one; 2-hydroxy-3-propan-2-yl-cyclohepta-2,4,6-trien-1-one; 2-hydroxy-5-propan-2-yl-cyclohepta-2,4,6-trien-1-one; 2-hydroxy-6-propan-2-yl-cyclohepta-2,4,6-trien-1-one",CC(C)C1=CC=C(C(=O)C=C1)O.CC(C)C1=CC(=O)C(=CC=C1)O.CC(C)C1=CC(=O)C(=C(C=C1)O)O.CC(C)C1=C(C(=O)C=CC=C1)O,1
4-Nitrophthalhydrazide,C1=CC2=C(C=C1[N+](=O)[O-])C(=O)NNC2=O,1
"Bis([(2,4-dimethylanilino)-(3-hydroxynaphthalen-2-yl)methylidene]oxidanium);nickel",CC1=CC(=C(C=C1)NC(=[OH+])C2=CC3=CC=CC=C3C=C2O)C.CC1=CC(=C(C=C1)NC(=[OH+])C2=CC3=CC=CC=C3C=C2O)C.[Ni],1
Bromperidol,C1CN(CCC1(C2=CC=C(C=C2)Br)O)CCCC(=O)C3=CC=C(C=C3)F,1
"1H-Pyrrole-1-carboxamide, 3-ethyl-2,5-dihydro-4-methyl-N-2-4-(trans-4-methylcyclohexyl)aminocarbonylaminosulfonylphenylethyl-2-oxo-",CCC1=C(CN(C1=O)C(=O)NCCC2=CC=C(C=C2)S(=O)(=O)NC(=O)NC3CCC(CC3)C)C,1
Sulfamethizole,CC1=NN=C(S1)NS(=O)(=O)C2=CC=C(C=C2)N,1
"[3,5-Bis(trifluoromethyl)phenyl]-(2-pyrimidin-2-yl-2,7-diazaspiro[3.5]nonan-7-yl)methanone",C1CN(CCC12CN(C2)C3=NC=CC=N3)C(=O)C4=CC(=CC(=C4)C(F)(F)F)C(F)(F)F,1
4-Methylumbelliferyl beta-D-glucuronide,CC1=CC(=O)OC2=C1C=CC(=C2)O[C@H]3[C@@H]([C@H]([C@@H]([C@H](O3)C(=O)O)O)O)O,1
Ici 162846,C1=CN(N=C1NC(=NCC(F)(F)F)N)CCCCC(=O)N,1
N-Isopropylaniline,CC(C)NC1=CC=CC=C1,1
8-(4-Methoxyphenyl)-6-thiophen-2-ylpteridin-7-one,COC1=CC=C(C=C1)N2C3=NC=NC=C3N=C(C2=O)C4=CC=CS4,1
"2-Propanol, 1-((1-methylethyl)amino)-3-(2-(2-propenyl)phenoxy)-, (R)-",CC(C)NC[C@H](COC1=CC=CC=C1CC=C)O,1
Retentin,C1=CC=C(C=C1)CS(=O)(=O)NC2=CC=C(C=C2)C(=O)O,1
1-Benzyl-4-(phenylamino)piperidine-4-carboxylic acid,C1CN(CCC1(C(=O)O)NC2=CC=CC=C2)CC3=CC=CC=C3,1
(R)(+)-BrAPB,C=CCN1CCC2=C(C(=C(C=C2[C@@H](C1)C3=CC=CC=C3)O)O)Br,1
"[2-[[3,5-Bis(trifluoromethyl)phenyl]methyl]-2,7-diazaspiro[3.5]nonan-7-yl]-(thiadiazol-4-yl)methanone",C1CN(CCC12CN(C2)CC3=CC(=CC(=C3)C(F)(F)F)C(F)(F)F)C(=O)C4=CSN=N4,1
2-[[9-[2-(Diethylamino)ethyl]-2-methyl-8-phenylpurin-6-yl]amino]ethanol,CCN(CC)CCN1C(=NC2=C(N=C(N=C21)C)NCCO)C3=CC=CC=C3,1
Succinamidioxime,C(/C(=N/O)/N)C/C(=N/O)/N,1
"1-[(1R,2R)-2-phenanthren-1-yl-1,2-diphenylethyl]phenanthrene",C1=CC=C(C=C1)[C@H](C2=CC=CC3=C2C=CC4=CC=CC=C43)[C@H](C5=CC=CC=C5)C6=CC=CC7=C6C=CC8=CC=CC=C87,1
Clioquinol,C1=CC2=C(C(=C(C=C2Cl)I)O)N=C1,1
Cyclohexyl isocyanate,C1CCC(CC1)N=C=O,1
"3-hydroxy-1,2-dimethylquinolin-4(1H)-one",CC1=C(C(=O)C2=CC=CC=C2N1C)O,1
((3-Pyridinylcarbonyl)amino)methylphosphonic acid,C1=CC(=CN=C1)C(=O)NCP(=O)(O)O,1
"7,14-Bis[4-(furan-2-yl)phenyl]-6,13-dimethyl-1,8-diazatricyclo[8.4.0.03,8]tetradecane-2,9-dione",CC1CCC2C(=O)N3C(CCC(C3C4=CC=C(C=C4)C5=CC=CO5)C)C(=O)N2C1C6=CC=C(C=C6)C7=CC=CO7,1
6-[2-[(dimethylamino)methyl]phenyl]-N-[2-(5-methoxy-1H-indol-3-yl)ethyl]pyrimidin-4-amine,CN(C)CC1=CC=CC=C1C2=CC(=NC=N2)NCCC3=CNC4=C3C=C(C=C4)OC,1
"2-[(4R,5R,6R,7R,9R,10R,11Z,13Z,16R)-6-[(2R,3S,4S,5S,6S)-5-[(2R,4S,5R,6S)-4,5-dihydroxy-4,6-dimethyloxan-2-yl]oxy-4-(dimethylamino)-3-hydroxy-6-methyloxan-2-yl]oxy-10-[(2R,5S,6S)-5-(dimethylamino)-6-methyloxan-2-yl]oxy-4-hydroxy-5-methoxy-9,16-dimethyl-2-oxo-1-oxacyclohexadeca-11,13-dien-7-yl]acetaldehyde",C[C@@H]1C/C=C\C=C/[C@@H]([C@@H](C[C@@H]([C@H]([C@@H]([C@@H](CC(=O)O1)O)OC)O[C@@H]2[C@H]([C@@H]([C@@H]([C@@H](O2)C)O[C@@H]3C[C@]([C@@H]([C@@H](O3)C)O)(C)O)N(C)C)O)CC=O)C)O[C@H]4CC[C@@H]([C@@H](O4)C)N(C)C,1
3-Phenyl-6-pyridazone,C1=CC=C(C=C1)C2=NNC(=O)C=C2,1
6-(4-Fluorophenyl)-8-methyl-2-phenoxypteridin-7-one,CN1C2=NC(=NC=C2N=C(C1=O)C3=CC=C(C=C3)F)OC4=CC=CC=C4,1
8-[(4-Fluorophenyl)methyl]-6-(1-methylindol-3-yl)pteridin-7-one,CN1C=C(C2=CC=CC=C21)C3=NC4=CN=CN=C4N(C3=O)CC5=CC=C(C=C5)F,1
4-Hydroxyantipyrine,CC1=C(C(=O)N(N1C)C2=CC=CC=C2)O,1
Benzyladenosine,C1=CC=C(C=C1)CNC2=C3C(=NC=N2)N(C=N3)[C@H]4[C@@H]([C@@H]([C@H](O4)CO)O)O,1
"(3aR,5aR,6Z,8R,9S,9aS,9bR)-2-(2,4-difluorophenyl)-8,9-dihydroxy-6-(2-methylpropoxyimino)-4,5,5a,7,8,9,9a,9b-octahydro-3aH-benzo[e]isoindole-1,3-dione",CC(C)CO/N=C\1/C[C@H]([C@H]([C@H]2[C@H]1CC[C@@H]3[C@@H]2C(=O)N(C3=O)C4=C(C=C(C=C4)F)F)O)O,1
6-(4-Chlorophenyl)-2-(ethylamino)-8-(thiophen-2-ylmethyl)pteridin-7-one,CCNC1=NC=C2C(=N1)N(C(=O)C(=N2)C3=CC=C(C=C3)Cl)CC4=CC=CS4,1
7-Hydroxychlorpromazine,CN(C)CCCN1C2=C(C=C(C=C2)O)SC3=C1C=C(C=C3)Cl,1
"(2S,5R)-3-(cyclohexylmethyl)-2,7-diphenyl-6-[4-(trifluoromethyl)phenyl]-3-azatricyclo[5.1.1.01,5]nonane",C1CCC(CC1)CN2C[C@@H]3C(C4(CC3(C4)[C@H]2C5=CC=CC=C5)C6=CC=CC=C6)C7=CC=C(C=C7)C(F)(F)F,1
Peracitol,C(C(C(C(C(C(CO)O)O)O)O)O)O,1
Xanthyletin,CC1(C=CC2=C(O1)C=C3C(=C2)C=CC(=O)O3)C,1
cis-Stilbene,C1=CC=C(C=C1)/C=C\C2=CC=CC=C2,1
Hypotaurine,C(CS(=O)O)N,1
1-Methylxanthine,CN1C(=O)C2=C(NC1=O)N=CN2,1
"2,4,6-Trichloroaniline",C1=C(C=C(C(=C1Cl)N)Cl)Cl,1
"(3S,7Z,9R,10R,14S)-10-methoxy-3,9,14-trimethyl-1,12-dioxa-4-azacyclopentadec-7-ene-2,5,13-trione",C[C@H]1COC(=O)[C@@H](NC(=O)C/C=C\[C@H]([C@H](COC1=O)OC)C)C,1
"N-(2-methoxyethyl)-2,8-dimethyl-9-propylpurin-6-amine",CCCN1C(=NC2=C(N=C(N=C21)C)NCCOC)C,1
GlyTouCan:G79520BD,C([C@@H]1[C@H](C(C(C(O1)O)O)O)O[C@@H]2C(C(C(C(O2)CO)O)O)O)O,1
"[(3S,4S,4aR,5R,6aS,6aS,6bS,8aR,9S,10R,12aR,14bR)-3,5-dihydroxy-4a,9-bis(hydroxymethyl)-10-methoxy-2,2,6a,6b,9,12a-hexamethyl-1,3,4,5,6,6a,7,8,8a,10,11,12,13,14b-tetradecahydropicen-4-yl] acetate;(2S,3S,4R,5R)-4-hydroxy-3,5-bis[[(2R,3S,4R,5S,6S)-3,4,5-trihydroxy-6-(hydroxymethyl)oxan-2-yl]oxy]oxane-2-carboxylic acid;bis((E)-2-methylbut-2-enoic acid)",C/C=C(/C(=O)O)\C.C/C=C(/C(=O)O)\C.CC(=O)O[C@H]1[C@]2([C@@H](C3=CC[C@@H]4[C@@]([C@@]3(C[C@H]2O)C)(CC[C@@H]5[C@@]4(CC[C@H]([C@@]5(CO)C)OC)C)C)CC([C@@H]1O)(C)C)CO.C1O[C@@H]([C@H]([C@@H]([C@@H]1O[C@H]2O[C@H]([C@H]([C@H]([C@@H]2O)O)O)CO)O)O[C@H]3O[C@H]([C@H]([C@H]([C@@H]3O)O)O)CO)C(=O)O,1
Mdl-105519,C1=CC=C(C=C1)/C(=C\C2=C(NC3=C2C(=CC(=C3)Cl)Cl)C(=O)O)/C(=O)O,1
6-(4-Chlorophenyl)-8-[(3-methoxyphenyl)methyl]-2-morpholin-4-ylpteridin-7-one,COC1=CC=CC(=C1)CN2C3=NC(=NC=C3N=C(C2=O)C4=CC=C(C=C4)Cl)N5CCOCC5,1
"methyl (E)-4-[5-(3-chloro-3-methylbutyl)-8,23,23-trimethyl-16,20-dioxo-11-propan-2-ylidene-3,7,22-trioxaheptacyclo[17.4.1.18,12.02,17.02,21.04,15.06,13]pentacosa-4(15),5,13,17-tetraen-21-yl]-2-methylbut-2-enoate",CC(=C1CCC2(CC1C3=CC4=C(C(=C3O2)CCC(C)(C)Cl)OC56C7CC(C=C5C4=O)C(=O)C6(OC7(C)C)C/C=C(\C)/C(=O)OC)C)C,1
3-[(4-Carboxyphenyl)sulfamoyl]thiophene-2-carboxylic acid,C1=CC(=CC=C1C(=O)O)NS(=O)(=O)C2=C(SC=C2)C(=O)O,1
(3S)-3-phenyl-3-phenylsulfanylpropanoic acid,C1=CC=C(C=C1)[C@H](CC(=O)O)SC2=CC=CC=C2,1
"Hypoxanthine, 9-(2-deoxy-beta-D-erythro-pentofuranosyl)-",C1C(C(OC1N2C=NC3=C2N=CNC3=O)CO)O,1
(+)-Dimethindene,C[C@H](C1=CC=CC=N1)C2=C(CC3=CC=CC=C32)CCN(C)C,1
"[(2S,4R,5'S,6S,7R,8R,9R,13R,16R,20S)-20-[(2S,4S,5'S,6S,7S,8R,9S,13S,16S,20S)-16-acetyloxy-5',7,9,13-tetramethylspiro[5-oxapentacyclo[10.8.0.02,9.04,8.013,18]icosa-1(12),18-diene-6,2'-oxane]-20-yl]-5',7,9,13-tetramethylspiro[5-oxapentacyclo[10.8.0.02,9.04,8.013,18]icosa-1(12),18-diene-6,2'-oxane]-16-yl] acetate",C[C@H]1CC[C@]2([C@@H]([C@H]3[C@H](O2)C[C@H]4[C@]3(CCC5=C4[C@@H](C=C6[C@]5(CC[C@H](C6)OC(=O)C)C)[C@@H]7C=C8C[C@H](CC[C@@]8(C9=C7[C@H]2C[C@H]3[C@@H]([C@]2(CC9)C)[C@@H]([C@@]2(O3)CC[C@@H](CO2)C)C)C)OC(=O)C)C)C)OC1,1
5-{[(2-Aminophenyl)sulfanyl]methyl}-4-(hydroxymethyl)-2-methylpyridin-3-ol,CC1=NC=C(C(=C1O)CO)CSC2=CC=CC=C2N,1
Lamotrigine,C1=CC(=C(C(=C1)Cl)Cl)C2=C(N=C(N=N2)N)N,1
"Methyl 9-(3-phenylphenyl)-3,9-diazaspiro[5.5]undecane-3-carboxylate",COC(=O)N1CCC2(CCN(CC2)C3=CC=CC(=C3)C4=CC=CC=C4)CC1,1
Vinyloxirane,C=CC1CO1,1
N-(6-methoxy-8-quinolinyl)--alanine,COC1=CC(=C2C(=C1)C=CC=N2)NCCC(=O)O,1
Diethanolamine,C(CO)NCCO,1
"N-Benzyl-3-tert-butyl-N-isopropyl-1H-1,2,4-triazole-5-sulfonamide",CC(C)N(CC1=CC=CC=C1)S(=O)(=O)C2=NNC(=N2)C(C)(C)C,1
(NZ)-N-[1-(9-bromophenanthren-3-yl)ethylidene]hydroxylamine,C/C(=N/O)/C1=CC2=C(C=C1)C=C(C3=CC=CC=C32)Br,1
Zardaverine,COC1=C(C=CC(=C1)C2=NNC(=O)C=C2)OC(F)F,1
"(2s,3s)-2,3-Diamino-succinic acid",[C@H]([C@@H](C(=O)O)N)(C(=O)O)N,1
(S)-N-(2-Methylphenyl)-2-(propylamino)propanamide,CCCN[C@@H](C)C(=O)NC1=CC=CC=C1C,1
((5R)-5-vinylquinuclidin-2-yl)(1S)-4-quinolylmethan-1-ol,C=C[C@H]1CN2CCC1C[C@@H]2C(C3=CC=NC4=CC=CC=C34)O,1
Isoguvacine,C1CNCC=C1C(=O)O,1
"N-(7-chloro-4-hydroxy-5-phenyl-3H-1,45-benzodiazepin-2-yl)-N-methyl--alanine",CN(CCC(=O)O)C1=NC2=C(C=C(C=C2)Cl)C(=[N+](C1)[O-])C3=CC=CC=C3,1
"4-(((2,4-dioxo-3,4-dihydro-1(2H)-pyrimidinyl)acetyl)amino)-2-hydroxybenzoic acid",C1=CC(=C(C=C1NC(=O)CN2C=CC(=O)NC2=O)O)C(=O)O,1
"(4aR,6aS,6bS,12aR)-10-hydroxy-1,2,6a,6b,9,9,12a-heptamethyl-2,3,4,5,6,6a,7,8,8a,10,11,12,13,14b-tetradecahydro-1H-picene-4a-carboxylic acid",CC1CC[C@]2(CC[C@@]3(C(=CCC4[C@@]3(CCC5[C@@]4(CCC(C5(C)C)O)C)C)C2C1C)C)C(=O)O,1
Acepromazine,CC(=O)C1=CC2=C(C=C1)SC3=CC=CC=C3N2CCCN(C)C,1
3-Methylbenzoic acid,CC1=CC(=CC=C1)C(=O)O,1
Iodamide,CC(=O)NCC1=C(C(=C(C(=C1I)NC(=O)C)I)C(=O)O)I,1
4-(2-Aminophenyl)butanoic acid,C1=CC=C(C(=C1)CCCC(=O)O)N,1
3-(Dimethylamino)phenol,CN(C)C1=CC(=CC=C1)O,1
"(4R)-6,8-dioxabicyclo[3.2.1]octane-2,3,4-triol",C1C2C(C([C@H](C(O1)O2)O)O)O,1
Tosyl valine,CC1=CC=C(C=C1)S(=O)(=O)N[C@@H](C(C)C)C(=O)O,1
Histamine,C1=C(NC=N1)CCN,1
DL-alpha-Tocopherol,CC1=C(C2=C(CCC(O2)(C)CCCC(C)CCCC(C)CCCC(C)C)C(=C1O)C)C,1
Indomethacin,CC1=C(C2=C(N1C(=O)C3=CC=C(C=C3)Cl)C=CC(=C2)OC)CC(=O)O,1
"4,10-Dihydroxy-1,7-phenanthroline-3,9-dicarboxylic acid",C1=CC2=C(C3=C1C(=O)C(=CN3)C(=O)O)C(=O)C(=CN2)C(=O)O,1
"1,3-dimethyl-7H-purine-2,6-dione;mercury;8-[(2R)-2-methoxypropyl]-2-oxochromene-3-carboxylic acid;hydroxide",CN1C2=C(C(=O)N(C1=O)C)NC=N2.CO[C@H]([CH2-])CC1=CC=CC2=C1OC(=O)C(=C2)C(=O)O.[OH-].[Hg],1
Tacrine,C1CCC2=NC3=CC=CC=C3C(=C2C1)N,1
"(5S)-7-methylsulfonyl-N-phenyl-2,7-diazaspiro[4.5]decane-2-carboxamide",CS(=O)(=O)N1CCC[C@]2(C1)CCN(C2)C(=O)NC3=CC=CC=C3,1
3-[6-(4-Fluorophenyl)-2-morpholin-4-yl-7-oxopteridin-8-yl]propanenitrile,C1COCCN1C2=NC=C3C(=N2)N(C(=O)C(=N3)C4=CC=C(C=C4)F)CCC#N,1
"[2-(hydroxymethyl)-6-methyl-7,8-dihydro-5H-1,6-naphthyridin-3-yl]methanol",CN1CCC2=NC(=C(C=C2C1)CO)CO,1
"2-N-(2,8-dimethyl-9-propylpurin-6-yl)-1-N,1-N-dimethylpropane-1,2-diamine",CCCN1C(=NC2=C(N=C(N=C21)C)NC(C)CN(C)C)C,1
"N-(3-cyanophenyl)-7-(2-methoxyacetyl)-2,7-diazaspiro[3.5]nonane-2-carboxamide",COCC(=O)N1CCC2(CC1)CN(C2)C(=O)NC3=CC=CC(=C3)C#N,1
"1-methyl-1-nitroso-3-[(2S,3S)-2,4,5-trihydroxy-6-(hydroxymethyl)oxan-3-yl]urea",CN(C(=O)N[C@@H]1[C@H](OC(C(C1O)O)CO)O)N=O,1
"N1,N4-di(9H-fluoren-9-ylidene)-1,4-benzenediamine",C1=CC=C2C(=C1)C3=CC=CC=C3C2=NC4=CC=C(C=C4)N=C5C6=CC=CC=C6C7=CC=CC=C75,1
Benzo(E)Pyrene,C1=CC=C2C(=C1)C3=CC=CC4=C3C5=C(C=CC=C25)C=C4,1
N-acetyl-D-tryptophan,CC(=O)N[C@H](CC1=CNC2=CC=CC=C21)C(=O)O,1
(1S)-1-isoquinolin-1-yl-1-phenylethanol,C[C@](C1=CC=CC=C1)(C2=NC=CC3=CC=CC=C32)O,1
Hydroflumethiazide,C1NC2=C(C=C(C(=C2)C(F)(F)F)S(=O)(=O)N)S(=O)(=O)N1,1
"2-[[(8S,9R,13S,14R)-13-methyl-17-oxo-7,8,9,11,12,14,15,16-octahydro-6H-cyclopenta[a]phenanthren-3-yl]oxy]acetic acid",C[C@]12CC[C@@H]3[C@@H]([C@H]1CCC2=O)CCC4=C3C=CC(=C4)OCC(=O)O,1
Midafotel,C1CN(C[C@@H](N1)C(=O)O)C/C=C/P(=O)(O)O,1
Aniline;phenylphosphonic acid,C1=CC=C(C=C1)N.C1=CC=C(C=C1)P(=O)(O)O,1
N-Ethylmaleimide,CCN1C(=O)C=CC1=O,1
Isoguvacine Hydrochloride,C1CNCC=C1C(=O)O.Cl,1
"6-chloro-3-(dichloromethyl)-3,4-dihydro-2H-1,2,4-benzothiadiazine-7-sulfonamide 1,1-dioxide",C1=C2C(=CC(=C1Cl)S(=O)(=O)N)S(=O)(=O)N[C@@H](N2)C(Cl)Cl,1
"[(2S,3R,4R,5R,6S)-6-[(Z)-[(3aS,5aR,8R,9S,9aS,9bS)-2-ethyl-8,9-dihydroxy-1,3-dioxo-4,5,5a,7,8,9,9a,9b-octahydro-3aH-benzo[e]isoindol-6-ylidene]amino]oxy-3,4,5-triacetyloxyoxan-2-yl]methyl acetate",CCN1C(=O)[C@H]2CC[C@@H]\3[C@@H]([C@@H]2C1=O)[C@@H]([C@@H](C/C3=N/O[C@H]4[C@@H]([C@@H]([C@@H]([C@@H](O4)COC(=O)C)OC(=O)C)OC(=O)C)OC(=O)C)O)O,1
"2-Methoxy-1-(2-phenyl-2,7-diazaspiro[3.5]nonan-7-yl)ethanone",COCC(=O)N1CCC2(CC1)CN(C2)C3=CC=CC=C3,1
3-(9H-fluoren-9-yl)-3-azabicyclo[3.2.2]nonane,C1CC2CCC1CN(C2)C3C4=CC=CC=C4C5=CC=CC=C35,1
"N-Methyl-N',N'-diphenylurea",CNC(=O)N(C1=CC=CC=C1)C2=CC=CC=C2,1
"(13R)-3-[[2-(hydroxymethyl)-6-phenyl-3,6-dihydro-2H-pyran-3-yl]oxy]-13-methyl-7,8,9,11,12,14,15,16-octahydro-6H-cyclopenta[a]phenanthren-17-one",C[C@@]12CCC3C(C1CCC2=O)CCC4=C3C=CC(=C4)OC5C=CC(OC5CO)C6=CC=CC=C6,1
Isobutanol,CC(C)CO,1
Cinnamaldehyde,C1=CC=C(C=C1)/C=C/C=O,1
"4-amino-1-[(2S,3S,4S,5S)-3,4-dihydroxy-5-(hydroxymethyl)tetrahydrofuran-2-yl]-1,3,5-triazin-2-one",C1=NC(=NC(=O)N1[C@@H]2[C@H]([C@@H]([C@@H](O2)CO)O)O)N,1
"[(7R,9Z,11R,12R,13S,14S,15R,16S,17R,18R,21Z)-26-[(dimethylamino)methyl]-2,15,17,27,29-pentahydroxy-11-methoxy-3,7,12,14,16,18,22-heptamethyl-6,23-dioxo-8,30-dioxa-24-azatetracyclo[23.3.1.14,7.05,28]triaconta-1(29),2,4,9,19,21,25,27-octaen-13-yl] acetate",C[C@@H]1C=C/C=C(\C(=O)NC2=C(C(=C3C(=C2O)C(=C(C4=C3C(=O)[C@@](O4)(O/C=C\[C@H]([C@H]([C@H]([C@H]([C@@H]([C@H]([C@@H]1O)C)O)C)OC(=O)C)C)OC)C)C)O)O)CN(C)C)/C,1
4-Iodoclonidine,C1CN=C(N1)NC2=C(C=C(C=C2Cl)I)Cl,1
O-((Aminoiminomethyl)amino)homoserine,C(CON=C(N)N)C(C(=O)O)N,1
Ethyl Bromide,CCBr,1
4-phenyl-N-[(E)-1-phenylhept-2-enyl]benzamide,CCCC/C=C/C(C1=CC=CC=C1)NC(=O)C2=CC=C(C=C2)C3=CC=CC=C3,1
Tetrahydrofuran,C1CCOC1,1
Sodium meclofenamate monohydrate,CC1=C(C(=C(C=C1)Cl)NC2=CC=CC=C2C(=O)[O-])Cl.O.[Na+],1
Salazosulfamide,C1=CC(=CC=C1N=NC2=CC(=C(C=C2)O)C(=O)O)S(=O)(=O)N,1
methyl N-[1-(3-fluorophenyl)-3-oxobutyl]carbamate,CC(=O)CC(C1=CC(=CC=C1)F)NC(=O)OC,1
"2-Hydroxy-3,4-dimethoxybenzoic acid",COC1=C(C(=C(C=C1)C(=O)O)O)OC,1
"1,6-Dimethylnaphthalene",CC1=CC2=CC=CC(=C2C=C1)C,1
Cyclobenzaprine Hydrochloride,CN(C)CCC=C1C2=CC=CC=C2C=CC3=CC=CC=C31.Cl,1
Tocris-1356,CC[N+](CC)(CC)CCOC1=CC=C(C=C1)/C=C\C2=CC=CC=C2,1
CID 6330935,C1=CC=C(C=C1)P(=S)(C(C(=O)O)C(=O)O)S.[Na],1
"Epiallobiotin, (+/-)-",C1[C@@H]2[C@@H]([C@H](S1)CCCCC(=O)O)NC(=O)N2,1
"dimethyl (1S,8S)-2-ethyl-3-methyl-7,10,12-trioxo-5,11-diphenyl-14-oxa-2,6,11-triazatetracyclo[6.5.1.01,6.09,13]tetradec-3-ene-4,8-dicarboxylate",CCN1C(=C(C(N2[C@]13C4C(C(=O)N(C4=O)C5=CC=CC=C5)[C@@](C2=O)(O3)C(=O)OC)C6=CC=CC=C6)C(=O)OC)C,1
"(2-Amino-1,3-thiazol-4-yl)acetic acid",C1=C(N=C(S1)N)CC(=O)O,1
"[(8S,9S,13R,14R)-13-methyl-17-oxo-7,8,9,11,12,14,15,16-octahydro-6H-cyclopenta[a]phenanthren-3-yl] dihydrogen phosphate",C[C@@]12CC[C@H]3[C@@H]([C@H]1CCC2=O)CCC4=C3C=CC(=C4)OP(=O)(O)O,1
"2-Naphthalenecarboxamide, N-(4-(4-(2-methoxyphenyl)-1-piperazinyl)butyl)-",COC1=CC=CC=C1N2CCN(CC2)CCCCNC(=O)C3=CC4=CC=CC=C4C=C3,1
5-Bromouridine,C1=C(C(=O)NC(=O)N1[C@H]2[C@@H]([C@@H]([C@H](O2)CO)O)O)Br,1
Dichlorphenamide,C1=C(C=C(C(=C1S(=O)(=O)N)Cl)Cl)S(=O)(=O)N,1
"2-Methoxy-6,8-diphenylpteridin-7-one",COC1=NC=C2C(=N1)N(C(=O)C(=N2)C3=CC=CC=C3)C4=CC=CC=C4,1
Ethyl 4-((amino(imino)methyl)thio)-2-(dimethylamino)-5-pyrimidinecarboxylate,CCOC(=O)C1=CN=C(N=C1SC(=N)N)N(C)C,1
DL-erythro-Dihydrosphingosine,CCCCCCCCCCCCCCC[C@@H]([C@@H](CO)N)O,1
2-[(Z)-2-(1-methylpyridin-1-ium-3-yl)ethenyl]quinolin-8-ol,C[N+]1=CC=CC(=C1)/C=C\C2=NC3=C(C=CC=C3O)C=C2,1
[2-[(2Z)-2-[(2-hydroxynaphthalen-1-yl)methylidene]hydrazinyl]-2-oxoethyl]-trimethylazanium,C[N+](C)(C)CC(=O)N/N=C\C1=C(C=CC2=CC=CC=C21)O,1
"(1R,4aR,4bR,7R,8S,8aR,9S,10aS)-7,8,8a,9-tetrachloro-1,4a-dimethyl-7-propan-2-yl-2,3,4,4b,5,6,8,9,10,10a-decahydrophenanthrene-1-carboxylic acid",CC(C)[C@@]1(CC[C@@H]2[C@@]3(CCC[C@@]([C@H]3C[C@@H]([C@]2([C@H]1Cl)Cl)Cl)(C)C(=O)O)C)Cl,1
Alrestatin,C1=CC2=C3C(=C1)C(=O)N(C(=O)C3=CC=C2)CC(=O)O,1
"(3aS,5aR,6Z,8R,9S,9aS,9bS)-2-ethyl-8,9-dihydroxy-6-[[(2R,3R,6R)-2-(hydroxymethyl)-6-prop-2-enyl-3,6-dihydro-2H-pyran-3-yl]oxyimino]-4,5,5a,7,8,9,9a,9b-octahydro-3aH-benzo[e]isoindole-1,3-dione",CCN1C(=O)[C@H]2CC[C@@H]\3[C@@H]([C@@H]2C1=O)[C@@H]([C@@H](C/C3=N/O[C@@H]4C=C[C@H](O[C@@H]4CO)CC=C)O)O,1
"7-(2-methoxyacetyl)-N-phenyl-2,7-diazaspiro[3.5]nonane-2-carboxamide",COCC(=O)N1CCC2(CC1)CN(C2)C(=O)NC3=CC=CC=C3,1
"ethyl N-[(Z)-[(3aS,5aR,8R,9S,9aS,9bS)-2-benzyl-8,9-dihydroxy-1,3-dioxo-4,5,5a,7,8,9,9a,9b-octahydro-3aH-benzo[e]isoindol-6-ylidene]amino]carbamate",CCOC(=O)N/N=C\1/C[C@H]([C@H]([C@H]2[C@H]1CC[C@H]3[C@H]2C(=O)N(C3=O)CC4=CC=CC=C4)O)O,1
"Midodrine, (S)-",COC1=CC(=C(C=C1)OC)[C@@H](CNC(=O)CN)O,1
Clofilium Tosylate,CCCCCCC[N+](CC)(CC)CCCCC1=CC=C(C=C1)Cl.CC1=CC=C(C=C1)S(=O)(=O)[O-],1
Trichloroacetonitrile,C(#N)C(Cl)(Cl)Cl,1
2-(4-Pyridinyl)ethyl imidothiocarbamate methanesulfonate,CS(=O)(=O)O.C1=CN=CC=C1CCSC(=N)N,1
Allylthiourea,C=CCNC(=S)N,1
1-(4-Amino-5-chloro-2-methoxyphenyl)-3-(1-butyl-4-piperidinyl)-1-propanone,CCCCN1CCC(CC1)CCC(=O)C2=CC(=C(C=C2OC)N)Cl,1
"(10S,13S)-17-acetyl-10,13-dimethyl-1,2,6,7,8,9,11,12,14,15,16,17-dodecahydrocyclopenta[a]phenanthren-3-one",CC(=O)C1CCC2[C@@]1(CCC3C2CCC4=CC(=O)CC[C@@]34C)C,1
"(6S)-5-amino-2-(aminomethyl)-6-[(1S,3R,4S,6R)-4,6-diamino-3-[(2S)-4-amino-3,5-dihydroxy-6-(hydroxymethyl)oxan-2-yl]oxy-2-hydroxycyclohexyl]oxyoxane-3,4-diol;sulfuric acid",C1[C@H]([C@@H](C([C@@H]([C@H]1N)O[C@@H]2C(C(C(C(O2)CO)O)N)O)O)O[C@H]3C(C(C(C(O3)CN)O)O)N)N.OS(=O)(=O)O,1
Tolazoline,C1CN=C(N1)CC2=CC=CC=C2,1
"1-[(2R,4R,5S)-4-Azido-5-(hydroxymethyl)oxolan-2-YL]-5-methyl-pyrimidine-2,4-dione",CC1=CN(C(=O)NC1=O)C2CC(C(O2)CO)N=[N+]=[N-],1
5-Amino-3-sulphosalicylic acid,C1=C(C=C(C(=C1C(=O)O)O)S(=O)(=O)O)N,1
Pinoline,COC1=CC2=C(C=C1)NC3=C2CCNC3,1
"[(1S,5S)-3,3,5-trimethylcyclohexyl] 2-hydroxybenzoate",C[C@@H]1C[C@@H](CC(C1)(C)C)OC(=O)C2=CC=CC=C2O,1
"methyl (2S,3aS,4R,5R,6R,7aR)-1-(cyclopropylmethyl)-3a,4,5,6-tetrahydroxy-3,4,5,6,7,7a-hexahydro-2H-indole-2-carboxylate",COC(=O)[C@@H]1C[C@@]2([C@H](N1CC3CC3)C[C@H]([C@H]([C@H]2O)O)O)O,1
"(4S,4aR,5S,5aR,6S,12aS)-4-(dimethylamino)-1,5,6,10,11,12a-hexahydroxy-6-methyl-3,12-dioxo-4,4a,5,5a-tetrahydrotetracene-2-carboxamide;dihydrate",C[C@@]1([C@H]2[C@@H]([C@H]3[C@@H](C(=O)C(=C([C@@]3(C(=O)C2=C(C4=C1C=CC=C4O)O)O)O)C(=O)N)N(C)C)O)O.O.O,1
Maleic Acid,C(=C\C(=O)O)\C(=O)O,1
5-(Aminomethyl)-3-benzyltriazol-4-amine;phosphoric acid,C1=CC=C(C=C1)CN2C(=C(N=N2)CN)N.OP(=O)(O)O,1
"Methyl 2-(phenylcarbamoyl)-2,7-diazaspiro[3.5]nonane-7-carboxylate",COC(=O)N1CCC2(CC1)CN(C2)C(=O)NC3=CC=CC=C3,1
Beta-naphazoline,C1CN=C(N1)CC2=CC3=CC=CC=C3C=C2,1
Fosfosal,C1=CC=C(C(=C1)C(=O)O)OP(=O)(O)O,1
Antineoplastic-16414,C[As+](C)(C1=CC(=C(C=C1)Br)[N+](=O)[O-])C2=CC(=C(C=C2)Br)[N+](=O)[O-].[N+](=O)(O)[O-],1
4-Amino-1-pentofuranosyl-2(1H)-pyrimidinone,C1=CN(C(=O)N=C1N)C2C(C(C(O2)CO)O)O,1
"[(3S,8R,9R,10R,13S,14R)-10,13-dimethyl-17-oxo-1,2,3,4,7,8,9,11,12,14,15,16-dodecahydrocyclopenta[a]phenanthren-3-yl] acetate",CC(=O)O[C@H]1CC[C@@]2([C@@H]3CC[C@]4([C@@H]([C@@H]3CC=C2C1)CCC4=O)C)C,1
"Acetic acid, 2-((aminoiminomethyl)thio)-",C(C(=O)O)SC(=N)N,1
"5-amino-2-(aminomethyl)-6-[(2S,3R)-4,6-diamino-2-[(4S,5R)-4-[(2S)-3-amino-6-(aminomethyl)-4,5-dihydroxyoxan-2-yl]oxy-3-hydroxy-5-(hydroxymethyl)oxolan-2-yl]oxy-3-hydroxycyclohexyl]oxyoxane-3,4-diol;sulfuric acid",C1C([C@H]([C@@H](C(C1N)OC2C(C(C(C(O2)CN)O)O)N)OC3C([C@@H]([C@H](O3)CO)O[C@H]4C(C(C(C(O4)CN)O)O)N)O)O)N.OS(=O)(=O)O,1
Carboxymethyl ethylxanthate,CCOC(=S)SCC(=O)O,1
Quinone,C1=CC(=O)C=CC1=O,1
"6-[(E)-4-(furan-2-yl)but-1-enyl]-4-[2-(furan-2-yl)ethyl]-1,5-dimethylbicyclo[3.2.1]oct-6-en-2-one",CC12CC(C(CC1=O)CCC3=CC=CO3)(C(=C2)/C=C/CCC4=CC=CO4)C,1
D-lyxo-5-hexulosonic acid,C(C(=O)[C@H]([C@@H]([C@@H](C(=O)O)O)O)O)O,1
Dibromochloromethane,C(Cl)(Br)Br,1
Lopac-L-4376,CN1[C@H](CCC[C@@H]1CC(=O)C2=CC=CC=C2)C[C@H](C3=CC=CC=C3)O,1
"(2R)-3-(N-acetyl-3-amino-2,4,6-triiodoanilino)-2-methylpropanoic acid",C[C@H](CN(C1=C(C=C(C(=C1I)N)I)I)C(=O)C)C(=O)O,1
6-(furan-3-yl)-N-[(5-methylpyrazin-2-yl)methyl]pyrimidin-4-amine,CC1=CN=C(C=N1)CNC2=NC=NC(=C2)C3=COC=C3,1
N-methyl-6-(2-methylphenyl)pyrimidin-4-amine,CC1=CC=CC=C1C2=CC(=NC=N2)NC,1
"2-Methylquinoxaline-1,4-diium 1,4-dioxide",CC1=C[N+](=O)C2=CC=CC=C2[N+]1=O,1
"6-[6-(4-Tert-butylphenyl)-4-methyl-2-oxo-5-phenylmethoxycarbonyl-1,6-dihydropyrimidin-3-yl]hexanoic acid",CC1=C(C(NC(=O)N1CCCCCC(=O)O)C2=CC=C(C=C2)C(C)(C)C)C(=O)OCC3=CC=CC=C3,1
Minoxidil,C1CCN(CC1)C2=NC(=N)N(C(=C2)N)O,1
"(4-methoxyphenyl)methyl N-[(Z)-[(3aS,5aR,8R,9S,9aS,9bS)-2-ethyl-8,9-dihydroxy-1,3-dioxo-4,5,5a,7,8,9,9a,9b-octahydro-3aH-benzo[e]isoindol-6-ylidene]amino]carbamate",CCN1C(=O)[C@H]2CC[C@@H]\3[C@@H]([C@@H]2C1=O)[C@@H]([C@@H](C/C3=N/NC(=O)OCC4=CC=C(C=C4)OC)O)O,1
"20,21,25-Trimethoxy-15,30-dimethyl-7,23-dioxa-15,30-diazaheptacyclo[22.6.2.23,6.18,12.114,18.027,31.022,33]hexatriaconta-3,5,8,10,12(34),18,20,22(33),24,26,31,35-dodecaen-4-ol;dihydrochloride",CN1CCC2=CC(=C(C3=C2C1CC4=CC(=CC=C4)OC5=CC(=C(CC6C7=CC(=C(C=C7CCN6C)OC)O3)C=C5)O)OC)OC.Cl.Cl,1
"trans-Azetidine-2,4-dicarboxylic acid",C1[C@H](N[C@@H]1C(=O)O)C(=O)O,1
CID 3246704,CN1[C@H]2C[C@@H]([C@H]1[C@@H]3CC4=C([C@@H](N3[C@@H]2C#N)CO)C(=CC=C4)OC)C(=O)O,1
"4-Thiazolecarboxamide, 2-(5-(hydroxymethyl)-2-furanyl)-",C1=C(OC(=C1)C2=NC(=CS2)C(=O)N)CO,1
"(3aR,5S,6S,6aR)-5-[(1R)-2-[(E)-4-(2,3-dimethyl-6,7,8,9-tetrahydropyrido[3,2-b]azepin-5-yl)butan-2-ylideneamino]oxy-1-hydroxyethyl]-2,2-dimethyl-3a,5,6,6a-tetrahydrofuro[2,3-d][1,3]dioxol-6-ol",CC1=CC2=C(CCCCN2CC/C(=N/OC[C@H]([C@H]3[C@@H]([C@@H]4[C@H](O3)OC(O4)(C)C)O)O)/C)N=C1C,1
"[2-[(6S,8S,9S,10R,11R,13S,14S,16R,17R)-17-acetyloxy-6,9-difluoro-11-hydroxy-10,13,16-trimethyl-3-oxo-6,7,8,11,12,14,15,16-octahydrocyclopenta[a]phenanthren-17-yl]-2-oxoethyl] acetate",C[C@@H]1C[C@H]2[C@@H]3C[C@@H](C4=CC(=O)C=C[C@]4([C@@]3([C@@H](C[C@@]2([C@]1(C(=O)COC(=O)C)OC(=O)C)C)O)F)C)F,1
Lidoflazine,CC1=C(C(=CC=C1)C)NC(=O)CN2CCN(CC2)CCCC(C3=CC=C(C=C3)F)C4=CC=C(C=C4)F,1
Octabromodiphenyl ethers,C1=C(C(=C(C(=C1Br)Br)Br)Br)OC2=CC(=C(C(=C2Br)Br)Br)Br,1
"6-(3,5-Difluorophenyl)-8-methyl-2-morpholin-4-ylpteridin-7-one",CN1C2=NC(=NC=C2N=C(C1=O)C3=CC(=CC(=C3)F)F)N4CCOCC4,1
"1,3,5-Trichlorobenzene",C1=C(C=C(C=C1Cl)Cl)Cl,1
Aceclofenac,C1=CC=C(C(=C1)CC(=O)OCC(=O)O)NC2=C(C=CC=C2Cl)Cl,1
"(alphaS)-alpha-Amino-5-fluoro-3,4-dihydro-2,4-dioxo-1(2H)-pyrimidinepropanoic acid",C1=C(C(=O)NC(=O)N1C[C@@H](C(=O)O)N)F,1
2-Aminobiphenyl,C1=CC=C(C=C1)C2=CC=CC=C2N,1
"(3aS,5aS,6Z,8R,9S,9aS,9bS)-6-[(2S)-3-(furan-2-ylmethoxy)-2-hydroxypropoxy]imino-8,9-dihydroxy-2-[[(2S)-oxolan-2-yl]methyl]-4,5,5a,7,8,9,9a,9b-octahydro-3aH-benzo[e]isoindole-1,3-dione",C1C[C@H](OC1)CN2C(=O)[C@H]3CC[C@H]\4[C@@H]([C@@H]3C2=O)[C@@H]([C@@H](C/C4=N/OC[C@H](COCC5=CC=CO5)O)O)O,1
"4-(1,5-Diazabicyclo(3.2.1)oct-8-YL)-pyridine",C1CN2CCN(C1)C2C3=CC=NC=C3,1
Amiodarone,CCCCC1=C(C2=CC=CC=C2O1)C(=O)C3=CC(=C(C(=C3)I)OCCN(CC)CC)I,1
"Phenyl 2-[(3-cyanophenyl)carbamoyl]-2,7-diazaspiro[3.5]nonane-7-carboxylate",C1CN(CCC12CN(C2)C(=O)NC3=CC=CC(=C3)C#N)C(=O)OC4=CC=CC=C4,1
AC1Nwatq,CC[N+](C)(C)CC1=CC=C(C=C1)Br.CC1=CC=C(C=C1)S(=O)(=O)[O-],1
Dimethyl (R)-2-(3-oxocyclohexyl)malonate,COC(=O)C([C@@H]1CCCC(=O)C1)C(=O)OC,1
8-Cyclopropyl-2-(4-methylpiperazin-1-yl)-6-phenylpteridin-7-one,CN1CCN(CC1)C2=NC=C3C(=N2)N(C(=O)C(=N3)C4=CC=CC=C4)C5CC5,1
"[5,7-dihydroxy-2-[3,4,5-trihydroxy-2-[2,3,4-trihydroxy-6-(3,5,7-trihydroxy-3,4-dihydro-2H-chromen-2-yl)phenyl]phenyl]-3,4-dihydro-2H-chromen-3-yl] 3,4,5-trihydroxybenzoate",C1C(C(OC2=CC(=CC(=C21)O)O)C3=CC(=C(C(=C3C4=C(C(=C(C=C4C5C(CC6=C(C=C(C=C6O5)O)O)OC(=O)C7=CC(=C(C(=C7)O)O)O)O)O)O)O)O)O)O,1
"Sydnone, 3,3'-ethylenedi-",C1=[N+](NOC1=O)CC[N+]2=CC(=O)ON2,1
"2-[[3,5-Bis(trifluoromethyl)phenyl]methyl]-7-methylsulfonyl-2,7-diazaspiro[3.5]nonane",CS(=O)(=O)N1CCC2(CC1)CN(C2)CC3=CC(=CC(=C3)C(F)(F)F)C(F)(F)F,1
"(5S,10R,13R,14R)-3,5,14-trihydroxy-13-methyl-17-(5-oxo-2H-furan-3-yl)-2,3,4,6,7,8,9,11,12,15,16,17-dodecahydro-1H-cyclopenta[a]phenanthrene-10-carbaldehyde",C[C@]12CCC3C([C@@]1(CCC2C4=CC(=O)OC4)O)CC[C@]5([C@]3(CCC(C5)O)C=O)O,1
"alpha-Hydrazinyl-3,4-dihydroxy-alpha-methylbenzenepropanoic acid",CC(CC1=CC(=C(C=C1)O)O)(C(=O)O)NN,1
2-Methylbenzaldehyde,CC1=CC=CC=C1C=O,1
2-(Ethylamino)-8-[(4-fluorophenyl)methyl]-6-(4-methoxyphenyl)pteridin-7-one,CCNC1=NC=C2C(=N1)N(C(=O)C(=N2)C3=CC=C(C=C3)OC)CC4=CC=C(C=C4)F,1
8-Cyclopropyl-2-(dimethylamino)-6-(4-fluorophenyl)pteridin-7-one,CN(C)C1=NC=C2C(=N1)N(C(=O)C(=N2)C3=CC=C(C=C3)F)C4CC4,1
"1,3,5-Triazine-2,4-diamine, 1-(3-((3-aminophenyl)methoxy)phenyl)-1,6-dihydro-6,6-dimethyl-",CC1(N=C(N=C(N1C2=CC(=CC=C2)OCC3=CC(=CC=C3)N)N)N)C,1
2-Carboxy-3-carboxymethylquinoline,C1=CC=C2C(=C1)C=C(C(=N2)C(=O)O)CC(=O)O,1
"7-Methoxy-1-methyl-1,2,3,4-tetrahydroisoquinolin-6-ol",CC1C2=CC(=C(C=C2CCN1)O)OC,1
"(9-Benzyl-3,9-diazaspiro[5.5]undecan-3-yl)-(furan-2-yl)methanone",C1CN(CCC12CCN(CC2)C(=O)C3=CC=CO3)CC4=CC=CC=C4,1
Nevirapine,CC1=C2C(=NC=C1)N(C3=C(C=CC=N3)C(=O)N2)C4CC4,1
"4-(5,7-Diaminotriazolo[4,5-d]pyrimidin-2-yl)benzoic acid",C1=CC(=CC=C1C(=O)O)N2N=C3C(=NC(=NC3=N2)N)N,1
Endo-atropine sulfate,CN1C2CCC1CC(C2)OC(=O)C(CO)C3=CC=CC=C3.OS(=O)(=O)O,1
"3-(Benzenesulfonyl)-9-benzyl-3,9-diazaspiro[5.5]undecane",C1CN(CCC12CCN(CC2)S(=O)(=O)C3=CC=CC=C3)CC4=CC=CC=C4,1
2-[(1S)-1-hydroxy-3-trityloxypropyl]cyclohex-2-en-1-one,C1CC=C(C(=O)C1)[C@H](CCOC(C2=CC=CC=C2)(C3=CC=CC=C3)C4=CC=CC=C4)O,1
Geranyl Acetate,CC(=CCC/C(=C/COC(=O)C)/C)C,1
N-(2-Pyridylmethyl)piperazine-1-ethylamine,C1CN(CCN1)CCNCC2=CC=CC=N2,1
Oxydemeton-methyl,CCS(=O)CCSP(=O)(OC)OC,1
"(2S)-2-(1,3-dioxoisoindol-2-yl)-4-phenylbutanoic acid",C1=CC=C(C=C1)CC[C@@H](C(=O)O)N2C(=O)C3=CC=CC=C3C2=O,1
2-Cyclopropylquinoline-4-carboxylic acid,C1CC1C2=NC3=CC=CC=C3C(=C2)C(=O)O,1
"2,3-Dimethylphenol",CC1=C(C(=CC=C1)O)C,1
"2-{2-[(1-Ethoxy-1-oxo-4-phenylbutan-2-yl)amino]propanoyl}-1,2,3,4-tetrahydroisoquinoline-3-carboxylic acid hydrochloride",CCOC(=O)C(CCC1=CC=CC=C1)NC(C)C(=O)N2CC3=CC=CC=C3CC2C(=O)O.Cl,1
"1'-(Phenylmethyl)spiro[1,2-dihydroindene-3,4'-piperidine]",C1CC2(CCN(CC2)CC3=CC=CC=C3)C4=CC=CC=C41,1
8-(2-Methoxyethyl)-6-(4-methoxyphenyl)-2-(4-methylpiperazin-1-yl)pteridin-7-one,CN1CCN(CC1)C2=NC=C3C(=N2)N(C(=O)C(=N3)C4=CC=C(C=C4)OC)CCOC,1
8-Cyclopropyl-6-(4-fluorophenyl)pteridin-7-one,C1CC1N2C3=NC=NC=C3N=C(C2=O)C4=CC=C(C=C4)F,1
3-Aminobenzenesulfonic acid,C1=CC(=CC(=C1)S(=O)(=O)O)N,1
Nsc343227,C1CN(CCC1CCC2CCN(CC2)C3=NC=NC4=C3C=CC(=C4)Cl)C5=NC=NC6=C5C=CC(=C6)Cl,1
3-[2-(4-Methylpiperazin-1-yl)-7-oxo-6-(2-phenylethyl)pteridin-8-yl]propanenitrile,CN1CCN(CC1)C2=NC=C3C(=N2)N(C(=O)C(=N3)CCC4=CC=CC=C4)CCC#N,1
"(1S,3R,4S,5R)-3-[(Z)-3-(3,4-dihydroxyphenyl)prop-2-enoyl]oxy-1,4,5-trihydroxycyclohexane-1-carboxylic acid",C1[C@H]([C@@H]([C@@H](C[C@@]1(C(=O)O)O)OC(=O)/C=C\C2=CC(=C(C=C2)O)O)O)O,1
Isopropamide Iodide,CC(C)[N+](C)(CCC(C1=CC=CC=C1)(C2=CC=CC=C2)C(=O)N)C(C)C.[I-],1
Methyl Isobutyl Ketone,CC(C)CC(=O)C,1
"(1-Methylpyrrol-2-yl)-[2-(3-phenylphenyl)-2,7-diazaspiro[3.5]nonan-7-yl]methanone",CN1C=CC=C1C(=O)N2CCC3(CC2)CN(C3)C4=CC=CC(=C4)C5=CC=CC=C5,1
"1,3-Diaminopropan-2-ol;2,3,4,5,6-pentachlorophenol",C(C(CN)O)N.C1(=C(C(=C(C(=C1Cl)Cl)Cl)Cl)Cl)O,1
N-(2-methoxyethyl)-2-(2-methylphenyl)pyrimidin-4-amine,CC1=CC=CC=C1C2=NC=CC(=N2)NCCOC,1
"[(7S,18S)-5',7,9,13-tetramethyl-10-oxospiro[5-oxapentacyclo[10.8.0.02,9.04,8.013,18]icosane-6,2'-oxane]-16-yl] acetate",CC1CCC2(C(C3C(O2)CC4C3(C(=O)CC5C4CC[C@@H]6C5(CCC(C6)OC(=O)C)C)C)C)OC1,1
4-n-Octylphenol,CCCCCCCCC1=CC=C(C=C1)O,1
"ethyl 3-[(3aS,5aR,6Z,8R,9S,9aS,9bS)-8,9-dihydroxy-1,3-dioxo-6-[(2S,3R,4R,5R,6S)-3,4,5-triacetyloxy-6-(acetyloxymethyl)oxan-2-yl]oxyimino-4,5,5a,7,8,9,9a,9b-octahydro-3aH-benzo[e]isoindol-2-yl]propanoate",CCOC(=O)CCN1C(=O)[C@H]2CC[C@@H]\3[C@@H]([C@@H]2C1=O)[C@@H]([C@@H](C/C3=N/O[C@H]4[C@@H]([C@@H]([C@@H]([C@@H](O4)COC(=O)C)OC(=O)C)OC(=O)C)OC(=O)C)O)O,1
6-amino-9-[4-hydroxy-5-(hydroxymethyl)oxolan-2-yl]-7H-purin-8-one,C1C(C(OC1N2C3=NC=NC(=C3NC2=O)N)CO)O,1
Amthamine,CC1=C(SC(=N1)N)CCN,1
"1H-Pyrazolo(1,2-A)(1,2,4)benzotriazine-1,3(2H)-dione, 5-(dimethylamino)-9-methyl-2-propyl-, (R)-",CCC[C@@H]1C(=O)N2C3=C(C=CC(=C3)C)N=C(N2C1=O)N(C)C,1
"[3,5-Bis(trifluoromethyl)phenyl]-(2-pyridin-2-yl-2,7-diazaspiro[3.5]nonan-7-yl)methanone",C1CN(CCC12CN(C2)C3=CC=CC=N3)C(=O)C4=CC(=CC(=C4)C(F)(F)F)C(F)(F)F,1
2-(3-methoxyphenyl)-N-piperidin-4-ylpyrimidin-4-amine,COC1=CC=CC(=C1)C2=NC=CC(=N2)NC3CCNCC3,1
"3-methylsulfonyl-N-propan-2-yl-3,9-diazaspiro[5.5]undecane-9-carboxamide",CC(C)NC(=O)N1CCC2(CC1)CCN(CC2)S(=O)(=O)C,1
3-[6-(4-Chlorophenyl)-2-(dimethylamino)-7-oxopteridin-8-yl]propanenitrile,CN(C)C1=NC=C2C(=N1)N(C(=O)C(=N2)C3=CC=C(C=C3)Cl)CCC#N,1
Succinylsulfathiazole,C1=CC(=CC=C1NC(=O)CCC(=O)O)S(=O)(=O)NC2=NC=CS2,1
"14-Methoxy-4,4-bisnor-4,8,11,13-podocarpatetraen-3-one",C[C@]12CCC(=O)C=C1CCC3=C2C=CC=C3OC,1
"(2R)-3-(2-methylphenoxy)propane-1,2-diol",CC1=CC=CC=C1OC[C@@H](CO)O,1
"N-(3-cyanophenyl)-9-(3-fluorobenzoyl)-3,9-diazaspiro[5.5]undecane-3-carboxamide",C1CN(CCC12CCN(CC2)C(=O)NC3=CC=CC(=C3)C#N)C(=O)C4=CC(=CC=C4)F,1
1-Propanesulfonic acid,CCCS(=O)(=O)O,1
P-Cresol,CC1=CC=C(C=C1)O,1
"1-Phenyl-2,3,4,9-tetrahydro-1H-beta-carboline-3-carboxylic acid",C1C(NC(C2=C1C3=CC=CC=C3N2)C4=CC=CC=C4)C(=O)O,1
6-Azathymine,CC1=NNC(=O)NC1=O,1
N-(3-Methylphenyl)acetamide,CC1=CC(=CC=C1)NC(=O)C,1
(R)-Ethosuximide,CC[C@@]1(CC(=O)NC1=O)C,1
Lopac-I-1637,CC(C)[N+]1([C@@H]2CC[C@H]1CC(C2)C(=O)O[C@@H](CO)C3=CC=CC=C3)C,1
3-Aminobenzamide,C1=CC(=CC(=C1)N)C(=O)N,1
Allyl amyl glycolate,CC(C)CCOCC(=O)OCC=C,1
"(1S,15R,18S,19R,20R)-18-hydroxy-1,3,11,12,14,15,16,17,18,19,20,21-dodecahydroyohimban-19-carboxylic acid;hydrate",C1C[C@@H]([C@@H]([C@H]2[C@@H]1CN3CCC4=C([C@@H]3C2)NC5=CC=CC=C45)C(=O)O)O.O,1
Primidone,CCC1(C(=O)NCNC1=O)C2=CC=CC=C2,1
Antineoplastic-79529,C1=CC(=CC=C1N=NC2=CC(=C(C=C2)O)C(=O)O)[As](=O)(O)O,1
"(3aS,5aR,6Z,8R,9S,9aS,9bS)-2-ethyl-8,9-dihydroxy-6-(2-methylpropoxyimino)-4,5,5a,7,8,9,9a,9b-octahydro-3aH-benzo[e]isoindole-1,3-dione",CCN1C(=O)[C@H]2CC[C@@H]\3[C@@H]([C@@H]2C1=O)[C@@H]([C@@H](C/C3=N/OCC(C)C)O)O,1
"(1S,3Z)-3-[(2E)-2-[(1S,3aS,7aS)-1-[(Z,2S,5S)-5,6-dimethylhept-3-en-2-yl]-7a-methyl-2,3,3a,5,6,7-hexahydro-1H-inden-4-ylidene]ethylidene]-4-methylidenecyclohexan-1-ol",C[C@@H](/C=C\[C@@H](C)C(C)C)[C@@H]1CC[C@@H]\2[C@]1(CCC/C2=C\C=C/3\C[C@H](CCC3=C)O)C,1
"(2S)-2-[[(2S,4aS,8aR)-7-amino-6-[(1S,6R)-4,6-diamino-2,3-dihydroxycyclohexyl]oxy-4-hydroxy-3-(methylamino)-2,3,4,4a,6,7,8,8a-octahydropyrano[3,2-b]pyran-2-yl]oxy]-5-amino-6-(hydroxymethyl)oxane-3,4-diol",CNC1[C@@H](O[C@@H]2CC(C(O[C@H]2C1O)O[C@H]3[C@@H](CC(C(C3O)O)N)N)N)O[C@H]4C(C(C(C(O4)CO)N)O)O,1
Dtxcid7010707,C[C@H]1CC[C@@H]2[C@H]([C@H]3[C@@H](N2C1)C[C@@H]4[C@@]3(CC[C@H]5[C@H]4CC=C6[C@@]5(CCC(C6)O[C@H]7[C@@H]([C@H]([C@H]([C@H](O7)CO)O)O[C@H]8[C@@H]([C@H]([C@@H]([C@H](O8)CO)O)O)O)O[C@@H]9[C@@H]([C@@H]([C@H]([C@@H](O9)C)O)O)O)C)C)C,1
Dimethylarsinic Acid,C[As](=O)(C)O,1
"6-(3,5-Difluorophenyl)-2-(dimethylamino)-8-(2-methoxyethyl)pteridin-7-one",CN(C)C1=NC=C2C(=N1)N(C(=O)C(=N2)C3=CC(=CC(=C3)F)F)CCOC,1
Sodium Valproate,CCCC(CCC)C(=O)[O-].[Na+],1
alpha-L-Quinovopyranose,C[C@H]1[C@@H]([C@H]([C@@H]([C@@H](O1)O)O)O)O,1
Psb1115,CCCN1C(=O)C2=C(NC1=O)N=C(N2)C3=CC=C(C=C3)S(=O)(=O)O,1
6-(4-Fluorophenyl)-8-(4-methoxyphenyl)-2-piperazin-1-ylpteridin-7-one,COC1=CC=C(C=C1)N2C3=NC(=NC=C3N=C(C2=O)C4=CC=C(C=C4)F)N5CCNCC5,1
p-Menthan-3-one,CC1CCC(C(=O)C1)C(C)C,1
Patulin,C1C=C2C(=CC(=O)O2)C(O1)O,1
4-(2-Methylphenyl)-6-piperazin-1-ylpyrimidine,CC1=CC=CC=C1C2=CC(=NC=N2)N3CCNCC3,1
Lopac-T-4264,C1C[C@H](C2=CC=CC=C2C1)C3=NCCN3,1
Amiodarone Hydrochloride,CCCCC1=C(C2=CC=CC=C2O1)C(=O)C3=CC(=C(C(=C3)I)OCCN(CC)CC)I.Cl,1
5-Chloro-1H-indole-2-carboxylic acid,C1=CC2=C(C=C1Cl)C=C(N2)C(=O)O,1
"Tetrabromobisphenol A bis(2,3-dibromopropyl ether)",CC(C)(C1=CC(=C(C(=C1)Br)OCC(CBr)Br)Br)C2=CC(=C(C(=C2)Br)OCC(CBr)Br)Br,1
"L-2,4-Diaminobutyric acid",C(CN)[C@@H](C(=O)O)N,1
"N-((4-((dimethylamino)methyl)-2,5-dimethyl-1H-pyrrol-3-yl)methyl)-N,N-dimethylamine",CC1=C(C(=C(N1)C)CN(C)C)CN(C)C,1
(S)-alpha-Methylhistamine,C[C@@H](CC1=CN=CN1)N,1
Succinic anhydride,C1CC(=O)OC1=O,1
"beta-nitrostyrene, (E)-",C1=CC=C(C=C1)/C=C/[N+](=O)[O-],1
"[(2S,4aS,4bR,6aS,6bR,10aS,11aR,11bS,13aS)-4a,6a,9-trimethyl-6,7-dioxo-2,3,4,4b,5,6b,10,10a,11,11a,11b,12,13,13a-tetradecahydro-1H-indeno[2,1-a]phenanthren-2-yl] acetate",CC1=CC(=O)[C@@H]2[C@H](C1)C[C@H]3[C@@]2(C(=O)C[C@@H]4[C@@H]3CC[C@@H]5[C@@]4(CC[C@@H](C5)OC(=O)C)C)C,1
"1-[(10S,13S)-3-hydroxy-10,13-dimethyl-2,3,4,7,8,9,11,12,14,15,16,17-dodecahydro-1H-cyclopenta[a]phenanthren-17-yl]ethanone",CC(=O)C1CCC2[C@@]1(CCC3C2CC=C4[C@]3(CCC(C4)O)C)C,1
"N-[3-[(3-amino-3-oxoprop-1-en-2-yl)amino]-3-oxoprop-1-en-2-yl]-2-[(1R,8R,11Z,15R,18R,25R,26S,35S,37R,40R,46R,53S,59R)-37-[(2S)-butan-2-yl]-18-[(2S,3S)-2,3-dihydroxybutan-2-yl]-11-ethylidene-59-hydroxy-8,31-bis[(1S)-1-hydroxyethyl]-26,40,46-trimethyl-43-methylidene-6,9,16,23,28,38,41,44,47-nonaoxo-27-oxa-3,13,20,56-tetrathia-7,10,17,24,36,39,42,45,48,52,58,61,62,63,64-pentadecazanonacyclo[23.23.9.329,35.12,5.112,15.119,22.154,57.01,53.032,60]tetrahexaconta-2(64),4,12(63),19(62),21,29(61),30,32(60),33,51,54,57-dodecaen-51-yl]-1,3-thiazole-4-carboxamide",CC[C@H](C)[C@@H]1C(=O)N[C@@H](C(=O)NC(=C)C(=O)N[C@@H](C(=O)N[C@]23CCC(=N[C@@H]2C4=CSC(=N4)[C@@H]([C@@H](OC(=O)C5=NC6=C(C=C[C@@H]([C@H]6O)N1)C(=C5)[C@H](C)O)C)NC(=O)C7=CSC(=N7)[C@H](NC(=O)[C@@H]8CSC(=N8)/C(=C/C)/NC(=O)[C@H](NC(=O)C9=CSC3=N9)[C@H](C)O)[C@@](C)([C@H](C)O)O)C1=NC(=CS1)C(=O)NC(=C)C(=O)NC(=C)C(=O)N)C)C,1
"N-(3-cyanophenyl)-9-(pyrazine-2-carbonyl)-3,9-diazaspiro[5.5]undecane-3-carboxamide",C1CN(CCC12CCN(CC2)C(=O)NC3=CC=CC(=C3)C#N)C(=O)C4=NC=CN=C4,1
"2,4-Pentanediol",CC(CC(C)O)O,1
Ketorolac Tromethamine,C1CN2C(=CC=C2C(=O)C3=CC=CC=C3)C1C(=O)O.C(C(CO)(CO)N)O,1
Pht-val-OH,CC(C)[C@@H](C(=O)O)N1C(=O)C2=CC=CC=C2C1=O,1
Lopac-D-127,CN1CC[C@@]23CCCC[C@@H]2[C@@H]1CC4=C3C=C(C=C4)O.[C@@H]([C@@H](C(=O)O)O)(C(=O)O)O,1
Dibenzyl sulfide,C1=CC=C(C=C1)CSCC2=CC=CC=C2,1
"(5R)-N-phenyl-2,9-diazaspiro[4.5]decane-2-carboxamide",C1C[C@@]2(CCN(C2)C(=O)NC3=CC=CC=C3)CNC1,1
"4-Chloro-alpha,alpha,alpha-trifluoro-3-nitrotoluene",C1=CC(=C(C=C1C(F)(F)F)[N+](=O)[O-])Cl,1
2-Ethylhexylamine,CCCCC(CC)CN,1
Furfural,C1=COC(=C1)C=O,1
"3-(4,5-dihydro-1H-imidazol-2-ylthio)propanoic acid",C1CN=C(N1)SCCC(=O)O,1
1-Penten-3-one,CCC(=O)C=C,1
"2-[(1R,3R)-7-[(1R,3R)-3-(carboxymethyl)-5,6,9,10-tetrahydroxy-1-methyl-3,4-dihydro-1H-benzo[g]isochromen-7-yl]-1-methyl-5,6,9,10-tetraoxo-3,4-dihydro-1H-benzo[g]isochromen-3-yl]acetic acid",C[C@@H]1C2=C(C[C@@H](O1)CC(=O)O)C(=O)C3=C(C2=O)C(=O)C=C(C3=O)C4=CC(=C5C(=C4O)C(=C6C[C@@H](O[C@@H](C6=C5O)C)CC(=O)O)O)O,1
Chrysanthemol,CC(=CC1C(C1(C)C)CO)C,1
1-Methylnaphthalene,CC1=CC=CC2=CC=CC=C12,1
"Furo[3,4-f]isobenzofuran-1,3,5,7-tetrone; 1-isocyanato-4-[(4-isocyanatophenyl)methyl]benzene",C1=CC(=CC=C1CC2=CC=C(C=C2)N=C=O)N=C=O.C1=C2C(=CC3=C1C(=O)OC3=O)C(=O)OC2=O,1
2-(((4-Aminophenyl)sulfonyl)amino)ethanesulfonic acid,C1=CC(=CC=C1N)S(=O)(=O)NCCS(=O)(=O)O,1
"N'-(2,8-dimethyl-9-propylpurin-6-yl)-N,N,N'-trimethylethane-1,2-diamine",CCCN1C(=NC2=C1N=C(N=C2N(C)CCN(C)C)C)C,1
"N,N-dimethyl-3-[(9R)-2-(trifluoromethyl)-9H-xanthen-9-yl]propan-1-amine",CN(C)CCC[C@@H]1C2=CC=CC=C2OC3=C1C=C(C=C3)C(F)(F)F,1
"(4-Methoxyphenyl)-(9-pyrimidin-2-yl-3,9-diazaspiro[5.5]undecan-3-yl)methanone",COC1=CC=C(C=C1)C(=O)N2CCC3(CCN(CC3)C4=NC=CC=N4)CC2,1
"methyl (2S,5S,6S)-5-methyl-6-(4-methylphenyl)-1-[4-[(Z)-[(1S)-1-[3-(2,4,6-trimethylphenyl)-1,2-oxazol-5-yl]ethoxy]iminomethyl]benzoyl]piperidine-2-carboxylate",C[C@H]1CC[C@H](N([C@@H]1C2=CC=C(C=C2)C)C(=O)C3=CC=C(C=C3)/C=N\O[C@@H](C)C4=CC(=NO4)C5=C(C=C(C=C5C)C)C)C(=O)OC,1
Quintozene,C1(=C(C(=C(C(=C1Cl)Cl)Cl)Cl)Cl)[N+](=O)[O-],1
8-(2-Methoxyethyl)-2-(4-methylpiperazin-1-yl)pteridin-7-one,CN1CCN(CC1)C2=NC=C3C(=N2)N(C(=O)C=N3)CCOC,1
"6-amino-9-[(2S,3S,4S,5S)-3,4-dihydroxy-5-(hydroxymethyl)oxolan-2-yl]-1H-purin-2-one",C1=NC2=C(NC(=O)N=C2N1[C@@H]3[C@H]([C@@H]([C@@H](O3)CO)O)O)N,1
Oxolinic Acid,CCN1C=C(C(=O)C2=CC3=C(C=C21)OCO3)C(=O)O,1
[(3R)-1-azabicyclo[2.2.2]octan-3-yl] 3-oxo-3-phenylpropanoate,C1CN2CCC1[C@H](C2)OC(=O)CC(=O)C3=CC=CC=C3,1
Quinisocaine,CCCCC1=CC2=CC=CC=C2C(=N1)OCCN(C)C,1
6-(4-Chlorophenyl)-8-methyl-2-(4-methylpiperazin-1-yl)pteridin-7-one,CN1CCN(CC1)C2=NC=C3C(=N2)N(C(=O)C(=N3)C4=CC=C(C=C4)Cl)C,1
Lopac-C-3270,CC(=O)OCC1=C(N2[C@H]([C@@H](C2=O)NC(=O)CCC[C@H](C(=O)[O-])N)SC1)C(=O)[O-].[Zn+2],1
"(2S,5S,6S)-6-[(2-amino-2-phenylacetyl)amino]-3,3-dimethyl-7-oxo-4-thia-1-azabicyclo[3.2.0]heptane-2-carboxylic acid",CC1([C@@H](N2[C@@H](S1)[C@H](C2=O)NC(=O)C(C3=CC=CC=C3)N)C(=O)O)C,1
9-[4-(diethylamino)butyl]-N-(2-methoxyethyl)-2-methyl-8-phenylpurin-6-amine,CCN(CC)CCCCN1C(=NC2=C(N=C(N=C21)C)NCCOC)C3=CC=CC=C3,1
Trazodone,C1CN(CCN1CCCN2C(=O)N3C=CC=CC3=N2)C4=CC(=CC=C4)Cl,1
"4-Nitro-1,3-benzenediamine",C1=CC(=C(C=C1N)N)[N+](=O)[O-],1
Npc177518,CC1C(=O)OC2C1(C34C(=O)OC5C3(C2)C6(C(C5)C(C)(C)C)C(C(=O)OC6O4)O)O,1
2-(2-chlorophenyl)-N-piperidin-4-ylquinazolin-4-amine,C1CNCCC1NC2=NC(=NC3=CC=CC=C32)C4=CC=CC=C4Cl,1
(2S)-2-[(2-chlorophenyl)methyl]butanedioic acid,C1=CC=C(C(=C1)C[C@@H](CC(=O)O)C(=O)O)Cl,1
Nsc50155,COC1=CC=C(C2=CC=CC=C21)CC3=CC=CC=C3C(=O)O,1
"Meptazinol, (R)-",CC[C@@]1(CCCCN(C1)C)C2=CC(=CC=C2)O,1
2-Nitrobiphenyl,C1=CC=C(C=C1)C2=CC=CC=C2[N+](=O)[O-],1
Tocris-0380,CN1C(=O)COC2=C(C=C(C=C21)Cl)C(=O)N[C@@H]3CN4CCC3CC4,1
"[(2S,3R,4R,5R,6S)-6-[(Z)-[(3aR,5aS,8R,9S,9aS,9bR)-2-(2,4-difluorophenyl)-8,9-dihydroxy-1,3-dioxo-4,5,5a,7,8,9,9a,9b-octahydro-3aH-benzo[e]isoindol-6-ylidene]amino]oxy-3,4,5-triacetyloxyoxan-2-yl]methyl acetate",CC(=O)OC[C@H]1[C@H]([C@H]([C@H]([C@@H](O1)O/N=C\2/C[C@H]([C@H]([C@H]3[C@@H]2CC[C@@H]4[C@@H]3C(=O)N(C4=O)C5=C(C=C(C=C5)F)F)O)O)OC(=O)C)OC(=O)C)OC(=O)C,1
"(8S,9S,10S,11R,13R,14R,16R,17S)-11-hydroxy-10,13,16,17-tetramethyl-17-propanoyl-7,8,9,11,12,14,15,16-octahydro-6H-cyclopenta[a]phenanthren-3-one",CCC(=O)[C@]1([C@@H](C[C@H]2[C@]1(C[C@H]([C@H]3[C@H]2CCC4=CC(=O)C=C[C@@]34C)O)C)C)C,1
"5,11-dimethyl-2-(2-(1-piperidinyl)ethyl)-6H-25-pyrido[4,3-b]carbazol-9-ol acetate",CC1=C2C=C[N+](=CC2=C(C3=C1NC4=C3C=C(C=C4)O)C)CCN5CCCCC5.CC(=O)O,1
4-tert-Pentylphenol,CCC(C)(C)C1=CC=C(C=C1)O,1
6-Nitro-5-[2-(6-nitroquinolin-5-yl)ethyl]quinoline,C1=CC2=C(C=CC(=C2CCC3=C(C=CC4=C3C=CC=N4)[N+](=O)[O-])[N+](=O)[O-])N=C1,1
"4-((1H-naphtho[2,3-d]imidazol-2-ylmethyl)amino)benzoic acid",C1=CC=C2C=C3C(=CC2=C1)NC(=N3)CNC4=CC=C(C=C4)C(=O)O,1
"sodium (5S)-6-[(2-ethoxynaphthalen-1-yl)carbamoyl]-3,3-dimethyl-7-oxo-4-thia-1-azabicyclo[3.2.0]heptane-2-carboxylate",CCOC1=C(C2=CC=CC=C2C=C1)NC(=O)C3[C@H]4N(C3=O)C(C(S4)(C)C)C(=O)[O-].[Na+],1
"N-(2,6-dichlorophenyl)-N'-(1,5-dimethyl-3-oxo-2-phenyl-2,3-dihydro-1H-pyrazol-4-yl)urea",CC1=C(C(=O)N(N1C)C2=CC=CC=C2)NC(=O)NC3=C(C=CC=C3Cl)Cl,1
4-(3-Phenanthryl)butanoic acid,C1=CC=C2C(=C1)C=CC3=C2C=C(C=C3)CCCC(=O)O,1
"(3aR,5aS,8R,9S,9aS,9bR)-2-(2,4-difluorophenyl)-8,9-dihydroxy-4,5,5a,7,8,9,9a,9b-octahydro-3aH-benzo[e]isoindole-1,3,6-trione",C1C[C@@H]2[C@@H]([C@@H]3[C@H]1C(=O)C[C@H]([C@H]3O)O)C(=O)N(C2=O)C4=C(C=C(C=C4)F)F,1
Methoxychlor,COC1=CC=C(C=C1)C(C2=CC=C(C=C2)OC)C(Cl)(Cl)Cl,1
"3-Benzhydryl-3,9-diazaspiro[5.5]undecane",C1CNCCC12CCN(CC2)C(C3=CC=CC=C3)C4=CC=CC=C4,1
(7-Arsonophenazin-2-yl)arsonic acid,C1=CC2=C(C=C1[As](=O)(O)O)N=C3C=CC(=CC3=N2)[As](=O)(O)O,1
Tocris-0759,C1CN2C[C@@H]([C@@H]([C@@H]([C@H]2[C@H]1O)O)O)O,1
(S)-Atpa,CC(C)(C)C1=C(C(=O)NO1)C[C@@H](C(=O)O)N,1
"[2-[(13R,17R)-11,17-dihydroxy-10,13-dimethyl-3-oxo-7,8,9,11,12,14,15,16-octahydro-6H-cyclopenta[a]phenanthren-17-yl]-2-oxoethyl] acetate",CC(=O)OCC(=O)[C@]1(CCC2[C@]1(CC(C3C2CCC4=CC(=O)C=CC34C)O)C)O,1
1-acetyl-N-methyl-5-(2-methylpropyl)-2H-pyrrole-5-carboxamide,CC(C)CC1(C=CCN1C(=O)C)C(=O)NC,1
"Methyl 11'-phenylmethoxyspiro[1,3-dioxolane-2,4'-tetracyclo[5.4.0.02,9.08,10]undecane]-2'-carboxylate",COC(=O)C12CC3(CCC4C1C(C5C4C25)OCC6=CC=CC=C6)OCCO3,1
4-Chloro-N-(2-hydroxyethyl)benzamide,C1=CC(=CC=C1C(=O)NCCO)Cl,1
"(1S,4E)-5,9,9-trimethyl-2-methylidenebicyclo[6.2.0]dec-4-ene",C/C/1=C\CC(=C)[C@H]2CC(C2CC1)(C)C,1
4-(2-Aminoethyl)-3-(hydroxy(oxido)amino)benzenesulfonic acid,C1=CC(=C(C=C1S(=O)(=O)O)[N+](=O)[O-])CCN,1
"(2R)-2-[3-hydroxy-5-[(E)-2-(4-methoxyphenyl)ethenyl]phenoxy]-6-(hydroxymethyl)oxane-3,4,5-triol",COC1=CC=C(C=C1)/C=C/C2=CC(=CC(=C2)O[C@@H]3C(C(C(C(O3)CO)O)O)O)O,1
"1-(9-Benzyl-3,9-diazaspiro[5.5]undecan-3-yl)-2-methoxyethanone",COCC(=O)N1CCC2(CCN(CC2)CC3=CC=CC=C3)CC1,1
"Pralidoxime cation, (Z)-",C[N+]1=CC=CC=C1/C=N\O,1
Masoprocol,C[C@H](CC1=CC(=C(C=C1)O)O)[C@@H](C)CC2=CC(=C(C=C2)O)O,1
Dideoxycytidine,C1C[C@@H](O[C@@H]1CO)N2C=CC(=NC2=O)N,1
3-Aminophenylboronic acid,B(C1=CC(=CC=C1)N)(O)O,1
Trimethadione,CC1(C(=O)N(C(=O)O1)C)C,1
"[2-[[3,5-Bis(trifluoromethyl)phenyl]methyl]-2,7-diazaspiro[3.5]nonan-7-yl]-(3,5-dimethyl-1,2-oxazol-4-yl)methanone",CC1=C(C(=NO1)C)C(=O)N2CCC3(CC2)CN(C3)CC4=CC(=CC(=C4)C(F)(F)F)C(F)(F)F,1
3-[2-(Dimethylamino)-7-oxo-6-thiophen-2-ylpteridin-8-yl]propanenitrile,CN(C)C1=NC=C2C(=N1)N(C(=O)C(=N2)C3=CC=CS3)CCC#N,1
"Ornidazole, (S)-",CC1=NC=C(N1C[C@@H](CCl)O)[N+](=O)[O-],1
"sodium (2S,5R,6R)-3,3-dimethyl-6-[[(2S)-2-(methylideneamino)-2-phenylacetyl]amino]-7-oxo-4-thia-1-azabicyclo[3.2.0]heptane-2-carboxylate",CC1([C@@H](N2[C@H](S1)[C@@H](C2=O)NC(=O)[C@H](C3=CC=CC=C3)N=C)C(=O)[O-])C.[Na+],1
rhodomyrtoxin B,CCC(C)C(=O)C1=C(C2=C(C(=C1O)C)OC3=C2C(=C(C(=C3C)O)C(=O)C(C)CC)O)O,1
Arecaidine Propargyl Ester,CN1CCC=C(C1)C(=O)OCC#C,1
Pamoic Acid,C1=CC=C2C(=C1)C=C(C(=C2CC3=C(C(=CC4=CC=CC=C43)C(=O)O)O)O)C(=O)O,1
"(8R,9S,13R,14R,17R)-17-[(1S)-1-[2-(dimethylamino)ethylamino]ethyl]-13-methyl-6,7,8,9,11,12,14,15,16,17-decahydrocyclopenta[a]phenanthren-3-ol",C[C@@H]([C@@H]1CC[C@H]2[C@]1(CC[C@H]3[C@@H]2CCC4=C3C=CC(=C4)O)C)NCCN(C)C,1
"2,8-dimethyl-N-(2-piperidin-1-ylethyl)-9-propylpurin-6-amine",CCCN1C(=NC2=C(N=C(N=C21)C)NCCN3CCCCC3)C,1
Atrazine,CCNC1=NC(=NC(=N1)Cl)NC(C)C,1
Ammonium perchlorate,[NH4+].[O-]Cl(=O)(=O)=O,1
"4,4'-Diaminodicyclohexylmethane",C1CC(CCC1CC2CCC(CC2)N)N,1
"(3S,3aS,9aR,9bR)-3,6,9-trimethyl-3,3a,4,5,9a,9b-hexahydroazuleno[4,5-b]furan-2,7-dione",C[C@H]1[C@@H]2CCC(=C3[C@H]([C@@H]2OC1=O)C(=CC3=O)C)C,1
1-(((1-Aminocyclopentyl)carbonyl)amino)cyclopentanecarboxylic acid,C1CCC(C1)(C(=O)NC2(CCCC2)C(=O)O)N,1
"6-Methoxycyclohexane-1,2,3,4,5-Pentol",COC1C(C(C(C(C1O)O)O)O)O,1
"1-(9-Pyridin-4-yl-3,9-diazaspiro[5.5]undecan-3-yl)ethanone",CC(=O)N1CCC2(CCN(CC2)C3=CC=NC=C3)CC1,1
"3-(4-Chlorophenyl)-5-((1,1-dimethyl-15-diazanyl)methyl)-1,2,4-oxadiazole",C[N+](C)(CC1=NC(=NO1)C2=CC=C(C=C2)Cl)N,1
"N1-(7-chloro-1,2,3,4-tetrahydro-9-acridinyl)-N3,N3-dimethyl-1,3-propanediamine",CN(C)CCCNC1=C2CCCCC2=NC3=C1C=C(C=C3)Cl,1
Chlorobenzene,C1=CC=C(C=C1)Cl,1
Benzbromarone,CCC1=C(C2=CC=CC=C2O1)C(=O)C3=CC(=C(C(=C3)Br)O)Br,1
methyl 1-benzoyl-5-methyl-2H-pyrrole-5-carboxylate,CC1(C=CCN1C(=O)C2=CC=CC=C2)C(=O)OC,1
Lopac-N-5260,CN1CCC[C@@H]1C2=CN=CC=C2.[C@@H]([C@@H](C(=O)O)O)(C(=O)O)O.[C@@H]([C@@H](C(=O)O)O)(C(=O)O)O,1
8-Benzyl-6-methylpteridin-7-one,CC1=NC2=CN=CN=C2N(C1=O)CC3=CC=CC=C3,1
"3H-Pyrido(3,4-b)indol-7-ol, 4,9-dihydro-1-methyl-, hydrochloride (1:1)",CC1=NCCC2=C1NC3=C2C=CC(=C3)O.Cl,1
"3,3a-Didehydrolycoran-1alpha,2beta-diol",C1CN2CC3=CC4=C(C=C3C5C2C1=CC(C5O)O)OCO4,1
GR 144053 trihydrochloride,C1CN(CCC1N2CCN(CC2)C3=CC=C(C=C3)C(=N)N)CC(=O)O.Cl.Cl.Cl,1
O-Cresol,CC1=CC=CC=C1O,1
"(7S,9R)-7-[(2R,4S,5R,6S)-4-amino-5-hydroxy-6-methyloxan-2-yl]oxy-6,9,11-trihydroxy-9-[(Z)-N-hydroxy-C-methylcarbonimidoyl]-4-methoxy-8,10-dihydro-7H-tetracene-5,12-dione",C[C@H]1[C@@H]([C@H](C[C@@H](O1)O[C@H]2C[C@](CC3=C2C(=C4C(=C3O)C(=O)C5=C(C4=O)C(=CC=C5)OC)O)(/C(=N\O)/C)O)N)O,1
Bucharaine,C/C(=C\COC1=CC(=O)NC2=CC=CC=C21)/CCC(C(C)(C)O)O,1
"methyl (2S,3aS,4S,5S,6S,7aR)-3a,4,5,6-tetrahydroxy-1-[(4-morpholin-4-ylphenyl)methyl]-3,4,5,6,7,7a-hexahydro-2H-indole-2-carboxylate",COC(=O)[C@@H]1C[C@@]2([C@H](N1CC3=CC=C(C=C3)N4CCOCC4)C[C@@H]([C@@H]([C@@H]2O)O)O)O,1
2-[(4-Chlorobenzyl)sulfanyl]pyrimidin-4-ol,C1=CC(=CC=C1CSC2=NC=CC(=O)N2)Cl,1
"N''-[3-(cyclopropylmethyl)-1-methyl-2,6-dioxo-4-pyrimidinyl]-N,N-dimethylmethanimidamide",CN1C(=O)C=C(N(C1=O)CC2CC2)/N=C/N(C)C,1
Ethylbenzene,CCC1=CC=CC=C1,1
Suprofen methyl ester,CC(C1=CC=C(C=C1)C(=O)C2=CC=CS2)C(=O)OC,1
Benzo(B)Fluoranthene,C1=CC=C2C3=C4C(=CC=C3)C5=CC=CC=C5C4=CC2=C1,1
"sodium (7S)-3-(acetyloxymethyl)-7-[[(2E)-2-(2-amino-1,3-thiazol-4-yl)-2-methoxyiminoacetyl]amino]-8-oxo-5-thia-1-azabicyclo[4.2.0]oct-2-ene-2-carboxylate",CC(=O)OCC1=C(N2C([C@H](C2=O)NC(=O)/C(=N/OC)/C3=CSC(=N3)N)SC1)C(=O)[O-].[Na+],1
"(1R,3S,5S,7S,9S,13R,15S,18S)-7-hydroxy-3-methoxy-18-methyl-13-[(Z)-4-methylpent-1-enyl]-12,19,20-trioxatricyclo[13.3.1.15,9]icosan-11-one",C[C@H]1CC[C@H]2C[C@@H](OC(=O)C[C@@H]3C[C@H](C[C@H](O3)C[C@@H](C[C@H]1O2)OC)O)/C=C\CC(C)C,1
Benzydamine,CN(C)CCCOC1=NN(C2=CC=CC=C21)CC3=CC=CC=C3,1
1-Methyl-1-(4-(1-methyl-15-azocan-1-yl)butyl)-15-azocane,C[N+]1(CCCCCCC1)CCCC[N+]2(CCCCCCC2)C,1
(2R)-4-(3-phosphonopropyl)piperazine-2-carboxylic acid,C1CN(C[C@@H](N1)C(=O)O)CCCP(=O)(O)O,1
"6-(3,5-Difluorophenyl)-2-(dimethylamino)-8-[(3-methoxyphenyl)methyl]pteridin-7-one",CN(C)C1=NC=C2C(=N1)N(C(=O)C(=N2)C3=CC(=CC(=C3)F)F)CC4=CC(=CC=C4)OC,1
"5-(2-aminoethyl)-5-isopentyl-2,4,6(1H,3H,5H)-pyrimidinetrione",CC(C)CCC1(C(=O)NC(=O)NC1=O)CCN,1
"Ethane-1,2-diyl dicarbamimidothioate",C(CSC(=N)N)SC(=N)N,1
"4-methyl-4-[3-[(1S,2R,6R,7R)-4-methyl-4-azoniatricyclo[5.2.2.02,6]undec-8-en-4-yl]propyl]morpholin-4-ium",C[N+]1(CCOCC1)CCC[N+]2(C[C@@H]3[C@@H]4CC[C@H]([C@H]3C2)C=C4)C,1
"(2S)-2-(2,5-dimethylphenyl)-2,3-dihydro-1H-quinazolin-4-one",CC1=CC(=C(C=C1)C)[C@H]2NC3=CC=CC=C3C(=O)N2,1
Ellagic Acid,C1=C2C3=C(C(=C1O)O)OC(=O)C4=CC(=C(C(=C43)OC2=O)O)O,1
Triethylgallamine,CC[N+](CC)(CC)CCOC1=C(C(=CC=C1)OCC[N+](CC)(CC)CC)OCC[N+](CC)(CC)CC,1
"9-(furan-2-carbonyl)-N-propan-2-yl-3,9-diazaspiro[5.5]undecane-3-carboxamide",CC(C)NC(=O)N1CCC2(CCN(CC2)C(=O)C3=CC=CO3)CC1,1
11-Methylbenz(a)anthracene,CC1=C2C=C3C(=CC2=CC=C1)C=CC4=CC=CC=C43,1
Methyl Isocyanate,CN=C=O,1
2-Amino-5-Nitrothiazole,C1=C(SC(=N1)N)[N+](=O)[O-],1
3-Hydroxy-2-methyl-1-(phenylmethyl)-4(1H)-pyridinone,CC1=C(C(=O)C=CN1CC2=CC=CC=C2)O,1
"7-((2R)-2,3-dihydroxy-3-methylbutoxy)-6-methylchromen-2-one",CC1=CC2=C(C=C1OC[C@H](C(C)(C)O)O)OC(=O)C=C2,1
Hematoporphyrin dihydrochloride,CC1=C(C2=CC3=NC(=CC4=NC(=CC5=C(C(=C(N5)C=C1N2)C(C)O)C)C(=C4CCC(=O)O)C)C(=C3C)CCC(=O)O)C(C)O.Cl.Cl,1
1-(4-(Aminosulfonyl)anilino)cyclopentanecarboxylic acid,C1CCC(C1)(C(=O)O)NC2=CC=C(C=C2)S(=O)(=O)N,1
"methyl (2S)-4-[(2S)-4-(dimethylamino)-5-hydroxy-6-methyloxan-2-yl]oxy-2-ethyl-2,5,7,10-tetrahydroxy-6,11-dioxo-3,4-dihydro-1H-tetracene-1-carboxylate",CC[C@@]1(CC(C2=C(C3=C(C=C2C1C(=O)OC)C(=O)C4=C(C=CC(=C4C3=O)O)O)O)O[C@@H]5CC(C(C(O5)C)O)N(C)C)O,1
Dipentylamine,CCCCCNCCCCC,1
Methapyrilene,CN(C)CCN(CC1=CC=CS1)C2=CC=CC=N2,1
Dcpib,CCCCC1(CC2=CC(=C(C(=C2C1=O)Cl)Cl)OCCCC(=O)O)C3CCCC3,1
"Acetic acid, 2,2'-hydrazinylidenebis-",C(C(=O)O)N(CC(=O)O)N,1
Trisodium ethylenediamine tetracetate,C(CN(CC(=O)O)CC(=O)O)N(CC(=O)O)CC(=O)O.[Na+].[Na+].[Na+],1
"(2S,3R,4S,5S,6R)-2-[(2S,3R,4S,5R,6R)-2-[(2S,3R,4S,5R,6R)-2-[(2R,3R,4R,5R,6R)-6-[(2S,3S,4S,6R,7S,8R,9S,13S,15R,16R,18S)-3,15-dihydroxy-5',7,9,13-tetramethylspiro[5-oxapentacyclo[10.8.0.02,9.04,8.013,18]icosane-6,2'-oxane]-16-yl]oxy-4,5-dihydroxy-2-(hydroxymethyl)oxan-3-yl]oxy-5-hydroxy-6-(hydroxymethyl)-4-[(2S,3R,4S,5R)-3,4,5-trihydroxyoxan-2-yl]oxyoxan-3-yl]oxy-3,5-dihydroxy-6-(hydroxymethyl)oxan-4-yl]oxy-6-(hydroxymethyl)oxane-3,4,5-triol",C[C@H]1[C@H]2[C@@H]([C@H]([C@@H]3[C@@]2(CCC4C3CC[C@@H]5[C@@]4(C[C@H]([C@@H](C5)O[C@H]6[C@@H]([C@H]([C@H]([C@H](O6)CO)O[C@H]7[C@@H]([C@H]([C@@H]([C@H](O7)CO)O)O[C@H]8[C@@H]([C@H]([C@@H](CO8)O)O)O)O[C@H]9[C@@H]([C@H]([C@@H]([C@H](O9)CO)O)O[C@H]2[C@@H]([C@H]([C@@H]([C@H](O2)CO)O)O)O)O)O)O)O)C)C)O)O[C@]11CCC(CO1)C,1
Propargyl alcohol,C#CCO,1
"(10S,13S)-10,13-dimethyl-7,8,9,11,12,14,15,16-octahydro-6H-cyclopenta[a]phenanthrene-3,17-dione",C[C@]12CCC3C(C1CCC2=O)CCC4=CC(=O)C=C[C@@]34C,1
6-(4-Fluorophenyl)-8-(4-methoxyphenyl)pteridin-7-one,COC1=CC=C(C=C1)N2C3=NC=NC=C3N=C(C2=O)C4=CC=C(C=C4)F,1
3-(5-Ethyl-2-pyridinyl)propanoic acid,CCC1=CN=C(C=C1)CCC(=O)O,1
"3-(trimethyl-5-azanyl)-10H-pyridazino[4,3-b][1,4]benzothiazine",C[N+](C)(C)C1=NN=C2C(=C1)SC3=CC=CC=C3N2,1
((1-benzyl-1H-pyrrol-3-yl)thio)acetic acid,C1=CC=C(C=C1)CN2C=CC(=C2)SCC(=O)O,1
Dicoumarol,C1=CC=C2C(=C1)C(=C(C(=O)O2)CC3=C(C4=CC=CC=C4OC3=O)O)O,1
8-Chloroadenine,C1=NC(=C2C(=N1)N=C(N2)Cl)N,1
2-Morpholin-4-yl-6-phenyl-8-(thiophen-2-ylmethyl)pteridin-7-one,C1COCCN1C2=NC=C3C(=N2)N(C(=O)C(=N3)C4=CC=CC=C4)CC5=CC=CS5,1
"1,2-Dimethyl-4-[ethyl(phenyl)amino]-6-(methylamino)-1-pyrimidinium",CCN(C1=CC=CC=C1)C2=CC(=[N+](C(=N2)C)C)NC,1
1-(((5-Chloro-2-hydroxy-3-methylbenzyl)(ethyl)amino)methyl)-2-naphthol,CCN(CC1=C(C(=CC(=C1)Cl)C)O)CC2=C(C=CC3=CC=CC=C32)O,1
6-(Fluoromethyl)-2-mercapto-4-pyrimidinol,C1=C(NC(=S)NC1=O)CF,1
"[1,1'-Binaphthalene]-8,8'-dicarboxylic acid",C1=CC2=C(C(=C1)C3=CC=CC4=C3C(=CC=C4)C(=O)O)C(=CC=C2)C(=O)O,1
"5-(Methoxymethyl)-[1,2,4]triazino[5,6-b]indole-3-carboxylic acid",COCN1C2=CC=CC=C2C3=C1N=C(N=N3)C(=O)O,1
"(1R)-1-[[(2S,3R,11bR)-3-ethyl-9,10-dimethoxy-2,3,4,6,7,11b-hexahydro-1H-benzo[a]quinolizin-2-yl]methyl]-2,3,4,9-tetrahydro-1H-pyrido[3,4-b]indol-6-ol",CC[C@H]1CN2CCC3=CC(=C(C=C3[C@H]2C[C@@H]1C[C@@H]4C5=C(CCN4)C6=C(N5)C=CC(=C6)O)OC)OC,1
Bambuterol hydrochloride,CC(C)(C)NCC(C1=CC(=CC(=C1)OC(=O)N(C)C)OC(=O)N(C)C)O.Cl,1
1-(4-Benzoyl-1-piperazinyl)-1-propanone,CCC(=O)N1CCN(CC1)C(=O)C2=CC=CC=C2,1
2-(9H-xanthen-9-yl)benzoic acid,C1=CC=C(C(=C1)C2C3=CC=CC=C3OC4=CC=CC=C24)C(=O)O,1
"(E)-1-[2-hydroxy-4-[(2R)-3,4,5-trihydroxy-6-(hydroxymethyl)oxan-2-yl]oxyphenyl]-3-phenylprop-2-en-1-one",C1=CC=C(C=C1)/C=C/C(=O)C2=C(C=C(C=C2)O[C@@H]3C(C(C(C(O3)CO)O)O)O)O,1
4-((2-Chloro-3-methyl-4-sulfophenyl)diazenyl)-3-hydroxy-2-naphthoic acid,CC1=C(C=CC(=C1Cl)N=NC2=C(C(=CC3=CC=CC=C32)C(=O)O)O)S(=O)(=O)O,1
Chloropyrazine,C1=CN=C(C=N1)Cl,1
methyl N-[[(1S)-1-acetyl-2-oxocyclopentyl]-(3-methylphenyl)methyl]carbamate,CC1=CC(=CC=C1)C([C@@]2(CCCC2=O)C(=O)C)NC(=O)OC,1
"methyl (2S,3aS,4S,5S,6S,7aR)-3a,4,5,6-tetrahydroxy-1-[(E)-3-phenylprop-2-enyl]-3,4,5,6,7,7a-hexahydro-2H-indole-2-carboxylate",COC(=O)[C@@H]1C[C@@]2([C@H](N1C/C=C/C3=CC=CC=C3)C[C@@H]([C@@H]([C@@H]2O)O)O)O,1
Guaifenesin,COC1=CC=CC=C1OCC(CO)O,1
4-tert-Butylcatechol,CC(C)(C)C1=CC(=C(C=C1)O)O,1
cyclo[ObAib(S)-Phe-ObAib(S)-D-Pro],C[C@H]1COC(=O)[C@H]2CCCN2C(=O)[C@H](COC(=O)[C@@H](NC1=O)CC3=CC=CC=C3)C,1
Tocris-0747,CC1=C(C2=NC1=CC3=C(C(=C4N3[Sn+2]N5C(=CC6=NC(=C4)C(=C6C=C)C)C(=C(C5=C2)CCC(=O)O)C)C=C)C)CCC(=O)O,1
Olanzapine,CC1=CC2=C(S1)NC3=CC=CC=C3N=C2N4CCN(CC4)C,1
"2-(4-Chlorophenyl)-4-((1,1-dimethyl-15-diazanyl)methyl)-1,3-thiazole",C[N+](C)(CC1=CSC(=N1)C2=CC=C(C=C2)Cl)N,1
Gabexate Mesilate,CCOC(=O)C1=CC=C(C=C1)OC(=O)CCCCCN=C(N)N.CS(=O)(=O)O,1
Naphazoline Hydrochloride,C1CN=C(N1)CC2=CC=CC3=CC=CC=C32.Cl,1
"7-(Benzenesulfonyl)-2-(2-methylpropyl)-2,7-diazaspiro[3.5]nonane",CC(C)CN1CC2(C1)CCN(CC2)S(=O)(=O)C3=CC=CC=C3,1
"(1R,6S)-3-(hydroxymethyl)-4-[(Z)-prop-1-enyl]-7-oxabicyclo[4.1.0]hept-3-ene-2,5-dione",C/C=C\C1=C(C(=O)[C@H]2[C@@H](C1=O)O2)CO,1
"(3aS,5aS,6Z,8R,9S,9aS,9bS)-2-cyclohexyl-8,9-dihydroxy-6-(2-methylpropoxyimino)-4,5,5a,7,8,9,9a,9b-octahydro-3aH-benzo[e]isoindole-1,3-dione",CC(C)CO/N=C\1/C[C@H]([C@H]([C@H]2[C@@H]1CC[C@H]3[C@H]2C(=O)N(C3=O)C4CCCCC4)O)O,1
Lopac-A-4687,CC1(O[C@@H]2[C@H]([C@@H](O[C@H]2O1)[C@@H](CO)O)OCCCN(C)C)C,1
Methoxyacetic Acid,COCC(=O)O,1
"methyl (19E,21E,23E,25E,27E,29E,31E)-33-[(2R)-4-amino-3,5-dihydroxy-6-methyloxan-2-yl]oxy-1,3,5,7,9,13,37-heptahydroxy-17-[5-hydroxy-7-[4-(methylamino)phenyl]-7-oxoheptan-2-yl]-18-methyl-11,15-dioxo-16,39-dioxabicyclo[33.3.1]nonatriaconta-19,21,23,25,27,29,31-heptaene-36-carboxylate",CC1/C=C/C=C/C=C/C=C/C=C/C=C/C=C/C(CC2C(C(CC(O2)(CC(CC(CC(CC(CC(=O)CC(CC(=O)OC1C(C)CCC(CC(=O)C3=CC=C(C=C3)NC)O)O)O)O)O)O)O)O)C(=O)OC)O[C@H]4C(C(C(C(O4)C)O)N)O,1
CGS 12066B-parent,CN1CCN(CC1)C2=NC3=C(C=CC(=C3)C(F)(F)F)N4C2=CC=C4,1
6-(4-Fluorophenyl)-8-methyl-2-morpholin-4-ylpteridin-7-one,CN1C2=NC(=NC=C2N=C(C1=O)C3=CC=C(C=C3)F)N4CCOCC4,1
(2S)-2-bromo-1-(9-bromo-3-phenanthryl)propan-1-one,C[C@@H](C(=O)C1=CC2=C(C=C1)C=C(C3=CC=CC=C32)Br)Br,1
[(4-Methoxyphenyl)(nitroso)amino]acetic acid,COC1=CC=C(C=C1)N(CC(=O)O)N=O,1
6-(4-Methoxyphenyl)-8-methyl-2-morpholin-4-ylpteridin-7-one,CN1C2=NC(=NC=C2N=C(C1=O)C3=CC=C(C=C3)OC)N4CCOCC4,1
"[(3R)-1-azoniabicyclo[2.2.2]octan-3-yl] 2-hydroxy-2,2-diphenylacetate bromide",C1C[NH+]2CCC1[C@H](C2)OC(=O)C(C3=CC=CC=C3)(C4=CC=CC=C4)O.[Br-],1
"(2R)-2-(1,3-dihydroisoindol-2-yl)-2-[(2S)-1,3-thiazolidin-2-yl]acetic acid",C1CS[C@H](N1)[C@@H](C(=O)O)N2CC3=CC=CC=C3C2,1
"N-(4-methoxyphenyl)-7-(pyrazine-2-carbonyl)-2,7-diazaspiro[3.5]nonane-2-carboxamide",COC1=CC=C(C=C1)NC(=O)N2CC3(C2)CCN(CC3)C(=O)C4=NC=CN=C4,1
Bezafibrate,CC(C)(C(=O)O)OC1=CC=C(C=C1)CCNC(=O)C2=CC=C(C=C2)Cl,1
"2-Methyl-14-phenylmethoxy-5,7-dioxa-6lambda4-thiapentacyclo[8.4.0.02,12.04,8.011,13]tetradecane 6-oxide",CC12CC3C(CC4C1C(C5C4C25)OCC6=CC=CC=C6)OS(=O)O3,1
"9-acetyl-N-(3-cyanophenyl)-3,9-diazaspiro[5.5]undecane-3-carboxamide",CC(=O)N1CCC2(CC1)CCN(CC2)C(=O)NC3=CC=CC(=C3)C#N,1
Dicyclopentadiene,C1C=CC2C1C3CC2C=C3,1
"[(10R,13R,17S)-17-acetyl-6-chloro-10,13-dimethyl-3-oxo-2,8,9,11,12,14,15,16-octahydro-1H-cyclopenta[a]phenanthren-17-yl] acetate",CC(=O)[C@@]1(CCC2[C@]1(CCC3C2C=C(C4=CC(=O)CC[C@]34C)Cl)C)OC(=O)C,1
"N,N'-Bis(1,3,4-thiadiazol-2-yl)methanediamine",C1=NN=C(S1)NCNC2=NN=CS2,1
"3,4-Dimethylaniline",CC1=C(C=C(C=C1)N)C,1
"(S)-[(3Z)-3-[(4-chlorophenyl)methylidene]-5,7-dimethyl-1,2-dihydrocyclopenta[b]quinolin-9-yl]-[(2S)-piperidin-2-yl]methanol",CC1=CC(=C2C(=C1)C(=C3CC/C(=C/C4=CC=C(C=C4)Cl)/C3=N2)[C@@H]([C@@H]5CCCCN5)O)C,1
Phosphoric Acid,OP(=O)(O)O,1
Bentazon,CC(C)N1C(=O)C2=CC=CC=C2NS1(=O)=O,1
methyl (1S)-1-[furan-2-yl-(methoxycarbonylamino)methyl]-2-oxocyclopentane-1-carboxylate,COC(=O)[C@@]1(CCCC1=O)C(C2=CC=CO2)NC(=O)OC,1
